<?xml version="1.0" ?>
<Gesture Name="arrow02" Subject="04" Number="02" NumPts="250">
	<Point X="63" Y="190"/>
	<Point X="64" Y="189"/>
	<Point X="65" Y="189"/>
	<Point X="65" Y="188"/>
	<Point X="66" Y="188"/>
	<Point X="67" Y="188"/>
	<Point X="68" Y="187"/>
	<Point X="69" Y="187"/>
	<Point X="70" Y="186"/>
	<Point X="71" Y="186"/>
	<Point X="73" Y="186"/>
	<Point X="73" Y="185"/>
	<Point X="74" Y="185"/>
	<Point X="76" Y="184"/>
	<Point X="77" Y="184"/>
	<Point X="78" Y="184"/>
	<Point X="80" Y="183"/>
	<Point X="81" Y="183"/>
	<Point X="83" Y="182"/>
	<Point X="84" Y="182"/>
	<Point X="85" Y="182"/>
	<Point X="87" Y="181"/>
	<Point X="89" Y="181"/>
	<Point X="91" Y="180"/>
	<Point X="92" Y="179"/>
	<Point X="93" Y="179"/>
	<Point X="95" Y="179"/>
	<Point X="97" Y="179"/>
	<Point X="98" Y="178"/>
	<Point X="100" Y="178"/>
	<Point X="101" Y="177"/>
	<Point X="103" Y="177"/>
	<Point X="104" Y="177"/>
	<Point X="106" Y="177"/>
	<Point X="107" Y="176"/>
	<Point X="108" Y="176"/>
	<Point X="110" Y="176"/>
	<Point X="112" Y="175"/>
	<Point X="113" Y="175"/>
	<Point X="115" Y="175"/>
	<Point X="116" Y="175"/>
	<Point X="117" Y="174"/>
	<Point X="119" Y="174"/>
	<Point X="120" Y="174"/>
	<Point X="122" Y="173"/>
	<Point X="123" Y="173"/>
	<Point X="124" Y="173"/>
	<Point X="126" Y="173"/>
	<Point X="128" Y="172"/>
	<Point X="129" Y="172"/>
	<Point X="131" Y="171"/>
	<Point X="132" Y="171"/>
	<Point X="134" Y="170"/>
	<Point X="135" Y="170"/>
	<Point X="137" Y="170"/>
	<Point X="138" Y="170"/>
	<Point X="140" Y="170"/>
	<Point X="142" Y="169"/>
	<Point X="144" Y="168"/>
	<Point X="146" Y="168"/>
	<Point X="147" Y="168"/>
	<Point X="149" Y="168"/>
	<Point X="151" Y="168"/>
	<Point X="153" Y="167"/>
	<Point X="154" Y="167"/>
	<Point X="156" Y="166"/>
	<Point X="158" Y="166"/>
	<Point X="161" Y="165"/>
	<Point X="162" Y="165"/>
	<Point X="164" Y="165"/>
	<Point X="166" Y="165"/>
	<Point X="168" Y="164"/>
	<Point X="171" Y="163"/>
	<Point X="172" Y="163"/>
	<Point X="174" Y="162"/>
	<Point X="176" Y="162"/>
	<Point X="178" Y="162"/>
	<Point X="180" Y="162"/>
	<Point X="182" Y="161"/>
	<Point X="184" Y="161"/>
	<Point X="186" Y="160"/>
	<Point X="188" Y="160"/>
	<Point X="190" Y="160"/>
	<Point X="192" Y="160"/>
	<Point X="194" Y="160"/>
	<Point X="196" Y="159"/>
	<Point X="198" Y="159"/>
	<Point X="199" Y="159"/>
	<Point X="201" Y="158"/>
	<Point X="202" Y="158"/>
	<Point X="204" Y="158"/>
	<Point X="205" Y="157"/>
	<Point X="207" Y="157"/>
	<Point X="208" Y="157"/>
	<Point X="210" Y="157"/>
	<Point X="211" Y="157"/>
	<Point X="212" Y="157"/>
	<Point X="214" Y="157"/>
	<Point X="215" Y="156"/>
	<Point X="216" Y="156"/>
	<Point X="217" Y="156"/>
	<Point X="219" Y="155"/>
	<Point X="221" Y="155"/>
	<Point X="222" Y="155"/>
	<Point X="224" Y="155"/>
	<Point X="225" Y="155"/>
	<Point X="226" Y="154"/>
	<Point X="227" Y="154"/>
	<Point X="228" Y="154"/>
	<Point X="229" Y="154"/>
	<Point X="230" Y="154"/>
	<Point X="231" Y="154"/>
	<Point X="231" Y="153"/>
	<Point X="232" Y="153"/>
	<Point X="233" Y="153"/>
	<Point X="234" Y="153"/>
	<Point X="234" Y="152"/>
	<Point X="235" Y="152"/>
	<Point X="236" Y="152"/>
	<Point X="236" Y="151"/>
	<Point X="235" Y="150"/>
	<Point X="234" Y="149"/>
	<Point X="234" Y="148"/>
	<Point X="233" Y="147"/>
	<Point X="232" Y="147"/>
	<Point X="231" Y="146"/>
	<Point X="230" Y="145"/>
	<Point X="228" Y="144"/>
	<Point X="228" Y="143"/>
	<Point X="227" Y="143"/>
	<Point X="225" Y="141"/>
	<Point X="224" Y="141"/>
	<Point X="222" Y="140"/>
	<Point X="221" Y="139"/>
	<Point X="220" Y="139"/>
	<Point X="218" Y="138"/>
	<Point X="217" Y="137"/>
	<Point X="215" Y="137"/>
	<Point X="214" Y="135"/>
	<Point X="212" Y="135"/>
	<Point X="211" Y="135"/>
	<Point X="210" Y="134"/>
	<Point X="208" Y="133"/>
	<Point X="207" Y="133"/>
	<Point X="206" Y="133"/>
	<Point X="205" Y="132"/>
	<Point X="204" Y="132"/>
	<Point X="203" Y="132"/>
	<Point X="202" Y="132"/>
	<Point X="201" Y="131"/>
	<Point X="200" Y="131"/>
	<Point X="200" Y="130"/>
	<Point X="198" Y="130"/>
	<Point X="197" Y="130"/>
	<Point X="196" Y="130"/>
	<Point X="195" Y="129"/>
	<Point X="194" Y="129"/>
	<Point X="193" Y="129"/>
	<Point X="192" Y="129"/>
	<Point X="193" Y="129"/>
	<Point X="194" Y="129"/>
	<Point X="195" Y="129"/>
	<Point X="196" Y="129"/>
	<Point X="197" Y="129"/>
	<Point X="197" Y="130"/>
	<Point X="198" Y="130"/>
	<Point X="199" Y="130"/>
	<Point X="200" Y="130"/>
	<Point X="202" Y="130"/>
	<Point X="204" Y="130"/>
	<Point X="206" Y="131"/>
	<Point X="207" Y="131"/>
	<Point X="208" Y="131"/>
	<Point X="211" Y="132"/>
	<Point X="212" Y="132"/>
	<Point X="214" Y="132"/>
	<Point X="215" Y="133"/>
	<Point X="217" Y="133"/>
	<Point X="220" Y="133"/>
	<Point X="221" Y="133"/>
	<Point X="223" Y="133"/>
	<Point X="224" Y="133"/>
	<Point X="227" Y="134"/>
	<Point X="229" Y="135"/>
	<Point X="230" Y="135"/>
	<Point X="232" Y="135"/>
	<Point X="234" Y="135"/>
	<Point X="236" Y="135"/>
	<Point X="237" Y="135"/>
	<Point X="238" Y="136"/>
	<Point X="240" Y="136"/>
	<Point X="241" Y="136"/>
	<Point X="242" Y="137"/>
	<Point X="243" Y="137"/>
	<Point X="243" Y="138"/>
	<Point X="243" Y="139"/>
	<Point X="243" Y="140"/>
	<Point X="243" Y="141"/>
	<Point X="243" Y="142"/>
	<Point X="243" Y="143"/>
	<Point X="242" Y="144"/>
	<Point X="241" Y="145"/>
	<Point X="241" Y="146"/>
	<Point X="241" Y="147"/>
	<Point X="240" Y="149"/>
	<Point X="240" Y="150"/>
	<Point X="239" Y="151"/>
	<Point X="239" Y="153"/>
	<Point X="238" Y="154"/>
	<Point X="237" Y="155"/>
	<Point X="237" Y="157"/>
	<Point X="236" Y="159"/>
	<Point X="235" Y="161"/>
	<Point X="235" Y="162"/>
	<Point X="234" Y="164"/>
	<Point X="233" Y="166"/>
	<Point X="232" Y="167"/>
	<Point X="232" Y="170"/>
	<Point X="231" Y="171"/>
	<Point X="230" Y="173"/>
	<Point X="229" Y="174"/>
	<Point X="228" Y="176"/>
	<Point X="228" Y="177"/>
	<Point X="227" Y="178"/>
	<Point X="226" Y="179"/>
	<Point X="226" Y="180"/>
	<Point X="226" Y="181"/>
	<Point X="225" Y="182"/>
	<Point X="225" Y="183"/>
	<Point X="224" Y="184"/>
	<Point X="224" Y="185"/>
	<Point X="223" Y="185"/>
	<Point X="222" Y="186"/>
	<Point X="222" Y="187"/>
	<Point X="222" Y="188"/>
	<Point X="221" Y="188"/>
	<Point X="221" Y="189"/>
	<Point X="220" Y="189"/>
	<Point X="220" Y="190"/>
	<Point X="220" Y="191"/>
	<Point X="219" Y="192"/>
	<Point X="218" Y="192"/>
	<Point X="218" Y="193"/>
	<Point X="217" Y="194"/>
	<Point X="217" Y="195"/>
	<Point X="217" Y="196"/>
	<Point X="216" Y="196"/>
	<Point X="216" Y="197"/>
	<Point X="215" Y="197"/>
	<Point X="215" Y="198"/>
</Gesture>
