<?xml version="1.0" ?>
<Gesture Name="arrow05" Subject="04" Number="05" NumPts="222">
	<Point X="76" Y="214"/>
	<Point X="77" Y="214"/>
	<Point X="79" Y="213"/>
	<Point X="80" Y="213"/>
	<Point X="82" Y="212"/>
	<Point X="83" Y="212"/>
	<Point X="84" Y="211"/>
	<Point X="86" Y="211"/>
	<Point X="87" Y="211"/>
	<Point X="89" Y="210"/>
	<Point X="91" Y="210"/>
	<Point X="94" Y="209"/>
	<Point X="95" Y="208"/>
	<Point X="98" Y="208"/>
	<Point X="100" Y="208"/>
	<Point X="102" Y="208"/>
	<Point X="105" Y="207"/>
	<Point X="108" Y="206"/>
	<Point X="111" Y="206"/>
	<Point X="114" Y="206"/>
	<Point X="117" Y="205"/>
	<Point X="121" Y="205"/>
	<Point X="124" Y="205"/>
	<Point X="128" Y="205"/>
	<Point X="131" Y="204"/>
	<Point X="135" Y="204"/>
	<Point X="139" Y="204"/>
	<Point X="142" Y="203"/>
	<Point X="148" Y="203"/>
	<Point X="151" Y="203"/>
	<Point X="155" Y="203"/>
	<Point X="159" Y="202"/>
	<Point X="163" Y="202"/>
	<Point X="166" Y="202"/>
	<Point X="171" Y="201"/>
	<Point X="175" Y="201"/>
	<Point X="178" Y="201"/>
	<Point X="182" Y="201"/>
	<Point X="187" Y="201"/>
	<Point X="191" Y="201"/>
	<Point X="194" Y="201"/>
	<Point X="198" Y="201"/>
	<Point X="201" Y="201"/>
	<Point X="205" Y="201"/>
	<Point X="208" Y="200"/>
	<Point X="210" Y="200"/>
	<Point X="213" Y="200"/>
	<Point X="217" Y="200"/>
	<Point X="219" Y="199"/>
	<Point X="222" Y="199"/>
	<Point X="224" Y="199"/>
	<Point X="227" Y="198"/>
	<Point X="230" Y="198"/>
	<Point X="232" Y="198"/>
	<Point X="233" Y="198"/>
	<Point X="235" Y="198"/>
	<Point X="237" Y="197"/>
	<Point X="239" Y="197"/>
	<Point X="241" Y="197"/>
	<Point X="242" Y="196"/>
	<Point X="243" Y="196"/>
	<Point X="245" Y="195"/>
	<Point X="246" Y="195"/>
	<Point X="247" Y="195"/>
	<Point X="248" Y="195"/>
	<Point X="249" Y="195"/>
	<Point X="250" Y="194"/>
	<Point X="251" Y="194"/>
	<Point X="252" Y="194"/>
	<Point X="253" Y="194"/>
	<Point X="253" Y="193"/>
	<Point X="254" Y="193"/>
	<Point X="255" Y="193"/>
	<Point X="256" Y="193"/>
	<Point X="256" Y="192"/>
	<Point X="257" Y="192"/>
	<Point X="258" Y="192"/>
	<Point X="259" Y="192"/>
	<Point X="260" Y="192"/>
	<Point X="261" Y="192"/>
	<Point X="262" Y="192"/>
	<Point X="262" Y="191"/>
	<Point X="262" Y="190"/>
	<Point X="261" Y="190"/>
	<Point X="261" Y="189"/>
	<Point X="260" Y="188"/>
	<Point X="259" Y="187"/>
	<Point X="258" Y="187"/>
	<Point X="257" Y="186"/>
	<Point X="256" Y="185"/>
	<Point X="255" Y="184"/>
	<Point X="254" Y="183"/>
	<Point X="252" Y="183"/>
	<Point X="251" Y="182"/>
	<Point X="250" Y="182"/>
	<Point X="249" Y="181"/>
	<Point X="248" Y="180"/>
	<Point X="246" Y="180"/>
	<Point X="246" Y="179"/>
	<Point X="245" Y="178"/>
	<Point X="243" Y="178"/>
	<Point X="242" Y="178"/>
	<Point X="241" Y="177"/>
	<Point X="239" Y="176"/>
	<Point X="237" Y="176"/>
	<Point X="235" Y="175"/>
	<Point X="235" Y="174"/>
	<Point X="233" Y="174"/>
	<Point X="232" Y="174"/>
	<Point X="231" Y="173"/>
	<Point X="229" Y="172"/>
	<Point X="228" Y="172"/>
	<Point X="227" Y="172"/>
	<Point X="225" Y="171"/>
	<Point X="224" Y="171"/>
	<Point X="223" Y="170"/>
	<Point X="221" Y="170"/>
	<Point X="220" Y="170"/>
	<Point X="219" Y="170"/>
	<Point X="218" Y="169"/>
	<Point X="217" Y="169"/>
	<Point X="216" Y="169"/>
	<Point X="215" Y="169"/>
	<Point X="216" Y="170"/>
	<Point X="217" Y="171"/>
	<Point X="218" Y="171"/>
	<Point X="218" Y="172"/>
	<Point X="219" Y="172"/>
	<Point X="220" Y="173"/>
	<Point X="221" Y="173"/>
	<Point X="222" Y="174"/>
	<Point X="223" Y="174"/>
	<Point X="225" Y="175"/>
	<Point X="227" Y="176"/>
	<Point X="228" Y="176"/>
	<Point X="230" Y="177"/>
	<Point X="231" Y="178"/>
	<Point X="233" Y="179"/>
	<Point X="235" Y="179"/>
	<Point X="236" Y="180"/>
	<Point X="239" Y="181"/>
	<Point X="240" Y="181"/>
	<Point X="241" Y="182"/>
	<Point X="244" Y="183"/>
	<Point X="246" Y="183"/>
	<Point X="247" Y="184"/>
	<Point X="249" Y="184"/>
	<Point X="251" Y="185"/>
	<Point X="253" Y="186"/>
	<Point X="254" Y="186"/>
	<Point X="256" Y="187"/>
	<Point X="257" Y="188"/>
	<Point X="259" Y="188"/>
	<Point X="260" Y="189"/>
	<Point X="262" Y="190"/>
	<Point X="263" Y="190"/>
	<Point X="264" Y="190"/>
	<Point X="266" Y="191"/>
	<Point X="267" Y="192"/>
	<Point X="268" Y="192"/>
	<Point X="269" Y="192"/>
	<Point X="270" Y="192"/>
	<Point X="271" Y="193"/>
	<Point X="271" Y="194"/>
	<Point X="272" Y="194"/>
	<Point X="271" Y="194"/>
	<Point X="270" Y="194"/>
	<Point X="269" Y="195"/>
	<Point X="268" Y="195"/>
	<Point X="267" Y="196"/>
	<Point X="266" Y="196"/>
	<Point X="266" Y="197"/>
	<Point X="266" Y="198"/>
	<Point X="265" Y="198"/>
	<Point X="264" Y="198"/>
	<Point X="263" Y="199"/>
	<Point X="262" Y="199"/>
	<Point X="262" Y="200"/>
	<Point X="261" Y="200"/>
	<Point X="260" Y="200"/>
	<Point X="259" Y="201"/>
	<Point X="258" Y="201"/>
	<Point X="257" Y="202"/>
	<Point X="256" Y="202"/>
	<Point X="256" Y="203"/>
	<Point X="255" Y="203"/>
	<Point X="253" Y="203"/>
	<Point X="253" Y="204"/>
	<Point X="252" Y="204"/>
	<Point X="250" Y="205"/>
	<Point X="249" Y="205"/>
	<Point X="248" Y="205"/>
	<Point X="247" Y="206"/>
	<Point X="246" Y="207"/>
	<Point X="245" Y="207"/>
	<Point X="244" Y="207"/>
	<Point X="242" Y="208"/>
	<Point X="241" Y="209"/>
	<Point X="240" Y="209"/>
	<Point X="238" Y="209"/>
	<Point X="236" Y="210"/>
	<Point X="235" Y="211"/>
	<Point X="233" Y="211"/>
	<Point X="232" Y="211"/>
	<Point X="230" Y="212"/>
	<Point X="229" Y="213"/>
	<Point X="227" Y="213"/>
	<Point X="225" Y="213"/>
	<Point X="224" Y="214"/>
	<Point X="222" Y="214"/>
	<Point X="220" Y="215"/>
	<Point X="219" Y="216"/>
	<Point X="218" Y="216"/>
	<Point X="216" Y="216"/>
	<Point X="215" Y="216"/>
	<Point X="214" Y="217"/>
	<Point X="213" Y="217"/>
	<Point X="212" Y="218"/>
	<Point X="211" Y="218"/>
	<Point X="209" Y="218"/>
	<Point X="208" Y="218"/>
	<Point X="207" Y="218"/>
</Gesture>
