<?xml version="1.0" ?>
<Gesture Name="arrow06" Subject="04" Number="06" NumPts="251">
	<Point X="52" Y="179"/>
	<Point X="53" Y="179"/>
	<Point X="54" Y="179"/>
	<Point X="55" Y="179"/>
	<Point X="57" Y="178"/>
	<Point X="59" Y="178"/>
	<Point X="60" Y="178"/>
	<Point X="61" Y="178"/>
	<Point X="62" Y="178"/>
	<Point X="65" Y="178"/>
	<Point X="66" Y="177"/>
	<Point X="68" Y="177"/>
	<Point X="70" Y="177"/>
	<Point X="72" Y="177"/>
	<Point X="75" Y="176"/>
	<Point X="77" Y="176"/>
	<Point X="80" Y="175"/>
	<Point X="83" Y="175"/>
	<Point X="86" Y="175"/>
	<Point X="90" Y="175"/>
	<Point X="94" Y="175"/>
	<Point X="98" Y="175"/>
	<Point X="102" Y="175"/>
	<Point X="108" Y="175"/>
	<Point X="113" Y="175"/>
	<Point X="117" Y="175"/>
	<Point X="124" Y="175"/>
	<Point X="129" Y="175"/>
	<Point X="133" Y="175"/>
	<Point X="139" Y="175"/>
	<Point X="145" Y="175"/>
	<Point X="151" Y="175"/>
	<Point X="156" Y="175"/>
	<Point X="162" Y="175"/>
	<Point X="167" Y="175"/>
	<Point X="173" Y="175"/>
	<Point X="179" Y="175"/>
	<Point X="184" Y="174"/>
	<Point X="189" Y="174"/>
	<Point X="195" Y="174"/>
	<Point X="199" Y="174"/>
	<Point X="203" Y="173"/>
	<Point X="207" Y="173"/>
	<Point X="213" Y="172"/>
	<Point X="216" Y="172"/>
	<Point X="219" Y="171"/>
	<Point X="222" Y="170"/>
	<Point X="225" Y="170"/>
	<Point X="228" Y="169"/>
	<Point X="230" Y="169"/>
	<Point X="232" Y="169"/>
	<Point X="236" Y="168"/>
	<Point X="237" Y="168"/>
	<Point X="239" Y="167"/>
	<Point X="240" Y="167"/>
	<Point X="242" Y="167"/>
	<Point X="243" Y="167"/>
	<Point X="243" Y="166"/>
	<Point X="244" Y="166"/>
	<Point X="245" Y="166"/>
	<Point X="245" Y="165"/>
	<Point X="246" Y="165"/>
	<Point X="247" Y="165"/>
	<Point X="248" Y="165"/>
	<Point X="249" Y="165"/>
	<Point X="249" Y="164"/>
	<Point X="250" Y="164"/>
	<Point X="251" Y="164"/>
	<Point X="252" Y="164"/>
	<Point X="253" Y="164"/>
	<Point X="253" Y="163"/>
	<Point X="254" Y="163"/>
	<Point X="255" Y="163"/>
	<Point X="256" Y="163"/>
	<Point X="257" Y="163"/>
	<Point X="258" Y="163"/>
	<Point X="258" Y="162"/>
	<Point X="260" Y="162"/>
	<Point X="261" Y="162"/>
	<Point X="262" Y="161"/>
	<Point X="263" Y="161"/>
	<Point X="264" Y="161"/>
	<Point X="265" Y="161"/>
	<Point X="266" Y="161"/>
	<Point X="267" Y="161"/>
	<Point X="268" Y="161"/>
	<Point X="268" Y="160"/>
	<Point X="269" Y="160"/>
	<Point X="268" Y="160"/>
	<Point X="267" Y="159"/>
	<Point X="265" Y="158"/>
	<Point X="264" Y="158"/>
	<Point X="263" Y="158"/>
	<Point X="262" Y="157"/>
	<Point X="261" Y="157"/>
	<Point X="259" Y="157"/>
	<Point X="259" Y="156"/>
	<Point X="258" Y="156"/>
	<Point X="256" Y="156"/>
	<Point X="255" Y="156"/>
	<Point X="254" Y="155"/>
	<Point X="252" Y="154"/>
	<Point X="251" Y="154"/>
	<Point X="249" Y="153"/>
	<Point X="247" Y="153"/>
	<Point X="245" Y="153"/>
	<Point X="244" Y="152"/>
	<Point X="242" Y="151"/>
	<Point X="240" Y="151"/>
	<Point X="238" Y="151"/>
	<Point X="236" Y="150"/>
	<Point X="235" Y="149"/>
	<Point X="232" Y="148"/>
	<Point X="231" Y="148"/>
	<Point X="230" Y="148"/>
	<Point X="228" Y="148"/>
	<Point X="226" Y="147"/>
	<Point X="225" Y="146"/>
	<Point X="224" Y="146"/>
	<Point X="222" Y="146"/>
	<Point X="221" Y="146"/>
	<Point X="219" Y="145"/>
	<Point X="217" Y="144"/>
	<Point X="216" Y="144"/>
	<Point X="215" Y="144"/>
	<Point X="214" Y="144"/>
	<Point X="213" Y="144"/>
	<Point X="212" Y="144"/>
	<Point X="213" Y="145"/>
	<Point X="213" Y="146"/>
	<Point X="214" Y="146"/>
	<Point X="214" Y="147"/>
	<Point X="215" Y="147"/>
	<Point X="216" Y="148"/>
	<Point X="217" Y="148"/>
	<Point X="218" Y="149"/>
	<Point X="218" Y="150"/>
	<Point X="219" Y="150"/>
	<Point X="220" Y="150"/>
	<Point X="221" Y="150"/>
	<Point X="222" Y="151"/>
	<Point X="223" Y="151"/>
	<Point X="224" Y="152"/>
	<Point X="225" Y="152"/>
	<Point X="227" Y="153"/>
	<Point X="228" Y="153"/>
	<Point X="229" Y="153"/>
	<Point X="231" Y="154"/>
	<Point X="232" Y="155"/>
	<Point X="234" Y="155"/>
	<Point X="235" Y="155"/>
	<Point X="236" Y="155"/>
	<Point X="238" Y="155"/>
	<Point X="238" Y="156"/>
	<Point X="239" Y="156"/>
	<Point X="241" Y="156"/>
	<Point X="242" Y="156"/>
	<Point X="243" Y="157"/>
	<Point X="244" Y="157"/>
	<Point X="245" Y="157"/>
	<Point X="246" Y="157"/>
	<Point X="247" Y="157"/>
	<Point X="248" Y="157"/>
	<Point X="249" Y="157"/>
	<Point X="249" Y="158"/>
	<Point X="250" Y="158"/>
	<Point X="251" Y="158"/>
	<Point X="252" Y="158"/>
	<Point X="253" Y="158"/>
	<Point X="254" Y="158"/>
	<Point X="255" Y="159"/>
	<Point X="256" Y="159"/>
	<Point X="257" Y="159"/>
	<Point X="258" Y="159"/>
	<Point X="259" Y="159"/>
	<Point X="260" Y="159"/>
	<Point X="261" Y="159"/>
	<Point X="261" Y="160"/>
	<Point X="262" Y="160"/>
	<Point X="263" Y="160"/>
	<Point X="264" Y="160"/>
	<Point X="264" Y="161"/>
	<Point X="265" Y="161"/>
	<Point X="266" Y="161"/>
	<Point X="267" Y="161"/>
	<Point X="267" Y="162"/>
	<Point X="268" Y="162"/>
	<Point X="269" Y="162"/>
	<Point X="270" Y="162"/>
	<Point X="271" Y="163"/>
	<Point X="272" Y="163"/>
	<Point X="273" Y="163"/>
	<Point X="273" Y="164"/>
	<Point X="274" Y="164"/>
	<Point X="274" Y="165"/>
	<Point X="273" Y="166"/>
	<Point X="272" Y="166"/>
	<Point X="272" Y="167"/>
	<Point X="271" Y="167"/>
	<Point X="271" Y="168"/>
	<Point X="270" Y="168"/>
	<Point X="270" Y="169"/>
	<Point X="269" Y="170"/>
	<Point X="268" Y="171"/>
	<Point X="267" Y="171"/>
	<Point X="267" Y="172"/>
	<Point X="266" Y="172"/>
	<Point X="266" Y="174"/>
	<Point X="265" Y="174"/>
	<Point X="264" Y="176"/>
	<Point X="263" Y="176"/>
	<Point X="263" Y="177"/>
	<Point X="261" Y="179"/>
	<Point X="261" Y="180"/>
	<Point X="259" Y="181"/>
	<Point X="259" Y="182"/>
	<Point X="257" Y="184"/>
	<Point X="256" Y="185"/>
	<Point X="255" Y="186"/>
	<Point X="254" Y="188"/>
	<Point X="252" Y="189"/>
	<Point X="251" Y="191"/>
	<Point X="250" Y="192"/>
	<Point X="249" Y="194"/>
	<Point X="247" Y="195"/>
	<Point X="246" Y="196"/>
	<Point X="244" Y="198"/>
	<Point X="242" Y="199"/>
	<Point X="240" Y="201"/>
	<Point X="238" Y="202"/>
	<Point X="237" Y="204"/>
	<Point X="235" Y="205"/>
	<Point X="233" Y="206"/>
	<Point X="231" Y="208"/>
	<Point X="230" Y="209"/>
	<Point X="227" Y="210"/>
	<Point X="226" Y="211"/>
	<Point X="224" Y="212"/>
	<Point X="223" Y="213"/>
	<Point X="221" Y="215"/>
	<Point X="220" Y="215"/>
	<Point X="218" Y="216"/>
	<Point X="217" Y="217"/>
	<Point X="216" Y="217"/>
	<Point X="214" Y="217"/>
	<Point X="213" Y="218"/>
	<Point X="212" Y="218"/>
	<Point X="211" Y="219"/>
	<Point X="210" Y="219"/>
	<Point X="209" Y="219"/>
	<Point X="208" Y="220"/>
</Gesture>
