<?xml version="1.0" ?>
<Gesture Name="arrow07" Subject="04" Number="07" NumPts="263">
	<Point X="88" Y="236"/>
	<Point X="89" Y="235"/>
	<Point X="89" Y="234"/>
	<Point X="90" Y="234"/>
	<Point X="91" Y="233"/>
	<Point X="92" Y="233"/>
	<Point X="93" Y="232"/>
	<Point X="94" Y="231"/>
	<Point X="95" Y="230"/>
	<Point X="96" Y="230"/>
	<Point X="97" Y="230"/>
	<Point X="98" Y="229"/>
	<Point X="99" Y="229"/>
	<Point X="100" Y="228"/>
	<Point X="101" Y="227"/>
	<Point X="102" Y="227"/>
	<Point X="103" Y="226"/>
	<Point X="105" Y="225"/>
	<Point X="106" Y="225"/>
	<Point X="108" Y="224"/>
	<Point X="110" Y="223"/>
	<Point X="111" Y="222"/>
	<Point X="113" Y="221"/>
	<Point X="115" Y="220"/>
	<Point X="117" Y="220"/>
	<Point X="119" Y="219"/>
	<Point X="120" Y="218"/>
	<Point X="123" Y="218"/>
	<Point X="125" Y="217"/>
	<Point X="126" Y="216"/>
	<Point X="128" Y="215"/>
	<Point X="131" Y="215"/>
	<Point X="133" Y="214"/>
	<Point X="135" Y="213"/>
	<Point X="137" Y="213"/>
	<Point X="139" Y="212"/>
	<Point X="141" Y="211"/>
	<Point X="144" Y="210"/>
	<Point X="145" Y="210"/>
	<Point X="148" Y="209"/>
	<Point X="150" Y="208"/>
	<Point X="153" Y="207"/>
	<Point X="155" Y="207"/>
	<Point X="157" Y="206"/>
	<Point X="159" Y="205"/>
	<Point X="161" Y="204"/>
	<Point X="165" Y="204"/>
	<Point X="167" Y="203"/>
	<Point X="169" Y="202"/>
	<Point X="171" Y="202"/>
	<Point X="173" Y="201"/>
	<Point X="177" Y="199"/>
	<Point X="179" Y="198"/>
	<Point X="181" Y="198"/>
	<Point X="183" Y="197"/>
	<Point X="185" Y="196"/>
	<Point X="188" Y="195"/>
	<Point X="191" Y="195"/>
	<Point X="193" Y="194"/>
	<Point X="195" Y="193"/>
	<Point X="198" Y="192"/>
	<Point X="200" Y="191"/>
	<Point X="203" Y="190"/>
	<Point X="206" Y="189"/>
	<Point X="209" Y="189"/>
	<Point X="211" Y="188"/>
	<Point X="213" Y="187"/>
	<Point X="216" Y="186"/>
	<Point X="218" Y="186"/>
	<Point X="222" Y="184"/>
	<Point X="224" Y="183"/>
	<Point X="227" Y="183"/>
	<Point X="229" Y="182"/>
	<Point X="231" Y="181"/>
	<Point X="234" Y="180"/>
	<Point X="236" Y="180"/>
	<Point X="240" Y="179"/>
	<Point X="242" Y="178"/>
	<Point X="244" Y="177"/>
	<Point X="246" Y="177"/>
	<Point X="248" Y="177"/>
	<Point X="250" Y="176"/>
	<Point X="253" Y="175"/>
	<Point X="255" Y="175"/>
	<Point X="257" Y="175"/>
	<Point X="258" Y="174"/>
	<Point X="261" Y="173"/>
	<Point X="262" Y="173"/>
	<Point X="263" Y="172"/>
	<Point X="264" Y="172"/>
	<Point X="267" Y="172"/>
	<Point X="268" Y="172"/>
	<Point X="269" Y="171"/>
	<Point X="270" Y="171"/>
	<Point X="271" Y="171"/>
	<Point X="272" Y="170"/>
	<Point X="273" Y="170"/>
	<Point X="273" Y="169"/>
	<Point X="274" Y="169"/>
	<Point X="274" Y="168"/>
	<Point X="273" Y="167"/>
	<Point X="272" Y="166"/>
	<Point X="271" Y="166"/>
	<Point X="270" Y="166"/>
	<Point X="270" Y="165"/>
	<Point X="268" Y="165"/>
	<Point X="267" Y="165"/>
	<Point X="265" Y="164"/>
	<Point X="263" Y="163"/>
	<Point X="262" Y="163"/>
	<Point X="261" Y="163"/>
	<Point X="260" Y="163"/>
	<Point X="258" Y="163"/>
	<Point X="257" Y="163"/>
	<Point X="256" Y="162"/>
	<Point X="254" Y="162"/>
	<Point X="253" Y="162"/>
	<Point X="252" Y="162"/>
	<Point X="250" Y="162"/>
	<Point X="249" Y="161"/>
	<Point X="248" Y="161"/>
	<Point X="247" Y="161"/>
	<Point X="245" Y="161"/>
	<Point X="244" Y="161"/>
	<Point X="243" Y="161"/>
	<Point X="241" Y="161"/>
	<Point X="239" Y="161"/>
	<Point X="238" Y="161"/>
	<Point X="237" Y="161"/>
	<Point X="235" Y="161"/>
	<Point X="233" Y="161"/>
	<Point X="231" Y="161"/>
	<Point X="230" Y="161"/>
	<Point X="228" Y="161"/>
	<Point X="226" Y="161"/>
	<Point X="225" Y="161"/>
	<Point X="223" Y="161"/>
	<Point X="222" Y="161"/>
	<Point X="220" Y="161"/>
	<Point X="219" Y="161"/>
	<Point X="217" Y="162"/>
	<Point X="216" Y="162"/>
	<Point X="215" Y="162"/>
	<Point X="214" Y="162"/>
	<Point X="213" Y="162"/>
	<Point X="211" Y="162"/>
	<Point X="210" Y="162"/>
	<Point X="209" Y="162"/>
	<Point X="208" Y="162"/>
	<Point X="207" Y="162"/>
	<Point X="206" Y="162"/>
	<Point X="205" Y="162"/>
	<Point X="204" Y="162"/>
	<Point X="203" Y="162"/>
	<Point X="202" Y="162"/>
	<Point X="201" Y="162"/>
	<Point X="201" Y="163"/>
	<Point X="200" Y="163"/>
	<Point X="201" Y="163"/>
	<Point X="202" Y="163"/>
	<Point X="203" Y="163"/>
	<Point X="204" Y="163"/>
	<Point X="205" Y="162"/>
	<Point X="206" Y="162"/>
	<Point X="208" Y="161"/>
	<Point X="209" Y="161"/>
	<Point X="210" Y="161"/>
	<Point X="211" Y="161"/>
	<Point X="213" Y="161"/>
	<Point X="214" Y="161"/>
	<Point X="215" Y="160"/>
	<Point X="217" Y="160"/>
	<Point X="219" Y="160"/>
	<Point X="221" Y="159"/>
	<Point X="223" Y="159"/>
	<Point X="225" Y="159"/>
	<Point X="227" Y="159"/>
	<Point X="230" Y="159"/>
	<Point X="233" Y="158"/>
	<Point X="236" Y="158"/>
	<Point X="237" Y="158"/>
	<Point X="240" Y="157"/>
	<Point X="243" Y="157"/>
	<Point X="245" Y="157"/>
	<Point X="248" Y="156"/>
	<Point X="250" Y="156"/>
	<Point X="253" Y="156"/>
	<Point X="255" Y="156"/>
	<Point X="258" Y="156"/>
	<Point X="261" Y="156"/>
	<Point X="264" Y="155"/>
	<Point X="266" Y="155"/>
	<Point X="268" Y="155"/>
	<Point X="270" Y="155"/>
	<Point X="272" Y="155"/>
	<Point X="274" Y="155"/>
	<Point X="276" Y="154"/>
	<Point X="277" Y="154"/>
	<Point X="278" Y="154"/>
	<Point X="280" Y="154"/>
	<Point X="281" Y="154"/>
	<Point X="282" Y="154"/>
	<Point X="282" Y="155"/>
	<Point X="281" Y="155"/>
	<Point X="281" Y="156"/>
	<Point X="281" Y="157"/>
	<Point X="280" Y="157"/>
	<Point X="280" Y="158"/>
	<Point X="280" Y="159"/>
	<Point X="279" Y="159"/>
	<Point X="279" Y="160"/>
	<Point X="278" Y="161"/>
	<Point X="278" Y="162"/>
	<Point X="278" Y="163"/>
	<Point X="277" Y="163"/>
	<Point X="277" Y="164"/>
	<Point X="277" Y="165"/>
	<Point X="277" Y="166"/>
	<Point X="276" Y="167"/>
	<Point X="275" Y="169"/>
	<Point X="275" Y="170"/>
	<Point X="274" Y="171"/>
	<Point X="274" Y="172"/>
	<Point X="274" Y="174"/>
	<Point X="274" Y="175"/>
	<Point X="273" Y="176"/>
	<Point X="272" Y="177"/>
	<Point X="272" Y="178"/>
	<Point X="272" Y="180"/>
	<Point X="272" Y="181"/>
	<Point X="271" Y="182"/>
	<Point X="271" Y="184"/>
	<Point X="270" Y="185"/>
	<Point X="270" Y="186"/>
	<Point X="270" Y="187"/>
	<Point X="269" Y="188"/>
	<Point X="269" Y="189"/>
	<Point X="269" Y="190"/>
	<Point X="269" Y="191"/>
	<Point X="268" Y="192"/>
	<Point X="267" Y="192"/>
	<Point X="267" Y="194"/>
	<Point X="267" Y="195"/>
	<Point X="266" Y="195"/>
	<Point X="266" Y="197"/>
	<Point X="265" Y="197"/>
	<Point X="265" Y="198"/>
	<Point X="265" Y="199"/>
	<Point X="264" Y="200"/>
	<Point X="263" Y="200"/>
	<Point X="263" Y="201"/>
	<Point X="263" Y="202"/>
	<Point X="262" Y="202"/>
	<Point X="262" Y="203"/>
	<Point X="261" Y="203"/>
	<Point X="261" Y="204"/>
	<Point X="260" Y="205"/>
	<Point X="259" Y="205"/>
	<Point X="259" Y="206"/>
	<Point X="259" Y="207"/>
	<Point X="258" Y="207"/>
	<Point X="258" Y="208"/>
	<Point X="257" Y="209"/>
</Gesture>
