<?xml version="1.0" ?>
<Gesture Name="arrow04" Subject="04" Number="04" NumPts="247">
	<Point X="67" Y="215"/>
	<Point X="67" Y="214"/>
	<Point X="68" Y="214"/>
	<Point X="68" Y="213"/>
	<Point X="69" Y="213"/>
	<Point X="70" Y="212"/>
	<Point X="71" Y="212"/>
	<Point X="72" Y="211"/>
	<Point X="74" Y="211"/>
	<Point X="74" Y="210"/>
	<Point X="75" Y="209"/>
	<Point X="76" Y="209"/>
	<Point X="77" Y="209"/>
	<Point X="78" Y="208"/>
	<Point X="79" Y="208"/>
	<Point X="80" Y="208"/>
	<Point X="83" Y="207"/>
	<Point X="84" Y="206"/>
	<Point X="85" Y="206"/>
	<Point X="87" Y="205"/>
	<Point X="90" Y="205"/>
	<Point X="92" Y="205"/>
	<Point X="93" Y="204"/>
	<Point X="96" Y="203"/>
	<Point X="98" Y="203"/>
	<Point X="100" Y="203"/>
	<Point X="103" Y="202"/>
	<Point X="105" Y="201"/>
	<Point X="108" Y="201"/>
	<Point X="110" Y="200"/>
	<Point X="113" Y="200"/>
	<Point X="115" Y="199"/>
	<Point X="118" Y="199"/>
	<Point X="121" Y="198"/>
	<Point X="124" Y="197"/>
	<Point X="127" Y="197"/>
	<Point X="130" Y="197"/>
	<Point X="133" Y="196"/>
	<Point X="136" Y="195"/>
	<Point X="138" Y="195"/>
	<Point X="141" Y="194"/>
	<Point X="144" Y="193"/>
	<Point X="147" Y="193"/>
	<Point X="149" Y="192"/>
	<Point X="152" Y="192"/>
	<Point X="155" Y="191"/>
	<Point X="159" Y="190"/>
	<Point X="162" Y="190"/>
	<Point X="165" Y="190"/>
	<Point X="168" Y="189"/>
	<Point X="171" Y="189"/>
	<Point X="174" Y="188"/>
	<Point X="178" Y="188"/>
	<Point X="180" Y="187"/>
	<Point X="183" Y="187"/>
	<Point X="187" Y="187"/>
	<Point X="190" Y="187"/>
	<Point X="193" Y="187"/>
	<Point X="196" Y="187"/>
	<Point X="199" Y="187"/>
	<Point X="203" Y="186"/>
	<Point X="205" Y="186"/>
	<Point X="208" Y="186"/>
	<Point X="211" Y="186"/>
	<Point X="214" Y="185"/>
	<Point X="217" Y="185"/>
	<Point X="220" Y="185"/>
	<Point X="222" Y="185"/>
	<Point X="225" Y="185"/>
	<Point X="228" Y="185"/>
	<Point X="230" Y="185"/>
	<Point X="232" Y="185"/>
	<Point X="235" Y="184"/>
	<Point X="237" Y="184"/>
	<Point X="238" Y="184"/>
	<Point X="241" Y="184"/>
	<Point X="242" Y="184"/>
	<Point X="244" Y="184"/>
	<Point X="245" Y="184"/>
	<Point X="247" Y="184"/>
	<Point X="248" Y="184"/>
	<Point X="249" Y="183"/>
	<Point X="250" Y="183"/>
	<Point X="251" Y="183"/>
	<Point X="251" Y="182"/>
	<Point X="251" Y="181"/>
	<Point X="250" Y="181"/>
	<Point X="250" Y="180"/>
	<Point X="249" Y="180"/>
	<Point X="248" Y="179"/>
	<Point X="247" Y="178"/>
	<Point X="246" Y="177"/>
	<Point X="244" Y="176"/>
	<Point X="243" Y="176"/>
	<Point X="242" Y="174"/>
	<Point X="240" Y="173"/>
	<Point X="239" Y="173"/>
	<Point X="238" Y="172"/>
	<Point X="236" Y="171"/>
	<Point X="235" Y="170"/>
	<Point X="233" Y="169"/>
	<Point X="231" Y="169"/>
	<Point X="230" Y="168"/>
	<Point X="228" Y="167"/>
	<Point X="226" Y="166"/>
	<Point X="225" Y="166"/>
	<Point X="224" Y="166"/>
	<Point X="221" Y="165"/>
	<Point X="220" Y="164"/>
	<Point X="218" Y="164"/>
	<Point X="217" Y="164"/>
	<Point X="214" Y="163"/>
	<Point X="213" Y="162"/>
	<Point X="212" Y="162"/>
	<Point X="209" Y="162"/>
	<Point X="208" Y="161"/>
	<Point X="207" Y="160"/>
	<Point X="205" Y="159"/>
	<Point X="203" Y="159"/>
	<Point X="202" Y="159"/>
	<Point X="200" Y="158"/>
	<Point X="198" Y="157"/>
	<Point X="197" Y="157"/>
	<Point X="196" Y="156"/>
	<Point X="194" Y="156"/>
	<Point X="193" Y="155"/>
	<Point X="192" Y="155"/>
	<Point X="191" Y="155"/>
	<Point X="190" Y="154"/>
	<Point X="189" Y="154"/>
	<Point X="188" Y="153"/>
	<Point X="187" Y="153"/>
	<Point X="186" Y="153"/>
	<Point X="185" Y="153"/>
	<Point X="186" Y="153"/>
	<Point X="186" Y="154"/>
	<Point X="186" Y="155"/>
	<Point X="187" Y="155"/>
	<Point X="187" Y="156"/>
	<Point X="188" Y="156"/>
	<Point X="189" Y="157"/>
	<Point X="190" Y="157"/>
	<Point X="191" Y="158"/>
	<Point X="191" Y="159"/>
	<Point X="193" Y="159"/>
	<Point X="194" Y="160"/>
	<Point X="195" Y="160"/>
	<Point X="196" Y="161"/>
	<Point X="197" Y="162"/>
	<Point X="199" Y="162"/>
	<Point X="199" Y="163"/>
	<Point X="200" Y="163"/>
	<Point X="201" Y="163"/>
	<Point X="202" Y="164"/>
	<Point X="204" Y="165"/>
	<Point X="205" Y="165"/>
	<Point X="206" Y="165"/>
	<Point X="207" Y="166"/>
	<Point X="209" Y="167"/>
	<Point X="210" Y="167"/>
	<Point X="212" Y="168"/>
	<Point X="213" Y="169"/>
	<Point X="214" Y="169"/>
	<Point X="215" Y="169"/>
	<Point X="216" Y="170"/>
	<Point X="218" Y="171"/>
	<Point X="219" Y="171"/>
	<Point X="220" Y="171"/>
	<Point X="222" Y="172"/>
	<Point X="224" Y="173"/>
	<Point X="225" Y="173"/>
	<Point X="227" Y="173"/>
	<Point X="228" Y="174"/>
	<Point X="229" Y="175"/>
	<Point X="231" Y="175"/>
	<Point X="232" Y="175"/>
	<Point X="233" Y="176"/>
	<Point X="235" Y="177"/>
	<Point X="236" Y="177"/>
	<Point X="237" Y="177"/>
	<Point X="239" Y="178"/>
	<Point X="240" Y="178"/>
	<Point X="241" Y="179"/>
	<Point X="242" Y="179"/>
	<Point X="244" Y="179"/>
	<Point X="245" Y="179"/>
	<Point X="246" Y="179"/>
	<Point X="247" Y="180"/>
	<Point X="248" Y="180"/>
	<Point X="249" Y="180"/>
	<Point X="250" Y="180"/>
	<Point X="251" Y="180"/>
	<Point X="251" Y="181"/>
	<Point X="251" Y="182"/>
	<Point X="250" Y="182"/>
	<Point X="250" Y="183"/>
	<Point X="250" Y="184"/>
	<Point X="249" Y="185"/>
	<Point X="249" Y="186"/>
	<Point X="248" Y="186"/>
	<Point X="247" Y="188"/>
	<Point X="246" Y="188"/>
	<Point X="246" Y="189"/>
	<Point X="245" Y="190"/>
	<Point X="244" Y="191"/>
	<Point X="243" Y="192"/>
	<Point X="242" Y="193"/>
	<Point X="241" Y="195"/>
	<Point X="240" Y="195"/>
	<Point X="239" Y="197"/>
	<Point X="238" Y="198"/>
	<Point X="236" Y="200"/>
	<Point X="235" Y="201"/>
	<Point X="233" Y="202"/>
	<Point X="232" Y="203"/>
	<Point X="230" Y="205"/>
	<Point X="228" Y="206"/>
	<Point X="226" Y="207"/>
	<Point X="225" Y="209"/>
	<Point X="222" Y="210"/>
	<Point X="221" Y="211"/>
	<Point X="220" Y="212"/>
	<Point X="217" Y="213"/>
	<Point X="215" Y="214"/>
	<Point X="214" Y="215"/>
	<Point X="212" Y="216"/>
	<Point X="211" Y="217"/>
	<Point X="210" Y="217"/>
	<Point X="208" Y="218"/>
	<Point X="206" Y="219"/>
	<Point X="205" Y="220"/>
	<Point X="203" Y="220"/>
	<Point X="202" Y="221"/>
	<Point X="201" Y="222"/>
	<Point X="200" Y="222"/>
	<Point X="199" Y="223"/>
	<Point X="198" Y="223"/>
	<Point X="197" Y="223"/>
	<Point X="196" Y="224"/>
	<Point X="195" Y="225"/>
	<Point X="194" Y="225"/>
	<Point X="193" Y="226"/>
	<Point X="192" Y="226"/>
	<Point X="192" Y="227"/>
	<Point X="191" Y="227"/>
	<Point X="190" Y="228"/>
	<Point X="190" Y="229"/>
</Gesture>
