<?xml version="1.0" ?>
<Gesture Name="arrow10" Subject="04" Number="10" NumPts="262">
	<Point X="110" Y="203"/>
	<Point X="110" Y="202"/>
	<Point X="111" Y="202"/>
	<Point X="111" Y="201"/>
	<Point X="112" Y="200"/>
	<Point X="113" Y="199"/>
	<Point X="114" Y="198"/>
	<Point X="115" Y="198"/>
	<Point X="116" Y="197"/>
	<Point X="117" Y="197"/>
	<Point X="117" Y="196"/>
	<Point X="119" Y="196"/>
	<Point X="120" Y="194"/>
	<Point X="121" Y="194"/>
	<Point X="122" Y="193"/>
	<Point X="124" Y="192"/>
	<Point X="125" Y="192"/>
	<Point X="126" Y="190"/>
	<Point X="128" Y="190"/>
	<Point X="130" Y="188"/>
	<Point X="132" Y="188"/>
	<Point X="133" Y="187"/>
	<Point X="135" Y="186"/>
	<Point X="137" Y="185"/>
	<Point X="139" Y="184"/>
	<Point X="140" Y="183"/>
	<Point X="143" Y="182"/>
	<Point X="145" Y="181"/>
	<Point X="147" Y="180"/>
	<Point X="148" Y="179"/>
	<Point X="152" Y="177"/>
	<Point X="154" Y="177"/>
	<Point X="156" Y="176"/>
	<Point X="158" Y="174"/>
	<Point X="160" Y="174"/>
	<Point X="163" Y="173"/>
	<Point X="166" Y="171"/>
	<Point X="168" Y="171"/>
	<Point X="170" Y="170"/>
	<Point X="172" Y="169"/>
	<Point X="175" Y="168"/>
	<Point X="178" Y="168"/>
	<Point X="180" Y="167"/>
	<Point X="182" Y="166"/>
	<Point X="184" Y="165"/>
	<Point X="186" Y="165"/>
	<Point X="189" Y="164"/>
	<Point X="191" Y="163"/>
	<Point X="193" Y="162"/>
	<Point X="194" Y="162"/>
	<Point X="197" Y="161"/>
	<Point X="199" Y="160"/>
	<Point X="200" Y="160"/>
	<Point X="202" Y="159"/>
	<Point X="204" Y="158"/>
	<Point X="206" Y="158"/>
	<Point X="207" Y="158"/>
	<Point X="209" Y="157"/>
	<Point X="210" Y="156"/>
	<Point X="211" Y="155"/>
	<Point X="213" Y="155"/>
	<Point X="214" Y="154"/>
	<Point X="215" Y="154"/>
	<Point X="217" Y="153"/>
	<Point X="219" Y="152"/>
	<Point X="220" Y="152"/>
	<Point X="222" Y="151"/>
	<Point X="222" Y="150"/>
	<Point X="223" Y="150"/>
	<Point X="225" Y="149"/>
	<Point X="226" Y="149"/>
	<Point X="227" Y="148"/>
	<Point X="228" Y="147"/>
	<Point X="229" Y="147"/>
	<Point X="230" Y="146"/>
	<Point X="231" Y="146"/>
	<Point X="232" Y="146"/>
	<Point X="232" Y="145"/>
	<Point X="233" Y="145"/>
	<Point X="234" Y="145"/>
	<Point X="234" Y="144"/>
	<Point X="235" Y="144"/>
	<Point X="235" Y="143"/>
	<Point X="236" Y="143"/>
	<Point X="237" Y="143"/>
	<Point X="238" Y="142"/>
	<Point X="239" Y="142"/>
	<Point X="240" Y="142"/>
	<Point X="240" Y="141"/>
	<Point X="241" Y="141"/>
	<Point X="242" Y="141"/>
	<Point X="242" Y="140"/>
	<Point X="243" Y="140"/>
	<Point X="244" Y="139"/>
	<Point X="245" Y="139"/>
	<Point X="246" Y="138"/>
	<Point X="247" Y="137"/>
	<Point X="248" Y="137"/>
	<Point X="249" Y="136"/>
	<Point X="251" Y="135"/>
	<Point X="251" Y="134"/>
	<Point X="252" Y="134"/>
	<Point X="253" Y="133"/>
	<Point X="255" Y="132"/>
	<Point X="256" Y="131"/>
	<Point X="257" Y="130"/>
	<Point X="258" Y="129"/>
	<Point X="259" Y="129"/>
	<Point X="260" Y="128"/>
	<Point X="261" Y="127"/>
	<Point X="263" Y="127"/>
	<Point X="263" Y="126"/>
	<Point X="264" Y="126"/>
	<Point X="264" Y="125"/>
	<Point X="265" Y="125"/>
	<Point X="265" Y="124"/>
	<Point X="266" Y="123"/>
	<Point X="267" Y="123"/>
	<Point X="268" Y="122"/>
	<Point X="268" Y="121"/>
	<Point X="268" Y="120"/>
	<Point X="269" Y="120"/>
	<Point X="269" Y="119"/>
	<Point X="268" Y="119"/>
	<Point X="267" Y="119"/>
	<Point X="267" Y="120"/>
	<Point X="266" Y="120"/>
	<Point X="265" Y="120"/>
	<Point X="265" Y="121"/>
	<Point X="264" Y="121"/>
	<Point X="263" Y="121"/>
	<Point X="262" Y="121"/>
	<Point X="261" Y="121"/>
	<Point X="260" Y="121"/>
	<Point X="259" Y="121"/>
	<Point X="257" Y="121"/>
	<Point X="256" Y="121"/>
	<Point X="255" Y="121"/>
	<Point X="254" Y="121"/>
	<Point X="252" Y="121"/>
	<Point X="251" Y="121"/>
	<Point X="249" Y="121"/>
	<Point X="248" Y="121"/>
	<Point X="246" Y="121"/>
	<Point X="245" Y="121"/>
	<Point X="244" Y="121"/>
	<Point X="243" Y="121"/>
	<Point X="240" Y="121"/>
	<Point X="238" Y="121"/>
	<Point X="237" Y="121"/>
	<Point X="236" Y="121"/>
	<Point X="235" Y="121"/>
	<Point X="234" Y="121"/>
	<Point X="232" Y="121"/>
	<Point X="231" Y="121"/>
	<Point X="230" Y="121"/>
	<Point X="229" Y="121"/>
	<Point X="228" Y="121"/>
	<Point X="227" Y="121"/>
	<Point X="226" Y="121"/>
	<Point X="225" Y="121"/>
	<Point X="224" Y="121"/>
	<Point X="223" Y="121"/>
	<Point X="222" Y="121"/>
	<Point X="221" Y="121"/>
	<Point X="221" Y="122"/>
	<Point X="220" Y="122"/>
	<Point X="219" Y="122"/>
	<Point X="218" Y="122"/>
	<Point X="217" Y="122"/>
	<Point X="218" Y="122"/>
	<Point X="219" Y="122"/>
	<Point X="220" Y="122"/>
	<Point X="221" Y="122"/>
	<Point X="222" Y="122"/>
	<Point X="223" Y="122"/>
	<Point X="224" Y="122"/>
	<Point X="225" Y="122"/>
	<Point X="226" Y="122"/>
	<Point X="228" Y="122"/>
	<Point X="230" Y="122"/>
	<Point X="231" Y="123"/>
	<Point X="233" Y="123"/>
	<Point X="235" Y="123"/>
	<Point X="236" Y="123"/>
	<Point X="239" Y="123"/>
	<Point X="241" Y="124"/>
	<Point X="243" Y="124"/>
	<Point X="245" Y="124"/>
	<Point X="247" Y="124"/>
	<Point X="250" Y="125"/>
	<Point X="252" Y="125"/>
	<Point X="255" Y="125"/>
	<Point X="257" Y="125"/>
	<Point X="259" Y="125"/>
	<Point X="261" Y="125"/>
	<Point X="263" Y="125"/>
	<Point X="265" Y="125"/>
	<Point X="267" Y="125"/>
	<Point X="269" Y="125"/>
	<Point X="272" Y="125"/>
	<Point X="274" Y="125"/>
	<Point X="275" Y="125"/>
	<Point X="277" Y="125"/>
	<Point X="278" Y="125"/>
	<Point X="280" Y="125"/>
	<Point X="281" Y="125"/>
	<Point X="282" Y="125"/>
	<Point X="284" Y="125"/>
	<Point X="285" Y="125"/>
	<Point X="286" Y="124"/>
	<Point X="287" Y="124"/>
	<Point X="287" Y="125"/>
	<Point X="287" Y="126"/>
	<Point X="286" Y="126"/>
	<Point X="286" Y="127"/>
	<Point X="286" Y="128"/>
	<Point X="286" Y="129"/>
	<Point X="285" Y="130"/>
	<Point X="285" Y="131"/>
	<Point X="284" Y="133"/>
	<Point X="283" Y="134"/>
	<Point X="283" Y="136"/>
	<Point X="283" Y="137"/>
	<Point X="283" Y="138"/>
	<Point X="282" Y="139"/>
	<Point X="282" Y="141"/>
	<Point X="282" Y="142"/>
	<Point X="281" Y="144"/>
	<Point X="281" Y="145"/>
	<Point X="280" Y="146"/>
	<Point X="279" Y="148"/>
	<Point X="279" Y="150"/>
	<Point X="279" Y="152"/>
	<Point X="278" Y="154"/>
	<Point X="277" Y="155"/>
	<Point X="277" Y="158"/>
	<Point X="277" Y="159"/>
	<Point X="276" Y="161"/>
	<Point X="276" Y="162"/>
	<Point X="275" Y="165"/>
	<Point X="274" Y="166"/>
	<Point X="274" Y="167"/>
	<Point X="274" Y="169"/>
	<Point X="274" Y="170"/>
	<Point X="274" Y="171"/>
	<Point X="273" Y="173"/>
	<Point X="273" Y="174"/>
	<Point X="273" Y="175"/>
	<Point X="273" Y="176"/>
	<Point X="273" Y="177"/>
	<Point X="273" Y="178"/>
	<Point X="272" Y="178"/>
	<Point X="272" Y="179"/>
	<Point X="272" Y="180"/>
	<Point X="272" Y="181"/>
	<Point X="272" Y="182"/>
	<Point X="272" Y="183"/>
	<Point X="272" Y="184"/>
	<Point X="272" Y="185"/>
	<Point X="271" Y="185"/>
	<Point X="271" Y="186"/>
</Gesture>
