<?xml version="1.0" ?>
<Gesture Name="arrow08" Subject="04" Number="08" NumPts="259">
	<Point X="111" Y="221"/>
	<Point X="111" Y="220"/>
	<Point X="112" Y="220"/>
	<Point X="113" Y="219"/>
	<Point X="114" Y="218"/>
	<Point X="115" Y="218"/>
	<Point X="116" Y="217"/>
	<Point X="117" Y="217"/>
	<Point X="117" Y="216"/>
	<Point X="118" Y="216"/>
	<Point X="119" Y="215"/>
	<Point X="120" Y="215"/>
	<Point X="121" Y="214"/>
	<Point X="122" Y="213"/>
	<Point X="124" Y="212"/>
	<Point X="125" Y="211"/>
	<Point X="127" Y="211"/>
	<Point X="129" Y="210"/>
	<Point X="130" Y="209"/>
	<Point X="132" Y="209"/>
	<Point X="135" Y="208"/>
	<Point X="137" Y="206"/>
	<Point X="139" Y="206"/>
	<Point X="141" Y="205"/>
	<Point X="143" Y="204"/>
	<Point X="146" Y="204"/>
	<Point X="149" Y="203"/>
	<Point X="151" Y="202"/>
	<Point X="153" Y="201"/>
	<Point X="156" Y="200"/>
	<Point X="158" Y="199"/>
	<Point X="161" Y="198"/>
	<Point X="163" Y="197"/>
	<Point X="166" Y="196"/>
	<Point X="168" Y="195"/>
	<Point X="170" Y="194"/>
	<Point X="172" Y="193"/>
	<Point X="176" Y="191"/>
	<Point X="178" Y="191"/>
	<Point X="179" Y="189"/>
	<Point X="181" Y="189"/>
	<Point X="184" Y="188"/>
	<Point X="186" Y="187"/>
	<Point X="187" Y="186"/>
	<Point X="189" Y="185"/>
	<Point X="191" Y="184"/>
	<Point X="193" Y="184"/>
	<Point X="194" Y="183"/>
	<Point X="196" Y="182"/>
	<Point X="197" Y="181"/>
	<Point X="199" Y="180"/>
	<Point X="201" Y="179"/>
	<Point X="203" Y="179"/>
	<Point X="204" Y="177"/>
	<Point X="205" Y="177"/>
	<Point X="207" Y="177"/>
	<Point X="207" Y="176"/>
	<Point X="208" Y="175"/>
	<Point X="209" Y="175"/>
	<Point X="210" Y="175"/>
	<Point X="211" Y="175"/>
	<Point X="212" Y="174"/>
	<Point X="213" Y="174"/>
	<Point X="214" Y="174"/>
	<Point X="215" Y="173"/>
	<Point X="216" Y="173"/>
	<Point X="217" Y="172"/>
	<Point X="219" Y="172"/>
	<Point X="220" Y="172"/>
	<Point X="221" Y="172"/>
	<Point X="222" Y="172"/>
	<Point X="223" Y="172"/>
	<Point X="224" Y="171"/>
	<Point X="225" Y="171"/>
	<Point X="226" Y="171"/>
	<Point X="228" Y="171"/>
	<Point X="229" Y="171"/>
	<Point X="230" Y="171"/>
	<Point X="231" Y="171"/>
	<Point X="233" Y="171"/>
	<Point X="234" Y="171"/>
	<Point X="235" Y="171"/>
	<Point X="236" Y="171"/>
	<Point X="238" Y="171"/>
	<Point X="239" Y="171"/>
	<Point X="240" Y="171"/>
	<Point X="243" Y="170"/>
	<Point X="245" Y="170"/>
	<Point X="246" Y="170"/>
	<Point X="248" Y="170"/>
	<Point X="250" Y="170"/>
	<Point X="252" Y="169"/>
	<Point X="254" Y="169"/>
	<Point X="255" Y="169"/>
	<Point X="256" Y="169"/>
	<Point X="258" Y="168"/>
	<Point X="259" Y="168"/>
	<Point X="261" Y="168"/>
	<Point X="262" Y="168"/>
	<Point X="263" Y="168"/>
	<Point X="264" Y="167"/>
	<Point X="265" Y="167"/>
	<Point X="266" Y="167"/>
	<Point X="266" Y="166"/>
	<Point X="267" Y="166"/>
	<Point X="266" Y="166"/>
	<Point X="265" Y="166"/>
	<Point X="264" Y="165"/>
	<Point X="262" Y="165"/>
	<Point X="261" Y="164"/>
	<Point X="260" Y="164"/>
	<Point X="259" Y="164"/>
	<Point X="258" Y="164"/>
	<Point X="256" Y="164"/>
	<Point X="255" Y="164"/>
	<Point X="253" Y="164"/>
	<Point X="252" Y="163"/>
	<Point X="251" Y="163"/>
	<Point X="249" Y="163"/>
	<Point X="248" Y="163"/>
	<Point X="247" Y="162"/>
	<Point X="246" Y="162"/>
	<Point X="244" Y="162"/>
	<Point X="243" Y="162"/>
	<Point X="242" Y="162"/>
	<Point X="240" Y="162"/>
	<Point X="238" Y="162"/>
	<Point X="237" Y="162"/>
	<Point X="236" Y="162"/>
	<Point X="234" Y="162"/>
	<Point X="232" Y="162"/>
	<Point X="231" Y="162"/>
	<Point X="230" Y="162"/>
	<Point X="228" Y="162"/>
	<Point X="227" Y="161"/>
	<Point X="226" Y="161"/>
	<Point X="224" Y="161"/>
	<Point X="223" Y="161"/>
	<Point X="222" Y="160"/>
	<Point X="221" Y="160"/>
	<Point X="219" Y="160"/>
	<Point X="218" Y="160"/>
	<Point X="217" Y="160"/>
	<Point X="215" Y="160"/>
	<Point X="214" Y="160"/>
	<Point X="212" Y="160"/>
	<Point X="211" Y="160"/>
	<Point X="210" Y="160"/>
	<Point X="209" Y="160"/>
	<Point X="208" Y="160"/>
	<Point X="207" Y="160"/>
	<Point X="206" Y="160"/>
	<Point X="205" Y="160"/>
	<Point X="204" Y="160"/>
	<Point X="203" Y="160"/>
	<Point X="202" Y="160"/>
	<Point X="201" Y="160"/>
	<Point X="200" Y="160"/>
	<Point X="199" Y="159"/>
	<Point X="198" Y="159"/>
	<Point X="199" Y="159"/>
	<Point X="200" Y="159"/>
	<Point X="201" Y="159"/>
	<Point X="202" Y="160"/>
	<Point X="203" Y="160"/>
	<Point X="204" Y="160"/>
	<Point X="205" Y="160"/>
	<Point X="206" Y="160"/>
	<Point X="207" Y="160"/>
	<Point X="209" Y="161"/>
	<Point X="210" Y="161"/>
	<Point X="211" Y="161"/>
	<Point X="213" Y="161"/>
	<Point X="215" Y="161"/>
	<Point X="217" Y="161"/>
	<Point X="219" Y="161"/>
	<Point X="221" Y="161"/>
	<Point X="223" Y="162"/>
	<Point X="225" Y="162"/>
	<Point X="227" Y="162"/>
	<Point X="230" Y="162"/>
	<Point X="232" Y="163"/>
	<Point X="234" Y="163"/>
	<Point X="236" Y="163"/>
	<Point X="239" Y="163"/>
	<Point X="242" Y="163"/>
	<Point X="244" Y="163"/>
	<Point X="246" Y="163"/>
	<Point X="248" Y="163"/>
	<Point X="250" Y="164"/>
	<Point X="252" Y="164"/>
	<Point X="254" Y="164"/>
	<Point X="257" Y="164"/>
	<Point X="258" Y="164"/>
	<Point X="260" Y="164"/>
	<Point X="261" Y="164"/>
	<Point X="262" Y="164"/>
	<Point X="264" Y="164"/>
	<Point X="266" Y="164"/>
	<Point X="267" Y="164"/>
	<Point X="268" Y="164"/>
	<Point X="269" Y="164"/>
	<Point X="270" Y="164"/>
	<Point X="270" Y="165"/>
	<Point X="270" Y="166"/>
	<Point X="269" Y="167"/>
	<Point X="268" Y="168"/>
	<Point X="268" Y="169"/>
	<Point X="268" Y="170"/>
	<Point X="267" Y="172"/>
	<Point X="266" Y="173"/>
	<Point X="266" Y="174"/>
	<Point X="265" Y="176"/>
	<Point X="264" Y="177"/>
	<Point X="264" Y="178"/>
	<Point X="263" Y="180"/>
	<Point X="262" Y="181"/>
	<Point X="261" Y="183"/>
	<Point X="260" Y="184"/>
	<Point X="259" Y="185"/>
	<Point X="258" Y="187"/>
	<Point X="257" Y="188"/>
	<Point X="255" Y="190"/>
	<Point X="254" Y="192"/>
	<Point X="252" Y="193"/>
	<Point X="251" Y="195"/>
	<Point X="249" Y="196"/>
	<Point X="247" Y="198"/>
	<Point X="245" Y="199"/>
	<Point X="243" Y="201"/>
	<Point X="241" Y="202"/>
	<Point X="240" Y="203"/>
	<Point X="238" Y="204"/>
	<Point X="235" Y="206"/>
	<Point X="233" Y="206"/>
	<Point X="232" Y="208"/>
	<Point X="230" Y="209"/>
	<Point X="227" Y="210"/>
	<Point X="225" Y="211"/>
	<Point X="223" Y="212"/>
	<Point X="221" Y="213"/>
	<Point X="218" Y="214"/>
	<Point X="216" Y="214"/>
	<Point X="214" Y="215"/>
	<Point X="211" Y="216"/>
	<Point X="210" Y="217"/>
	<Point X="207" Y="217"/>
	<Point X="205" Y="218"/>
	<Point X="203" Y="218"/>
	<Point X="202" Y="219"/>
	<Point X="200" Y="219"/>
	<Point X="198" Y="220"/>
	<Point X="197" Y="220"/>
	<Point X="196" Y="220"/>
	<Point X="194" Y="220"/>
	<Point X="193" Y="220"/>
	<Point X="192" Y="221"/>
	<Point X="191" Y="221"/>
	<Point X="190" Y="221"/>
</Gesture>
