<?xml version="1.0" ?>
<Gesture Name="arrow01" Subject="04" Number="01" NumPts="263">
	<Point X="74" Y="182"/>
	<Point X="75" Y="181"/>
	<Point X="76" Y="180"/>
	<Point X="77" Y="180"/>
	<Point X="78" Y="179"/>
	<Point X="79" Y="178"/>
	<Point X="80" Y="178"/>
	<Point X="81" Y="178"/>
	<Point X="82" Y="177"/>
	<Point X="84" Y="177"/>
	<Point X="84" Y="176"/>
	<Point X="85" Y="176"/>
	<Point X="87" Y="175"/>
	<Point X="88" Y="175"/>
	<Point X="89" Y="175"/>
	<Point X="90" Y="174"/>
	<Point X="91" Y="173"/>
	<Point X="93" Y="173"/>
	<Point X="94" Y="173"/>
	<Point X="95" Y="172"/>
	<Point X="97" Y="172"/>
	<Point X="98" Y="171"/>
	<Point X="99" Y="171"/>
	<Point X="100" Y="171"/>
	<Point X="101" Y="171"/>
	<Point X="102" Y="170"/>
	<Point X="104" Y="170"/>
	<Point X="105" Y="170"/>
	<Point X="106" Y="170"/>
	<Point X="107" Y="169"/>
	<Point X="109" Y="169"/>
	<Point X="110" Y="168"/>
	<Point X="111" Y="168"/>
	<Point X="112" Y="168"/>
	<Point X="113" Y="168"/>
	<Point X="114" Y="168"/>
	<Point X="115" Y="167"/>
	<Point X="116" Y="167"/>
	<Point X="117" Y="167"/>
	<Point X="118" Y="167"/>
	<Point X="119" Y="167"/>
	<Point X="119" Y="166"/>
	<Point X="120" Y="166"/>
	<Point X="121" Y="166"/>
	<Point X="122" Y="166"/>
	<Point X="123" Y="166"/>
	<Point X="124" Y="165"/>
	<Point X="125" Y="165"/>
	<Point X="126" Y="165"/>
	<Point X="126" Y="164"/>
	<Point X="128" Y="164"/>
	<Point X="129" Y="164"/>
	<Point X="130" Y="164"/>
	<Point X="131" Y="164"/>
	<Point X="132" Y="163"/>
	<Point X="133" Y="163"/>
	<Point X="135" Y="162"/>
	<Point X="136" Y="162"/>
	<Point X="137" Y="162"/>
	<Point X="139" Y="162"/>
	<Point X="140" Y="162"/>
	<Point X="141" Y="161"/>
	<Point X="143" Y="161"/>
	<Point X="144" Y="161"/>
	<Point X="146" Y="160"/>
	<Point X="147" Y="160"/>
	<Point X="149" Y="160"/>
	<Point X="150" Y="160"/>
	<Point X="152" Y="159"/>
	<Point X="153" Y="159"/>
	<Point X="156" Y="159"/>
	<Point X="158" Y="159"/>
	<Point X="160" Y="159"/>
	<Point X="161" Y="159"/>
	<Point X="163" Y="159"/>
	<Point X="165" Y="159"/>
	<Point X="168" Y="159"/>
	<Point X="170" Y="159"/>
	<Point X="172" Y="158"/>
	<Point X="174" Y="158"/>
	<Point X="176" Y="158"/>
	<Point X="178" Y="158"/>
	<Point X="181" Y="158"/>
	<Point X="182" Y="158"/>
	<Point X="184" Y="158"/>
	<Point X="186" Y="157"/>
	<Point X="188" Y="157"/>
	<Point X="190" Y="157"/>
	<Point X="193" Y="157"/>
	<Point X="194" Y="157"/>
	<Point X="196" Y="157"/>
	<Point X="198" Y="157"/>
	<Point X="199" Y="157"/>
	<Point X="202" Y="156"/>
	<Point X="203" Y="156"/>
	<Point X="205" Y="156"/>
	<Point X="206" Y="155"/>
	<Point X="209" Y="155"/>
	<Point X="210" Y="155"/>
	<Point X="211" Y="154"/>
	<Point X="212" Y="154"/>
	<Point X="215" Y="154"/>
	<Point X="216" Y="154"/>
	<Point X="217" Y="154"/>
	<Point X="219" Y="153"/>
	<Point X="221" Y="153"/>
	<Point X="222" Y="152"/>
	<Point X="223" Y="152"/>
	<Point X="225" Y="152"/>
	<Point X="226" Y="152"/>
	<Point X="227" Y="152"/>
	<Point X="229" Y="152"/>
	<Point X="230" Y="151"/>
	<Point X="231" Y="151"/>
	<Point X="233" Y="151"/>
	<Point X="234" Y="150"/>
	<Point X="236" Y="150"/>
	<Point X="237" Y="150"/>
	<Point X="238" Y="150"/>
	<Point X="239" Y="150"/>
	<Point X="240" Y="149"/>
	<Point X="241" Y="149"/>
	<Point X="242" Y="149"/>
	<Point X="243" Y="149"/>
	<Point X="244" Y="149"/>
	<Point X="243" Y="148"/>
	<Point X="242" Y="147"/>
	<Point X="241" Y="147"/>
	<Point X="240" Y="147"/>
	<Point X="239" Y="147"/>
	<Point X="239" Y="146"/>
	<Point X="238" Y="146"/>
	<Point X="237" Y="146"/>
	<Point X="236" Y="146"/>
	<Point X="236" Y="145"/>
	<Point X="235" Y="145"/>
	<Point X="234" Y="145"/>
	<Point X="233" Y="144"/>
	<Point X="232" Y="144"/>
	<Point X="231" Y="144"/>
	<Point X="231" Y="143"/>
	<Point X="230" Y="143"/>
	<Point X="229" Y="143"/>
	<Point X="228" Y="143"/>
	<Point X="227" Y="143"/>
	<Point X="226" Y="142"/>
	<Point X="225" Y="142"/>
	<Point X="224" Y="142"/>
	<Point X="223" Y="142"/>
	<Point X="222" Y="142"/>
	<Point X="221" Y="142"/>
	<Point X="220" Y="142"/>
	<Point X="219" Y="142"/>
	<Point X="218" Y="141"/>
	<Point X="217" Y="141"/>
	<Point X="216" Y="141"/>
	<Point X="215" Y="141"/>
	<Point X="214" Y="141"/>
	<Point X="213" Y="141"/>
	<Point X="212" Y="141"/>
	<Point X="211" Y="141"/>
	<Point X="210" Y="140"/>
	<Point X="209" Y="140"/>
	<Point X="208" Y="139"/>
	<Point X="207" Y="139"/>
	<Point X="206" Y="139"/>
	<Point X="205" Y="139"/>
	<Point X="205" Y="138"/>
	<Point X="203" Y="138"/>
	<Point X="202" Y="138"/>
	<Point X="202" Y="137"/>
	<Point X="201" Y="137"/>
	<Point X="200" Y="137"/>
	<Point X="199" Y="137"/>
	<Point X="199" Y="136"/>
	<Point X="198" Y="136"/>
	<Point X="197" Y="136"/>
	<Point X="198" Y="136"/>
	<Point X="199" Y="136"/>
	<Point X="200" Y="137"/>
	<Point X="201" Y="137"/>
	<Point X="202" Y="138"/>
	<Point X="203" Y="138"/>
	<Point X="205" Y="139"/>
	<Point X="206" Y="139"/>
	<Point X="207" Y="140"/>
	<Point X="209" Y="141"/>
	<Point X="211" Y="141"/>
	<Point X="212" Y="142"/>
	<Point X="214" Y="142"/>
	<Point X="216" Y="143"/>
	<Point X="218" Y="143"/>
	<Point X="219" Y="144"/>
	<Point X="221" Y="144"/>
	<Point X="223" Y="145"/>
	<Point X="225" Y="145"/>
	<Point X="227" Y="146"/>
	<Point X="228" Y="146"/>
	<Point X="230" Y="146"/>
	<Point X="232" Y="147"/>
	<Point X="233" Y="147"/>
	<Point X="235" Y="148"/>
	<Point X="237" Y="148"/>
	<Point X="238" Y="148"/>
	<Point X="240" Y="148"/>
	<Point X="241" Y="148"/>
	<Point X="243" Y="149"/>
	<Point X="244" Y="149"/>
	<Point X="245" Y="149"/>
	<Point X="247" Y="149"/>
	<Point X="249" Y="150"/>
	<Point X="250" Y="150"/>
	<Point X="251" Y="150"/>
	<Point X="252" Y="150"/>
	<Point X="252" Y="151"/>
	<Point X="252" Y="152"/>
	<Point X="251" Y="153"/>
	<Point X="250" Y="153"/>
	<Point X="250" Y="154"/>
	<Point X="250" Y="155"/>
	<Point X="249" Y="155"/>
	<Point X="249" Y="157"/>
	<Point X="248" Y="157"/>
	<Point X="247" Y="158"/>
	<Point X="246" Y="158"/>
	<Point X="246" Y="160"/>
	<Point X="245" Y="160"/>
	<Point X="244" Y="162"/>
	<Point X="243" Y="163"/>
	<Point X="243" Y="164"/>
	<Point X="241" Y="165"/>
	<Point X="241" Y="166"/>
	<Point X="240" Y="167"/>
	<Point X="239" Y="168"/>
	<Point X="238" Y="168"/>
	<Point X="237" Y="170"/>
	<Point X="236" Y="170"/>
	<Point X="235" Y="172"/>
	<Point X="234" Y="173"/>
	<Point X="233" Y="174"/>
	<Point X="232" Y="175"/>
	<Point X="231" Y="176"/>
	<Point X="230" Y="177"/>
	<Point X="228" Y="178"/>
	<Point X="228" Y="180"/>
	<Point X="227" Y="180"/>
	<Point X="226" Y="182"/>
	<Point X="225" Y="182"/>
	<Point X="224" Y="183"/>
	<Point X="223" Y="184"/>
	<Point X="223" Y="185"/>
	<Point X="221" Y="187"/>
	<Point X="219" Y="189"/>
	<Point X="218" Y="190"/>
	<Point X="217" Y="191"/>
	<Point X="216" Y="192"/>
	<Point X="215" Y="193"/>
	<Point X="214" Y="194"/>
	<Point X="213" Y="194"/>
	<Point X="212" Y="194"/>
	<Point X="212" Y="195"/>
	<Point X="211" Y="195"/>
	<Point X="211" Y="196"/>
</Gesture>
