<?xml version="1.0" ?>
<Gesture Name="caret03" Subject="04" Number="03" NumPts="202">
	<Point X="93" Y="260"/>
	<Point X="92" Y="260"/>
	<Point X="91" Y="260"/>
	<Point X="91" Y="259"/>
	<Point X="91" Y="258"/>
	<Point X="91" Y="257"/>
	<Point X="91" Y="256"/>
	<Point X="91" Y="255"/>
	<Point X="91" Y="254"/>
	<Point X="91" Y="253"/>
	<Point X="92" Y="253"/>
	<Point X="92" Y="252"/>
	<Point X="93" Y="250"/>
	<Point X="93" Y="249"/>
	<Point X="94" Y="247"/>
	<Point X="95" Y="247"/>
	<Point X="95" Y="246"/>
	<Point X="96" Y="245"/>
	<Point X="96" Y="244"/>
	<Point X="97" Y="243"/>
	<Point X="98" Y="242"/>
	<Point X="98" Y="241"/>
	<Point X="99" Y="240"/>
	<Point X="99" Y="239"/>
	<Point X="100" Y="239"/>
	<Point X="100" Y="238"/>
	<Point X="100" Y="237"/>
	<Point X="101" Y="236"/>
	<Point X="102" Y="236"/>
	<Point X="102" Y="234"/>
	<Point X="103" Y="233"/>
	<Point X="103" Y="232"/>
	<Point X="103" Y="231"/>
	<Point X="104" Y="231"/>
	<Point X="105" Y="230"/>
	<Point X="105" Y="229"/>
	<Point X="106" Y="228"/>
	<Point X="106" Y="227"/>
	<Point X="106" Y="226"/>
	<Point X="107" Y="225"/>
	<Point X="108" Y="224"/>
	<Point X="109" Y="222"/>
	<Point X="109" Y="221"/>
	<Point X="110" Y="220"/>
	<Point X="111" Y="219"/>
	<Point X="111" Y="218"/>
	<Point X="112" Y="217"/>
	<Point X="112" Y="216"/>
	<Point X="113" Y="216"/>
	<Point X="113" Y="215"/>
	<Point X="114" Y="214"/>
	<Point X="114" Y="213"/>
	<Point X="115" Y="212"/>
	<Point X="116" Y="211"/>
	<Point X="116" Y="210"/>
	<Point X="117" Y="209"/>
	<Point X="118" Y="209"/>
	<Point X="118" Y="207"/>
	<Point X="119" Y="206"/>
	<Point X="120" Y="205"/>
	<Point X="121" Y="204"/>
	<Point X="121" Y="203"/>
	<Point X="122" Y="203"/>
	<Point X="122" Y="202"/>
	<Point X="123" Y="202"/>
	<Point X="123" Y="201"/>
	<Point X="123" Y="200"/>
	<Point X="124" Y="200"/>
	<Point X="125" Y="199"/>
	<Point X="125" Y="198"/>
	<Point X="126" Y="198"/>
	<Point X="126" Y="197"/>
	<Point X="127" Y="196"/>
	<Point X="127" Y="195"/>
	<Point X="128" Y="195"/>
	<Point X="129" Y="194"/>
	<Point X="129" Y="193"/>
	<Point X="130" Y="192"/>
	<Point X="130" Y="191"/>
	<Point X="131" Y="190"/>
	<Point X="131" Y="189"/>
	<Point X="132" Y="188"/>
	<Point X="133" Y="188"/>
	<Point X="133" Y="187"/>
	<Point X="134" Y="186"/>
	<Point X="134" Y="185"/>
	<Point X="135" Y="184"/>
	<Point X="136" Y="183"/>
	<Point X="137" Y="182"/>
	<Point X="137" Y="181"/>
	<Point X="138" Y="180"/>
	<Point X="138" Y="179"/>
	<Point X="139" Y="178"/>
	<Point X="140" Y="177"/>
	<Point X="141" Y="175"/>
	<Point X="142" Y="174"/>
	<Point X="143" Y="173"/>
	<Point X="143" Y="172"/>
	<Point X="144" Y="171"/>
	<Point X="144" Y="170"/>
	<Point X="145" Y="169"/>
	<Point X="146" Y="168"/>
	<Point X="146" Y="167"/>
	<Point X="147" Y="166"/>
	<Point X="147" Y="165"/>
	<Point X="148" Y="164"/>
	<Point X="149" Y="164"/>
	<Point X="149" Y="163"/>
	<Point X="149" Y="162"/>
	<Point X="150" Y="161"/>
	<Point X="151" Y="160"/>
	<Point X="151" Y="159"/>
	<Point X="152" Y="159"/>
	<Point X="152" Y="158"/>
	<Point X="153" Y="157"/>
	<Point X="153" Y="156"/>
	<Point X="154" Y="155"/>
	<Point X="154" Y="154"/>
	<Point X="154" Y="153"/>
	<Point X="155" Y="153"/>
	<Point X="155" Y="152"/>
	<Point X="156" Y="152"/>
	<Point X="156" Y="151"/>
	<Point X="156" Y="150"/>
	<Point X="156" Y="149"/>
	<Point X="157" Y="149"/>
	<Point X="157" Y="148"/>
	<Point X="157" Y="149"/>
	<Point X="157" Y="150"/>
	<Point X="157" Y="151"/>
	<Point X="157" Y="152"/>
	<Point X="157" Y="153"/>
	<Point X="158" Y="154"/>
	<Point X="158" Y="155"/>
	<Point X="158" Y="156"/>
	<Point X="158" Y="157"/>
	<Point X="158" Y="158"/>
	<Point X="159" Y="159"/>
	<Point X="160" Y="160"/>
	<Point X="160" Y="161"/>
	<Point X="160" Y="162"/>
	<Point X="160" Y="163"/>
	<Point X="161" Y="164"/>
	<Point X="161" Y="165"/>
	<Point X="161" Y="166"/>
	<Point X="162" Y="168"/>
	<Point X="163" Y="168"/>
	<Point X="163" Y="170"/>
	<Point X="163" Y="171"/>
	<Point X="164" Y="172"/>
	<Point X="165" Y="174"/>
	<Point X="166" Y="176"/>
	<Point X="167" Y="178"/>
	<Point X="167" Y="179"/>
	<Point X="168" Y="181"/>
	<Point X="169" Y="182"/>
	<Point X="170" Y="184"/>
	<Point X="171" Y="185"/>
	<Point X="171" Y="187"/>
	<Point X="172" Y="188"/>
	<Point X="173" Y="190"/>
	<Point X="174" Y="191"/>
	<Point X="174" Y="193"/>
	<Point X="175" Y="195"/>
	<Point X="177" Y="196"/>
	<Point X="177" Y="198"/>
	<Point X="178" Y="199"/>
	<Point X="179" Y="200"/>
	<Point X="179" Y="202"/>
	<Point X="180" Y="203"/>
	<Point X="181" Y="205"/>
	<Point X="182" Y="207"/>
	<Point X="183" Y="208"/>
	<Point X="183" Y="209"/>
	<Point X="184" Y="211"/>
	<Point X="185" Y="212"/>
	<Point X="186" Y="213"/>
	<Point X="186" Y="215"/>
	<Point X="187" Y="216"/>
	<Point X="188" Y="218"/>
	<Point X="189" Y="219"/>
	<Point X="189" Y="221"/>
	<Point X="190" Y="222"/>
	<Point X="190" Y="223"/>
	<Point X="191" Y="224"/>
	<Point X="191" Y="225"/>
	<Point X="192" Y="227"/>
	<Point X="193" Y="227"/>
	<Point X="193" Y="228"/>
	<Point X="193" Y="230"/>
	<Point X="194" Y="232"/>
	<Point X="195" Y="232"/>
	<Point X="195" Y="233"/>
	<Point X="195" Y="234"/>
	<Point X="195" Y="235"/>
	<Point X="196" Y="236"/>
	<Point X="196" Y="237"/>
	<Point X="197" Y="238"/>
	<Point X="197" Y="239"/>
	<Point X="198" Y="239"/>
	<Point X="198" Y="240"/>
	<Point X="198" Y="241"/>
</Gesture>
