<?xml version="1.0" ?>
<Gesture Name="arrow03" Subject="02" Number="03" NumPts="62">
	<Point X="118" Y="225"/>
	<Point X="119" Y="224"/>
	<Point X="122" Y="222"/>
	<Point X="127" Y="221"/>
	<Point X="132" Y="219"/>
	<Point X="138" Y="216"/>
	<Point X="143" Y="214"/>
	<Point X="150" Y="211"/>
	<Point X="156" Y="209"/>
	<Point X="161" Y="206"/>
	<Point X="166" Y="204"/>
	<Point X="170" Y="203"/>
	<Point X="171" Y="201"/>
	<Point X="173" Y="201"/>
	<Point X="173" Y="200"/>
	<Point X="175" Y="199"/>
	<Point X="176" Y="197"/>
	<Point X="176" Y="196"/>
	<Point X="177" Y="196"/>
	<Point X="177" Y="195"/>
	<Point X="177" Y="194"/>
	<Point X="176" Y="193"/>
	<Point X="171" Y="193"/>
	<Point X="165" Y="191"/>
	<Point X="162" Y="191"/>
	<Point X="158" Y="190"/>
	<Point X="155" Y="190"/>
	<Point X="152" Y="189"/>
	<Point X="149" Y="188"/>
	<Point X="147" Y="188"/>
	<Point X="146" Y="188"/>
	<Point X="146" Y="187"/>
	<Point X="151" Y="187"/>
	<Point X="156" Y="187"/>
	<Point X="161" Y="187"/>
	<Point X="165" Y="187"/>
	<Point X="170" Y="187"/>
	<Point X="174" Y="187"/>
	<Point X="177" Y="187"/>
	<Point X="181" Y="187"/>
	<Point X="183" Y="187"/>
	<Point X="185" Y="187"/>
	<Point X="187" Y="187"/>
	<Point X="189" Y="187"/>
	<Point X="190" Y="187"/>
	<Point X="190" Y="189"/>
	<Point X="190" Y="191"/>
	<Point X="189" Y="191"/>
	<Point X="187" Y="193"/>
	<Point X="185" Y="195"/>
	<Point X="183" Y="197"/>
	<Point X="181" Y="199"/>
	<Point X="181" Y="201"/>
	<Point X="181" Y="203"/>
	<Point X="181" Y="205"/>
	<Point X="181" Y="207"/>
	<Point X="181" Y="208"/>
	<Point X="181" Y="209"/>
	<Point X="181" Y="210"/>
	<Point X="181" Y="211"/>
	<Point X="181" Y="212"/>
	<Point X="181" Y="213"/>
</Gesture>
