<?xml version="1.0" ?>
<Gesture Name="arrow09" Subject="02" Number="09" NumPts="58">
	<Point X="92" Y="213"/>
	<Point X="98" Y="212"/>
	<Point X="106" Y="207"/>
	<Point X="113" Y="205"/>
	<Point X="121" Y="201"/>
	<Point X="129" Y="196"/>
	<Point X="138" Y="192"/>
	<Point X="142" Y="190"/>
	<Point X="148" Y="185"/>
	<Point X="155" Y="182"/>
	<Point X="157" Y="180"/>
	<Point X="160" Y="179"/>
	<Point X="162" Y="178"/>
	<Point X="164" Y="176"/>
	<Point X="166" Y="175"/>
	<Point X="167" Y="174"/>
	<Point X="167" Y="173"/>
	<Point X="168" Y="173"/>
	<Point X="165" Y="173"/>
	<Point X="161" Y="173"/>
	<Point X="158" Y="173"/>
	<Point X="153" Y="173"/>
	<Point X="149" Y="173"/>
	<Point X="146" Y="173"/>
	<Point X="141" Y="173"/>
	<Point X="139" Y="173"/>
	<Point X="135" Y="173"/>
	<Point X="132" Y="173"/>
	<Point X="131" Y="173"/>
	<Point X="130" Y="173"/>
	<Point X="129" Y="173"/>
	<Point X="128" Y="173"/>
	<Point X="133" Y="172"/>
	<Point X="141" Y="171"/>
	<Point X="148" Y="171"/>
	<Point X="154" Y="169"/>
	<Point X="162" Y="168"/>
	<Point X="168" Y="168"/>
	<Point X="171" Y="168"/>
	<Point X="174" Y="167"/>
	<Point X="177" Y="167"/>
	<Point X="179" Y="167"/>
	<Point X="179" Y="168"/>
	<Point X="176" Y="171"/>
	<Point X="175" Y="173"/>
	<Point X="172" Y="177"/>
	<Point X="169" Y="182"/>
	<Point X="166" Y="186"/>
	<Point X="164" Y="190"/>
	<Point X="163" Y="193"/>
	<Point X="162" Y="197"/>
	<Point X="161" Y="199"/>
	<Point X="160" Y="202"/>
	<Point X="160" Y="204"/>
	<Point X="158" Y="206"/>
	<Point X="158" Y="207"/>
	<Point X="158" Y="208"/>
	<Point X="158" Y="209"/>
</Gesture>
