<?xml version="1.0" ?>
<Gesture Name="arrow05" Subject="02" Number="05" NumPts="63">
	<Point X="73" Y="229"/>
	<Point X="74" Y="229"/>
	<Point X="78" Y="229"/>
	<Point X="86" Y="229"/>
	<Point X="93" Y="228"/>
	<Point X="102" Y="227"/>
	<Point X="112" Y="224"/>
	<Point X="121" Y="222"/>
	<Point X="129" Y="219"/>
	<Point X="139" Y="216"/>
	<Point X="147" Y="213"/>
	<Point X="154" Y="212"/>
	<Point X="161" Y="210"/>
	<Point X="166" Y="208"/>
	<Point X="169" Y="207"/>
	<Point X="173" Y="205"/>
	<Point X="175" Y="204"/>
	<Point X="178" Y="203"/>
	<Point X="181" Y="202"/>
	<Point X="184" Y="200"/>
	<Point X="188" Y="198"/>
	<Point X="189" Y="198"/>
	<Point X="191" Y="197"/>
	<Point X="193" Y="195"/>
	<Point X="194" Y="195"/>
	<Point X="195" Y="194"/>
	<Point X="194" Y="194"/>
	<Point X="187" Y="194"/>
	<Point X="181" Y="194"/>
	<Point X="175" Y="194"/>
	<Point X="170" Y="194"/>
	<Point X="166" Y="194"/>
	<Point X="162" Y="194"/>
	<Point X="161" Y="194"/>
	<Point X="160" Y="194"/>
	<Point X="161" Y="193"/>
	<Point X="164" Y="192"/>
	<Point X="168" Y="191"/>
	<Point X="175" Y="191"/>
	<Point X="183" Y="190"/>
	<Point X="192" Y="189"/>
	<Point X="198" Y="186"/>
	<Point X="204" Y="186"/>
	<Point X="208" Y="186"/>
	<Point X="209" Y="186"/>
	<Point X="211" Y="186"/>
	<Point X="212" Y="186"/>
	<Point X="212" Y="187"/>
	<Point X="210" Y="189"/>
	<Point X="209" Y="190"/>
	<Point X="206" Y="192"/>
	<Point X="205" Y="194"/>
	<Point X="203" Y="196"/>
	<Point X="200" Y="199"/>
	<Point X="200" Y="200"/>
	<Point X="199" Y="202"/>
	<Point X="198" Y="203"/>
	<Point X="198" Y="204"/>
	<Point X="198" Y="205"/>
	<Point X="197" Y="207"/>
	<Point X="196" Y="208"/>
	<Point X="196" Y="209"/>
	<Point X="195" Y="209"/>
</Gesture>
