<?xml version="1.0" ?>
<Gesture Name="arrow10" Subject="02" Number="10" NumPts="53">
	<Point X="115" Y="206"/>
	<Point X="117" Y="205"/>
	<Point X="122" Y="201"/>
	<Point X="125" Y="199"/>
	<Point X="129" Y="197"/>
	<Point X="137" Y="192"/>
	<Point X="143" Y="189"/>
	<Point X="149" Y="185"/>
	<Point X="154" Y="180"/>
	<Point X="161" Y="176"/>
	<Point X="165" Y="174"/>
	<Point X="167" Y="172"/>
	<Point X="169" Y="170"/>
	<Point X="170" Y="168"/>
	<Point X="172" Y="167"/>
	<Point X="173" Y="166"/>
	<Point X="174" Y="165"/>
	<Point X="174" Y="164"/>
	<Point X="176" Y="163"/>
	<Point X="176" Y="162"/>
	<Point X="173" Y="162"/>
	<Point X="170" Y="162"/>
	<Point X="167" Y="162"/>
	<Point X="163" Y="162"/>
	<Point X="160" Y="162"/>
	<Point X="156" Y="162"/>
	<Point X="155" Y="162"/>
	<Point X="152" Y="162"/>
	<Point X="149" Y="162"/>
	<Point X="148" Y="162"/>
	<Point X="153" Y="161"/>
	<Point X="156" Y="161"/>
	<Point X="160" Y="161"/>
	<Point X="166" Y="161"/>
	<Point X="171" Y="160"/>
	<Point X="176" Y="160"/>
	<Point X="178" Y="160"/>
	<Point X="179" Y="159"/>
	<Point X="180" Y="159"/>
	<Point X="180" Y="161"/>
	<Point X="180" Y="163"/>
	<Point X="180" Y="166"/>
	<Point X="180" Y="168"/>
	<Point X="180" Y="172"/>
	<Point X="179" Y="176"/>
	<Point X="178" Y="181"/>
	<Point X="178" Y="184"/>
	<Point X="178" Y="187"/>
	<Point X="177" Y="191"/>
	<Point X="177" Y="194"/>
	<Point X="175" Y="196"/>
	<Point X="175" Y="197"/>
	<Point X="174" Y="198"/>
</Gesture>
