<?xml version="1.0" ?>
<Gesture Name="arrow02" Subject="02" Number="02" NumPts="60">
	<Point X="130" Y="248"/>
	<Point X="135" Y="245"/>
	<Point X="140" Y="243"/>
	<Point X="143" Y="241"/>
	<Point X="148" Y="239"/>
	<Point X="152" Y="238"/>
	<Point X="157" Y="235"/>
	<Point X="163" Y="233"/>
	<Point X="165" Y="232"/>
	<Point X="168" Y="231"/>
	<Point X="173" Y="229"/>
	<Point X="176" Y="227"/>
	<Point X="178" Y="226"/>
	<Point X="180" Y="226"/>
	<Point X="181" Y="225"/>
	<Point X="185" Y="222"/>
	<Point X="186" Y="222"/>
	<Point X="190" Y="219"/>
	<Point X="192" Y="217"/>
	<Point X="193" Y="217"/>
	<Point X="194" Y="216"/>
	<Point X="194" Y="215"/>
	<Point X="192" Y="215"/>
	<Point X="189" Y="215"/>
	<Point X="185" Y="215"/>
	<Point X="180" Y="215"/>
	<Point X="177" Y="215"/>
	<Point X="174" Y="215"/>
	<Point X="170" Y="215"/>
	<Point X="168" Y="215"/>
	<Point X="167" Y="215"/>
	<Point X="165" Y="214"/>
	<Point X="164" Y="214"/>
	<Point X="170" Y="214"/>
	<Point X="174" Y="214"/>
	<Point X="180" Y="214"/>
	<Point X="188" Y="214"/>
	<Point X="197" Y="214"/>
	<Point X="203" Y="214"/>
	<Point X="207" Y="214"/>
	<Point X="212" Y="214"/>
	<Point X="214" Y="214"/>
	<Point X="215" Y="214"/>
	<Point X="216" Y="214"/>
	<Point X="217" Y="214"/>
	<Point X="218" Y="214"/>
	<Point X="218" Y="215"/>
	<Point X="215" Y="217"/>
	<Point X="212" Y="219"/>
	<Point X="210" Y="220"/>
	<Point X="207" Y="223"/>
	<Point X="206" Y="224"/>
	<Point X="204" Y="226"/>
	<Point X="202" Y="229"/>
	<Point X="201" Y="232"/>
	<Point X="200" Y="234"/>
	<Point X="198" Y="236"/>
	<Point X="198" Y="238"/>
	<Point X="198" Y="239"/>
	<Point X="197" Y="239"/>
</Gesture>
