<?xml version="1.0" ?>
<Gesture Name="arrow01" Subject="02" Number="01" NumPts="68">
	<Point X="128" Y="230"/>
	<Point X="134" Y="229"/>
	<Point X="141" Y="226"/>
	<Point X="146" Y="224"/>
	<Point X="152" Y="221"/>
	<Point X="159" Y="218"/>
	<Point X="164" Y="215"/>
	<Point X="170" Y="213"/>
	<Point X="175" Y="211"/>
	<Point X="179" Y="210"/>
	<Point X="184" Y="208"/>
	<Point X="186" Y="207"/>
	<Point X="188" Y="206"/>
	<Point X="191" Y="205"/>
	<Point X="192" Y="204"/>
	<Point X="196" Y="203"/>
	<Point X="197" Y="202"/>
	<Point X="200" Y="201"/>
	<Point X="202" Y="200"/>
	<Point X="206" Y="198"/>
	<Point X="208" Y="197"/>
	<Point X="212" Y="195"/>
	<Point X="212" Y="194"/>
	<Point X="215" Y="194"/>
	<Point X="215" Y="193"/>
	<Point X="215" Y="192"/>
	<Point X="213" Y="192"/>
	<Point X="211" Y="191"/>
	<Point X="209" Y="190"/>
	<Point X="207" Y="190"/>
	<Point X="204" Y="189"/>
	<Point X="201" Y="188"/>
	<Point X="200" Y="187"/>
	<Point X="197" Y="187"/>
	<Point X="196" Y="186"/>
	<Point X="193" Y="185"/>
	<Point X="192" Y="185"/>
	<Point X="189" Y="184"/>
	<Point X="188" Y="184"/>
	<Point X="186" Y="184"/>
	<Point X="184" Y="184"/>
	<Point X="184" Y="183"/>
	<Point X="185" Y="183"/>
	<Point X="190" Y="183"/>
	<Point X="199" Y="183"/>
	<Point X="205" Y="183"/>
	<Point X="211" Y="183"/>
	<Point X="220" Y="183"/>
	<Point X="224" Y="183"/>
	<Point X="227" Y="183"/>
	<Point X="230" Y="183"/>
	<Point X="232" Y="183"/>
	<Point X="233" Y="183"/>
	<Point X="234" Y="183"/>
	<Point X="236" Y="183"/>
	<Point X="237" Y="183"/>
	<Point X="236" Y="186"/>
	<Point X="235" Y="187"/>
	<Point X="233" Y="193"/>
	<Point X="232" Y="197"/>
	<Point X="230" Y="202"/>
	<Point X="227" Y="209"/>
	<Point X="227" Y="212"/>
	<Point X="226" Y="216"/>
	<Point X="225" Y="220"/>
	<Point X="223" Y="222"/>
	<Point X="223" Y="223"/>
	<Point X="223" Y="224"/>
</Gesture>
