<?xml version="1.0" ?>
<Gesture Name="arrow06" Subject="02" Number="06" NumPts="57">
	<Point X="106" Y="235"/>
	<Point X="112" Y="231"/>
	<Point X="118" Y="226"/>
	<Point X="125" Y="221"/>
	<Point X="132" Y="217"/>
	<Point X="138" Y="210"/>
	<Point X="142" Y="208"/>
	<Point X="146" Y="204"/>
	<Point X="152" Y="198"/>
	<Point X="156" Y="194"/>
	<Point X="157" Y="193"/>
	<Point X="160" Y="190"/>
	<Point X="162" Y="188"/>
	<Point X="163" Y="186"/>
	<Point X="165" Y="185"/>
	<Point X="166" Y="183"/>
	<Point X="168" Y="182"/>
	<Point X="169" Y="182"/>
	<Point X="167" Y="182"/>
	<Point X="162" Y="182"/>
	<Point X="156" Y="182"/>
	<Point X="152" Y="182"/>
	<Point X="146" Y="182"/>
	<Point X="141" Y="182"/>
	<Point X="137" Y="182"/>
	<Point X="133" Y="182"/>
	<Point X="130" Y="182"/>
	<Point X="129" Y="182"/>
	<Point X="128" Y="182"/>
	<Point X="129" Y="182"/>
	<Point X="135" Y="181"/>
	<Point X="141" Y="178"/>
	<Point X="147" Y="177"/>
	<Point X="155" Y="176"/>
	<Point X="161" Y="176"/>
	<Point X="166" Y="175"/>
	<Point X="169" Y="175"/>
	<Point X="172" Y="174"/>
	<Point X="173" Y="174"/>
	<Point X="174" Y="174"/>
	<Point X="176" Y="174"/>
	<Point X="177" Y="174"/>
	<Point X="178" Y="174"/>
	<Point X="178" Y="175"/>
	<Point X="176" Y="176"/>
	<Point X="175" Y="178"/>
	<Point X="173" Y="181"/>
	<Point X="170" Y="184"/>
	<Point X="169" Y="187"/>
	<Point X="168" Y="190"/>
	<Point X="165" Y="194"/>
	<Point X="164" Y="195"/>
	<Point X="164" Y="198"/>
	<Point X="163" Y="200"/>
	<Point X="163" Y="201"/>
	<Point X="163" Y="202"/>
	<Point X="163" Y="204"/>
</Gesture>
