<?xml version="1.0" ?>
<Gesture Name="arrow04" Subject="02" Number="04" NumPts="56">
	<Point X="133" Y="220"/>
	<Point X="137" Y="218"/>
	<Point X="139" Y="216"/>
	<Point X="143" Y="214"/>
	<Point X="148" Y="211"/>
	<Point X="151" Y="209"/>
	<Point X="155" Y="207"/>
	<Point X="160" Y="203"/>
	<Point X="162" Y="202"/>
	<Point X="167" Y="199"/>
	<Point X="169" Y="198"/>
	<Point X="171" Y="198"/>
	<Point X="172" Y="196"/>
	<Point X="173" Y="196"/>
	<Point X="174" Y="195"/>
	<Point X="175" Y="194"/>
	<Point X="172" Y="194"/>
	<Point X="166" Y="194"/>
	<Point X="160" Y="194"/>
	<Point X="155" Y="194"/>
	<Point X="149" Y="194"/>
	<Point X="145" Y="194"/>
	<Point X="142" Y="194"/>
	<Point X="139" Y="194"/>
	<Point X="137" Y="194"/>
	<Point X="140" Y="194"/>
	<Point X="145" Y="194"/>
	<Point X="154" Y="194"/>
	<Point X="160" Y="194"/>
	<Point X="166" Y="194"/>
	<Point X="172" Y="194"/>
	<Point X="177" Y="192"/>
	<Point X="181" Y="192"/>
	<Point X="183" Y="192"/>
	<Point X="185" Y="192"/>
	<Point X="186" Y="192"/>
	<Point X="187" Y="192"/>
	<Point X="188" Y="192"/>
	<Point X="188" Y="193"/>
	<Point X="188" Y="194"/>
	<Point X="188" Y="195"/>
	<Point X="188" Y="199"/>
	<Point X="187" Y="202"/>
	<Point X="186" Y="204"/>
	<Point X="186" Y="207"/>
	<Point X="185" Y="210"/>
	<Point X="185" Y="213"/>
	<Point X="184" Y="215"/>
	<Point X="183" Y="217"/>
	<Point X="183" Y="218"/>
	<Point X="182" Y="219"/>
	<Point X="182" Y="221"/>
	<Point X="181" Y="223"/>
	<Point X="180" Y="223"/>
	<Point X="180" Y="224"/>
	<Point X="179" Y="225"/>
</Gesture>
