<?xml version="1.0" ?>
<Gesture Name="arrow07" Subject="02" Number="07" NumPts="74">
	<Point X="88" Y="202"/>
	<Point X="89" Y="200"/>
	<Point X="92" Y="200"/>
	<Point X="97" Y="199"/>
	<Point X="102" Y="198"/>
	<Point X="107" Y="196"/>
	<Point X="111" Y="195"/>
	<Point X="118" Y="191"/>
	<Point X="124" Y="190"/>
	<Point X="133" Y="188"/>
	<Point X="139" Y="186"/>
	<Point X="147" Y="184"/>
	<Point X="156" Y="183"/>
	<Point X="164" Y="179"/>
	<Point X="170" Y="178"/>
	<Point X="177" Y="176"/>
	<Point X="180" Y="174"/>
	<Point X="186" Y="173"/>
	<Point X="190" Y="172"/>
	<Point X="192" Y="171"/>
	<Point X="194" Y="171"/>
	<Point X="194" Y="170"/>
	<Point X="194" Y="168"/>
	<Point X="191" Y="167"/>
	<Point X="187" Y="165"/>
	<Point X="184" Y="163"/>
	<Point X="178" Y="161"/>
	<Point X="175" Y="160"/>
	<Point X="170" Y="158"/>
	<Point X="167" Y="157"/>
	<Point X="162" Y="156"/>
	<Point X="160" Y="156"/>
	<Point X="159" Y="156"/>
	<Point X="158" Y="156"/>
	<Point X="159" Y="156"/>
	<Point X="162" Y="156"/>
	<Point X="165" Y="156"/>
	<Point X="168" Y="156"/>
	<Point X="172" Y="156"/>
	<Point X="176" Y="156"/>
	<Point X="181" Y="156"/>
	<Point X="184" Y="156"/>
	<Point X="187" Y="156"/>
	<Point X="190" Y="156"/>
	<Point X="192" Y="156"/>
	<Point X="195" Y="156"/>
	<Point X="197" Y="156"/>
	<Point X="199" Y="156"/>
	<Point X="200" Y="156"/>
	<Point X="204" Y="156"/>
	<Point X="207" Y="156"/>
	<Point X="210" Y="156"/>
	<Point X="215" Y="158"/>
	<Point X="217" Y="158"/>
	<Point X="220" Y="158"/>
	<Point X="221" Y="158"/>
	<Point X="222" Y="159"/>
	<Point X="222" Y="160"/>
	<Point X="221" Y="160"/>
	<Point X="219" Y="161"/>
	<Point X="218" Y="163"/>
	<Point X="215" Y="164"/>
	<Point X="213" Y="166"/>
	<Point X="211" Y="168"/>
	<Point X="208" Y="170"/>
	<Point X="204" Y="173"/>
	<Point X="201" Y="176"/>
	<Point X="197" Y="179"/>
	<Point X="195" Y="180"/>
	<Point X="193" Y="183"/>
	<Point X="192" Y="184"/>
	<Point X="189" Y="187"/>
	<Point X="188" Y="189"/>
	<Point X="186" Y="190"/>
</Gesture>
