<?xml version="1.0" ?>
<Gesture Name="caret09" Subject="02" Number="09" NumPts="39">
	<Point X="122" Y="173"/>
	<Point X="125" Y="169"/>
	<Point X="128" Y="164"/>
	<Point X="133" Y="159"/>
	<Point X="136" Y="154"/>
	<Point X="140" Y="146"/>
	<Point X="143" Y="139"/>
	<Point X="148" Y="133"/>
	<Point X="152" Y="125"/>
	<Point X="157" Y="118"/>
	<Point X="158" Y="116"/>
	<Point X="160" Y="110"/>
	<Point X="161" Y="106"/>
	<Point X="162" Y="106"/>
	<Point X="162" Y="104"/>
	<Point X="163" Y="103"/>
	<Point X="163" Y="102"/>
	<Point X="163" Y="101"/>
	<Point X="163" Y="100"/>
	<Point X="163" Y="101"/>
	<Point X="165" Y="104"/>
	<Point X="167" Y="107"/>
	<Point X="169" Y="111"/>
	<Point X="171" Y="114"/>
	<Point X="174" Y="120"/>
	<Point X="176" Y="122"/>
	<Point X="179" Y="128"/>
	<Point X="180" Y="132"/>
	<Point X="184" Y="140"/>
	<Point X="186" Y="145"/>
	<Point X="189" Y="151"/>
	<Point X="191" Y="156"/>
	<Point X="194" Y="160"/>
	<Point X="197" Y="164"/>
	<Point X="199" Y="167"/>
	<Point X="201" Y="171"/>
	<Point X="203" Y="173"/>
	<Point X="204" Y="174"/>
	<Point X="204" Y="175"/>
</Gesture>
