<?xml version="1.0" ?>
<Gesture Name="caret01" Subject="02" Number="01" NumPts="55">
	<Point X="104" Y="185"/>
	<Point X="105" Y="183"/>
	<Point X="107" Y="181"/>
	<Point X="109" Y="179"/>
	<Point X="112" Y="176"/>
	<Point X="116" Y="169"/>
	<Point X="119" Y="164"/>
	<Point X="123" Y="159"/>
	<Point X="128" Y="152"/>
	<Point X="131" Y="147"/>
	<Point X="133" Y="144"/>
	<Point X="134" Y="140"/>
	<Point X="136" Y="137"/>
	<Point X="137" Y="133"/>
	<Point X="138" Y="130"/>
	<Point X="139" Y="127"/>
	<Point X="139" Y="124"/>
	<Point X="141" Y="122"/>
	<Point X="142" Y="119"/>
	<Point X="143" Y="118"/>
	<Point X="143" Y="117"/>
	<Point X="144" Y="115"/>
	<Point X="146" Y="117"/>
	<Point X="147" Y="119"/>
	<Point X="147" Y="121"/>
	<Point X="149" Y="124"/>
	<Point X="150" Y="127"/>
	<Point X="153" Y="134"/>
	<Point X="155" Y="135"/>
	<Point X="157" Y="140"/>
	<Point X="158" Y="143"/>
	<Point X="159" Y="145"/>
	<Point X="160" Y="146"/>
	<Point X="161" Y="149"/>
	<Point X="162" Y="150"/>
	<Point X="162" Y="151"/>
	<Point X="163" Y="151"/>
	<Point X="163" Y="152"/>
	<Point X="163" Y="153"/>
	<Point X="163" Y="154"/>
	<Point X="166" Y="156"/>
	<Point X="166" Y="158"/>
	<Point X="167" Y="158"/>
	<Point X="167" Y="159"/>
	<Point X="168" Y="160"/>
	<Point X="170" Y="161"/>
	<Point X="170" Y="162"/>
	<Point X="172" Y="162"/>
	<Point X="174" Y="164"/>
	<Point X="175" Y="165"/>
	<Point X="176" Y="165"/>
	<Point X="177" Y="166"/>
	<Point X="177" Y="167"/>
	<Point X="178" Y="167"/>
	<Point X="179" Y="167"/>
</Gesture>
