<?xml version="1.0" ?>
<Gesture Name="caret07" Subject="02" Number="07" NumPts="40">
	<Point X="104" Y="176"/>
	<Point X="105" Y="172"/>
	<Point X="106" Y="171"/>
	<Point X="109" Y="167"/>
	<Point X="113" Y="162"/>
	<Point X="119" Y="157"/>
	<Point X="124" Y="151"/>
	<Point X="129" Y="146"/>
	<Point X="135" Y="140"/>
	<Point X="139" Y="135"/>
	<Point X="142" Y="130"/>
	<Point X="146" Y="125"/>
	<Point X="148" Y="121"/>
	<Point X="150" Y="119"/>
	<Point X="151" Y="117"/>
	<Point X="151" Y="114"/>
	<Point X="151" Y="113"/>
	<Point X="153" Y="111"/>
	<Point X="153" Y="110"/>
	<Point X="153" Y="108"/>
	<Point X="154" Y="108"/>
	<Point X="156" Y="109"/>
	<Point X="157" Y="110"/>
	<Point X="158" Y="114"/>
	<Point X="159" Y="115"/>
	<Point X="161" Y="120"/>
	<Point X="163" Y="123"/>
	<Point X="165" Y="128"/>
	<Point X="167" Y="133"/>
	<Point X="172" Y="140"/>
	<Point X="174" Y="144"/>
	<Point X="178" Y="150"/>
	<Point X="181" Y="158"/>
	<Point X="183" Y="161"/>
	<Point X="186" Y="165"/>
	<Point X="187" Y="168"/>
	<Point X="190" Y="171"/>
	<Point X="191" Y="173"/>
	<Point X="192" Y="175"/>
	<Point X="192" Y="176"/>
</Gesture>
