<?xml version="1.0" ?>
<Gesture Name="caret04" Subject="02" Number="04" NumPts="48">
	<Point X="89" Y="174"/>
	<Point X="90" Y="173"/>
	<Point X="94" Y="168"/>
	<Point X="97" Y="166"/>
	<Point X="100" Y="162"/>
	<Point X="103" Y="158"/>
	<Point X="105" Y="153"/>
	<Point X="107" Y="149"/>
	<Point X="109" Y="144"/>
	<Point X="112" Y="140"/>
	<Point X="113" Y="137"/>
	<Point X="114" Y="134"/>
	<Point X="116" Y="130"/>
	<Point X="117" Y="127"/>
	<Point X="117" Y="126"/>
	<Point X="118" Y="124"/>
	<Point X="120" Y="121"/>
	<Point X="120" Y="120"/>
	<Point X="120" Y="119"/>
	<Point X="121" Y="118"/>
	<Point X="122" Y="118"/>
	<Point X="124" Y="118"/>
	<Point X="124" Y="119"/>
	<Point X="125" Y="119"/>
	<Point X="126" Y="123"/>
	<Point X="128" Y="124"/>
	<Point X="129" Y="127"/>
	<Point X="130" Y="129"/>
	<Point X="132" Y="131"/>
	<Point X="134" Y="135"/>
	<Point X="137" Y="139"/>
	<Point X="138" Y="141"/>
	<Point X="142" Y="145"/>
	<Point X="144" Y="149"/>
	<Point X="146" Y="151"/>
	<Point X="150" Y="156"/>
	<Point X="151" Y="159"/>
	<Point X="155" Y="164"/>
	<Point X="156" Y="166"/>
	<Point X="160" Y="171"/>
	<Point X="162" Y="173"/>
	<Point X="163" Y="175"/>
	<Point X="165" Y="178"/>
	<Point X="167" Y="181"/>
	<Point X="168" Y="182"/>
	<Point X="169" Y="183"/>
	<Point X="170" Y="185"/>
	<Point X="171" Y="185"/>
</Gesture>
