<?xml version="1.0" ?>
<Gesture Name="caret08" Subject="02" Number="08" NumPts="49">
	<Point X="118" Y="182"/>
	<Point X="118" Y="180"/>
	<Point X="118" Y="177"/>
	<Point X="118" Y="174"/>
	<Point X="119" Y="170"/>
	<Point X="120" Y="167"/>
	<Point X="122" Y="162"/>
	<Point X="125" Y="157"/>
	<Point X="126" Y="152"/>
	<Point X="128" Y="147"/>
	<Point X="131" Y="142"/>
	<Point X="131" Y="139"/>
	<Point X="133" Y="136"/>
	<Point X="134" Y="133"/>
	<Point X="135" Y="130"/>
	<Point X="137" Y="126"/>
	<Point X="138" Y="125"/>
	<Point X="138" Y="123"/>
	<Point X="138" Y="121"/>
	<Point X="139" Y="119"/>
	<Point X="140" Y="117"/>
	<Point X="142" Y="112"/>
	<Point X="144" Y="109"/>
	<Point X="144" Y="108"/>
	<Point X="146" Y="107"/>
	<Point X="146" Y="106"/>
	<Point X="146" Y="108"/>
	<Point X="146" Y="109"/>
	<Point X="147" Y="113"/>
	<Point X="148" Y="116"/>
	<Point X="151" Y="119"/>
	<Point X="153" Y="123"/>
	<Point X="156" Y="128"/>
	<Point X="157" Y="131"/>
	<Point X="162" Y="137"/>
	<Point X="163" Y="139"/>
	<Point X="166" Y="144"/>
	<Point X="167" Y="146"/>
	<Point X="170" Y="150"/>
	<Point X="170" Y="153"/>
	<Point X="173" Y="156"/>
	<Point X="175" Y="158"/>
	<Point X="175" Y="161"/>
	<Point X="177" Y="163"/>
	<Point X="178" Y="164"/>
	<Point X="178" Y="166"/>
	<Point X="179" Y="167"/>
	<Point X="181" Y="168"/>
	<Point X="181" Y="169"/>
</Gesture>
