<?xml version="1.0" ?>
<Gesture Name="caret03" Subject="02" Number="03" NumPts="47">
	<Point X="110" Y="179"/>
	<Point X="113" Y="175"/>
	<Point X="115" Y="172"/>
	<Point X="119" Y="167"/>
	<Point X="120" Y="165"/>
	<Point X="123" Y="161"/>
	<Point X="124" Y="158"/>
	<Point X="127" Y="154"/>
	<Point X="128" Y="151"/>
	<Point X="129" Y="147"/>
	<Point X="129" Y="145"/>
	<Point X="131" Y="141"/>
	<Point X="132" Y="139"/>
	<Point X="133" Y="134"/>
	<Point X="134" Y="131"/>
	<Point X="134" Y="128"/>
	<Point X="136" Y="125"/>
	<Point X="137" Y="124"/>
	<Point X="137" Y="122"/>
	<Point X="137" Y="121"/>
	<Point X="138" Y="120"/>
	<Point X="139" Y="120"/>
	<Point X="139" Y="121"/>
	<Point X="141" Y="123"/>
	<Point X="141" Y="125"/>
	<Point X="143" Y="128"/>
	<Point X="144" Y="130"/>
	<Point X="147" Y="133"/>
	<Point X="147" Y="134"/>
	<Point X="149" Y="138"/>
	<Point X="151" Y="140"/>
	<Point X="153" Y="143"/>
	<Point X="153" Y="145"/>
	<Point X="156" Y="148"/>
	<Point X="158" Y="151"/>
	<Point X="160" Y="155"/>
	<Point X="161" Y="157"/>
	<Point X="164" Y="161"/>
	<Point X="165" Y="164"/>
	<Point X="165" Y="165"/>
	<Point X="168" Y="170"/>
	<Point X="169" Y="172"/>
	<Point X="170" Y="174"/>
	<Point X="171" Y="175"/>
	<Point X="171" Y="178"/>
	<Point X="172" Y="179"/>
	<Point X="173" Y="180"/>
</Gesture>
