<?xml version="1.0" ?>
<Gesture Name="caret10" Subject="02" Number="10" NumPts="37">
	<Point X="100" Y="180"/>
	<Point X="104" Y="175"/>
	<Point X="107" Y="172"/>
	<Point X="111" Y="168"/>
	<Point X="117" Y="161"/>
	<Point X="121" Y="154"/>
	<Point X="127" Y="146"/>
	<Point X="130" Y="138"/>
	<Point X="135" Y="132"/>
	<Point X="136" Y="125"/>
	<Point X="139" Y="122"/>
	<Point X="139" Y="117"/>
	<Point X="142" Y="113"/>
	<Point X="143" Y="111"/>
	<Point X="144" Y="108"/>
	<Point X="146" Y="105"/>
	<Point X="146" Y="104"/>
	<Point X="147" Y="104"/>
	<Point X="148" Y="104"/>
	<Point X="150" Y="106"/>
	<Point X="151" Y="108"/>
	<Point X="153" Y="110"/>
	<Point X="155" Y="113"/>
	<Point X="159" Y="119"/>
	<Point X="163" Y="125"/>
	<Point X="167" Y="132"/>
	<Point X="170" Y="138"/>
	<Point X="174" Y="146"/>
	<Point X="177" Y="151"/>
	<Point X="182" Y="158"/>
	<Point X="185" Y="163"/>
	<Point X="188" Y="166"/>
	<Point X="191" Y="171"/>
	<Point X="191" Y="172"/>
	<Point X="193" Y="173"/>
	<Point X="194" Y="174"/>
	<Point X="195" Y="174"/>
</Gesture>
