<?xml version="1.0" ?>
<Gesture Name="caret06" Subject="02" Number="06" NumPts="38">
	<Point X="90" Y="189"/>
	<Point X="90" Y="188"/>
	<Point X="92" Y="186"/>
	<Point X="94" Y="183"/>
	<Point X="95" Y="181"/>
	<Point X="97" Y="179"/>
	<Point X="99" Y="175"/>
	<Point X="102" Y="172"/>
	<Point X="104" Y="168"/>
	<Point X="105" Y="163"/>
	<Point X="108" Y="157"/>
	<Point X="111" Y="152"/>
	<Point X="113" Y="148"/>
	<Point X="115" Y="144"/>
	<Point X="116" Y="141"/>
	<Point X="117" Y="137"/>
	<Point X="118" Y="135"/>
	<Point X="119" Y="133"/>
	<Point X="120" Y="131"/>
	<Point X="121" Y="131"/>
	<Point X="122" Y="132"/>
	<Point X="124" Y="134"/>
	<Point X="126" Y="137"/>
	<Point X="128" Y="139"/>
	<Point X="130" Y="142"/>
	<Point X="133" Y="144"/>
	<Point X="136" Y="148"/>
	<Point X="138" Y="152"/>
	<Point X="143" Y="157"/>
	<Point X="144" Y="160"/>
	<Point X="147" Y="163"/>
	<Point X="149" Y="166"/>
	<Point X="150" Y="168"/>
	<Point X="152" Y="170"/>
	<Point X="153" Y="172"/>
	<Point X="154" Y="174"/>
	<Point X="155" Y="175"/>
	<Point X="156" Y="176"/>
</Gesture>
