<?xml version="1.0" ?>
<Gesture Name="caret02" Subject="02" Number="02" NumPts="37">
	<Point X="131" Y="164"/>
	<Point X="135" Y="159"/>
	<Point X="138" Y="156"/>
	<Point X="140" Y="151"/>
	<Point X="143" Y="147"/>
	<Point X="144" Y="145"/>
	<Point X="145" Y="141"/>
	<Point X="147" Y="139"/>
	<Point X="148" Y="136"/>
	<Point X="149" Y="133"/>
	<Point X="149" Y="132"/>
	<Point X="149" Y="130"/>
	<Point X="151" Y="129"/>
	<Point X="152" Y="128"/>
	<Point X="152" Y="127"/>
	<Point X="152" Y="126"/>
	<Point X="153" Y="125"/>
	<Point X="154" Y="125"/>
	<Point X="155" Y="125"/>
	<Point X="156" Y="126"/>
	<Point X="157" Y="127"/>
	<Point X="158" Y="129"/>
	<Point X="159" Y="130"/>
	<Point X="162" Y="134"/>
	<Point X="166" Y="139"/>
	<Point X="166" Y="140"/>
	<Point X="168" Y="142"/>
	<Point X="172" Y="145"/>
	<Point X="175" Y="149"/>
	<Point X="177" Y="152"/>
	<Point X="179" Y="155"/>
	<Point X="180" Y="157"/>
	<Point X="181" Y="158"/>
	<Point X="184" Y="160"/>
	<Point X="184" Y="161"/>
	<Point X="185" Y="162"/>
	<Point X="187" Y="164"/>
</Gesture>
