<?xml version="1.0" ?>
<Gesture Name="check04" Subject="02" Number="04" NumPts="27">
	<Point X="136" Y="228"/>
	<Point X="136" Y="229"/>
	<Point X="138" Y="231"/>
	<Point X="139" Y="233"/>
	<Point X="142" Y="235"/>
	<Point X="143" Y="237"/>
	<Point X="146" Y="239"/>
	<Point X="150" Y="242"/>
	<Point X="150" Y="243"/>
	<Point X="152" Y="244"/>
	<Point X="153" Y="246"/>
	<Point X="155" Y="247"/>
	<Point X="155" Y="243"/>
	<Point X="155" Y="238"/>
	<Point X="155" Y="233"/>
	<Point X="155" Y="223"/>
	<Point X="155" Y="214"/>
	<Point X="155" Y="204"/>
	<Point X="155" Y="194"/>
	<Point X="159" Y="182"/>
	<Point X="161" Y="170"/>
	<Point X="164" Y="161"/>
	<Point X="168" Y="154"/>
	<Point X="171" Y="148"/>
	<Point X="172" Y="144"/>
	<Point X="173" Y="142"/>
	<Point X="173" Y="141"/>
</Gesture>
