<?xml version="1.0" ?>
<Gesture Name="check07" Subject="02" Number="07" NumPts="28">
	<Point X="110" Y="227"/>
	<Point X="111" Y="230"/>
	<Point X="114" Y="232"/>
	<Point X="118" Y="238"/>
	<Point X="122" Y="241"/>
	<Point X="127" Y="246"/>
	<Point X="132" Y="251"/>
	<Point X="135" Y="254"/>
	<Point X="139" Y="258"/>
	<Point X="140" Y="259"/>
	<Point X="141" Y="258"/>
	<Point X="141" Y="250"/>
	<Point X="141" Y="241"/>
	<Point X="142" Y="231"/>
	<Point X="143" Y="219"/>
	<Point X="147" Y="208"/>
	<Point X="148" Y="197"/>
	<Point X="152" Y="186"/>
	<Point X="155" Y="177"/>
	<Point X="158" Y="169"/>
	<Point X="163" Y="161"/>
	<Point X="165" Y="157"/>
	<Point X="166" Y="154"/>
	<Point X="168" Y="151"/>
	<Point X="171" Y="149"/>
	<Point X="171" Y="148"/>
	<Point X="172" Y="148"/>
	<Point X="174" Y="147"/>
</Gesture>
