<?xml version="1.0" ?>
<Gesture Name="check10" Subject="02" Number="10" NumPts="23">
	<Point X="107" Y="201"/>
	<Point X="108" Y="203"/>
	<Point X="110" Y="207"/>
	<Point X="110" Y="209"/>
	<Point X="112" Y="214"/>
	<Point X="115" Y="219"/>
	<Point X="117" Y="225"/>
	<Point X="121" Y="230"/>
	<Point X="123" Y="235"/>
	<Point X="126" Y="242"/>
	<Point X="126" Y="245"/>
	<Point X="126" Y="248"/>
	<Point X="127" Y="251"/>
	<Point X="127" Y="250"/>
	<Point X="127" Y="244"/>
	<Point X="127" Y="234"/>
	<Point X="127" Y="222"/>
	<Point X="127" Y="209"/>
	<Point X="131" Y="192"/>
	<Point X="136" Y="178"/>
	<Point X="138" Y="165"/>
	<Point X="143" Y="152"/>
	<Point X="150" Y="139"/>
</Gesture>
