<?xml version="1.0" ?>
<Gesture Name="check05" Subject="02" Number="05" NumPts="29">
	<Point X="126" Y="230"/>
	<Point X="127" Y="231"/>
	<Point X="129" Y="232"/>
	<Point X="133" Y="235"/>
	<Point X="135" Y="237"/>
	<Point X="137" Y="238"/>
	<Point X="140" Y="242"/>
	<Point X="141" Y="244"/>
	<Point X="142" Y="244"/>
	<Point X="143" Y="246"/>
	<Point X="144" Y="247"/>
	<Point X="144" Y="248"/>
	<Point X="146" Y="248"/>
	<Point X="147" Y="246"/>
	<Point X="147" Y="244"/>
	<Point X="147" Y="240"/>
	<Point X="148" Y="235"/>
	<Point X="149" Y="227"/>
	<Point X="152" Y="217"/>
	<Point X="153" Y="205"/>
	<Point X="154" Y="193"/>
	<Point X="158" Y="176"/>
	<Point X="160" Y="163"/>
	<Point X="165" Y="149"/>
	<Point X="167" Y="139"/>
	<Point X="171" Y="132"/>
	<Point X="174" Y="127"/>
	<Point X="175" Y="125"/>
	<Point X="176" Y="123"/>
</Gesture>
