<?xml version="1.0" ?>
<Gesture Name="check08" Subject="02" Number="08" NumPts="27">
	<Point X="111" Y="226"/>
	<Point X="113" Y="227"/>
	<Point X="115" Y="229"/>
	<Point X="118" Y="231"/>
	<Point X="119" Y="231"/>
	<Point X="122" Y="233"/>
	<Point X="123" Y="235"/>
	<Point X="126" Y="236"/>
	<Point X="127" Y="238"/>
	<Point X="129" Y="239"/>
	<Point X="129" Y="240"/>
	<Point X="130" Y="241"/>
	<Point X="132" Y="240"/>
	<Point X="135" Y="232"/>
	<Point X="139" Y="219"/>
	<Point X="146" Y="201"/>
	<Point X="155" Y="181"/>
	<Point X="165" Y="159"/>
	<Point X="173" Y="142"/>
	<Point X="181" Y="131"/>
	<Point X="187" Y="120"/>
	<Point X="189" Y="114"/>
	<Point X="191" Y="108"/>
	<Point X="193" Y="104"/>
	<Point X="193" Y="102"/>
	<Point X="193" Y="100"/>
	<Point X="193" Y="99"/>
</Gesture>
