<?xml version="1.0" ?>
<Gesture Name="circle06" Subject="02" Number="06" NumPts="108">
	<Point X="215" Y="147"/>
	<Point X="214" Y="147"/>
	<Point X="213" Y="147"/>
	<Point X="211" Y="147"/>
	<Point X="209" Y="147"/>
	<Point X="208" Y="147"/>
	<Point X="207" Y="147"/>
	<Point X="205" Y="147"/>
	<Point X="203" Y="147"/>
	<Point X="201" Y="147"/>
	<Point X="200" Y="147"/>
	<Point X="198" Y="147"/>
	<Point X="197" Y="147"/>
	<Point X="196" Y="147"/>
	<Point X="194" Y="147"/>
	<Point X="192" Y="148"/>
	<Point X="190" Y="149"/>
	<Point X="188" Y="150"/>
	<Point X="187" Y="152"/>
	<Point X="184" Y="154"/>
	<Point X="183" Y="156"/>
	<Point X="180" Y="158"/>
	<Point X="178" Y="163"/>
	<Point X="177" Y="165"/>
	<Point X="174" Y="168"/>
	<Point X="172" Y="172"/>
	<Point X="171" Y="174"/>
	<Point X="171" Y="177"/>
	<Point X="169" Y="179"/>
	<Point X="168" Y="183"/>
	<Point X="167" Y="184"/>
	<Point X="167" Y="188"/>
	<Point X="167" Y="189"/>
	<Point X="167" Y="192"/>
	<Point X="165" Y="195"/>
	<Point X="164" Y="196"/>
	<Point X="163" Y="200"/>
	<Point X="163" Y="202"/>
	<Point X="163" Y="204"/>
	<Point X="163" Y="207"/>
	<Point X="163" Y="208"/>
	<Point X="163" Y="211"/>
	<Point X="163" Y="213"/>
	<Point X="163" Y="215"/>
	<Point X="163" Y="217"/>
	<Point X="163" Y="219"/>
	<Point X="165" Y="222"/>
	<Point X="166" Y="223"/>
	<Point X="168" Y="225"/>
	<Point X="172" Y="227"/>
	<Point X="178" Y="230"/>
	<Point X="183" Y="231"/>
	<Point X="191" Y="234"/>
	<Point X="195" Y="235"/>
	<Point X="204" Y="235"/>
	<Point X="212" Y="235"/>
	<Point X="219" Y="235"/>
	<Point X="225" Y="235"/>
	<Point X="229" Y="235"/>
	<Point X="233" Y="235"/>
	<Point X="235" Y="235"/>
	<Point X="239" Y="235"/>
	<Point X="241" Y="234"/>
	<Point X="243" Y="233"/>
	<Point X="246" Y="232"/>
	<Point X="249" Y="230"/>
	<Point X="251" Y="228"/>
	<Point X="253" Y="228"/>
	<Point X="257" Y="224"/>
	<Point X="260" Y="221"/>
	<Point X="263" Y="218"/>
	<Point X="264" Y="215"/>
	<Point X="264" Y="212"/>
	<Point X="265" Y="209"/>
	<Point X="267" Y="205"/>
	<Point X="267" Y="201"/>
	<Point X="267" Y="199"/>
	<Point X="267" Y="195"/>
	<Point X="267" Y="190"/>
	<Point X="267" Y="187"/>
	<Point X="267" Y="183"/>
	<Point X="267" Y="179"/>
	<Point X="266" Y="176"/>
	<Point X="263" Y="171"/>
	<Point X="262" Y="168"/>
	<Point X="260" Y="165"/>
	<Point X="259" Y="161"/>
	<Point X="257" Y="159"/>
	<Point X="256" Y="157"/>
	<Point X="255" Y="155"/>
	<Point X="253" Y="155"/>
	<Point X="251" Y="152"/>
	<Point X="249" Y="152"/>
	<Point X="247" Y="151"/>
	<Point X="244" Y="149"/>
	<Point X="243" Y="149"/>
	<Point X="240" Y="148"/>
	<Point X="238" Y="147"/>
	<Point X="235" Y="147"/>
	<Point X="233" Y="147"/>
	<Point X="229" Y="145"/>
	<Point X="226" Y="144"/>
	<Point X="224" Y="143"/>
	<Point X="221" Y="142"/>
	<Point X="221" Y="141"/>
	<Point X="220" Y="140"/>
	<Point X="219" Y="140"/>
	<Point X="218" Y="140"/>
</Gesture>
