<?xml version="1.0" ?>
<Gesture Name="circle02" Subject="02" Number="02" NumPts="98">
	<Point X="199" Y="155"/>
	<Point X="198" Y="154"/>
	<Point X="197" Y="153"/>
	<Point X="196" Y="153"/>
	<Point X="194" Y="153"/>
	<Point X="193" Y="152"/>
	<Point X="192" Y="152"/>
	<Point X="191" Y="150"/>
	<Point X="189" Y="150"/>
	<Point X="187" Y="150"/>
	<Point X="186" Y="150"/>
	<Point X="185" Y="150"/>
	<Point X="182" Y="150"/>
	<Point X="181" Y="150"/>
	<Point X="179" Y="150"/>
	<Point X="178" Y="150"/>
	<Point X="176" Y="150"/>
	<Point X="174" Y="151"/>
	<Point X="172" Y="152"/>
	<Point X="171" Y="154"/>
	<Point X="170" Y="155"/>
	<Point X="169" Y="158"/>
	<Point X="168" Y="160"/>
	<Point X="167" Y="163"/>
	<Point X="166" Y="166"/>
	<Point X="164" Y="168"/>
	<Point X="163" Y="170"/>
	<Point X="163" Y="173"/>
	<Point X="163" Y="174"/>
	<Point X="162" Y="177"/>
	<Point X="160" Y="178"/>
	<Point X="160" Y="180"/>
	<Point X="160" Y="181"/>
	<Point X="160" Y="183"/>
	<Point X="160" Y="184"/>
	<Point X="160" Y="185"/>
	<Point X="160" Y="187"/>
	<Point X="160" Y="189"/>
	<Point X="160" Y="190"/>
	<Point X="160" Y="192"/>
	<Point X="160" Y="195"/>
	<Point X="161" Y="196"/>
	<Point X="163" Y="198"/>
	<Point X="164" Y="199"/>
	<Point X="167" Y="203"/>
	<Point X="168" Y="203"/>
	<Point X="169" Y="206"/>
	<Point X="172" Y="207"/>
	<Point X="175" Y="208"/>
	<Point X="178" Y="209"/>
	<Point X="181" Y="209"/>
	<Point X="184" Y="211"/>
	<Point X="189" Y="211"/>
	<Point X="191" Y="211"/>
	<Point X="194" Y="211"/>
	<Point X="196" Y="211"/>
	<Point X="197" Y="211"/>
	<Point X="199" Y="211"/>
	<Point X="200" Y="211"/>
	<Point X="202" Y="211"/>
	<Point X="203" Y="210"/>
	<Point X="205" Y="209"/>
	<Point X="206" Y="208"/>
	<Point X="209" Y="206"/>
	<Point X="211" Y="205"/>
	<Point X="213" Y="204"/>
	<Point X="215" Y="202"/>
	<Point X="217" Y="200"/>
	<Point X="217" Y="199"/>
	<Point X="218" Y="198"/>
	<Point X="220" Y="195"/>
	<Point X="220" Y="194"/>
	<Point X="220" Y="191"/>
	<Point X="221" Y="189"/>
	<Point X="223" Y="187"/>
	<Point X="223" Y="184"/>
	<Point X="224" Y="181"/>
	<Point X="224" Y="179"/>
	<Point X="224" Y="176"/>
	<Point X="224" Y="175"/>
	<Point X="224" Y="171"/>
	<Point X="224" Y="169"/>
	<Point X="224" Y="168"/>
	<Point X="223" Y="167"/>
	<Point X="223" Y="165"/>
	<Point X="221" Y="163"/>
	<Point X="218" Y="161"/>
	<Point X="218" Y="160"/>
	<Point X="216" Y="159"/>
	<Point X="212" Y="158"/>
	<Point X="211" Y="156"/>
	<Point X="208" Y="155"/>
	<Point X="206" Y="155"/>
	<Point X="203" Y="153"/>
	<Point X="202" Y="152"/>
	<Point X="198" Y="150"/>
	<Point X="197" Y="149"/>
	<Point X="196" Y="149"/>
</Gesture>
