<?xml version="1.0" ?>
<Gesture Name="circle07" Subject="02" Number="07" NumPts="95">
	<Point X="157" Y="130"/>
	<Point X="156" Y="129"/>
	<Point X="154" Y="129"/>
	<Point X="151" Y="128"/>
	<Point X="150" Y="128"/>
	<Point X="148" Y="128"/>
	<Point X="144" Y="128"/>
	<Point X="142" Y="127"/>
	<Point X="140" Y="127"/>
	<Point X="138" Y="127"/>
	<Point X="137" Y="127"/>
	<Point X="134" Y="127"/>
	<Point X="132" Y="127"/>
	<Point X="130" Y="127"/>
	<Point X="129" Y="127"/>
	<Point X="127" Y="127"/>
	<Point X="125" Y="128"/>
	<Point X="122" Y="130"/>
	<Point X="118" Y="134"/>
	<Point X="116" Y="137"/>
	<Point X="113" Y="142"/>
	<Point X="110" Y="147"/>
	<Point X="105" Y="154"/>
	<Point X="103" Y="157"/>
	<Point X="101" Y="162"/>
	<Point X="100" Y="166"/>
	<Point X="96" Y="171"/>
	<Point X="96" Y="175"/>
	<Point X="96" Y="178"/>
	<Point X="96" Y="182"/>
	<Point X="95" Y="187"/>
	<Point X="95" Y="190"/>
	<Point X="95" Y="194"/>
	<Point X="95" Y="197"/>
	<Point X="95" Y="199"/>
	<Point X="95" Y="202"/>
	<Point X="95" Y="203"/>
	<Point X="95" Y="205"/>
	<Point X="95" Y="206"/>
	<Point X="97" Y="209"/>
	<Point X="97" Y="210"/>
	<Point X="99" Y="211"/>
	<Point X="102" Y="213"/>
	<Point X="103" Y="214"/>
	<Point X="106" Y="214"/>
	<Point X="107" Y="214"/>
	<Point X="109" Y="214"/>
	<Point X="112" Y="215"/>
	<Point X="114" Y="215"/>
	<Point X="118" Y="217"/>
	<Point X="121" Y="217"/>
	<Point X="126" Y="217"/>
	<Point X="130" Y="217"/>
	<Point X="138" Y="217"/>
	<Point X="144" Y="217"/>
	<Point X="151" Y="217"/>
	<Point X="158" Y="217"/>
	<Point X="164" Y="217"/>
	<Point X="171" Y="215"/>
	<Point X="174" Y="213"/>
	<Point X="179" Y="211"/>
	<Point X="182" Y="209"/>
	<Point X="184" Y="207"/>
	<Point X="187" Y="204"/>
	<Point X="189" Y="203"/>
	<Point X="190" Y="199"/>
	<Point X="192" Y="196"/>
	<Point X="193" Y="192"/>
	<Point X="193" Y="190"/>
	<Point X="193" Y="185"/>
	<Point X="193" Y="181"/>
	<Point X="193" Y="176"/>
	<Point X="193" Y="173"/>
	<Point X="193" Y="169"/>
	<Point X="192" Y="165"/>
	<Point X="191" Y="160"/>
	<Point X="188" Y="155"/>
	<Point X="186" Y="152"/>
	<Point X="182" Y="146"/>
	<Point X="179" Y="143"/>
	<Point X="177" Y="140"/>
	<Point X="173" Y="136"/>
	<Point X="171" Y="134"/>
	<Point X="169" Y="132"/>
	<Point X="166" Y="131"/>
	<Point X="165" Y="130"/>
	<Point X="162" Y="130"/>
	<Point X="160" Y="129"/>
	<Point X="158" Y="128"/>
	<Point X="157" Y="128"/>
	<Point X="155" Y="128"/>
	<Point X="153" Y="128"/>
	<Point X="151" Y="127"/>
	<Point X="149" Y="127"/>
	<Point X="147" Y="127"/>
</Gesture>
