<?xml version="1.0" ?>
<Gesture Name="circle01" Subject="02" Number="01" NumPts="116">
	<Point X="165" Y="163"/>
	<Point X="163" Y="163"/>
	<Point X="161" Y="163"/>
	<Point X="159" Y="164"/>
	<Point X="158" Y="164"/>
	<Point X="157" Y="165"/>
	<Point X="155" Y="166"/>
	<Point X="153" Y="166"/>
	<Point X="152" Y="166"/>
	<Point X="149" Y="168"/>
	<Point X="146" Y="168"/>
	<Point X="145" Y="169"/>
	<Point X="143" Y="170"/>
	<Point X="139" Y="172"/>
	<Point X="138" Y="172"/>
	<Point X="136" Y="173"/>
	<Point X="135" Y="174"/>
	<Point X="132" Y="176"/>
	<Point X="130" Y="177"/>
	<Point X="130" Y="178"/>
	<Point X="128" Y="179"/>
	<Point X="127" Y="180"/>
	<Point X="126" Y="180"/>
	<Point X="126" Y="181"/>
	<Point X="124" Y="183"/>
	<Point X="123" Y="184"/>
	<Point X="122" Y="185"/>
	<Point X="119" Y="187"/>
	<Point X="119" Y="188"/>
	<Point X="116" Y="191"/>
	<Point X="115" Y="193"/>
	<Point X="115" Y="196"/>
	<Point X="114" Y="198"/>
	<Point X="113" Y="202"/>
	<Point X="112" Y="202"/>
	<Point X="112" Y="205"/>
	<Point X="112" Y="207"/>
	<Point X="112" Y="209"/>
	<Point X="112" Y="210"/>
	<Point X="112" Y="213"/>
	<Point X="112" Y="214"/>
	<Point X="112" Y="217"/>
	<Point X="113" Y="219"/>
	<Point X="113" Y="220"/>
	<Point X="114" Y="222"/>
	<Point X="115" Y="224"/>
	<Point X="115" Y="225"/>
	<Point X="116" Y="226"/>
	<Point X="117" Y="226"/>
	<Point X="118" Y="226"/>
	<Point X="120" Y="228"/>
	<Point X="122" Y="228"/>
	<Point X="123" Y="229"/>
	<Point X="126" Y="229"/>
	<Point X="128" Y="230"/>
	<Point X="131" Y="232"/>
	<Point X="136" Y="233"/>
	<Point X="138" Y="233"/>
	<Point X="143" Y="235"/>
	<Point X="144" Y="235"/>
	<Point X="149" Y="235"/>
	<Point X="152" Y="235"/>
	<Point X="154" Y="236"/>
	<Point X="157" Y="236"/>
	<Point X="159" Y="237"/>
	<Point X="161" Y="237"/>
	<Point X="164" Y="237"/>
	<Point X="166" Y="237"/>
	<Point X="168" Y="237"/>
	<Point X="169" Y="237"/>
	<Point X="173" Y="237"/>
	<Point X="175" Y="237"/>
	<Point X="177" Y="237"/>
	<Point X="180" Y="237"/>
	<Point X="181" Y="237"/>
	<Point X="183" Y="237"/>
	<Point X="185" Y="236"/>
	<Point X="186" Y="236"/>
	<Point X="187" Y="235"/>
	<Point X="189" Y="234"/>
	<Point X="189" Y="233"/>
	<Point X="191" Y="230"/>
	<Point X="192" Y="228"/>
	<Point X="192" Y="226"/>
	<Point X="192" Y="222"/>
	<Point X="192" Y="220"/>
	<Point X="192" Y="218"/>
	<Point X="192" Y="216"/>
	<Point X="192" Y="213"/>
	<Point X="192" Y="209"/>
	<Point X="192" Y="208"/>
	<Point X="192" Y="206"/>
	<Point X="192" Y="204"/>
	<Point X="192" Y="201"/>
	<Point X="192" Y="199"/>
	<Point X="191" Y="194"/>
	<Point X="189" Y="192"/>
	<Point X="186" Y="188"/>
	<Point X="186" Y="185"/>
	<Point X="183" Y="183"/>
	<Point X="182" Y="181"/>
	<Point X="180" Y="178"/>
	<Point X="179" Y="176"/>
	<Point X="177" Y="175"/>
	<Point X="177" Y="174"/>
	<Point X="176" Y="172"/>
	<Point X="175" Y="171"/>
	<Point X="174" Y="170"/>
	<Point X="172" Y="170"/>
	<Point X="170" Y="169"/>
	<Point X="169" Y="168"/>
	<Point X="166" Y="167"/>
	<Point X="165" Y="167"/>
	<Point X="164" Y="167"/>
	<Point X="163" Y="167"/>
	<Point X="162" Y="167"/>
</Gesture>
