<?xml version="1.0" ?>
<Gesture Name="circle03" Subject="02" Number="03" NumPts="106">
	<Point X="187" Y="161"/>
	<Point X="187" Y="160"/>
	<Point X="187" Y="159"/>
	<Point X="187" Y="158"/>
	<Point X="186" Y="157"/>
	<Point X="185" Y="155"/>
	<Point X="184" Y="155"/>
	<Point X="182" Y="154"/>
	<Point X="180" Y="154"/>
	<Point X="179" Y="153"/>
	<Point X="178" Y="153"/>
	<Point X="177" Y="153"/>
	<Point X="175" Y="153"/>
	<Point X="174" Y="153"/>
	<Point X="172" Y="153"/>
	<Point X="171" Y="153"/>
	<Point X="170" Y="153"/>
	<Point X="167" Y="155"/>
	<Point X="166" Y="156"/>
	<Point X="166" Y="158"/>
	<Point X="164" Y="160"/>
	<Point X="163" Y="162"/>
	<Point X="162" Y="163"/>
	<Point X="161" Y="166"/>
	<Point X="159" Y="168"/>
	<Point X="158" Y="170"/>
	<Point X="157" Y="172"/>
	<Point X="155" Y="175"/>
	<Point X="154" Y="177"/>
	<Point X="154" Y="180"/>
	<Point X="154" Y="183"/>
	<Point X="151" Y="185"/>
	<Point X="150" Y="189"/>
	<Point X="149" Y="191"/>
	<Point X="149" Y="192"/>
	<Point X="149" Y="196"/>
	<Point X="147" Y="198"/>
	<Point X="147" Y="200"/>
	<Point X="147" Y="202"/>
	<Point X="147" Y="203"/>
	<Point X="147" Y="206"/>
	<Point X="147" Y="208"/>
	<Point X="147" Y="209"/>
	<Point X="147" Y="211"/>
	<Point X="147" Y="213"/>
	<Point X="147" Y="215"/>
	<Point X="147" Y="217"/>
	<Point X="148" Y="219"/>
	<Point X="151" Y="222"/>
	<Point X="151" Y="223"/>
	<Point X="152" Y="224"/>
	<Point X="154" Y="226"/>
	<Point X="155" Y="227"/>
	<Point X="160" Y="229"/>
	<Point X="163" Y="230"/>
	<Point X="166" Y="231"/>
	<Point X="168" Y="232"/>
	<Point X="173" Y="234"/>
	<Point X="178" Y="235"/>
	<Point X="181" Y="235"/>
	<Point X="186" Y="235"/>
	<Point X="191" Y="235"/>
	<Point X="196" Y="235"/>
	<Point X="199" Y="235"/>
	<Point X="204" Y="235"/>
	<Point X="209" Y="234"/>
	<Point X="212" Y="233"/>
	<Point X="216" Y="230"/>
	<Point X="218" Y="228"/>
	<Point X="221" Y="228"/>
	<Point X="223" Y="225"/>
	<Point X="225" Y="223"/>
	<Point X="227" Y="221"/>
	<Point X="228" Y="220"/>
	<Point X="229" Y="218"/>
	<Point X="230" Y="217"/>
	<Point X="230" Y="214"/>
	<Point X="231" Y="213"/>
	<Point X="231" Y="210"/>
	<Point X="231" Y="207"/>
	<Point X="231" Y="206"/>
	<Point X="231" Y="203"/>
	<Point X="231" Y="202"/>
	<Point X="231" Y="200"/>
	<Point X="231" Y="198"/>
	<Point X="231" Y="195"/>
	<Point X="231" Y="192"/>
	<Point X="229" Y="189"/>
	<Point X="228" Y="186"/>
	<Point X="227" Y="183"/>
	<Point X="225" Y="179"/>
	<Point X="223" Y="178"/>
	<Point X="222" Y="174"/>
	<Point X="220" Y="172"/>
	<Point X="218" Y="168"/>
	<Point X="216" Y="165"/>
	<Point X="213" Y="163"/>
	<Point X="210" Y="160"/>
	<Point X="205" Y="157"/>
	<Point X="203" Y="155"/>
	<Point X="200" Y="152"/>
	<Point X="196" Y="149"/>
	<Point X="194" Y="147"/>
	<Point X="192" Y="146"/>
	<Point X="190" Y="145"/>
	<Point X="188" Y="144"/>
</Gesture>
