<?xml version="1.0" ?>
<Gesture Name="circle08" Subject="02" Number="08" NumPts="89">
	<Point X="209" Y="153"/>
	<Point X="208" Y="152"/>
	<Point X="204" Y="150"/>
	<Point X="202" Y="149"/>
	<Point X="198" Y="147"/>
	<Point X="195" Y="145"/>
	<Point X="190" Y="143"/>
	<Point X="185" Y="141"/>
	<Point X="181" Y="140"/>
	<Point X="178" Y="140"/>
	<Point X="173" Y="140"/>
	<Point X="170" Y="140"/>
	<Point X="168" Y="140"/>
	<Point X="165" Y="139"/>
	<Point X="164" Y="139"/>
	<Point X="162" Y="139"/>
	<Point X="161" Y="139"/>
	<Point X="160" Y="139"/>
	<Point X="156" Y="139"/>
	<Point X="155" Y="140"/>
	<Point X="152" Y="142"/>
	<Point X="150" Y="144"/>
	<Point X="146" Y="147"/>
	<Point X="142" Y="149"/>
	<Point X="138" Y="153"/>
	<Point X="133" Y="157"/>
	<Point X="131" Y="160"/>
	<Point X="128" Y="163"/>
	<Point X="125" Y="167"/>
	<Point X="123" Y="174"/>
	<Point X="122" Y="175"/>
	<Point X="120" Y="180"/>
	<Point X="119" Y="184"/>
	<Point X="118" Y="188"/>
	<Point X="117" Y="191"/>
	<Point X="116" Y="195"/>
	<Point X="116" Y="197"/>
	<Point X="115" Y="201"/>
	<Point X="115" Y="205"/>
	<Point X="115" Y="208"/>
	<Point X="115" Y="210"/>
	<Point X="115" Y="212"/>
	<Point X="115" Y="214"/>
	<Point X="116" Y="217"/>
	<Point X="117" Y="218"/>
	<Point X="119" Y="220"/>
	<Point X="123" Y="224"/>
	<Point X="125" Y="226"/>
	<Point X="127" Y="227"/>
	<Point X="131" Y="230"/>
	<Point X="133" Y="231"/>
	<Point X="138" Y="234"/>
	<Point X="141" Y="234"/>
	<Point X="146" Y="235"/>
	<Point X="152" Y="235"/>
	<Point X="159" Y="236"/>
	<Point X="165" Y="236"/>
	<Point X="173" Y="236"/>
	<Point X="180" Y="236"/>
	<Point X="187" Y="236"/>
	<Point X="193" Y="236"/>
	<Point X="198" Y="236"/>
	<Point X="206" Y="233"/>
	<Point X="211" Y="231"/>
	<Point X="215" Y="228"/>
	<Point X="217" Y="227"/>
	<Point X="221" Y="224"/>
	<Point X="221" Y="223"/>
	<Point X="222" Y="220"/>
	<Point X="222" Y="216"/>
	<Point X="223" Y="212"/>
	<Point X="223" Y="208"/>
	<Point X="223" Y="204"/>
	<Point X="223" Y="200"/>
	<Point X="223" Y="196"/>
	<Point X="223" Y="191"/>
	<Point X="223" Y="188"/>
	<Point X="223" Y="182"/>
	<Point X="220" Y="177"/>
	<Point X="218" Y="172"/>
	<Point X="214" Y="167"/>
	<Point X="211" Y="162"/>
	<Point X="207" Y="154"/>
	<Point X="203" Y="148"/>
	<Point X="199" Y="143"/>
	<Point X="197" Y="139"/>
	<Point X="194" Y="133"/>
	<Point X="193" Y="131"/>
	<Point X="193" Y="130"/>
</Gesture>
