<?xml version="1.0" ?>
<Gesture Name="circle09" Subject="02" Number="09" NumPts="88">
	<Point X="203" Y="168"/>
	<Point X="202" Y="166"/>
	<Point X="201" Y="165"/>
	<Point X="200" Y="164"/>
	<Point X="198" Y="162"/>
	<Point X="197" Y="161"/>
	<Point X="196" Y="161"/>
	<Point X="194" Y="158"/>
	<Point X="193" Y="157"/>
	<Point X="190" Y="157"/>
	<Point X="189" Y="157"/>
	<Point X="186" Y="155"/>
	<Point X="184" Y="155"/>
	<Point X="181" Y="155"/>
	<Point X="179" Y="155"/>
	<Point X="178" Y="155"/>
	<Point X="175" Y="155"/>
	<Point X="172" Y="155"/>
	<Point X="170" Y="155"/>
	<Point X="167" Y="156"/>
	<Point X="163" Y="159"/>
	<Point X="161" Y="161"/>
	<Point X="157" Y="165"/>
	<Point X="153" Y="169"/>
	<Point X="149" Y="173"/>
	<Point X="145" Y="177"/>
	<Point X="141" Y="182"/>
	<Point X="137" Y="187"/>
	<Point X="135" Y="192"/>
	<Point X="132" Y="196"/>
	<Point X="128" Y="203"/>
	<Point X="127" Y="206"/>
	<Point X="125" Y="210"/>
	<Point X="125" Y="214"/>
	<Point X="123" Y="219"/>
	<Point X="123" Y="222"/>
	<Point X="123" Y="227"/>
	<Point X="123" Y="230"/>
	<Point X="123" Y="235"/>
	<Point X="123" Y="238"/>
	<Point X="124" Y="241"/>
	<Point X="127" Y="245"/>
	<Point X="127" Y="248"/>
	<Point X="129" Y="249"/>
	<Point X="130" Y="250"/>
	<Point X="132" Y="251"/>
	<Point X="134" Y="252"/>
	<Point X="136" Y="253"/>
	<Point X="138" Y="253"/>
	<Point X="140" Y="254"/>
	<Point X="143" Y="256"/>
	<Point X="146" Y="256"/>
	<Point X="150" Y="256"/>
	<Point X="156" Y="256"/>
	<Point X="159" Y="256"/>
	<Point X="165" Y="256"/>
	<Point X="168" Y="256"/>
	<Point X="172" Y="256"/>
	<Point X="176" Y="256"/>
	<Point X="180" Y="254"/>
	<Point X="183" Y="253"/>
	<Point X="187" Y="250"/>
	<Point X="188" Y="249"/>
	<Point X="192" Y="247"/>
	<Point X="194" Y="245"/>
	<Point X="196" Y="243"/>
	<Point X="197" Y="239"/>
	<Point X="198" Y="238"/>
	<Point X="199" Y="234"/>
	<Point X="200" Y="231"/>
	<Point X="202" Y="227"/>
	<Point X="204" Y="225"/>
	<Point X="204" Y="222"/>
	<Point X="205" Y="221"/>
	<Point X="206" Y="217"/>
	<Point X="208" Y="215"/>
	<Point X="208" Y="213"/>
	<Point X="208" Y="210"/>
	<Point X="208" Y="207"/>
	<Point X="208" Y="206"/>
	<Point X="208" Y="202"/>
	<Point X="208" Y="201"/>
	<Point X="208" Y="198"/>
	<Point X="208" Y="197"/>
	<Point X="208" Y="196"/>
	<Point X="207" Y="194"/>
	<Point X="207" Y="193"/>
	<Point X="206" Y="192"/>
</Gesture>
