<?xml version="1.0" ?>
<Gesture Name="delete_mark07" Subject="02" Number="07" NumPts="47">
	<Point X="130" Y="173"/>
	<Point X="132" Y="173"/>
	<Point X="134" Y="175"/>
	<Point X="139" Y="179"/>
	<Point X="143" Y="183"/>
	<Point X="148" Y="188"/>
	<Point X="153" Y="191"/>
	<Point X="157" Y="195"/>
	<Point X="167" Y="202"/>
	<Point X="171" Y="206"/>
	<Point X="178" Y="212"/>
	<Point X="181" Y="215"/>
	<Point X="186" Y="218"/>
	<Point X="190" Y="221"/>
	<Point X="192" Y="222"/>
	<Point X="197" Y="224"/>
	<Point X="197" Y="225"/>
	<Point X="196" Y="225"/>
	<Point X="190" Y="225"/>
	<Point X="180" Y="226"/>
	<Point X="168" Y="227"/>
	<Point X="155" Y="231"/>
	<Point X="144" Y="232"/>
	<Point X="134" Y="233"/>
	<Point X="126" Y="236"/>
	<Point X="119" Y="237"/>
	<Point X="114" Y="237"/>
	<Point X="109" Y="238"/>
	<Point X="108" Y="238"/>
	<Point X="109" Y="237"/>
	<Point X="112" Y="234"/>
	<Point X="118" Y="229"/>
	<Point X="120" Y="226"/>
	<Point X="125" Y="220"/>
	<Point X="130" Y="213"/>
	<Point X="137" Y="207"/>
	<Point X="145" Y="198"/>
	<Point X="152" Y="193"/>
	<Point X="159" Y="187"/>
	<Point X="166" Y="180"/>
	<Point X="171" Y="176"/>
	<Point X="175" Y="172"/>
	<Point X="179" Y="167"/>
	<Point X="181" Y="163"/>
	<Point X="184" Y="159"/>
	<Point X="185" Y="158"/>
	<Point X="185" Y="157"/>
</Gesture>
