<?xml version="1.0" ?>
<Gesture Name="delete_mark05" Subject="02" Number="05" NumPts="51">
	<Point X="148" Y="171"/>
	<Point X="149" Y="171"/>
	<Point X="151" Y="172"/>
	<Point X="155" Y="175"/>
	<Point X="159" Y="178"/>
	<Point X="164" Y="182"/>
	<Point X="171" Y="186"/>
	<Point X="178" Y="191"/>
	<Point X="183" Y="195"/>
	<Point X="191" Y="201"/>
	<Point X="198" Y="206"/>
	<Point X="202" Y="210"/>
	<Point X="209" Y="216"/>
	<Point X="212" Y="219"/>
	<Point X="214" Y="220"/>
	<Point X="217" Y="222"/>
	<Point X="218" Y="223"/>
	<Point X="219" Y="223"/>
	<Point X="219" Y="224"/>
	<Point X="218" Y="225"/>
	<Point X="213" Y="225"/>
	<Point X="203" Y="227"/>
	<Point X="196" Y="228"/>
	<Point X="185" Y="229"/>
	<Point X="174" Y="230"/>
	<Point X="163" Y="233"/>
	<Point X="154" Y="234"/>
	<Point X="147" Y="235"/>
	<Point X="139" Y="236"/>
	<Point X="136" Y="236"/>
	<Point X="133" Y="237"/>
	<Point X="132" Y="237"/>
	<Point X="131" Y="237"/>
	<Point X="132" Y="236"/>
	<Point X="134" Y="234"/>
	<Point X="139" Y="232"/>
	<Point X="144" Y="228"/>
	<Point X="151" Y="222"/>
	<Point X="158" Y="217"/>
	<Point X="165" Y="210"/>
	<Point X="174" Y="203"/>
	<Point X="182" Y="194"/>
	<Point X="190" Y="185"/>
	<Point X="198" Y="175"/>
	<Point X="206" Y="166"/>
	<Point X="211" Y="160"/>
	<Point X="215" Y="154"/>
	<Point X="219" Y="150"/>
	<Point X="221" Y="148"/>
	<Point X="221" Y="147"/>
	<Point X="222" Y="146"/>
</Gesture>
