<?xml version="1.0" ?>
<Gesture Name="delete_mark02" Subject="02" Number="02" NumPts="59">
	<Point X="159" Y="178"/>
	<Point X="161" Y="181"/>
	<Point X="164" Y="184"/>
	<Point X="166" Y="187"/>
	<Point X="169" Y="192"/>
	<Point X="174" Y="197"/>
	<Point X="177" Y="202"/>
	<Point X="181" Y="210"/>
	<Point X="187" Y="218"/>
	<Point X="192" Y="225"/>
	<Point X="197" Y="230"/>
	<Point X="200" Y="234"/>
	<Point X="205" Y="239"/>
	<Point X="208" Y="241"/>
	<Point X="210" Y="244"/>
	<Point X="212" Y="244"/>
	<Point X="213" Y="245"/>
	<Point X="214" Y="245"/>
	<Point X="214" Y="246"/>
	<Point X="215" Y="246"/>
	<Point X="214" Y="246"/>
	<Point X="210" Y="246"/>
	<Point X="206" Y="246"/>
	<Point X="200" Y="246"/>
	<Point X="191" Y="246"/>
	<Point X="185" Y="246"/>
	<Point X="179" Y="246"/>
	<Point X="172" Y="246"/>
	<Point X="166" Y="246"/>
	<Point X="161" Y="246"/>
	<Point X="158" Y="246"/>
	<Point X="156" Y="246"/>
	<Point X="154" Y="246"/>
	<Point X="153" Y="246"/>
	<Point X="152" Y="246"/>
	<Point X="151" Y="246"/>
	<Point X="150" Y="246"/>
	<Point X="149" Y="246"/>
	<Point X="147" Y="246"/>
	<Point X="145" Y="246"/>
	<Point X="144" Y="246"/>
	<Point X="146" Y="246"/>
	<Point X="152" Y="244"/>
	<Point X="154" Y="241"/>
	<Point X="158" Y="238"/>
	<Point X="163" Y="235"/>
	<Point X="167" Y="231"/>
	<Point X="172" Y="227"/>
	<Point X="178" Y="221"/>
	<Point X="184" Y="213"/>
	<Point X="188" Y="208"/>
	<Point X="193" Y="201"/>
	<Point X="199" Y="195"/>
	<Point X="203" Y="189"/>
	<Point X="207" Y="184"/>
	<Point X="211" Y="181"/>
	<Point X="213" Y="179"/>
	<Point X="214" Y="178"/>
	<Point X="214" Y="177"/>
</Gesture>
