<?xml version="1.0" ?>
<Gesture Name="delete_mark08" Subject="02" Number="08" NumPts="58">
	<Point X="112" Y="162"/>
	<Point X="114" Y="162"/>
	<Point X="115" Y="162"/>
	<Point X="119" Y="165"/>
	<Point X="122" Y="167"/>
	<Point X="126" Y="171"/>
	<Point X="133" Y="175"/>
	<Point X="137" Y="178"/>
	<Point X="145" Y="184"/>
	<Point X="153" Y="189"/>
	<Point X="160" Y="194"/>
	<Point X="168" Y="200"/>
	<Point X="174" Y="205"/>
	<Point X="181" Y="211"/>
	<Point X="188" Y="215"/>
	<Point X="193" Y="221"/>
	<Point X="197" Y="225"/>
	<Point X="199" Y="228"/>
	<Point X="202" Y="231"/>
	<Point X="203" Y="233"/>
	<Point X="205" Y="235"/>
	<Point X="204" Y="234"/>
	<Point X="202" Y="234"/>
	<Point X="198" Y="234"/>
	<Point X="193" Y="233"/>
	<Point X="187" Y="232"/>
	<Point X="182" Y="232"/>
	<Point X="173" Y="229"/>
	<Point X="167" Y="228"/>
	<Point X="159" Y="227"/>
	<Point X="152" Y="227"/>
	<Point X="146" Y="227"/>
	<Point X="140" Y="226"/>
	<Point X="134" Y="226"/>
	<Point X="129" Y="224"/>
	<Point X="125" Y="223"/>
	<Point X="123" Y="223"/>
	<Point X="121" Y="222"/>
	<Point X="118" Y="221"/>
	<Point X="118" Y="219"/>
	<Point X="119" Y="218"/>
	<Point X="121" Y="215"/>
	<Point X="123" Y="215"/>
	<Point X="129" Y="212"/>
	<Point X="134" Y="209"/>
	<Point X="138" Y="206"/>
	<Point X="144" Y="201"/>
	<Point X="150" Y="196"/>
	<Point X="155" Y="190"/>
	<Point X="162" Y="185"/>
	<Point X="164" Y="182"/>
	<Point X="170" Y="177"/>
	<Point X="173" Y="172"/>
	<Point X="175" Y="168"/>
	<Point X="175" Y="166"/>
	<Point X="177" Y="162"/>
	<Point X="178" Y="160"/>
	<Point X="179" Y="156"/>
</Gesture>
