<?xml version="1.0" ?>
<Gesture Name="delete_mark09" Subject="02" Number="09" NumPts="50">
	<Point X="124" Y="170"/>
	<Point X="127" Y="170"/>
	<Point X="128" Y="172"/>
	<Point X="132" Y="173"/>
	<Point X="136" Y="175"/>
	<Point X="139" Y="177"/>
	<Point X="142" Y="179"/>
	<Point X="145" Y="181"/>
	<Point X="149" Y="184"/>
	<Point X="153" Y="188"/>
	<Point X="158" Y="192"/>
	<Point X="162" Y="196"/>
	<Point X="168" Y="202"/>
	<Point X="172" Y="206"/>
	<Point X="176" Y="211"/>
	<Point X="181" Y="216"/>
	<Point X="183" Y="218"/>
	<Point X="185" Y="221"/>
	<Point X="187" Y="222"/>
	<Point X="189" Y="224"/>
	<Point X="188" Y="224"/>
	<Point X="185" Y="224"/>
	<Point X="182" Y="224"/>
	<Point X="178" Y="224"/>
	<Point X="172" Y="224"/>
	<Point X="166" Y="224"/>
	<Point X="158" Y="224"/>
	<Point X="154" Y="224"/>
	<Point X="149" Y="224"/>
	<Point X="145" Y="224"/>
	<Point X="142" Y="224"/>
	<Point X="140" Y="224"/>
	<Point X="139" Y="224"/>
	<Point X="138" Y="224"/>
	<Point X="138" Y="223"/>
	<Point X="138" Y="220"/>
	<Point X="142" Y="214"/>
	<Point X="146" Y="209"/>
	<Point X="151" Y="203"/>
	<Point X="157" Y="197"/>
	<Point X="163" Y="190"/>
	<Point X="168" Y="183"/>
	<Point X="175" Y="174"/>
	<Point X="182" Y="167"/>
	<Point X="189" Y="157"/>
	<Point X="194" Y="149"/>
	<Point X="199" Y="144"/>
	<Point X="202" Y="139"/>
	<Point X="204" Y="137"/>
	<Point X="206" Y="136"/>
</Gesture>
