<?xml version="1.0" ?>
<Gesture Name="delete_mark03" Subject="02" Number="03" NumPts="63">
	<Point X="118" Y="172"/>
	<Point X="123" Y="175"/>
	<Point X="127" Y="179"/>
	<Point X="133" Y="183"/>
	<Point X="143" Y="189"/>
	<Point X="151" Y="195"/>
	<Point X="156" Y="200"/>
	<Point X="165" Y="206"/>
	<Point X="170" Y="210"/>
	<Point X="175" Y="213"/>
	<Point X="180" Y="217"/>
	<Point X="182" Y="218"/>
	<Point X="185" Y="221"/>
	<Point X="187" Y="222"/>
	<Point X="189" Y="225"/>
	<Point X="190" Y="226"/>
	<Point X="191" Y="226"/>
	<Point X="192" Y="226"/>
	<Point X="193" Y="227"/>
	<Point X="192" Y="228"/>
	<Point X="188" Y="228"/>
	<Point X="180" Y="228"/>
	<Point X="173" Y="228"/>
	<Point X="164" Y="228"/>
	<Point X="157" Y="228"/>
	<Point X="149" Y="228"/>
	<Point X="144" Y="228"/>
	<Point X="138" Y="228"/>
	<Point X="132" Y="228"/>
	<Point X="127" Y="228"/>
	<Point X="124" Y="228"/>
	<Point X="120" Y="228"/>
	<Point X="119" Y="228"/>
	<Point X="115" Y="228"/>
	<Point X="111" Y="228"/>
	<Point X="109" Y="228"/>
	<Point X="107" Y="228"/>
	<Point X="104" Y="228"/>
	<Point X="103" Y="228"/>
	<Point X="102" Y="228"/>
	<Point X="101" Y="228"/>
	<Point X="100" Y="228"/>
	<Point X="101" Y="225"/>
	<Point X="105" Y="222"/>
	<Point X="111" Y="217"/>
	<Point X="118" Y="212"/>
	<Point X="126" Y="207"/>
	<Point X="134" Y="201"/>
	<Point X="144" Y="195"/>
	<Point X="153" Y="189"/>
	<Point X="161" Y="184"/>
	<Point X="168" Y="180"/>
	<Point X="173" Y="176"/>
	<Point X="177" Y="172"/>
	<Point X="179" Y="169"/>
	<Point X="183" Y="165"/>
	<Point X="184" Y="164"/>
	<Point X="187" Y="161"/>
	<Point X="188" Y="158"/>
	<Point X="188" Y="156"/>
	<Point X="190" Y="155"/>
	<Point X="190" Y="154"/>
	<Point X="190" Y="155"/>
</Gesture>
