<?xml version="1.0" ?>
<Gesture Name="delete_mark01" Subject="02" Number="01" NumPts="58">
	<Point X="157" Y="173"/>
	<Point X="162" Y="177"/>
	<Point X="167" Y="179"/>
	<Point X="174" Y="185"/>
	<Point X="181" Y="190"/>
	<Point X="188" Y="195"/>
	<Point X="197" Y="201"/>
	<Point X="203" Y="204"/>
	<Point X="208" Y="207"/>
	<Point X="213" Y="210"/>
	<Point X="216" Y="212"/>
	<Point X="219" Y="214"/>
	<Point X="221" Y="216"/>
	<Point X="223" Y="218"/>
	<Point X="224" Y="218"/>
	<Point X="225" Y="219"/>
	<Point X="228" Y="220"/>
	<Point X="226" Y="220"/>
	<Point X="224" Y="220"/>
	<Point X="220" Y="220"/>
	<Point X="215" Y="220"/>
	<Point X="211" Y="220"/>
	<Point X="203" Y="220"/>
	<Point X="199" Y="220"/>
	<Point X="194" Y="220"/>
	<Point X="190" Y="220"/>
	<Point X="187" Y="220"/>
	<Point X="183" Y="220"/>
	<Point X="180" Y="220"/>
	<Point X="175" Y="220"/>
	<Point X="172" Y="220"/>
	<Point X="168" Y="220"/>
	<Point X="166" Y="220"/>
	<Point X="163" Y="220"/>
	<Point X="161" Y="220"/>
	<Point X="159" Y="220"/>
	<Point X="157" Y="220"/>
	<Point X="156" Y="220"/>
	<Point X="155" Y="220"/>
	<Point X="157" Y="220"/>
	<Point X="160" Y="219"/>
	<Point X="163" Y="216"/>
	<Point X="169" Y="211"/>
	<Point X="172" Y="208"/>
	<Point X="177" Y="204"/>
	<Point X="183" Y="200"/>
	<Point X="189" Y="194"/>
	<Point X="196" Y="190"/>
	<Point X="198" Y="187"/>
	<Point X="205" Y="184"/>
	<Point X="210" Y="180"/>
	<Point X="214" Y="177"/>
	<Point X="216" Y="175"/>
	<Point X="217" Y="175"/>
	<Point X="218" Y="175"/>
	<Point X="219" Y="174"/>
	<Point X="220" Y="173"/>
	<Point X="221" Y="172"/>
</Gesture>
