<?xml version="1.0" ?>
<Gesture Name="left_sq_bracket06" Subject="02" Number="06" NumPts="44">
	<Point X="203" Y="103"/>
	<Point X="202" Y="102"/>
	<Point X="199" Y="102"/>
	<Point X="195" Y="101"/>
	<Point X="189" Y="100"/>
	<Point X="183" Y="98"/>
	<Point X="178" Y="98"/>
	<Point X="171" Y="98"/>
	<Point X="167" Y="98"/>
	<Point X="164" Y="98"/>
	<Point X="162" Y="98"/>
	<Point X="160" Y="98"/>
	<Point X="159" Y="98"/>
	<Point X="158" Y="98"/>
	<Point X="158" Y="101"/>
	<Point X="158" Y="104"/>
	<Point X="157" Y="108"/>
	<Point X="157" Y="113"/>
	<Point X="157" Y="119"/>
	<Point X="156" Y="124"/>
	<Point X="156" Y="127"/>
	<Point X="156" Y="132"/>
	<Point X="156" Y="134"/>
	<Point X="156" Y="136"/>
	<Point X="156" Y="138"/>
	<Point X="156" Y="140"/>
	<Point X="156" Y="141"/>
	<Point X="156" Y="143"/>
	<Point X="156" Y="144"/>
	<Point X="156" Y="145"/>
	<Point X="158" Y="145"/>
	<Point X="160" Y="145"/>
	<Point X="164" Y="147"/>
	<Point X="166" Y="147"/>
	<Point X="169" Y="148"/>
	<Point X="174" Y="148"/>
	<Point X="177" Y="148"/>
	<Point X="181" Y="149"/>
	<Point X="182" Y="149"/>
	<Point X="185" Y="150"/>
	<Point X="186" Y="150"/>
	<Point X="187" Y="150"/>
	<Point X="188" Y="150"/>
	<Point X="189" Y="150"/>
</Gesture>
