<?xml version="1.0" ?>
<Gesture Name="left_sq_bracket08" Subject="02" Number="08" NumPts="45">
	<Point X="187" Y="147"/>
	<Point X="183" Y="147"/>
	<Point X="180" Y="147"/>
	<Point X="176" Y="145"/>
	<Point X="171" Y="144"/>
	<Point X="166" Y="144"/>
	<Point X="163" Y="143"/>
	<Point X="160" Y="143"/>
	<Point X="159" Y="143"/>
	<Point X="159" Y="145"/>
	<Point X="159" Y="148"/>
	<Point X="159" Y="152"/>
	<Point X="159" Y="158"/>
	<Point X="159" Y="163"/>
	<Point X="159" Y="167"/>
	<Point X="159" Y="175"/>
	<Point X="159" Y="178"/>
	<Point X="159" Y="184"/>
	<Point X="159" Y="188"/>
	<Point X="159" Y="194"/>
	<Point X="159" Y="199"/>
	<Point X="159" Y="203"/>
	<Point X="159" Y="209"/>
	<Point X="159" Y="214"/>
	<Point X="159" Y="217"/>
	<Point X="159" Y="220"/>
	<Point X="159" Y="223"/>
	<Point X="159" Y="225"/>
	<Point X="159" Y="228"/>
	<Point X="158" Y="230"/>
	<Point X="156" Y="233"/>
	<Point X="156" Y="234"/>
	<Point X="156" Y="235"/>
	<Point X="156" Y="236"/>
	<Point X="156" Y="237"/>
	<Point X="157" Y="237"/>
	<Point X="159" Y="237"/>
	<Point X="164" Y="237"/>
	<Point X="168" Y="238"/>
	<Point X="173" Y="238"/>
	<Point X="177" Y="238"/>
	<Point X="182" Y="238"/>
	<Point X="185" Y="238"/>
	<Point X="187" Y="238"/>
	<Point X="189" Y="238"/>
</Gesture>
