<?xml version="1.0" ?>
<Gesture Name="left_curly_brace03" Subject="02" Number="03" NumPts="150">
	<Point X="148" Y="154"/>
	<Point X="147" Y="154"/>
	<Point X="146" Y="154"/>
	<Point X="143" Y="154"/>
	<Point X="140" Y="153"/>
	<Point X="139" Y="153"/>
	<Point X="136" Y="153"/>
	<Point X="135" Y="153"/>
	<Point X="134" Y="153"/>
	<Point X="132" Y="153"/>
	<Point X="131" Y="153"/>
	<Point X="129" Y="153"/>
	<Point X="127" Y="153"/>
	<Point X="125" Y="153"/>
	<Point X="124" Y="153"/>
	<Point X="123" Y="153"/>
	<Point X="122" Y="154"/>
	<Point X="121" Y="155"/>
	<Point X="120" Y="156"/>
	<Point X="120" Y="157"/>
	<Point X="120" Y="159"/>
	<Point X="120" Y="161"/>
	<Point X="120" Y="163"/>
	<Point X="120" Y="165"/>
	<Point X="120" Y="166"/>
	<Point X="120" Y="167"/>
	<Point X="120" Y="169"/>
	<Point X="120" Y="170"/>
	<Point X="120" Y="171"/>
	<Point X="120" Y="173"/>
	<Point X="120" Y="175"/>
	<Point X="120" Y="176"/>
	<Point X="120" Y="177"/>
	<Point X="120" Y="178"/>
	<Point X="120" Y="180"/>
	<Point X="120" Y="181"/>
	<Point X="120" Y="182"/>
	<Point X="120" Y="184"/>
	<Point X="121" Y="185"/>
	<Point X="121" Y="186"/>
	<Point X="121" Y="187"/>
	<Point X="122" Y="188"/>
	<Point X="123" Y="191"/>
	<Point X="124" Y="193"/>
	<Point X="124" Y="194"/>
	<Point X="124" Y="195"/>
	<Point X="124" Y="196"/>
	<Point X="124" Y="197"/>
	<Point X="124" Y="198"/>
	<Point X="124" Y="199"/>
	<Point X="124" Y="200"/>
	<Point X="124" Y="201"/>
	<Point X="124" Y="202"/>
	<Point X="124" Y="204"/>
	<Point X="124" Y="206"/>
	<Point X="123" Y="206"/>
	<Point X="122" Y="206"/>
	<Point X="121" Y="206"/>
	<Point X="118" Y="206"/>
	<Point X="117" Y="206"/>
	<Point X="116" Y="206"/>
	<Point X="115" Y="206"/>
	<Point X="114" Y="206"/>
	<Point X="111" Y="206"/>
	<Point X="110" Y="206"/>
	<Point X="109" Y="206"/>
	<Point X="108" Y="206"/>
	<Point X="107" Y="206"/>
	<Point X="105" Y="206"/>
	<Point X="104" Y="206"/>
	<Point X="103" Y="206"/>
	<Point X="102" Y="206"/>
	<Point X="101" Y="206"/>
	<Point X="100" Y="206"/>
	<Point X="99" Y="206"/>
	<Point X="98" Y="206"/>
	<Point X="97" Y="207"/>
	<Point X="97" Y="208"/>
	<Point X="97" Y="209"/>
	<Point X="98" Y="210"/>
	<Point X="99" Y="211"/>
	<Point X="101" Y="212"/>
	<Point X="102" Y="213"/>
	<Point X="104" Y="213"/>
	<Point X="105" Y="213"/>
	<Point X="106" Y="215"/>
	<Point X="107" Y="215"/>
	<Point X="108" Y="215"/>
	<Point X="109" Y="216"/>
	<Point X="109" Y="217"/>
	<Point X="112" Y="218"/>
	<Point X="113" Y="219"/>
	<Point X="114" Y="220"/>
	<Point X="115" Y="221"/>
	<Point X="115" Y="222"/>
	<Point X="116" Y="223"/>
	<Point X="116" Y="224"/>
	<Point X="116" Y="225"/>
	<Point X="116" Y="226"/>
	<Point X="116" Y="227"/>
	<Point X="116" Y="228"/>
	<Point X="116" Y="229"/>
	<Point X="116" Y="231"/>
	<Point X="116" Y="232"/>
	<Point X="115" Y="233"/>
	<Point X="115" Y="234"/>
	<Point X="115" Y="235"/>
	<Point X="114" Y="236"/>
	<Point X="114" Y="237"/>
	<Point X="114" Y="238"/>
	<Point X="113" Y="240"/>
	<Point X="113" Y="241"/>
	<Point X="113" Y="242"/>
	<Point X="113" Y="243"/>
	<Point X="113" Y="245"/>
	<Point X="112" Y="245"/>
	<Point X="112" Y="246"/>
	<Point X="112" Y="247"/>
	<Point X="112" Y="248"/>
	<Point X="112" Y="249"/>
	<Point X="112" Y="251"/>
	<Point X="112" Y="252"/>
	<Point X="112" Y="254"/>
	<Point X="113" Y="254"/>
	<Point X="113" Y="255"/>
	<Point X="115" Y="257"/>
	<Point X="116" Y="258"/>
	<Point X="118" Y="259"/>
	<Point X="119" Y="260"/>
	<Point X="122" Y="260"/>
	<Point X="123" Y="262"/>
	<Point X="124" Y="263"/>
	<Point X="125" Y="263"/>
	<Point X="128" Y="263"/>
	<Point X="129" Y="263"/>
	<Point X="132" Y="264"/>
	<Point X="133" Y="264"/>
	<Point X="135" Y="266"/>
	<Point X="137" Y="266"/>
	<Point X="138" Y="267"/>
	<Point X="141" Y="267"/>
	<Point X="143" Y="267"/>
	<Point X="147" Y="268"/>
	<Point X="149" Y="268"/>
	<Point X="151" Y="268"/>
	<Point X="154" Y="270"/>
	<Point X="155" Y="270"/>
	<Point X="157" Y="270"/>
	<Point X="158" Y="270"/>
	<Point X="159" Y="270"/>
</Gesture>
