<?xml version="1.0" ?>
<Gesture Name="left_sq_bracket02" Subject="02" Number="02" NumPts="49">
	<Point X="156" Y="104"/>
	<Point X="155" Y="104"/>
	<Point X="154" Y="104"/>
	<Point X="151" Y="104"/>
	<Point X="150" Y="105"/>
	<Point X="149" Y="105"/>
	<Point X="148" Y="105"/>
	<Point X="146" Y="105"/>
	<Point X="144" Y="105"/>
	<Point X="143" Y="105"/>
	<Point X="141" Y="106"/>
	<Point X="140" Y="106"/>
	<Point X="138" Y="106"/>
	<Point X="138" Y="108"/>
	<Point X="138" Y="111"/>
	<Point X="138" Y="113"/>
	<Point X="138" Y="116"/>
	<Point X="138" Y="121"/>
	<Point X="138" Y="124"/>
	<Point X="138" Y="128"/>
	<Point X="138" Y="132"/>
	<Point X="138" Y="136"/>
	<Point X="138" Y="138"/>
	<Point X="137" Y="142"/>
	<Point X="137" Y="145"/>
	<Point X="137" Y="148"/>
	<Point X="137" Y="151"/>
	<Point X="137" Y="153"/>
	<Point X="136" Y="154"/>
	<Point X="136" Y="158"/>
	<Point X="135" Y="160"/>
	<Point X="135" Y="161"/>
	<Point X="135" Y="162"/>
	<Point X="135" Y="164"/>
	<Point X="134" Y="166"/>
	<Point X="134" Y="167"/>
	<Point X="134" Y="168"/>
	<Point X="134" Y="169"/>
	<Point X="136" Y="169"/>
	<Point X="139" Y="169"/>
	<Point X="143" Y="169"/>
	<Point X="148" Y="169"/>
	<Point X="153" Y="169"/>
	<Point X="157" Y="169"/>
	<Point X="163" Y="169"/>
	<Point X="166" Y="169"/>
	<Point X="169" Y="169"/>
	<Point X="171" Y="169"/>
	<Point X="172" Y="169"/>
</Gesture>
