<?xml version="1.0" ?>
<Gesture Name="left_sq_bracket10" Subject="02" Number="10" NumPts="51">
	<Point X="180" Y="151"/>
	<Point X="179" Y="151"/>
	<Point X="178" Y="151"/>
	<Point X="175" Y="151"/>
	<Point X="172" Y="151"/>
	<Point X="168" Y="151"/>
	<Point X="164" Y="151"/>
	<Point X="161" Y="151"/>
	<Point X="157" Y="151"/>
	<Point X="152" Y="151"/>
	<Point X="149" Y="151"/>
	<Point X="145" Y="151"/>
	<Point X="142" Y="151"/>
	<Point X="140" Y="151"/>
	<Point X="139" Y="151"/>
	<Point X="138" Y="151"/>
	<Point X="137" Y="151"/>
	<Point X="136" Y="151"/>
	<Point X="136" Y="154"/>
	<Point X="136" Y="156"/>
	<Point X="136" Y="161"/>
	<Point X="136" Y="165"/>
	<Point X="136" Y="170"/>
	<Point X="136" Y="177"/>
	<Point X="136" Y="183"/>
	<Point X="140" Y="192"/>
	<Point X="140" Y="196"/>
	<Point X="141" Y="201"/>
	<Point X="141" Y="206"/>
	<Point X="141" Y="209"/>
	<Point X="141" Y="214"/>
	<Point X="141" Y="217"/>
	<Point X="141" Y="219"/>
	<Point X="141" Y="222"/>
	<Point X="141" Y="224"/>
	<Point X="141" Y="225"/>
	<Point X="141" Y="227"/>
	<Point X="141" Y="228"/>
	<Point X="142" Y="228"/>
	<Point X="144" Y="228"/>
	<Point X="147" Y="228"/>
	<Point X="151" Y="228"/>
	<Point X="157" Y="228"/>
	<Point X="165" Y="228"/>
	<Point X="171" Y="228"/>
	<Point X="177" Y="228"/>
	<Point X="183" Y="228"/>
	<Point X="186" Y="228"/>
	<Point X="188" Y="228"/>
	<Point X="189" Y="228"/>
	<Point X="190" Y="228"/>
</Gesture>
