<?xml version="1.0" ?>
<Gesture Name="left_curly_brace05" Subject="02" Number="05" NumPts="146">
	<Point X="170" Y="147"/>
	<Point X="170" Y="146"/>
	<Point X="169" Y="144"/>
	<Point X="168" Y="144"/>
	<Point X="167" Y="143"/>
	<Point X="165" Y="143"/>
	<Point X="164" Y="143"/>
	<Point X="162" Y="142"/>
	<Point X="161" Y="142"/>
	<Point X="159" Y="141"/>
	<Point X="157" Y="141"/>
	<Point X="156" Y="141"/>
	<Point X="155" Y="141"/>
	<Point X="153" Y="141"/>
	<Point X="151" Y="141"/>
	<Point X="150" Y="141"/>
	<Point X="149" Y="141"/>
	<Point X="148" Y="141"/>
	<Point X="147" Y="141"/>
	<Point X="145" Y="142"/>
	<Point X="143" Y="143"/>
	<Point X="142" Y="144"/>
	<Point X="141" Y="144"/>
	<Point X="140" Y="146"/>
	<Point X="139" Y="146"/>
	<Point X="139" Y="148"/>
	<Point X="138" Y="150"/>
	<Point X="138" Y="152"/>
	<Point X="136" Y="154"/>
	<Point X="136" Y="155"/>
	<Point X="136" Y="156"/>
	<Point X="136" Y="157"/>
	<Point X="136" Y="159"/>
	<Point X="136" Y="161"/>
	<Point X="136" Y="162"/>
	<Point X="136" Y="164"/>
	<Point X="136" Y="166"/>
	<Point X="136" Y="167"/>
	<Point X="136" Y="168"/>
	<Point X="136" Y="170"/>
	<Point X="136" Y="172"/>
	<Point X="136" Y="174"/>
	<Point X="136" Y="176"/>
	<Point X="137" Y="178"/>
	<Point X="138" Y="180"/>
	<Point X="138" Y="182"/>
	<Point X="139" Y="185"/>
	<Point X="140" Y="187"/>
	<Point X="140" Y="189"/>
	<Point X="140" Y="190"/>
	<Point X="140" Y="192"/>
	<Point X="140" Y="193"/>
	<Point X="141" Y="195"/>
	<Point X="141" Y="197"/>
	<Point X="141" Y="198"/>
	<Point X="142" Y="199"/>
	<Point X="142" Y="200"/>
	<Point X="142" Y="201"/>
	<Point X="142" Y="202"/>
	<Point X="141" Y="202"/>
	<Point X="139" Y="204"/>
	<Point X="137" Y="205"/>
	<Point X="135" Y="205"/>
	<Point X="133" Y="206"/>
	<Point X="132" Y="206"/>
	<Point X="129" Y="206"/>
	<Point X="127" Y="206"/>
	<Point X="126" Y="206"/>
	<Point X="125" Y="206"/>
	<Point X="122" Y="206"/>
	<Point X="121" Y="206"/>
	<Point X="120" Y="206"/>
	<Point X="119" Y="206"/>
	<Point X="116" Y="206"/>
	<Point X="115" Y="206"/>
	<Point X="113" Y="206"/>
	<Point X="112" Y="206"/>
	<Point X="111" Y="206"/>
	<Point X="110" Y="206"/>
	<Point X="111" Y="206"/>
	<Point X="112" Y="206"/>
	<Point X="113" Y="206"/>
	<Point X="115" Y="206"/>
	<Point X="117" Y="208"/>
	<Point X="118" Y="208"/>
	<Point X="121" Y="209"/>
	<Point X="122" Y="209"/>
	<Point X="124" Y="209"/>
	<Point X="126" Y="209"/>
	<Point X="126" Y="210"/>
	<Point X="127" Y="210"/>
	<Point X="129" Y="211"/>
	<Point X="131" Y="212"/>
	<Point X="131" Y="213"/>
	<Point X="132" Y="213"/>
	<Point X="133" Y="213"/>
	<Point X="133" Y="214"/>
	<Point X="134" Y="215"/>
	<Point X="134" Y="216"/>
	<Point X="134" Y="217"/>
	<Point X="134" Y="218"/>
	<Point X="133" Y="219"/>
	<Point X="133" Y="220"/>
	<Point X="132" Y="222"/>
	<Point X="131" Y="222"/>
	<Point X="131" Y="223"/>
	<Point X="130" Y="223"/>
	<Point X="129" Y="225"/>
	<Point X="129" Y="226"/>
	<Point X="129" Y="227"/>
	<Point X="127" Y="229"/>
	<Point X="127" Y="230"/>
	<Point X="127" Y="231"/>
	<Point X="127" Y="232"/>
	<Point X="127" Y="233"/>
	<Point X="127" Y="234"/>
	<Point X="127" Y="235"/>
	<Point X="127" Y="236"/>
	<Point X="127" Y="237"/>
	<Point X="127" Y="238"/>
	<Point X="127" Y="239"/>
	<Point X="127" Y="240"/>
	<Point X="127" Y="241"/>
	<Point X="127" Y="242"/>
	<Point X="127" Y="243"/>
	<Point X="128" Y="244"/>
	<Point X="130" Y="246"/>
	<Point X="130" Y="247"/>
	<Point X="131" Y="248"/>
	<Point X="132" Y="249"/>
	<Point X="133" Y="250"/>
	<Point X="134" Y="251"/>
	<Point X="135" Y="252"/>
	<Point X="136" Y="253"/>
	<Point X="138" Y="255"/>
	<Point X="139" Y="256"/>
	<Point X="141" Y="256"/>
	<Point X="143" Y="257"/>
	<Point X="144" Y="257"/>
	<Point X="145" Y="258"/>
	<Point X="148" Y="259"/>
	<Point X="149" Y="260"/>
	<Point X="150" Y="260"/>
	<Point X="152" Y="261"/>
	<Point X="155" Y="262"/>
	<Point X="156" Y="263"/>
</Gesture>
