<?xml version="1.0" ?>
<Gesture Name="left_sq_bracket01" Subject="02" Number="01" NumPts="50">
	<Point X="196" Y="121"/>
	<Point X="195" Y="121"/>
	<Point X="193" Y="121"/>
	<Point X="192" Y="121"/>
	<Point X="190" Y="121"/>
	<Point X="187" Y="121"/>
	<Point X="186" Y="121"/>
	<Point X="183" Y="121"/>
	<Point X="182" Y="121"/>
	<Point X="180" Y="121"/>
	<Point X="178" Y="122"/>
	<Point X="176" Y="123"/>
	<Point X="175" Y="123"/>
	<Point X="173" Y="123"/>
	<Point X="171" Y="123"/>
	<Point X="169" Y="123"/>
	<Point X="168" Y="123"/>
	<Point X="167" Y="123"/>
	<Point X="167" Y="124"/>
	<Point X="167" Y="127"/>
	<Point X="167" Y="130"/>
	<Point X="167" Y="134"/>
	<Point X="170" Y="140"/>
	<Point X="172" Y="145"/>
	<Point X="175" Y="151"/>
	<Point X="176" Y="158"/>
	<Point X="176" Y="164"/>
	<Point X="177" Y="171"/>
	<Point X="177" Y="177"/>
	<Point X="177" Y="183"/>
	<Point X="177" Y="189"/>
	<Point X="177" Y="194"/>
	<Point X="177" Y="198"/>
	<Point X="177" Y="203"/>
	<Point X="177" Y="206"/>
	<Point X="177" Y="208"/>
	<Point X="177" Y="210"/>
	<Point X="177" Y="212"/>
	<Point X="177" Y="213"/>
	<Point X="178" Y="214"/>
	<Point X="179" Y="214"/>
	<Point X="181" Y="214"/>
	<Point X="183" Y="214"/>
	<Point X="186" Y="214"/>
	<Point X="190" Y="214"/>
	<Point X="195" Y="214"/>
	<Point X="198" Y="214"/>
	<Point X="200" Y="214"/>
	<Point X="203" Y="214"/>
	<Point X="204" Y="214"/>
</Gesture>
