<?xml version="1.0" ?>
<Gesture Name="left_curly_brace06" Subject="02" Number="06" NumPts="149">
	<Point X="173" Y="141"/>
	<Point X="171" Y="141"/>
	<Point X="170" Y="141"/>
	<Point X="166" Y="141"/>
	<Point X="165" Y="141"/>
	<Point X="163" Y="141"/>
	<Point X="161" Y="141"/>
	<Point X="159" Y="141"/>
	<Point X="157" Y="141"/>
	<Point X="154" Y="141"/>
	<Point X="153" Y="141"/>
	<Point X="151" Y="141"/>
	<Point X="150" Y="141"/>
	<Point X="148" Y="141"/>
	<Point X="147" Y="143"/>
	<Point X="145" Y="144"/>
	<Point X="144" Y="146"/>
	<Point X="143" Y="146"/>
	<Point X="143" Y="147"/>
	<Point X="142" Y="150"/>
	<Point X="142" Y="151"/>
	<Point X="142" Y="154"/>
	<Point X="142" Y="157"/>
	<Point X="142" Y="158"/>
	<Point X="142" Y="160"/>
	<Point X="142" Y="161"/>
	<Point X="142" Y="162"/>
	<Point X="142" Y="164"/>
	<Point X="142" Y="165"/>
	<Point X="142" Y="168"/>
	<Point X="143" Y="169"/>
	<Point X="143" Y="170"/>
	<Point X="143" Y="171"/>
	<Point X="143" Y="172"/>
	<Point X="144" Y="174"/>
	<Point X="145" Y="177"/>
	<Point X="145" Y="178"/>
	<Point X="146" Y="181"/>
	<Point X="146" Y="182"/>
	<Point X="146" Y="183"/>
	<Point X="147" Y="185"/>
	<Point X="147" Y="186"/>
	<Point X="147" Y="187"/>
	<Point X="148" Y="188"/>
	<Point X="148" Y="190"/>
	<Point X="148" Y="192"/>
	<Point X="149" Y="194"/>
	<Point X="149" Y="196"/>
	<Point X="149" Y="198"/>
	<Point X="149" Y="199"/>
	<Point X="149" Y="200"/>
	<Point X="149" Y="202"/>
	<Point X="149" Y="203"/>
	<Point X="149" Y="204"/>
	<Point X="149" Y="205"/>
	<Point X="149" Y="206"/>
	<Point X="149" Y="207"/>
	<Point X="148" Y="207"/>
	<Point X="147" Y="208"/>
	<Point X="146" Y="208"/>
	<Point X="144" Y="208"/>
	<Point X="142" Y="208"/>
	<Point X="141" Y="208"/>
	<Point X="140" Y="208"/>
	<Point X="137" Y="208"/>
	<Point X="134" Y="208"/>
	<Point X="133" Y="208"/>
	<Point X="131" Y="208"/>
	<Point X="130" Y="208"/>
	<Point X="129" Y="208"/>
	<Point X="128" Y="208"/>
	<Point X="127" Y="208"/>
	<Point X="126" Y="208"/>
	<Point X="125" Y="208"/>
	<Point X="126" Y="209"/>
	<Point X="128" Y="209"/>
	<Point X="130" Y="209"/>
	<Point X="131" Y="209"/>
	<Point X="134" Y="210"/>
	<Point X="135" Y="210"/>
	<Point X="138" Y="211"/>
	<Point X="140" Y="211"/>
	<Point X="142" Y="211"/>
	<Point X="143" Y="211"/>
	<Point X="144" Y="211"/>
	<Point X="146" Y="213"/>
	<Point X="148" Y="214"/>
	<Point X="149" Y="214"/>
	<Point X="149" Y="215"/>
	<Point X="149" Y="217"/>
	<Point X="149" Y="219"/>
	<Point X="149" Y="221"/>
	<Point X="149" Y="222"/>
	<Point X="149" Y="224"/>
	<Point X="149" Y="226"/>
	<Point X="149" Y="227"/>
	<Point X="149" Y="228"/>
	<Point X="148" Y="229"/>
	<Point X="147" Y="230"/>
	<Point X="146" Y="231"/>
	<Point X="144" Y="234"/>
	<Point X="143" Y="235"/>
	<Point X="142" Y="236"/>
	<Point X="141" Y="238"/>
	<Point X="140" Y="240"/>
	<Point X="139" Y="241"/>
	<Point X="138" Y="242"/>
	<Point X="137" Y="243"/>
	<Point X="137" Y="244"/>
	<Point X="137" Y="245"/>
	<Point X="135" Y="246"/>
	<Point X="135" Y="247"/>
	<Point X="135" Y="249"/>
	<Point X="135" Y="250"/>
	<Point X="135" Y="251"/>
	<Point X="135" Y="252"/>
	<Point X="135" Y="253"/>
	<Point X="135" Y="254"/>
	<Point X="135" Y="255"/>
	<Point X="135" Y="257"/>
	<Point X="135" Y="259"/>
	<Point X="135" Y="260"/>
	<Point X="135" Y="261"/>
	<Point X="135" Y="262"/>
	<Point X="136" Y="263"/>
	<Point X="136" Y="264"/>
	<Point X="136" Y="265"/>
	<Point X="138" Y="266"/>
	<Point X="140" Y="268"/>
	<Point X="141" Y="269"/>
	<Point X="142" Y="269"/>
	<Point X="143" Y="270"/>
	<Point X="146" Y="271"/>
	<Point X="146" Y="272"/>
	<Point X="148" Y="272"/>
	<Point X="149" Y="273"/>
	<Point X="151" Y="273"/>
	<Point X="152" Y="273"/>
	<Point X="154" Y="275"/>
	<Point X="156" Y="276"/>
	<Point X="157" Y="276"/>
	<Point X="159" Y="276"/>
	<Point X="161" Y="277"/>
	<Point X="164" Y="279"/>
	<Point X="168" Y="280"/>
	<Point X="170" Y="281"/>
	<Point X="172" Y="281"/>
	<Point X="175" Y="283"/>
	<Point X="176" Y="283"/>
</Gesture>
