<?xml version="1.0" ?>
<Gesture Name="left_sq_bracket05" Subject="02" Number="05" NumPts="51">
	<Point X="195" Y="99"/>
	<Point X="191" Y="98"/>
	<Point X="188" Y="98"/>
	<Point X="184" Y="98"/>
	<Point X="181" Y="98"/>
	<Point X="177" Y="98"/>
	<Point X="174" Y="98"/>
	<Point X="173" Y="98"/>
	<Point X="172" Y="98"/>
	<Point X="171" Y="98"/>
	<Point X="170" Y="98"/>
	<Point X="169" Y="98"/>
	<Point X="168" Y="99"/>
	<Point X="168" Y="100"/>
	<Point X="168" Y="103"/>
	<Point X="168" Y="107"/>
	<Point X="168" Y="110"/>
	<Point X="168" Y="114"/>
	<Point X="168" Y="119"/>
	<Point X="168" Y="123"/>
	<Point X="168" Y="127"/>
	<Point X="168" Y="130"/>
	<Point X="168" Y="134"/>
	<Point X="168" Y="137"/>
	<Point X="168" Y="140"/>
	<Point X="168" Y="141"/>
	<Point X="168" Y="144"/>
	<Point X="168" Y="146"/>
	<Point X="168" Y="147"/>
	<Point X="168" Y="149"/>
	<Point X="168" Y="151"/>
	<Point X="168" Y="152"/>
	<Point X="167" Y="153"/>
	<Point X="168" Y="154"/>
	<Point X="169" Y="155"/>
	<Point X="170" Y="155"/>
	<Point X="173" Y="155"/>
	<Point X="174" Y="155"/>
	<Point X="177" Y="155"/>
	<Point X="181" Y="156"/>
	<Point X="183" Y="156"/>
	<Point X="184" Y="156"/>
	<Point X="185" Y="156"/>
	<Point X="188" Y="156"/>
	<Point X="189" Y="157"/>
	<Point X="190" Y="157"/>
	<Point X="192" Y="157"/>
	<Point X="194" Y="159"/>
	<Point X="196" Y="159"/>
	<Point X="197" Y="159"/>
	<Point X="198" Y="159"/>
</Gesture>
