<?xml version="1.0" ?>
<Gesture Name="left_curly_brace02" Subject="02" Number="02" NumPts="121">
	<Point X="131" Y="163"/>
	<Point X="128" Y="163"/>
	<Point X="125" Y="163"/>
	<Point X="123" Y="163"/>
	<Point X="120" Y="163"/>
	<Point X="118" Y="163"/>
	<Point X="115" Y="164"/>
	<Point X="114" Y="165"/>
	<Point X="113" Y="166"/>
	<Point X="112" Y="167"/>
	<Point X="111" Y="168"/>
	<Point X="111" Y="169"/>
	<Point X="111" Y="171"/>
	<Point X="110" Y="171"/>
	<Point X="110" Y="173"/>
	<Point X="110" Y="175"/>
	<Point X="110" Y="176"/>
	<Point X="110" Y="179"/>
	<Point X="110" Y="180"/>
	<Point X="110" Y="181"/>
	<Point X="110" Y="183"/>
	<Point X="110" Y="185"/>
	<Point X="110" Y="186"/>
	<Point X="110" Y="187"/>
	<Point X="110" Y="189"/>
	<Point X="110" Y="190"/>
	<Point X="110" Y="192"/>
	<Point X="110" Y="193"/>
	<Point X="110" Y="197"/>
	<Point X="110" Y="200"/>
	<Point X="110" Y="201"/>
	<Point X="110" Y="203"/>
	<Point X="110" Y="204"/>
	<Point X="110" Y="207"/>
	<Point X="110" Y="208"/>
	<Point X="110" Y="210"/>
	<Point X="110" Y="211"/>
	<Point X="110" Y="212"/>
	<Point X="110" Y="214"/>
	<Point X="110" Y="215"/>
	<Point X="110" Y="216"/>
	<Point X="109" Y="216"/>
	<Point X="109" Y="217"/>
	<Point X="108" Y="218"/>
	<Point X="107" Y="218"/>
	<Point X="105" Y="218"/>
	<Point X="104" Y="218"/>
	<Point X="102" Y="218"/>
	<Point X="101" Y="218"/>
	<Point X="99" Y="218"/>
	<Point X="98" Y="218"/>
	<Point X="97" Y="218"/>
	<Point X="95" Y="218"/>
	<Point X="94" Y="218"/>
	<Point X="91" Y="218"/>
	<Point X="91" Y="219"/>
	<Point X="91" Y="220"/>
	<Point X="91" Y="221"/>
	<Point X="92" Y="221"/>
	<Point X="94" Y="223"/>
	<Point X="98" Y="224"/>
	<Point X="99" Y="225"/>
	<Point X="100" Y="226"/>
	<Point X="102" Y="226"/>
	<Point X="103" Y="228"/>
	<Point X="104" Y="229"/>
	<Point X="105" Y="230"/>
	<Point X="106" Y="230"/>
	<Point X="106" Y="231"/>
	<Point X="107" Y="232"/>
	<Point X="108" Y="232"/>
	<Point X="108" Y="233"/>
	<Point X="109" Y="234"/>
	<Point X="110" Y="235"/>
	<Point X="110" Y="238"/>
	<Point X="110" Y="239"/>
	<Point X="110" Y="240"/>
	<Point X="110" Y="242"/>
	<Point X="110" Y="244"/>
	<Point X="109" Y="246"/>
	<Point X="108" Y="247"/>
	<Point X="108" Y="248"/>
	<Point X="107" Y="248"/>
	<Point X="107" Y="249"/>
	<Point X="107" Y="250"/>
	<Point X="107" Y="251"/>
	<Point X="107" Y="252"/>
	<Point X="105" Y="254"/>
	<Point X="105" Y="255"/>
	<Point X="105" Y="256"/>
	<Point X="105" Y="257"/>
	<Point X="105" Y="258"/>
	<Point X="105" Y="259"/>
	<Point X="105" Y="260"/>
	<Point X="105" Y="261"/>
	<Point X="105" Y="262"/>
	<Point X="105" Y="263"/>
	<Point X="106" Y="264"/>
	<Point X="106" Y="265"/>
	<Point X="107" Y="266"/>
	<Point X="107" Y="267"/>
	<Point X="108" Y="267"/>
	<Point X="109" Y="268"/>
	<Point X="109" Y="269"/>
	<Point X="111" Y="271"/>
	<Point X="112" Y="271"/>
	<Point X="112" Y="272"/>
	<Point X="115" Y="274"/>
	<Point X="116" Y="274"/>
	<Point X="117" Y="275"/>
	<Point X="119" Y="276"/>
	<Point X="122" Y="276"/>
	<Point X="123" Y="276"/>
	<Point X="124" Y="277"/>
	<Point X="126" Y="278"/>
	<Point X="127" Y="279"/>
	<Point X="129" Y="279"/>
	<Point X="130" Y="279"/>
	<Point X="132" Y="279"/>
	<Point X="133" Y="279"/>
	<Point X="134" Y="279"/>
</Gesture>
