<?xml version="1.0" ?>
<Gesture Name="left_sq_bracket04" Subject="02" Number="04" NumPts="49">
	<Point X="182" Y="106"/>
	<Point X="180" Y="106"/>
	<Point X="178" Y="106"/>
	<Point X="174" Y="105"/>
	<Point X="173" Y="105"/>
	<Point X="168" Y="103"/>
	<Point X="166" Y="103"/>
	<Point X="164" Y="103"/>
	<Point X="162" Y="103"/>
	<Point X="161" Y="103"/>
	<Point X="158" Y="103"/>
	<Point X="157" Y="103"/>
	<Point X="156" Y="103"/>
	<Point X="155" Y="103"/>
	<Point X="154" Y="103"/>
	<Point X="154" Y="104"/>
	<Point X="155" Y="107"/>
	<Point X="155" Y="110"/>
	<Point X="156" Y="113"/>
	<Point X="157" Y="116"/>
	<Point X="158" Y="119"/>
	<Point X="159" Y="125"/>
	<Point X="159" Y="128"/>
	<Point X="159" Y="131"/>
	<Point X="159" Y="133"/>
	<Point X="159" Y="136"/>
	<Point X="159" Y="139"/>
	<Point X="159" Y="141"/>
	<Point X="159" Y="144"/>
	<Point X="159" Y="145"/>
	<Point X="159" Y="148"/>
	<Point X="159" Y="151"/>
	<Point X="159" Y="152"/>
	<Point X="159" Y="154"/>
	<Point X="159" Y="156"/>
	<Point X="159" Y="157"/>
	<Point X="159" Y="158"/>
	<Point X="159" Y="159"/>
	<Point X="162" Y="159"/>
	<Point X="164" Y="159"/>
	<Point X="167" Y="159"/>
	<Point X="169" Y="159"/>
	<Point X="172" Y="159"/>
	<Point X="176" Y="159"/>
	<Point X="178" Y="159"/>
	<Point X="181" Y="159"/>
	<Point X="182" Y="159"/>
	<Point X="184" Y="159"/>
	<Point X="185" Y="159"/>
</Gesture>
