<?xml version="1.0" ?>
<Gesture Name="left_curly_brace01" Subject="02" Number="01" NumPts="119">
	<Point X="129" Y="154"/>
	<Point X="128" Y="154"/>
	<Point X="127" Y="154"/>
	<Point X="126" Y="154"/>
	<Point X="124" Y="154"/>
	<Point X="123" Y="154"/>
	<Point X="122" Y="154"/>
	<Point X="121" Y="154"/>
	<Point X="119" Y="154"/>
	<Point X="117" Y="155"/>
	<Point X="114" Y="157"/>
	<Point X="112" Y="159"/>
	<Point X="112" Y="160"/>
	<Point X="111" Y="161"/>
	<Point X="110" Y="163"/>
	<Point X="110" Y="164"/>
	<Point X="110" Y="166"/>
	<Point X="110" Y="167"/>
	<Point X="110" Y="169"/>
	<Point X="110" Y="171"/>
	<Point X="110" Y="172"/>
	<Point X="110" Y="173"/>
	<Point X="110" Y="175"/>
	<Point X="110" Y="176"/>
	<Point X="110" Y="178"/>
	<Point X="110" Y="179"/>
	<Point X="110" Y="181"/>
	<Point X="111" Y="183"/>
	<Point X="111" Y="184"/>
	<Point X="111" Y="186"/>
	<Point X="112" Y="187"/>
	<Point X="112" Y="188"/>
	<Point X="114" Y="190"/>
	<Point X="114" Y="191"/>
	<Point X="114" Y="194"/>
	<Point X="115" Y="194"/>
	<Point X="115" Y="195"/>
	<Point X="115" Y="197"/>
	<Point X="115" Y="198"/>
	<Point X="115" Y="199"/>
	<Point X="115" Y="200"/>
	<Point X="115" Y="201"/>
	<Point X="115" Y="202"/>
	<Point X="115" Y="203"/>
	<Point X="114" Y="205"/>
	<Point X="113" Y="206"/>
	<Point X="112" Y="206"/>
	<Point X="111" Y="206"/>
	<Point X="109" Y="208"/>
	<Point X="108" Y="208"/>
	<Point X="106" Y="208"/>
	<Point X="104" Y="208"/>
	<Point X="103" Y="209"/>
	<Point X="100" Y="209"/>
	<Point X="99" Y="210"/>
	<Point X="97" Y="210"/>
	<Point X="95" Y="212"/>
	<Point X="94" Y="212"/>
	<Point X="93" Y="212"/>
	<Point X="92" Y="212"/>
	<Point X="91" Y="212"/>
	<Point X="90" Y="212"/>
	<Point X="91" Y="213"/>
	<Point X="92" Y="213"/>
	<Point X="93" Y="213"/>
	<Point X="96" Y="213"/>
	<Point X="97" Y="215"/>
	<Point X="100" Y="216"/>
	<Point X="101" Y="216"/>
	<Point X="103" Y="217"/>
	<Point X="104" Y="217"/>
	<Point X="106" Y="219"/>
	<Point X="107" Y="219"/>
	<Point X="108" Y="219"/>
	<Point X="108" Y="220"/>
	<Point X="110" Y="221"/>
	<Point X="110" Y="222"/>
	<Point X="110" Y="225"/>
	<Point X="111" Y="227"/>
	<Point X="111" Y="228"/>
	<Point X="111" Y="229"/>
	<Point X="111" Y="230"/>
	<Point X="111" Y="232"/>
	<Point X="111" Y="234"/>
	<Point X="111" Y="236"/>
	<Point X="111" Y="237"/>
	<Point X="111" Y="239"/>
	<Point X="110" Y="240"/>
	<Point X="110" Y="241"/>
	<Point X="110" Y="242"/>
	<Point X="110" Y="244"/>
	<Point X="110" Y="246"/>
	<Point X="110" Y="247"/>
	<Point X="110" Y="248"/>
	<Point X="110" Y="250"/>
	<Point X="110" Y="251"/>
	<Point X="110" Y="253"/>
	<Point X="110" Y="254"/>
	<Point X="110" Y="256"/>
	<Point X="110" Y="257"/>
	<Point X="110" Y="259"/>
	<Point X="111" Y="261"/>
	<Point X="113" Y="263"/>
	<Point X="114" Y="264"/>
	<Point X="115" Y="264"/>
	<Point X="117" Y="267"/>
	<Point X="118" Y="267"/>
	<Point X="118" Y="268"/>
	<Point X="120" Y="268"/>
	<Point X="120" Y="269"/>
	<Point X="122" Y="270"/>
	<Point X="123" Y="270"/>
	<Point X="124" Y="271"/>
	<Point X="127" Y="271"/>
	<Point X="128" Y="272"/>
	<Point X="131" Y="272"/>
	<Point X="132" Y="272"/>
	<Point X="134" Y="273"/>
	<Point X="135" Y="274"/>
</Gesture>
