<?xml version="1.0" ?>
<Gesture Name="left_curly_brace04" Subject="02" Number="04" NumPts="142">
	<Point X="159" Y="165"/>
	<Point X="158" Y="164"/>
	<Point X="157" Y="163"/>
	<Point X="156" Y="162"/>
	<Point X="155" Y="162"/>
	<Point X="153" Y="160"/>
	<Point X="152" Y="160"/>
	<Point X="150" Y="160"/>
	<Point X="148" Y="159"/>
	<Point X="146" Y="158"/>
	<Point X="143" Y="158"/>
	<Point X="142" Y="158"/>
	<Point X="139" Y="156"/>
	<Point X="137" Y="156"/>
	<Point X="136" Y="156"/>
	<Point X="135" Y="156"/>
	<Point X="133" Y="156"/>
	<Point X="132" Y="158"/>
	<Point X="130" Y="159"/>
	<Point X="128" Y="161"/>
	<Point X="128" Y="162"/>
	<Point X="126" Y="164"/>
	<Point X="125" Y="164"/>
	<Point X="124" Y="167"/>
	<Point X="123" Y="171"/>
	<Point X="123" Y="174"/>
	<Point X="122" Y="176"/>
	<Point X="122" Y="178"/>
	<Point X="122" Y="180"/>
	<Point X="122" Y="182"/>
	<Point X="122" Y="183"/>
	<Point X="122" Y="185"/>
	<Point X="122" Y="187"/>
	<Point X="122" Y="188"/>
	<Point X="122" Y="190"/>
	<Point X="122" Y="191"/>
	<Point X="123" Y="193"/>
	<Point X="124" Y="194"/>
	<Point X="125" Y="196"/>
	<Point X="126" Y="197"/>
	<Point X="127" Y="198"/>
	<Point X="128" Y="199"/>
	<Point X="130" Y="202"/>
	<Point X="132" Y="204"/>
	<Point X="133" Y="205"/>
	<Point X="134" Y="205"/>
	<Point X="136" Y="207"/>
	<Point X="137" Y="208"/>
	<Point X="137" Y="209"/>
	<Point X="139" Y="211"/>
	<Point X="139" Y="212"/>
	<Point X="139" Y="213"/>
	<Point X="139" Y="214"/>
	<Point X="139" Y="215"/>
	<Point X="139" Y="217"/>
	<Point X="138" Y="217"/>
	<Point X="138" Y="218"/>
	<Point X="137" Y="218"/>
	<Point X="135" Y="218"/>
	<Point X="134" Y="218"/>
	<Point X="132" Y="218"/>
	<Point X="130" Y="218"/>
	<Point X="128" Y="218"/>
	<Point X="126" Y="218"/>
	<Point X="125" Y="218"/>
	<Point X="121" Y="218"/>
	<Point X="120" Y="218"/>
	<Point X="119" Y="218"/>
	<Point X="117" Y="218"/>
	<Point X="115" Y="218"/>
	<Point X="113" Y="218"/>
	<Point X="111" Y="217"/>
	<Point X="110" Y="217"/>
	<Point X="107" Y="217"/>
	<Point X="106" Y="217"/>
	<Point X="108" Y="217"/>
	<Point X="110" Y="217"/>
	<Point X="113" Y="217"/>
	<Point X="116" Y="218"/>
	<Point X="117" Y="219"/>
	<Point X="119" Y="219"/>
	<Point X="121" Y="220"/>
	<Point X="124" Y="220"/>
	<Point X="126" Y="220"/>
	<Point X="128" Y="221"/>
	<Point X="129" Y="222"/>
	<Point X="130" Y="222"/>
	<Point X="131" Y="223"/>
	<Point X="133" Y="223"/>
	<Point X="135" Y="225"/>
	<Point X="136" Y="226"/>
	<Point X="137" Y="226"/>
	<Point X="138" Y="226"/>
	<Point X="139" Y="227"/>
	<Point X="140" Y="228"/>
	<Point X="140" Y="229"/>
	<Point X="139" Y="232"/>
	<Point X="139" Y="233"/>
	<Point X="136" Y="236"/>
	<Point X="134" Y="237"/>
	<Point X="130" Y="243"/>
	<Point X="129" Y="246"/>
	<Point X="127" Y="247"/>
	<Point X="126" Y="249"/>
	<Point X="125" Y="249"/>
	<Point X="124" Y="251"/>
	<Point X="123" Y="251"/>
	<Point X="122" Y="252"/>
	<Point X="122" Y="253"/>
	<Point X="119" Y="256"/>
	<Point X="119" Y="257"/>
	<Point X="119" Y="259"/>
	<Point X="119" Y="260"/>
	<Point X="119" Y="262"/>
	<Point X="119" Y="263"/>
	<Point X="119" Y="265"/>
	<Point X="120" Y="266"/>
	<Point X="121" Y="268"/>
	<Point X="123" Y="269"/>
	<Point X="124" Y="271"/>
	<Point X="125" Y="273"/>
	<Point X="128" Y="274"/>
	<Point X="128" Y="275"/>
	<Point X="130" Y="275"/>
	<Point X="131" Y="276"/>
	<Point X="133" Y="278"/>
	<Point X="134" Y="279"/>
	<Point X="135" Y="279"/>
	<Point X="137" Y="279"/>
	<Point X="138" Y="280"/>
	<Point X="139" Y="280"/>
	<Point X="140" Y="281"/>
	<Point X="142" Y="282"/>
	<Point X="144" Y="282"/>
	<Point X="145" Y="282"/>
	<Point X="147" Y="282"/>
	<Point X="148" Y="282"/>
	<Point X="149" Y="282"/>
	<Point X="150" Y="282"/>
	<Point X="152" Y="282"/>
	<Point X="154" Y="282"/>
	<Point X="155" Y="282"/>
</Gesture>
