<?xml version="1.0" ?>
<Gesture Name="left_curly_brace07" Subject="02" Number="07" NumPts="149">
	<Point X="180" Y="140"/>
	<Point X="176" Y="139"/>
	<Point X="174" Y="139"/>
	<Point X="173" Y="139"/>
	<Point X="170" Y="139"/>
	<Point X="169" Y="139"/>
	<Point X="168" Y="139"/>
	<Point X="166" Y="139"/>
	<Point X="165" Y="139"/>
	<Point X="163" Y="139"/>
	<Point X="162" Y="139"/>
	<Point X="161" Y="140"/>
	<Point X="161" Y="142"/>
	<Point X="159" Y="143"/>
	<Point X="158" Y="144"/>
	<Point X="158" Y="145"/>
	<Point X="158" Y="147"/>
	<Point X="157" Y="147"/>
	<Point X="157" Y="149"/>
	<Point X="157" Y="151"/>
	<Point X="157" Y="153"/>
	<Point X="157" Y="155"/>
	<Point X="157" Y="157"/>
	<Point X="157" Y="158"/>
	<Point X="157" Y="161"/>
	<Point X="157" Y="163"/>
	<Point X="157" Y="165"/>
	<Point X="157" Y="167"/>
	<Point X="157" Y="169"/>
	<Point X="158" Y="172"/>
	<Point X="159" Y="173"/>
	<Point X="160" Y="175"/>
	<Point X="161" Y="177"/>
	<Point X="161" Y="179"/>
	<Point X="162" Y="180"/>
	<Point X="163" Y="182"/>
	<Point X="164" Y="184"/>
	<Point X="165" Y="187"/>
	<Point X="166" Y="190"/>
	<Point X="166" Y="192"/>
	<Point X="166" Y="193"/>
	<Point X="167" Y="194"/>
	<Point X="167" Y="196"/>
	<Point X="167" Y="197"/>
	<Point X="167" Y="198"/>
	<Point X="167" Y="200"/>
	<Point X="167" Y="201"/>
	<Point X="167" Y="202"/>
	<Point X="166" Y="203"/>
	<Point X="166" Y="205"/>
	<Point X="165" Y="205"/>
	<Point X="164" Y="205"/>
	<Point X="163" Y="206"/>
	<Point X="162" Y="207"/>
	<Point X="161" Y="207"/>
	<Point X="160" Y="208"/>
	<Point X="159" Y="208"/>
	<Point X="158" Y="208"/>
	<Point X="157" Y="208"/>
	<Point X="155" Y="209"/>
	<Point X="154" Y="209"/>
	<Point X="153" Y="209"/>
	<Point X="152" Y="209"/>
	<Point X="149" Y="209"/>
	<Point X="147" Y="209"/>
	<Point X="145" Y="209"/>
	<Point X="143" Y="209"/>
	<Point X="142" Y="209"/>
	<Point X="140" Y="209"/>
	<Point X="138" Y="209"/>
	<Point X="137" Y="209"/>
	<Point X="136" Y="209"/>
	<Point X="137" Y="209"/>
	<Point X="140" Y="209"/>
	<Point X="144" Y="211"/>
	<Point X="148" Y="212"/>
	<Point X="150" Y="212"/>
	<Point X="151" Y="212"/>
	<Point X="152" Y="212"/>
	<Point X="152" Y="213"/>
	<Point X="153" Y="213"/>
	<Point X="154" Y="214"/>
	<Point X="155" Y="214"/>
	<Point X="156" Y="215"/>
	<Point X="157" Y="215"/>
	<Point X="157" Y="216"/>
	<Point X="159" Y="217"/>
	<Point X="160" Y="219"/>
	<Point X="161" Y="221"/>
	<Point X="161" Y="222"/>
	<Point X="161" Y="223"/>
	<Point X="161" Y="224"/>
	<Point X="161" Y="225"/>
	<Point X="161" Y="226"/>
	<Point X="161" Y="227"/>
	<Point X="161" Y="228"/>
	<Point X="161" Y="229"/>
	<Point X="161" Y="231"/>
	<Point X="161" Y="232"/>
	<Point X="160" Y="233"/>
	<Point X="159" Y="235"/>
	<Point X="157" Y="235"/>
	<Point X="156" Y="236"/>
	<Point X="155" Y="236"/>
	<Point X="155" Y="237"/>
	<Point X="153" Y="238"/>
	<Point X="153" Y="239"/>
	<Point X="151" Y="240"/>
	<Point X="150" Y="242"/>
	<Point X="149" Y="242"/>
	<Point X="148" Y="243"/>
	<Point X="148" Y="244"/>
	<Point X="147" Y="244"/>
	<Point X="147" Y="245"/>
	<Point X="146" Y="247"/>
	<Point X="146" Y="248"/>
	<Point X="146" Y="249"/>
	<Point X="146" Y="251"/>
	<Point X="146" Y="252"/>
	<Point X="146" Y="255"/>
	<Point X="147" Y="256"/>
	<Point X="147" Y="257"/>
	<Point X="148" Y="258"/>
	<Point X="149" Y="259"/>
	<Point X="150" Y="260"/>
	<Point X="151" Y="261"/>
	<Point X="153" Y="263"/>
	<Point X="155" Y="264"/>
	<Point X="155" Y="265"/>
	<Point X="157" Y="266"/>
	<Point X="158" Y="266"/>
	<Point X="158" Y="267"/>
	<Point X="159" Y="267"/>
	<Point X="161" Y="268"/>
	<Point X="162" Y="268"/>
	<Point X="164" Y="269"/>
	<Point X="167" Y="270"/>
	<Point X="168" Y="270"/>
	<Point X="170" Y="270"/>
	<Point X="171" Y="270"/>
	<Point X="172" Y="270"/>
	<Point X="174" Y="270"/>
	<Point X="176" Y="270"/>
	<Point X="177" Y="270"/>
	<Point X="178" Y="271"/>
	<Point X="179" Y="272"/>
	<Point X="180" Y="272"/>
	<Point X="181" Y="272"/>
	<Point X="182" Y="272"/>
</Gesture>
