<?xml version="1.0" ?>
<Gesture Name="left_curly_brace09" Subject="02" Number="09" NumPts="141">
	<Point X="187" Y="142"/>
	<Point X="186" Y="142"/>
	<Point X="183" Y="142"/>
	<Point X="181" Y="142"/>
	<Point X="180" Y="142"/>
	<Point X="178" Y="142"/>
	<Point X="176" Y="142"/>
	<Point X="175" Y="142"/>
	<Point X="174" Y="142"/>
	<Point X="173" Y="142"/>
	<Point X="172" Y="142"/>
	<Point X="171" Y="142"/>
	<Point X="170" Y="142"/>
	<Point X="169" Y="142"/>
	<Point X="168" Y="142"/>
	<Point X="167" Y="144"/>
	<Point X="166" Y="145"/>
	<Point X="166" Y="146"/>
	<Point X="165" Y="147"/>
	<Point X="165" Y="148"/>
	<Point X="164" Y="149"/>
	<Point X="164" Y="151"/>
	<Point X="163" Y="154"/>
	<Point X="162" Y="155"/>
	<Point X="162" Y="156"/>
	<Point X="162" Y="158"/>
	<Point X="162" Y="160"/>
	<Point X="162" Y="161"/>
	<Point X="162" Y="162"/>
	<Point X="162" Y="165"/>
	<Point X="162" Y="166"/>
	<Point X="162" Y="168"/>
	<Point X="162" Y="169"/>
	<Point X="162" Y="172"/>
	<Point X="162" Y="174"/>
	<Point X="163" Y="175"/>
	<Point X="165" Y="177"/>
	<Point X="166" Y="178"/>
	<Point X="167" Y="179"/>
	<Point X="169" Y="181"/>
	<Point X="170" Y="182"/>
	<Point X="170" Y="183"/>
	<Point X="172" Y="184"/>
	<Point X="172" Y="185"/>
	<Point X="173" Y="186"/>
	<Point X="173" Y="187"/>
	<Point X="174" Y="188"/>
	<Point X="174" Y="189"/>
	<Point X="175" Y="190"/>
	<Point X="175" Y="191"/>
	<Point X="176" Y="193"/>
	<Point X="176" Y="195"/>
	<Point X="176" Y="196"/>
	<Point X="175" Y="197"/>
	<Point X="174" Y="197"/>
	<Point X="173" Y="197"/>
	<Point X="172" Y="199"/>
	<Point X="170" Y="199"/>
	<Point X="169" Y="199"/>
	<Point X="168" Y="199"/>
	<Point X="166" Y="200"/>
	<Point X="165" Y="200"/>
	<Point X="164" Y="201"/>
	<Point X="163" Y="201"/>
	<Point X="162" Y="201"/>
	<Point X="160" Y="201"/>
	<Point X="159" Y="201"/>
	<Point X="158" Y="201"/>
	<Point X="157" Y="201"/>
	<Point X="156" Y="201"/>
	<Point X="155" Y="201"/>
	<Point X="155" Y="202"/>
	<Point X="157" Y="203"/>
	<Point X="158" Y="203"/>
	<Point X="159" Y="203"/>
	<Point X="160" Y="203"/>
	<Point X="162" Y="204"/>
	<Point X="163" Y="204"/>
	<Point X="163" Y="205"/>
	<Point X="165" Y="205"/>
	<Point X="165" Y="206"/>
	<Point X="166" Y="207"/>
	<Point X="167" Y="207"/>
	<Point X="167" Y="208"/>
	<Point X="169" Y="209"/>
	<Point X="169" Y="210"/>
	<Point X="170" Y="211"/>
	<Point X="170" Y="212"/>
	<Point X="170" Y="213"/>
	<Point X="171" Y="215"/>
	<Point X="171" Y="217"/>
	<Point X="171" Y="219"/>
	<Point X="171" Y="220"/>
	<Point X="171" Y="223"/>
	<Point X="171" Y="224"/>
	<Point X="171" Y="225"/>
	<Point X="171" Y="227"/>
	<Point X="171" Y="229"/>
	<Point X="170" Y="231"/>
	<Point X="169" Y="233"/>
	<Point X="168" Y="234"/>
	<Point X="168" Y="235"/>
	<Point X="168" Y="236"/>
	<Point X="166" Y="237"/>
	<Point X="166" Y="238"/>
	<Point X="166" Y="239"/>
	<Point X="165" Y="240"/>
	<Point X="164" Y="241"/>
	<Point X="164" Y="243"/>
	<Point X="162" Y="245"/>
	<Point X="161" Y="245"/>
	<Point X="161" Y="247"/>
	<Point X="160" Y="247"/>
	<Point X="160" Y="248"/>
	<Point X="159" Y="249"/>
	<Point X="158" Y="251"/>
	<Point X="158" Y="253"/>
	<Point X="158" Y="254"/>
	<Point X="158" Y="255"/>
	<Point X="158" Y="256"/>
	<Point X="158" Y="257"/>
	<Point X="158" Y="258"/>
	<Point X="158" Y="260"/>
	<Point X="158" Y="261"/>
	<Point X="159" Y="261"/>
	<Point X="159" Y="262"/>
	<Point X="160" Y="262"/>
	<Point X="160" Y="263"/>
	<Point X="161" Y="265"/>
	<Point X="163" Y="267"/>
	<Point X="166" Y="270"/>
	<Point X="167" Y="272"/>
	<Point X="168" Y="273"/>
	<Point X="169" Y="274"/>
	<Point X="171" Y="276"/>
	<Point X="172" Y="276"/>
	<Point X="174" Y="278"/>
	<Point X="175" Y="279"/>
	<Point X="177" Y="279"/>
	<Point X="178" Y="279"/>
	<Point X="179" Y="279"/>
</Gesture>
