<?xml version="1.0" ?>
<Gesture Name="pigtail09" Subject="02" Number="09" NumPts="63">
	<Point X="144" Y="230"/>
	<Point X="146" Y="230"/>
	<Point X="150" Y="230"/>
	<Point X="153" Y="229"/>
	<Point X="160" Y="226"/>
	<Point X="163" Y="225"/>
	<Point X="169" Y="223"/>
	<Point X="175" Y="220"/>
	<Point X="180" Y="218"/>
	<Point X="185" Y="215"/>
	<Point X="186" Y="213"/>
	<Point X="189" Y="211"/>
	<Point X="192" Y="207"/>
	<Point X="193" Y="205"/>
	<Point X="195" Y="202"/>
	<Point X="197" Y="198"/>
	<Point X="199" Y="195"/>
	<Point X="199" Y="192"/>
	<Point X="199" Y="188"/>
	<Point X="201" Y="184"/>
	<Point X="201" Y="181"/>
	<Point X="201" Y="178"/>
	<Point X="201" Y="175"/>
	<Point X="201" Y="173"/>
	<Point X="201" Y="171"/>
	<Point X="201" Y="169"/>
	<Point X="200" Y="168"/>
	<Point X="199" Y="167"/>
	<Point X="198" Y="167"/>
	<Point X="196" Y="167"/>
	<Point X="194" Y="167"/>
	<Point X="192" Y="167"/>
	<Point X="188" Y="169"/>
	<Point X="183" Y="172"/>
	<Point X="179" Y="175"/>
	<Point X="174" Y="179"/>
	<Point X="170" Y="182"/>
	<Point X="169" Y="183"/>
	<Point X="166" Y="188"/>
	<Point X="165" Y="190"/>
	<Point X="165" Y="192"/>
	<Point X="165" Y="193"/>
	<Point X="165" Y="196"/>
	<Point X="165" Y="197"/>
	<Point X="165" Y="199"/>
	<Point X="165" Y="201"/>
	<Point X="165" Y="204"/>
	<Point X="168" Y="207"/>
	<Point X="169" Y="208"/>
	<Point X="172" Y="211"/>
	<Point X="175" Y="214"/>
	<Point X="181" Y="217"/>
	<Point X="183" Y="218"/>
	<Point X="187" Y="219"/>
	<Point X="192" Y="221"/>
	<Point X="195" Y="222"/>
	<Point X="198" Y="222"/>
	<Point X="202" Y="223"/>
	<Point X="205" Y="223"/>
	<Point X="206" Y="223"/>
	<Point X="210" Y="223"/>
	<Point X="211" Y="223"/>
	<Point X="212" Y="223"/>
</Gesture>
