<?xml version="1.0" ?>
<Gesture Name="pigtail06" Subject="02" Number="06" NumPts="63">
	<Point X="142" Y="219"/>
	<Point X="146" Y="219"/>
	<Point X="149" Y="219"/>
	<Point X="152" Y="219"/>
	<Point X="158" Y="219"/>
	<Point X="164" Y="215"/>
	<Point X="169" Y="213"/>
	<Point X="176" Y="210"/>
	<Point X="182" Y="207"/>
	<Point X="186" Y="203"/>
	<Point X="190" Y="199"/>
	<Point X="194" Y="195"/>
	<Point X="195" Y="193"/>
	<Point X="197" Y="189"/>
	<Point X="197" Y="188"/>
	<Point X="197" Y="184"/>
	<Point X="197" Y="183"/>
	<Point X="198" Y="181"/>
	<Point X="198" Y="178"/>
	<Point X="198" Y="176"/>
	<Point X="198" Y="174"/>
	<Point X="198" Y="172"/>
	<Point X="198" Y="171"/>
	<Point X="198" Y="170"/>
	<Point X="197" Y="169"/>
	<Point X="197" Y="168"/>
	<Point X="196" Y="168"/>
	<Point X="195" Y="168"/>
	<Point X="192" Y="168"/>
	<Point X="191" Y="168"/>
	<Point X="188" Y="168"/>
	<Point X="183" Y="168"/>
	<Point X="178" Y="170"/>
	<Point X="176" Y="172"/>
	<Point X="173" Y="174"/>
	<Point X="172" Y="176"/>
	<Point X="171" Y="177"/>
	<Point X="170" Y="179"/>
	<Point X="169" Y="180"/>
	<Point X="169" Y="182"/>
	<Point X="169" Y="184"/>
	<Point X="169" Y="185"/>
	<Point X="169" Y="187"/>
	<Point X="169" Y="189"/>
	<Point X="170" Y="190"/>
	<Point X="171" Y="192"/>
	<Point X="173" Y="192"/>
	<Point X="177" Y="195"/>
	<Point X="178" Y="197"/>
	<Point X="184" Y="201"/>
	<Point X="186" Y="202"/>
	<Point X="190" Y="205"/>
	<Point X="195" Y="209"/>
	<Point X="199" Y="212"/>
	<Point X="204" Y="215"/>
	<Point X="212" Y="221"/>
	<Point X="217" Y="223"/>
	<Point X="223" Y="226"/>
	<Point X="225" Y="227"/>
	<Point X="230" Y="230"/>
	<Point X="233" Y="231"/>
	<Point X="235" Y="231"/>
	<Point X="236" Y="231"/>
</Gesture>
