<?xml version="1.0" ?>
<Gesture Name="pigtail10" Subject="02" Number="10" NumPts="58">
	<Point X="126" Y="233"/>
	<Point X="133" Y="231"/>
	<Point X="141" Y="229"/>
	<Point X="151" Y="223"/>
	<Point X="160" Y="217"/>
	<Point X="169" Y="211"/>
	<Point X="178" Y="206"/>
	<Point X="183" Y="200"/>
	<Point X="188" Y="195"/>
	<Point X="190" Y="192"/>
	<Point X="192" Y="189"/>
	<Point X="193" Y="186"/>
	<Point X="193" Y="183"/>
	<Point X="193" Y="180"/>
	<Point X="193" Y="176"/>
	<Point X="193" Y="175"/>
	<Point X="193" Y="173"/>
	<Point X="192" Y="171"/>
	<Point X="191" Y="170"/>
	<Point X="190" Y="168"/>
	<Point X="189" Y="167"/>
	<Point X="188" Y="167"/>
	<Point X="187" Y="167"/>
	<Point X="186" Y="167"/>
	<Point X="185" Y="167"/>
	<Point X="181" Y="167"/>
	<Point X="179" Y="167"/>
	<Point X="178" Y="167"/>
	<Point X="175" Y="167"/>
	<Point X="173" Y="167"/>
	<Point X="170" Y="169"/>
	<Point X="168" Y="170"/>
	<Point X="166" Y="172"/>
	<Point X="164" Y="174"/>
	<Point X="162" Y="175"/>
	<Point X="161" Y="177"/>
	<Point X="161" Y="179"/>
	<Point X="161" Y="181"/>
	<Point X="161" Y="182"/>
	<Point X="161" Y="184"/>
	<Point X="161" Y="187"/>
	<Point X="161" Y="188"/>
	<Point X="161" Y="190"/>
	<Point X="161" Y="193"/>
	<Point X="164" Y="195"/>
	<Point X="166" Y="198"/>
	<Point X="169" Y="200"/>
	<Point X="171" Y="202"/>
	<Point X="175" Y="204"/>
	<Point X="179" Y="205"/>
	<Point X="184" Y="210"/>
	<Point X="189" Y="211"/>
	<Point X="195" Y="214"/>
	<Point X="198" Y="215"/>
	<Point X="203" Y="217"/>
	<Point X="205" Y="218"/>
	<Point X="207" Y="219"/>
	<Point X="208" Y="219"/>
</Gesture>
