<?xml version="1.0" ?>
<Gesture Name="pigtail04" Subject="02" Number="04" NumPts="63">
	<Point X="126" Y="227"/>
	<Point X="130" Y="227"/>
	<Point X="134" Y="226"/>
	<Point X="139" Y="225"/>
	<Point X="145" Y="224"/>
	<Point X="151" Y="221"/>
	<Point X="158" Y="220"/>
	<Point X="164" Y="218"/>
	<Point X="169" Y="215"/>
	<Point X="174" Y="212"/>
	<Point X="178" Y="209"/>
	<Point X="183" Y="205"/>
	<Point X="187" Y="201"/>
	<Point X="189" Y="199"/>
	<Point X="191" Y="197"/>
	<Point X="192" Y="194"/>
	<Point X="192" Y="193"/>
	<Point X="192" Y="191"/>
	<Point X="192" Y="188"/>
	<Point X="192" Y="186"/>
	<Point X="192" Y="185"/>
	<Point X="192" Y="183"/>
	<Point X="192" Y="182"/>
	<Point X="192" Y="181"/>
	<Point X="191" Y="180"/>
	<Point X="190" Y="179"/>
	<Point X="188" Y="178"/>
	<Point X="186" Y="177"/>
	<Point X="184" Y="177"/>
	<Point X="182" Y="177"/>
	<Point X="181" Y="177"/>
	<Point X="178" Y="177"/>
	<Point X="177" Y="177"/>
	<Point X="174" Y="177"/>
	<Point X="173" Y="177"/>
	<Point X="171" Y="177"/>
	<Point X="169" Y="177"/>
	<Point X="169" Y="178"/>
	<Point X="168" Y="179"/>
	<Point X="166" Y="183"/>
	<Point X="166" Y="184"/>
	<Point X="166" Y="187"/>
	<Point X="166" Y="190"/>
	<Point X="166" Y="193"/>
	<Point X="166" Y="195"/>
	<Point X="166" Y="199"/>
	<Point X="166" Y="202"/>
	<Point X="166" Y="206"/>
	<Point X="166" Y="208"/>
	<Point X="166" Y="211"/>
	<Point X="170" Y="217"/>
	<Point X="172" Y="218"/>
	<Point X="174" Y="221"/>
	<Point X="181" Y="225"/>
	<Point X="185" Y="227"/>
	<Point X="190" Y="228"/>
	<Point X="197" Y="230"/>
	<Point X="205" Y="231"/>
	<Point X="212" Y="232"/>
	<Point X="219" Y="233"/>
	<Point X="226" Y="233"/>
	<Point X="229" Y="233"/>
	<Point X="232" Y="233"/>
</Gesture>
