<?xml version="1.0" ?>
<Gesture Name="pigtail02" Subject="02" Number="02" NumPts="59">
	<Point X="109" Y="228"/>
	<Point X="111" Y="228"/>
	<Point X="113" Y="228"/>
	<Point X="118" Y="228"/>
	<Point X="122" Y="228"/>
	<Point X="130" Y="226"/>
	<Point X="137" Y="223"/>
	<Point X="143" Y="219"/>
	<Point X="151" Y="214"/>
	<Point X="155" Y="211"/>
	<Point X="159" Y="205"/>
	<Point X="161" Y="202"/>
	<Point X="164" Y="197"/>
	<Point X="165" Y="193"/>
	<Point X="165" Y="190"/>
	<Point X="165" Y="188"/>
	<Point X="165" Y="185"/>
	<Point X="165" Y="184"/>
	<Point X="165" Y="182"/>
	<Point X="164" Y="180"/>
	<Point X="163" Y="178"/>
	<Point X="162" Y="178"/>
	<Point X="161" Y="176"/>
	<Point X="160" Y="176"/>
	<Point X="160" Y="175"/>
	<Point X="158" Y="175"/>
	<Point X="157" Y="175"/>
	<Point X="155" Y="175"/>
	<Point X="153" Y="175"/>
	<Point X="151" Y="175"/>
	<Point X="150" Y="175"/>
	<Point X="148" Y="176"/>
	<Point X="147" Y="177"/>
	<Point X="145" Y="180"/>
	<Point X="144" Y="181"/>
	<Point X="144" Y="184"/>
	<Point X="144" Y="186"/>
	<Point X="144" Y="188"/>
	<Point X="144" Y="191"/>
	<Point X="144" Y="195"/>
	<Point X="144" Y="196"/>
	<Point X="148" Y="200"/>
	<Point X="150" Y="204"/>
	<Point X="152" Y="206"/>
	<Point X="157" Y="209"/>
	<Point X="160" Y="210"/>
	<Point X="167" Y="215"/>
	<Point X="172" Y="217"/>
	<Point X="181" Y="220"/>
	<Point X="190" Y="221"/>
	<Point X="199" Y="222"/>
	<Point X="208" Y="222"/>
	<Point X="214" Y="222"/>
	<Point X="216" Y="222"/>
	<Point X="217" Y="222"/>
	<Point X="217" Y="221"/>
	<Point X="217" Y="220"/>
	<Point X="216" Y="218"/>
	<Point X="215" Y="218"/>
</Gesture>
