<?xml version="1.0" ?>
<Gesture Name="pigtail07" Subject="02" Number="07" NumPts="57">
	<Point X="161" Y="229"/>
	<Point X="165" Y="229"/>
	<Point X="170" Y="227"/>
	<Point X="173" Y="224"/>
	<Point X="177" Y="222"/>
	<Point X="185" Y="218"/>
	<Point X="190" Y="214"/>
	<Point X="194" Y="210"/>
	<Point X="198" Y="206"/>
	<Point X="201" Y="202"/>
	<Point X="203" Y="198"/>
	<Point X="204" Y="193"/>
	<Point X="206" Y="188"/>
	<Point X="206" Y="185"/>
	<Point X="206" Y="181"/>
	<Point X="206" Y="178"/>
	<Point X="206" Y="176"/>
	<Point X="206" Y="174"/>
	<Point X="204" Y="172"/>
	<Point X="203" Y="170"/>
	<Point X="202" Y="170"/>
	<Point X="200" Y="170"/>
	<Point X="199" Y="169"/>
	<Point X="196" Y="169"/>
	<Point X="195" Y="169"/>
	<Point X="192" Y="170"/>
	<Point X="190" Y="171"/>
	<Point X="189" Y="171"/>
	<Point X="187" Y="172"/>
	<Point X="185" Y="174"/>
	<Point X="184" Y="175"/>
	<Point X="182" Y="177"/>
	<Point X="181" Y="178"/>
	<Point X="180" Y="179"/>
	<Point X="179" Y="180"/>
	<Point X="179" Y="183"/>
	<Point X="179" Y="184"/>
	<Point X="179" Y="187"/>
	<Point X="179" Y="189"/>
	<Point X="179" Y="191"/>
	<Point X="179" Y="193"/>
	<Point X="179" Y="195"/>
	<Point X="180" Y="197"/>
	<Point X="182" Y="200"/>
	<Point X="185" Y="204"/>
	<Point X="187" Y="205"/>
	<Point X="189" Y="207"/>
	<Point X="192" Y="209"/>
	<Point X="197" Y="212"/>
	<Point X="202" Y="214"/>
	<Point X="207" Y="218"/>
	<Point X="213" Y="219"/>
	<Point X="218" Y="219"/>
	<Point X="220" Y="220"/>
	<Point X="223" Y="220"/>
	<Point X="225" Y="220"/>
	<Point X="226" Y="220"/>
</Gesture>
