<?xml version="1.0" ?>
<Gesture Name="pigtail01" Subject="02" Number="01" NumPts="60">
	<Point X="116" Y="246"/>
	<Point X="118" Y="246"/>
	<Point X="120" Y="246"/>
	<Point X="124" Y="246"/>
	<Point X="133" Y="246"/>
	<Point X="142" Y="246"/>
	<Point X="153" Y="245"/>
	<Point X="163" Y="242"/>
	<Point X="166" Y="241"/>
	<Point X="170" Y="239"/>
	<Point X="173" Y="236"/>
	<Point X="176" Y="232"/>
	<Point X="176" Y="228"/>
	<Point X="176" Y="223"/>
	<Point X="176" Y="219"/>
	<Point X="176" Y="214"/>
	<Point X="174" Y="210"/>
	<Point X="171" Y="205"/>
	<Point X="169" Y="203"/>
	<Point X="165" Y="199"/>
	<Point X="163" Y="196"/>
	<Point X="161" Y="195"/>
	<Point X="160" Y="193"/>
	<Point X="158" Y="192"/>
	<Point X="156" Y="192"/>
	<Point X="155" Y="192"/>
	<Point X="154" Y="192"/>
	<Point X="152" Y="192"/>
	<Point X="150" Y="192"/>
	<Point X="148" Y="192"/>
	<Point X="144" Y="193"/>
	<Point X="142" Y="195"/>
	<Point X="138" Y="199"/>
	<Point X="136" Y="201"/>
	<Point X="134" Y="205"/>
	<Point X="132" Y="210"/>
	<Point X="132" Y="214"/>
	<Point X="132" Y="218"/>
	<Point X="132" Y="223"/>
	<Point X="132" Y="226"/>
	<Point X="135" Y="232"/>
	<Point X="139" Y="238"/>
	<Point X="144" Y="242"/>
	<Point X="151" Y="246"/>
	<Point X="159" Y="251"/>
	<Point X="168" Y="253"/>
	<Point X="177" Y="258"/>
	<Point X="186" Y="260"/>
	<Point X="198" Y="264"/>
	<Point X="207" Y="265"/>
	<Point X="215" Y="267"/>
	<Point X="222" Y="267"/>
	<Point X="225" Y="267"/>
	<Point X="226" Y="267"/>
	<Point X="227" Y="267"/>
	<Point X="227" Y="265"/>
	<Point X="227" Y="263"/>
	<Point X="227" Y="262"/>
	<Point X="226" Y="260"/>
	<Point X="224" Y="259"/>
</Gesture>
