<?xml version="1.0" ?>
<Gesture Name="rectangle04" Subject="02" Number="04" NumPts="87">
	<Point X="99" Y="153"/>
	<Point X="99" Y="154"/>
	<Point X="99" Y="157"/>
	<Point X="99" Y="161"/>
	<Point X="99" Y="165"/>
	<Point X="99" Y="169"/>
	<Point X="99" Y="174"/>
	<Point X="99" Y="178"/>
	<Point X="99" Y="184"/>
	<Point X="99" Y="189"/>
	<Point X="99" Y="192"/>
	<Point X="99" Y="196"/>
	<Point X="99" Y="198"/>
	<Point X="99" Y="200"/>
	<Point X="99" Y="201"/>
	<Point X="99" Y="203"/>
	<Point X="99" Y="204"/>
	<Point X="102" Y="204"/>
	<Point X="105" Y="204"/>
	<Point X="111" Y="204"/>
	<Point X="117" Y="204"/>
	<Point X="125" Y="204"/>
	<Point X="135" Y="204"/>
	<Point X="145" Y="204"/>
	<Point X="153" Y="204"/>
	<Point X="162" Y="204"/>
	<Point X="169" Y="204"/>
	<Point X="176" Y="204"/>
	<Point X="182" Y="204"/>
	<Point X="187" Y="204"/>
	<Point X="190" Y="204"/>
	<Point X="193" Y="204"/>
	<Point X="196" Y="204"/>
	<Point X="198" Y="204"/>
	<Point X="200" Y="205"/>
	<Point X="202" Y="205"/>
	<Point X="203" Y="205"/>
	<Point X="203" Y="206"/>
	<Point X="205" Y="207"/>
	<Point X="206" Y="207"/>
	<Point X="209" Y="208"/>
	<Point X="210" Y="208"/>
	<Point X="211" Y="208"/>
	<Point X="211" Y="206"/>
	<Point X="211" Y="202"/>
	<Point X="211" Y="200"/>
	<Point X="211" Y="195"/>
	<Point X="211" Y="191"/>
	<Point X="211" Y="186"/>
	<Point X="211" Y="180"/>
	<Point X="211" Y="173"/>
	<Point X="211" Y="167"/>
	<Point X="211" Y="161"/>
	<Point X="211" Y="158"/>
	<Point X="211" Y="156"/>
	<Point X="211" Y="154"/>
	<Point X="210" Y="152"/>
	<Point X="210" Y="151"/>
	<Point X="210" Y="150"/>
	<Point X="209" Y="150"/>
	<Point X="207" Y="150"/>
	<Point X="204" Y="151"/>
	<Point X="201" Y="152"/>
	<Point X="197" Y="152"/>
	<Point X="192" Y="152"/>
	<Point X="188" Y="152"/>
	<Point X="183" Y="152"/>
	<Point X="177" Y="152"/>
	<Point X="171" Y="152"/>
	<Point X="168" Y="152"/>
	<Point X="165" Y="152"/>
	<Point X="161" Y="152"/>
	<Point X="158" Y="152"/>
	<Point X="155" Y="152"/>
	<Point X="152" Y="152"/>
	<Point X="149" Y="152"/>
	<Point X="145" Y="152"/>
	<Point X="144" Y="152"/>
	<Point X="141" Y="152"/>
	<Point X="138" Y="152"/>
	<Point X="135" Y="152"/>
	<Point X="133" Y="152"/>
	<Point X="131" Y="152"/>
	<Point X="130" Y="152"/>
	<Point X="129" Y="152"/>
	<Point X="129" Y="153"/>
	<Point X="130" Y="154"/>
</Gesture>
