<?xml version="1.0" ?>
<Gesture Name="rectangle07" Subject="02" Number="07" NumPts="86">
	<Point X="108" Y="156"/>
	<Point X="108" Y="160"/>
	<Point X="108" Y="164"/>
	<Point X="108" Y="168"/>
	<Point X="108" Y="173"/>
	<Point X="108" Y="179"/>
	<Point X="108" Y="184"/>
	<Point X="107" Y="190"/>
	<Point X="105" Y="195"/>
	<Point X="105" Y="199"/>
	<Point X="105" Y="204"/>
	<Point X="105" Y="207"/>
	<Point X="105" Y="209"/>
	<Point X="105" Y="210"/>
	<Point X="105" Y="211"/>
	<Point X="106" Y="211"/>
	<Point X="107" Y="212"/>
	<Point X="108" Y="212"/>
	<Point X="111" Y="214"/>
	<Point X="114" Y="214"/>
	<Point X="118" Y="214"/>
	<Point X="127" Y="214"/>
	<Point X="136" Y="214"/>
	<Point X="145" Y="214"/>
	<Point X="157" Y="214"/>
	<Point X="170" Y="214"/>
	<Point X="181" Y="214"/>
	<Point X="195" Y="214"/>
	<Point X="206" Y="214"/>
	<Point X="217" Y="214"/>
	<Point X="227" Y="214"/>
	<Point X="237" Y="214"/>
	<Point X="244" Y="214"/>
	<Point X="250" Y="214"/>
	<Point X="255" Y="214"/>
	<Point X="257" Y="214"/>
	<Point X="259" Y="214"/>
	<Point X="260" Y="214"/>
	<Point X="261" Y="214"/>
	<Point X="262" Y="214"/>
	<Point X="263" Y="214"/>
	<Point X="264" Y="214"/>
	<Point X="264" Y="212"/>
	<Point X="264" Y="210"/>
	<Point X="264" Y="206"/>
	<Point X="264" Y="203"/>
	<Point X="263" Y="198"/>
	<Point X="263" Y="192"/>
	<Point X="262" Y="188"/>
	<Point X="260" Y="181"/>
	<Point X="260" Y="177"/>
	<Point X="259" Y="171"/>
	<Point X="259" Y="168"/>
	<Point X="258" Y="165"/>
	<Point X="258" Y="163"/>
	<Point X="257" Y="160"/>
	<Point X="256" Y="159"/>
	<Point X="255" Y="159"/>
	<Point X="255" Y="158"/>
	<Point X="254" Y="158"/>
	<Point X="252" Y="158"/>
	<Point X="248" Y="158"/>
	<Point X="243" Y="158"/>
	<Point X="239" Y="158"/>
	<Point X="233" Y="158"/>
	<Point X="225" Y="158"/>
	<Point X="219" Y="158"/>
	<Point X="213" Y="158"/>
	<Point X="204" Y="158"/>
	<Point X="197" Y="158"/>
	<Point X="188" Y="158"/>
	<Point X="179" Y="158"/>
	<Point X="171" Y="158"/>
	<Point X="162" Y="158"/>
	<Point X="153" Y="158"/>
	<Point X="144" Y="158"/>
	<Point X="137" Y="158"/>
	<Point X="126" Y="158"/>
	<Point X="120" Y="158"/>
	<Point X="114" Y="158"/>
	<Point X="107" Y="158"/>
	<Point X="101" Y="158"/>
	<Point X="99" Y="158"/>
	<Point X="96" Y="158"/>
	<Point X="94" Y="158"/>
	<Point X="93" Y="158"/>
</Gesture>
