<?xml version="1.0" ?>
<Gesture Name="rectangle08" Subject="02" Number="08" NumPts="120">
	<Point X="112" Y="152"/>
	<Point X="112" Y="154"/>
	<Point X="112" Y="155"/>
	<Point X="112" Y="159"/>
	<Point X="112" Y="163"/>
	<Point X="112" Y="168"/>
	<Point X="112" Y="171"/>
	<Point X="112" Y="176"/>
	<Point X="112" Y="181"/>
	<Point X="112" Y="186"/>
	<Point X="113" Y="190"/>
	<Point X="114" Y="196"/>
	<Point X="114" Y="199"/>
	<Point X="114" Y="203"/>
	<Point X="116" Y="206"/>
	<Point X="116" Y="209"/>
	<Point X="116" Y="211"/>
	<Point X="116" Y="215"/>
	<Point X="116" Y="217"/>
	<Point X="116" Y="219"/>
	<Point X="116" Y="223"/>
	<Point X="116" Y="224"/>
	<Point X="116" Y="225"/>
	<Point X="116" Y="226"/>
	<Point X="116" Y="227"/>
	<Point X="116" Y="228"/>
	<Point X="117" Y="228"/>
	<Point X="118" Y="228"/>
	<Point X="120" Y="228"/>
	<Point X="124" Y="228"/>
	<Point X="129" Y="228"/>
	<Point X="133" Y="228"/>
	<Point X="142" Y="228"/>
	<Point X="149" Y="228"/>
	<Point X="158" Y="228"/>
	<Point X="167" Y="228"/>
	<Point X="176" Y="228"/>
	<Point X="186" Y="228"/>
	<Point X="194" Y="228"/>
	<Point X="202" Y="228"/>
	<Point X="208" Y="228"/>
	<Point X="214" Y="228"/>
	<Point X="219" Y="228"/>
	<Point X="222" Y="228"/>
	<Point X="224" Y="228"/>
	<Point X="226" Y="228"/>
	<Point X="227" Y="228"/>
	<Point X="231" Y="228"/>
	<Point X="233" Y="228"/>
	<Point X="234" Y="228"/>
	<Point X="235" Y="228"/>
	<Point X="236" Y="228"/>
	<Point X="237" Y="228"/>
	<Point X="240" Y="228"/>
	<Point X="241" Y="228"/>
	<Point X="244" Y="228"/>
	<Point X="247" Y="228"/>
	<Point X="248" Y="228"/>
	<Point X="250" Y="228"/>
	<Point X="251" Y="228"/>
	<Point X="252" Y="228"/>
	<Point X="253" Y="228"/>
	<Point X="254" Y="228"/>
	<Point X="255" Y="228"/>
	<Point X="255" Y="227"/>
	<Point X="255" Y="224"/>
	<Point X="255" Y="220"/>
	<Point X="255" Y="218"/>
	<Point X="255" Y="214"/>
	<Point X="255" Y="208"/>
	<Point X="255" Y="202"/>
	<Point X="255" Y="196"/>
	<Point X="255" Y="190"/>
	<Point X="255" Y="185"/>
	<Point X="255" Y="181"/>
	<Point X="255" Y="178"/>
	<Point X="255" Y="176"/>
	<Point X="255" Y="175"/>
	<Point X="255" Y="174"/>
	<Point X="255" Y="173"/>
	<Point X="254" Y="170"/>
	<Point X="252" Y="168"/>
	<Point X="251" Y="167"/>
	<Point X="249" Y="167"/>
	<Point X="247" Y="166"/>
	<Point X="244" Y="165"/>
	<Point X="243" Y="165"/>
	<Point X="240" Y="164"/>
	<Point X="235" Y="163"/>
	<Point X="231" Y="162"/>
	<Point X="225" Y="161"/>
	<Point X="221" Y="161"/>
	<Point X="215" Y="160"/>
	<Point X="206" Y="160"/>
	<Point X="200" Y="159"/>
	<Point X="194" Y="159"/>
	<Point X="186" Y="159"/>
	<Point X="180" Y="159"/>
	<Point X="174" Y="159"/>
	<Point X="167" Y="159"/>
	<Point X="160" Y="159"/>
	<Point X="154" Y="159"/>
	<Point X="149" Y="159"/>
	<Point X="144" Y="159"/>
	<Point X="140" Y="159"/>
	<Point X="137" Y="159"/>
	<Point X="133" Y="159"/>
	<Point X="131" Y="159"/>
	<Point X="129" Y="159"/>
	<Point X="125" Y="159"/>
	<Point X="123" Y="159"/>
	<Point X="120" Y="159"/>
	<Point X="117" Y="159"/>
	<Point X="116" Y="159"/>
	<Point X="114" Y="158"/>
	<Point X="113" Y="158"/>
	<Point X="112" Y="158"/>
	<Point X="110" Y="158"/>
	<Point X="109" Y="157"/>
	<Point X="108" Y="157"/>
</Gesture>
