<?xml version="1.0" ?>
<Gesture Name="rectangle01" Subject="02" Number="01" NumPts="63">
	<Point X="62" Y="169"/>
	<Point X="62" Y="172"/>
	<Point X="61" Y="177"/>
	<Point X="61" Y="185"/>
	<Point X="59" Y="192"/>
	<Point X="59" Y="200"/>
	<Point X="59" Y="209"/>
	<Point X="59" Y="215"/>
	<Point X="59" Y="221"/>
	<Point X="58" Y="224"/>
	<Point X="58" Y="227"/>
	<Point X="58" Y="230"/>
	<Point X="57" Y="231"/>
	<Point X="58" Y="231"/>
	<Point X="63" Y="231"/>
	<Point X="69" Y="231"/>
	<Point X="79" Y="233"/>
	<Point X="89" Y="233"/>
	<Point X="102" Y="233"/>
	<Point X="114" Y="233"/>
	<Point X="127" Y="233"/>
	<Point X="139" Y="233"/>
	<Point X="151" Y="233"/>
	<Point X="161" Y="233"/>
	<Point X="170" Y="233"/>
	<Point X="176" Y="233"/>
	<Point X="179" Y="233"/>
	<Point X="180" Y="233"/>
	<Point X="181" Y="232"/>
	<Point X="181" Y="228"/>
	<Point X="181" Y="222"/>
	<Point X="181" Y="216"/>
	<Point X="181" Y="207"/>
	<Point X="181" Y="199"/>
	<Point X="181" Y="189"/>
	<Point X="181" Y="180"/>
	<Point X="181" Y="174"/>
	<Point X="181" Y="168"/>
	<Point X="181" Y="166"/>
	<Point X="181" Y="165"/>
	<Point X="181" Y="164"/>
	<Point X="181" Y="163"/>
	<Point X="181" Y="162"/>
	<Point X="180" Y="162"/>
	<Point X="177" Y="162"/>
	<Point X="173" Y="162"/>
	<Point X="166" Y="163"/>
	<Point X="161" Y="165"/>
	<Point X="155" Y="165"/>
	<Point X="148" Y="167"/>
	<Point X="141" Y="167"/>
	<Point X="135" Y="167"/>
	<Point X="127" Y="167"/>
	<Point X="121" Y="167"/>
	<Point X="117" Y="167"/>
	<Point X="112" Y="167"/>
	<Point X="108" Y="167"/>
	<Point X="103" Y="167"/>
	<Point X="98" Y="166"/>
	<Point X="95" Y="165"/>
	<Point X="92" Y="164"/>
	<Point X="88" Y="162"/>
	<Point X="86" Y="162"/>
</Gesture>
