<?xml version="1.0" ?>
<Gesture Name="rectangle03" Subject="02" Number="03" NumPts="84">
	<Point X="71" Y="148"/>
	<Point X="71" Y="149"/>
	<Point X="71" Y="152"/>
	<Point X="71" Y="156"/>
	<Point X="71" Y="162"/>
	<Point X="71" Y="171"/>
	<Point X="71" Y="180"/>
	<Point X="71" Y="189"/>
	<Point X="71" Y="196"/>
	<Point X="71" Y="204"/>
	<Point X="71" Y="208"/>
	<Point X="71" Y="211"/>
	<Point X="71" Y="214"/>
	<Point X="71" Y="215"/>
	<Point X="71" Y="216"/>
	<Point X="71" Y="217"/>
	<Point X="72" Y="217"/>
	<Point X="74" Y="217"/>
	<Point X="77" Y="217"/>
	<Point X="80" Y="217"/>
	<Point X="84" Y="217"/>
	<Point X="89" Y="217"/>
	<Point X="95" Y="217"/>
	<Point X="102" Y="217"/>
	<Point X="110" Y="217"/>
	<Point X="118" Y="217"/>
	<Point X="126" Y="217"/>
	<Point X="135" Y="217"/>
	<Point X="138" Y="216"/>
	<Point X="144" Y="215"/>
	<Point X="149" Y="215"/>
	<Point X="151" Y="215"/>
	<Point X="155" Y="215"/>
	<Point X="158" Y="215"/>
	<Point X="161" Y="215"/>
	<Point X="164" Y="215"/>
	<Point X="167" Y="215"/>
	<Point X="170" Y="215"/>
	<Point X="171" Y="215"/>
	<Point X="173" Y="215"/>
	<Point X="175" Y="215"/>
	<Point X="176" Y="215"/>
	<Point X="177" Y="215"/>
	<Point X="178" Y="213"/>
	<Point X="178" Y="211"/>
	<Point X="181" Y="204"/>
	<Point X="181" Y="199"/>
	<Point X="182" Y="193"/>
	<Point X="182" Y="185"/>
	<Point X="182" Y="180"/>
	<Point X="182" Y="174"/>
	<Point X="182" Y="169"/>
	<Point X="182" Y="167"/>
	<Point X="182" Y="163"/>
	<Point X="182" Y="161"/>
	<Point X="182" Y="159"/>
	<Point X="181" Y="159"/>
	<Point X="181" Y="157"/>
	<Point X="180" Y="157"/>
	<Point X="179" Y="157"/>
	<Point X="176" Y="157"/>
	<Point X="173" Y="157"/>
	<Point X="170" Y="157"/>
	<Point X="163" Y="157"/>
	<Point X="157" Y="157"/>
	<Point X="150" Y="157"/>
	<Point X="141" Y="157"/>
	<Point X="133" Y="157"/>
	<Point X="126" Y="157"/>
	<Point X="120" Y="157"/>
	<Point X="116" Y="157"/>
	<Point X="111" Y="157"/>
	<Point X="107" Y="157"/>
	<Point X="103" Y="157"/>
	<Point X="101" Y="157"/>
	<Point X="99" Y="157"/>
	<Point X="97" Y="156"/>
	<Point X="95" Y="156"/>
	<Point X="93" Y="156"/>
	<Point X="92" Y="156"/>
	<Point X="90" Y="155"/>
	<Point X="93" Y="155"/>
	<Point X="96" Y="155"/>
	<Point X="99" Y="155"/>
</Gesture>
