<?xml version="1.0" ?>
<Gesture Name="rectangle05" Subject="02" Number="05" NumPts="73">
	<Point X="108" Y="149"/>
	<Point X="108" Y="152"/>
	<Point X="108" Y="156"/>
	<Point X="108" Y="161"/>
	<Point X="108" Y="167"/>
	<Point X="107" Y="173"/>
	<Point X="106" Y="178"/>
	<Point X="106" Y="184"/>
	<Point X="105" Y="188"/>
	<Point X="105" Y="193"/>
	<Point X="104" Y="196"/>
	<Point X="104" Y="201"/>
	<Point X="104" Y="203"/>
	<Point X="104" Y="205"/>
	<Point X="104" Y="207"/>
	<Point X="104" Y="208"/>
	<Point X="104" Y="209"/>
	<Point X="104" Y="210"/>
	<Point X="104" Y="211"/>
	<Point X="106" Y="211"/>
	<Point X="109" Y="211"/>
	<Point X="114" Y="211"/>
	<Point X="120" Y="212"/>
	<Point X="129" Y="212"/>
	<Point X="138" Y="213"/>
	<Point X="150" Y="214"/>
	<Point X="161" Y="214"/>
	<Point X="173" Y="217"/>
	<Point X="184" Y="217"/>
	<Point X="191" Y="217"/>
	<Point X="198" Y="217"/>
	<Point X="202" Y="217"/>
	<Point X="204" Y="217"/>
	<Point X="205" Y="217"/>
	<Point X="206" Y="217"/>
	<Point X="207" Y="217"/>
	<Point X="207" Y="216"/>
	<Point X="207" Y="213"/>
	<Point X="208" Y="209"/>
	<Point X="210" Y="204"/>
	<Point X="211" Y="197"/>
	<Point X="212" Y="187"/>
	<Point X="215" Y="179"/>
	<Point X="216" Y="173"/>
	<Point X="216" Y="169"/>
	<Point X="216" Y="166"/>
	<Point X="216" Y="164"/>
	<Point X="216" Y="163"/>
	<Point X="216" Y="161"/>
	<Point X="216" Y="160"/>
	<Point X="215" Y="160"/>
	<Point X="212" Y="160"/>
	<Point X="210" Y="160"/>
	<Point X="208" Y="160"/>
	<Point X="204" Y="161"/>
	<Point X="200" Y="161"/>
	<Point X="196" Y="161"/>
	<Point X="190" Y="161"/>
	<Point X="182" Y="161"/>
	<Point X="176" Y="161"/>
	<Point X="169" Y="161"/>
	<Point X="162" Y="161"/>
	<Point X="154" Y="161"/>
	<Point X="148" Y="161"/>
	<Point X="140" Y="160"/>
	<Point X="133" Y="159"/>
	<Point X="128" Y="159"/>
	<Point X="124" Y="158"/>
	<Point X="119" Y="158"/>
	<Point X="116" Y="157"/>
	<Point X="112" Y="157"/>
	<Point X="110" Y="156"/>
	<Point X="111" Y="156"/>
</Gesture>
