<?xml version="1.0" ?>
<Gesture Name="rectangle02" Subject="02" Number="02" NumPts="93">
	<Point X="62" Y="159"/>
	<Point X="62" Y="163"/>
	<Point X="62" Y="169"/>
	<Point X="62" Y="175"/>
	<Point X="62" Y="181"/>
	<Point X="62" Y="186"/>
	<Point X="62" Y="190"/>
	<Point X="62" Y="196"/>
	<Point X="62" Y="200"/>
	<Point X="62" Y="203"/>
	<Point X="62" Y="205"/>
	<Point X="62" Y="207"/>
	<Point X="62" Y="208"/>
	<Point X="63" Y="208"/>
	<Point X="64" Y="208"/>
	<Point X="65" Y="208"/>
	<Point X="66" Y="209"/>
	<Point X="67" Y="209"/>
	<Point X="69" Y="210"/>
	<Point X="74" Y="210"/>
	<Point X="79" Y="211"/>
	<Point X="83" Y="211"/>
	<Point X="88" Y="211"/>
	<Point X="94" Y="211"/>
	<Point X="98" Y="211"/>
	<Point X="103" Y="211"/>
	<Point X="107" Y="211"/>
	<Point X="111" Y="211"/>
	<Point X="115" Y="211"/>
	<Point X="117" Y="211"/>
	<Point X="121" Y="211"/>
	<Point X="124" Y="210"/>
	<Point X="128" Y="210"/>
	<Point X="132" Y="209"/>
	<Point X="134" Y="209"/>
	<Point X="135" Y="209"/>
	<Point X="136" Y="209"/>
	<Point X="137" Y="209"/>
	<Point X="139" Y="209"/>
	<Point X="140" Y="209"/>
	<Point X="143" Y="209"/>
	<Point X="144" Y="209"/>
	<Point X="146" Y="209"/>
	<Point X="147" Y="208"/>
	<Point X="148" Y="208"/>
	<Point X="148" Y="207"/>
	<Point X="150" Y="205"/>
	<Point X="150" Y="204"/>
	<Point X="151" Y="203"/>
	<Point X="152" Y="202"/>
	<Point X="152" Y="201"/>
	<Point X="152" Y="200"/>
	<Point X="152" Y="196"/>
	<Point X="152" Y="193"/>
	<Point X="151" Y="188"/>
	<Point X="148" Y="182"/>
	<Point X="148" Y="177"/>
	<Point X="147" Y="173"/>
	<Point X="147" Y="168"/>
	<Point X="147" Y="167"/>
	<Point X="147" Y="165"/>
	<Point X="147" Y="164"/>
	<Point X="147" Y="163"/>
	<Point X="146" Y="162"/>
	<Point X="145" Y="162"/>
	<Point X="144" Y="162"/>
	<Point X="141" Y="162"/>
	<Point X="137" Y="162"/>
	<Point X="134" Y="162"/>
	<Point X="132" Y="162"/>
	<Point X="128" Y="162"/>
	<Point X="125" Y="162"/>
	<Point X="122" Y="162"/>
	<Point X="119" Y="162"/>
	<Point X="117" Y="162"/>
	<Point X="116" Y="163"/>
	<Point X="114" Y="163"/>
	<Point X="112" Y="163"/>
	<Point X="109" Y="163"/>
	<Point X="108" Y="165"/>
	<Point X="104" Y="165"/>
	<Point X="100" Y="165"/>
	<Point X="97" Y="165"/>
	<Point X="93" Y="166"/>
	<Point X="91" Y="166"/>
	<Point X="88" Y="166"/>
	<Point X="85" Y="166"/>
	<Point X="83" Y="167"/>
	<Point X="81" Y="167"/>
	<Point X="80" Y="167"/>
	<Point X="79" Y="167"/>
	<Point X="78" Y="167"/>
	<Point X="77" Y="167"/>
</Gesture>
