<?xml version="1.0" ?>
<Gesture Name="rectangle06" Subject="02" Number="06" NumPts="82">
	<Point X="124" Y="168"/>
	<Point X="124" Y="171"/>
	<Point X="124" Y="174"/>
	<Point X="124" Y="180"/>
	<Point X="124" Y="184"/>
	<Point X="124" Y="192"/>
	<Point X="124" Y="198"/>
	<Point X="124" Y="204"/>
	<Point X="124" Y="210"/>
	<Point X="124" Y="214"/>
	<Point X="124" Y="219"/>
	<Point X="124" Y="223"/>
	<Point X="124" Y="227"/>
	<Point X="124" Y="230"/>
	<Point X="124" Y="231"/>
	<Point X="124" Y="233"/>
	<Point X="126" Y="234"/>
	<Point X="129" Y="234"/>
	<Point X="134" Y="234"/>
	<Point X="140" Y="234"/>
	<Point X="146" Y="234"/>
	<Point X="153" Y="234"/>
	<Point X="162" Y="234"/>
	<Point X="171" Y="234"/>
	<Point X="178" Y="234"/>
	<Point X="186" Y="234"/>
	<Point X="193" Y="234"/>
	<Point X="199" Y="234"/>
	<Point X="202" Y="234"/>
	<Point X="204" Y="234"/>
	<Point X="206" Y="234"/>
	<Point X="207" Y="234"/>
	<Point X="209" Y="234"/>
	<Point X="211" Y="234"/>
	<Point X="212" Y="234"/>
	<Point X="214" Y="234"/>
	<Point X="215" Y="234"/>
	<Point X="217" Y="234"/>
	<Point X="218" Y="233"/>
	<Point X="220" Y="232"/>
	<Point X="221" Y="230"/>
	<Point X="221" Y="228"/>
	<Point X="222" Y="226"/>
	<Point X="222" Y="223"/>
	<Point X="222" Y="219"/>
	<Point X="222" Y="216"/>
	<Point X="222" Y="211"/>
	<Point X="222" Y="207"/>
	<Point X="222" Y="201"/>
	<Point X="222" Y="196"/>
	<Point X="222" Y="190"/>
	<Point X="222" Y="184"/>
	<Point X="219" Y="176"/>
	<Point X="217" Y="171"/>
	<Point X="215" Y="166"/>
	<Point X="214" Y="161"/>
	<Point X="213" Y="160"/>
	<Point X="212" Y="157"/>
	<Point X="211" Y="155"/>
	<Point X="209" Y="155"/>
	<Point X="207" Y="155"/>
	<Point X="202" Y="155"/>
	<Point X="198" Y="155"/>
	<Point X="195" Y="156"/>
	<Point X="192" Y="156"/>
	<Point X="188" Y="156"/>
	<Point X="183" Y="156"/>
	<Point X="179" Y="156"/>
	<Point X="174" Y="156"/>
	<Point X="170" Y="156"/>
	<Point X="165" Y="156"/>
	<Point X="161" Y="156"/>
	<Point X="157" Y="156"/>
	<Point X="153" Y="156"/>
	<Point X="150" Y="156"/>
	<Point X="145" Y="156"/>
	<Point X="142" Y="156"/>
	<Point X="140" Y="156"/>
	<Point X="136" Y="156"/>
	<Point X="133" Y="156"/>
	<Point X="130" Y="156"/>
	<Point X="130" Y="157"/>
</Gesture>
