<?xml version="1.0" ?>
<Gesture Name="rectangle10" Subject="02" Number="10" NumPts="82">
	<Point X="140" Y="136"/>
	<Point X="140" Y="138"/>
	<Point X="141" Y="143"/>
	<Point X="142" Y="150"/>
	<Point X="145" Y="157"/>
	<Point X="145" Y="163"/>
	<Point X="145" Y="169"/>
	<Point X="145" Y="173"/>
	<Point X="145" Y="178"/>
	<Point X="145" Y="184"/>
	<Point X="145" Y="186"/>
	<Point X="145" Y="188"/>
	<Point X="145" Y="189"/>
	<Point X="148" Y="189"/>
	<Point X="152" Y="189"/>
	<Point X="157" Y="189"/>
	<Point X="163" Y="189"/>
	<Point X="172" Y="189"/>
	<Point X="181" Y="189"/>
	<Point X="189" Y="189"/>
	<Point X="200" Y="188"/>
	<Point X="209" Y="187"/>
	<Point X="219" Y="184"/>
	<Point X="230" Y="183"/>
	<Point X="236" Y="183"/>
	<Point X="242" Y="182"/>
	<Point X="247" Y="182"/>
	<Point X="250" Y="181"/>
	<Point X="253" Y="181"/>
	<Point X="254" Y="181"/>
	<Point X="256" Y="181"/>
	<Point X="257" Y="181"/>
	<Point X="258" Y="181"/>
	<Point X="260" Y="181"/>
	<Point X="261" Y="181"/>
	<Point X="263" Y="181"/>
	<Point X="264" Y="181"/>
	<Point X="265" Y="181"/>
	<Point X="267" Y="181"/>
	<Point X="268" Y="181"/>
	<Point X="269" Y="181"/>
	<Point X="269" Y="179"/>
	<Point X="269" Y="175"/>
	<Point X="269" Y="171"/>
	<Point X="269" Y="167"/>
	<Point X="267" Y="161"/>
	<Point X="266" Y="156"/>
	<Point X="265" Y="150"/>
	<Point X="265" Y="142"/>
	<Point X="264" Y="136"/>
	<Point X="262" Y="131"/>
	<Point X="260" Y="128"/>
	<Point X="260" Y="126"/>
	<Point X="257" Y="124"/>
	<Point X="255" Y="122"/>
	<Point X="254" Y="120"/>
	<Point X="253" Y="120"/>
	<Point X="253" Y="119"/>
	<Point X="252" Y="119"/>
	<Point X="251" Y="119"/>
	<Point X="247" Y="119"/>
	<Point X="243" Y="119"/>
	<Point X="241" Y="120"/>
	<Point X="236" Y="120"/>
	<Point X="231" Y="121"/>
	<Point X="224" Y="123"/>
	<Point X="220" Y="124"/>
	<Point X="214" Y="124"/>
	<Point X="208" Y="125"/>
	<Point X="204" Y="125"/>
	<Point X="199" Y="126"/>
	<Point X="193" Y="126"/>
	<Point X="187" Y="128"/>
	<Point X="182" Y="128"/>
	<Point X="175" Y="128"/>
	<Point X="167" Y="128"/>
	<Point X="161" Y="128"/>
	<Point X="154" Y="128"/>
	<Point X="149" Y="128"/>
	<Point X="147" Y="128"/>
	<Point X="144" Y="128"/>
	<Point X="143" Y="128"/>
</Gesture>
