<?xml version="1.0" ?>
<Gesture Name="right_curly_brace08" Subject="02" Number="08" NumPts="124">
	<Point X="143" Y="122"/>
	<Point X="146" Y="122"/>
	<Point X="148" Y="122"/>
	<Point X="153" Y="122"/>
	<Point X="160" Y="122"/>
	<Point X="167" Y="122"/>
	<Point X="173" Y="122"/>
	<Point X="181" Y="122"/>
	<Point X="185" Y="122"/>
	<Point X="188" Y="123"/>
	<Point X="190" Y="124"/>
	<Point X="192" Y="125"/>
	<Point X="193" Y="125"/>
	<Point X="194" Y="126"/>
	<Point X="194" Y="127"/>
	<Point X="194" Y="130"/>
	<Point X="194" Y="131"/>
	<Point X="194" Y="133"/>
	<Point X="194" Y="134"/>
	<Point X="194" Y="136"/>
	<Point X="194" Y="138"/>
	<Point X="194" Y="140"/>
	<Point X="194" Y="142"/>
	<Point X="194" Y="144"/>
	<Point X="193" Y="146"/>
	<Point X="192" Y="149"/>
	<Point X="191" Y="152"/>
	<Point X="190" Y="153"/>
	<Point X="190" Y="155"/>
	<Point X="189" Y="158"/>
	<Point X="188" Y="159"/>
	<Point X="187" Y="162"/>
	<Point X="186" Y="163"/>
	<Point X="186" Y="164"/>
	<Point X="185" Y="165"/>
	<Point X="185" Y="168"/>
	<Point X="185" Y="169"/>
	<Point X="185" Y="171"/>
	<Point X="185" Y="172"/>
	<Point X="185" Y="173"/>
	<Point X="185" Y="175"/>
	<Point X="185" Y="176"/>
	<Point X="185" Y="177"/>
	<Point X="185" Y="178"/>
	<Point X="185" Y="179"/>
	<Point X="185" Y="180"/>
	<Point X="185" Y="182"/>
	<Point X="185" Y="183"/>
	<Point X="186" Y="185"/>
	<Point X="187" Y="185"/>
	<Point X="188" Y="186"/>
	<Point X="190" Y="186"/>
	<Point X="192" Y="187"/>
	<Point X="193" Y="187"/>
	<Point X="194" Y="188"/>
	<Point X="196" Y="188"/>
	<Point X="197" Y="189"/>
	<Point X="198" Y="189"/>
	<Point X="200" Y="189"/>
	<Point X="201" Y="190"/>
	<Point X="205" Y="190"/>
	<Point X="207" Y="190"/>
	<Point X="208" Y="190"/>
	<Point X="210" Y="190"/>
	<Point X="211" Y="191"/>
	<Point X="212" Y="192"/>
	<Point X="211" Y="192"/>
	<Point X="209" Y="192"/>
	<Point X="208" Y="192"/>
	<Point X="207" Y="192"/>
	<Point X="206" Y="192"/>
	<Point X="205" Y="192"/>
	<Point X="204" Y="192"/>
	<Point X="202" Y="192"/>
	<Point X="201" Y="192"/>
	<Point X="198" Y="192"/>
	<Point X="197" Y="193"/>
	<Point X="195" Y="193"/>
	<Point X="194" Y="194"/>
	<Point X="193" Y="195"/>
	<Point X="191" Y="196"/>
	<Point X="190" Y="197"/>
	<Point X="190" Y="198"/>
	<Point X="189" Y="199"/>
	<Point X="189" Y="200"/>
	<Point X="188" Y="203"/>
	<Point X="188" Y="204"/>
	<Point X="188" Y="205"/>
	<Point X="188" Y="207"/>
	<Point X="188" Y="209"/>
	<Point X="188" Y="210"/>
	<Point X="188" Y="212"/>
	<Point X="188" Y="214"/>
	<Point X="188" Y="216"/>
	<Point X="191" Y="218"/>
	<Point X="192" Y="220"/>
	<Point X="192" Y="222"/>
	<Point X="193" Y="225"/>
	<Point X="195" Y="227"/>
	<Point X="196" Y="230"/>
	<Point X="196" Y="233"/>
	<Point X="196" Y="236"/>
	<Point X="196" Y="237"/>
	<Point X="196" Y="238"/>
	<Point X="196" Y="240"/>
	<Point X="196" Y="242"/>
	<Point X="196" Y="243"/>
	<Point X="196" Y="244"/>
	<Point X="196" Y="246"/>
	<Point X="195" Y="247"/>
	<Point X="194" Y="248"/>
	<Point X="192" Y="249"/>
	<Point X="189" Y="251"/>
	<Point X="187" Y="251"/>
	<Point X="185" Y="252"/>
	<Point X="183" Y="252"/>
	<Point X="182" Y="253"/>
	<Point X="180" Y="253"/>
	<Point X="178" Y="253"/>
	<Point X="177" Y="253"/>
	<Point X="176" Y="253"/>
	<Point X="174" Y="253"/>
	<Point X="173" Y="253"/>
	<Point X="172" Y="253"/>
</Gesture>
