<?xml version="1.0" ?>
<Gesture Name="right_sq_bracket07" Subject="02" Number="07" NumPts="68">
	<Point X="149" Y="107"/>
	<Point X="150" Y="107"/>
	<Point X="152" Y="107"/>
	<Point X="153" Y="107"/>
	<Point X="157" Y="108"/>
	<Point X="158" Y="108"/>
	<Point X="163" Y="109"/>
	<Point X="169" Y="112"/>
	<Point X="174" Y="113"/>
	<Point X="177" Y="114"/>
	<Point X="182" Y="116"/>
	<Point X="184" Y="117"/>
	<Point X="184" Y="119"/>
	<Point X="184" Y="120"/>
	<Point X="184" Y="121"/>
	<Point X="184" Y="123"/>
	<Point X="184" Y="124"/>
	<Point X="184" Y="127"/>
	<Point X="184" Y="128"/>
	<Point X="184" Y="131"/>
	<Point X="184" Y="136"/>
	<Point X="184" Y="139"/>
	<Point X="184" Y="145"/>
	<Point X="184" Y="149"/>
	<Point X="184" Y="154"/>
	<Point X="184" Y="158"/>
	<Point X="184" Y="163"/>
	<Point X="184" Y="167"/>
	<Point X="184" Y="173"/>
	<Point X="184" Y="178"/>
	<Point X="184" Y="181"/>
	<Point X="184" Y="185"/>
	<Point X="184" Y="189"/>
	<Point X="184" Y="191"/>
	<Point X="184" Y="194"/>
	<Point X="184" Y="197"/>
	<Point X="184" Y="198"/>
	<Point X="184" Y="201"/>
	<Point X="184" Y="202"/>
	<Point X="184" Y="204"/>
	<Point X="184" Y="206"/>
	<Point X="184" Y="208"/>
	<Point X="184" Y="210"/>
	<Point X="184" Y="211"/>
	<Point X="184" Y="212"/>
	<Point X="184" Y="213"/>
	<Point X="184" Y="214"/>
	<Point X="184" Y="215"/>
	<Point X="183" Y="216"/>
	<Point X="182" Y="217"/>
	<Point X="181" Y="218"/>
	<Point X="180" Y="218"/>
	<Point X="178" Y="218"/>
	<Point X="177" Y="219"/>
	<Point X="175" Y="219"/>
	<Point X="175" Y="220"/>
	<Point X="173" Y="220"/>
	<Point X="172" Y="220"/>
	<Point X="171" Y="220"/>
	<Point X="170" Y="220"/>
	<Point X="167" Y="220"/>
	<Point X="163" Y="220"/>
	<Point X="160" Y="220"/>
	<Point X="156" Y="220"/>
	<Point X="153" Y="220"/>
	<Point X="150" Y="220"/>
	<Point X="149" Y="220"/>
	<Point X="148" Y="219"/>
</Gesture>
