<?xml version="1.0" ?>
<Gesture Name="right_sq_bracket09" Subject="02" Number="09" NumPts="45">
	<Point X="171" Y="122"/>
	<Point X="174" Y="122"/>
	<Point X="179" Y="123"/>
	<Point X="183" Y="124"/>
	<Point X="190" Y="125"/>
	<Point X="196" Y="125"/>
	<Point X="202" Y="126"/>
	<Point X="207" Y="128"/>
	<Point X="208" Y="128"/>
	<Point X="209" Y="128"/>
	<Point X="209" Y="130"/>
	<Point X="209" Y="131"/>
	<Point X="209" Y="133"/>
	<Point X="209" Y="136"/>
	<Point X="209" Y="139"/>
	<Point X="209" Y="143"/>
	<Point X="209" Y="148"/>
	<Point X="209" Y="152"/>
	<Point X="209" Y="158"/>
	<Point X="211" Y="167"/>
	<Point X="211" Y="175"/>
	<Point X="213" Y="181"/>
	<Point X="214" Y="189"/>
	<Point X="214" Y="193"/>
	<Point X="215" Y="199"/>
	<Point X="218" Y="206"/>
	<Point X="219" Y="209"/>
	<Point X="221" Y="216"/>
	<Point X="222" Y="220"/>
	<Point X="224" Y="224"/>
	<Point X="225" Y="226"/>
	<Point X="226" Y="228"/>
	<Point X="227" Y="230"/>
	<Point X="224" Y="230"/>
	<Point X="220" Y="230"/>
	<Point X="216" Y="230"/>
	<Point X="212" Y="230"/>
	<Point X="207" Y="230"/>
	<Point X="201" Y="230"/>
	<Point X="197" Y="230"/>
	<Point X="192" Y="230"/>
	<Point X="188" Y="230"/>
	<Point X="185" Y="230"/>
	<Point X="180" Y="230"/>
	<Point X="179" Y="230"/>
</Gesture>
