<?xml version="1.0" ?>
<Gesture Name="right_curly_brace05" Subject="02" Number="05" NumPts="108">
	<Point X="150" Y="122"/>
	<Point X="153" Y="122"/>
	<Point X="159" Y="122"/>
	<Point X="163" Y="122"/>
	<Point X="171" Y="122"/>
	<Point X="179" Y="122"/>
	<Point X="185" Y="122"/>
	<Point X="193" Y="122"/>
	<Point X="196" Y="122"/>
	<Point X="199" Y="122"/>
	<Point X="200" Y="123"/>
	<Point X="201" Y="124"/>
	<Point X="201" Y="126"/>
	<Point X="201" Y="128"/>
	<Point X="201" Y="130"/>
	<Point X="201" Y="133"/>
	<Point X="201" Y="135"/>
	<Point X="201" Y="138"/>
	<Point X="201" Y="142"/>
	<Point X="201" Y="145"/>
	<Point X="198" Y="148"/>
	<Point X="196" Y="151"/>
	<Point X="194" Y="155"/>
	<Point X="191" Y="158"/>
	<Point X="184" Y="162"/>
	<Point X="182" Y="165"/>
	<Point X="179" Y="167"/>
	<Point X="174" Y="171"/>
	<Point X="173" Y="172"/>
	<Point X="170" Y="174"/>
	<Point X="170" Y="175"/>
	<Point X="170" Y="176"/>
	<Point X="169" Y="178"/>
	<Point X="169" Y="180"/>
	<Point X="169" Y="182"/>
	<Point X="169" Y="184"/>
	<Point X="169" Y="186"/>
	<Point X="171" Y="188"/>
	<Point X="172" Y="189"/>
	<Point X="175" Y="192"/>
	<Point X="177" Y="193"/>
	<Point X="180" Y="196"/>
	<Point X="184" Y="197"/>
	<Point X="187" Y="198"/>
	<Point X="190" Y="200"/>
	<Point X="191" Y="200"/>
	<Point X="194" Y="201"/>
	<Point X="196" Y="201"/>
	<Point X="197" Y="202"/>
	<Point X="195" Y="202"/>
	<Point X="194" Y="202"/>
	<Point X="191" Y="202"/>
	<Point X="188" Y="202"/>
	<Point X="187" Y="202"/>
	<Point X="185" Y="202"/>
	<Point X="182" Y="202"/>
	<Point X="180" Y="202"/>
	<Point X="179" Y="202"/>
	<Point X="179" Y="203"/>
	<Point X="179" Y="204"/>
	<Point X="179" Y="205"/>
	<Point X="179" Y="206"/>
	<Point X="179" Y="207"/>
	<Point X="179" Y="208"/>
	<Point X="179" Y="209"/>
	<Point X="180" Y="212"/>
	<Point X="181" Y="213"/>
	<Point X="183" Y="216"/>
	<Point X="185" Y="218"/>
	<Point X="186" Y="220"/>
	<Point X="190" Y="224"/>
	<Point X="192" Y="226"/>
	<Point X="193" Y="230"/>
	<Point X="193" Y="232"/>
	<Point X="193" Y="235"/>
	<Point X="194" Y="238"/>
	<Point X="194" Y="239"/>
	<Point X="194" Y="242"/>
	<Point X="194" Y="244"/>
	<Point X="194" Y="246"/>
	<Point X="194" Y="248"/>
	<Point X="194" Y="250"/>
	<Point X="194" Y="252"/>
	<Point X="194" Y="254"/>
	<Point X="193" Y="256"/>
	<Point X="192" Y="257"/>
	<Point X="191" Y="258"/>
	<Point X="190" Y="258"/>
	<Point X="189" Y="258"/>
	<Point X="186" Y="258"/>
	<Point X="185" Y="258"/>
	<Point X="183" Y="258"/>
	<Point X="181" Y="258"/>
	<Point X="178" Y="258"/>
	<Point X="175" Y="258"/>
	<Point X="172" Y="258"/>
	<Point X="170" Y="258"/>
	<Point X="167" Y="258"/>
	<Point X="165" Y="258"/>
	<Point X="162" Y="258"/>
	<Point X="161" Y="258"/>
	<Point X="160" Y="258"/>
	<Point X="159" Y="258"/>
	<Point X="158" Y="258"/>
	<Point X="159" Y="257"/>
	<Point X="161" Y="257"/>
	<Point X="163" Y="257"/>
	<Point X="167" Y="256"/>
</Gesture>
