<?xml version="1.0" ?>
<Gesture Name="right_sq_bracket06" Subject="02" Number="06" NumPts="54">
	<Point X="154" Y="132"/>
	<Point X="158" Y="132"/>
	<Point X="160" Y="132"/>
	<Point X="163" Y="132"/>
	<Point X="169" Y="134"/>
	<Point X="177" Y="134"/>
	<Point X="179" Y="135"/>
	<Point X="183" Y="135"/>
	<Point X="186" Y="136"/>
	<Point X="186" Y="137"/>
	<Point X="187" Y="137"/>
	<Point X="187" Y="138"/>
	<Point X="188" Y="139"/>
	<Point X="189" Y="141"/>
	<Point X="189" Y="142"/>
	<Point X="189" Y="144"/>
	<Point X="189" Y="146"/>
	<Point X="189" Y="149"/>
	<Point X="189" Y="152"/>
	<Point X="189" Y="155"/>
	<Point X="189" Y="158"/>
	<Point X="189" Y="162"/>
	<Point X="189" Y="166"/>
	<Point X="190" Y="170"/>
	<Point X="190" Y="175"/>
	<Point X="190" Y="178"/>
	<Point X="190" Y="184"/>
	<Point X="190" Y="187"/>
	<Point X="190" Y="191"/>
	<Point X="190" Y="196"/>
	<Point X="190" Y="200"/>
	<Point X="191" Y="203"/>
	<Point X="191" Y="207"/>
	<Point X="191" Y="211"/>
	<Point X="191" Y="214"/>
	<Point X="191" Y="217"/>
	<Point X="192" Y="220"/>
	<Point X="192" Y="222"/>
	<Point X="192" Y="225"/>
	<Point X="192" Y="227"/>
	<Point X="192" Y="229"/>
	<Point X="192" Y="230"/>
	<Point X="192" Y="231"/>
	<Point X="191" Y="232"/>
	<Point X="187" Y="232"/>
	<Point X="185" Y="232"/>
	<Point X="182" Y="232"/>
	<Point X="177" Y="232"/>
	<Point X="173" Y="232"/>
	<Point X="168" Y="232"/>
	<Point X="163" Y="232"/>
	<Point X="159" Y="231"/>
	<Point X="158" Y="230"/>
	<Point X="155" Y="230"/>
</Gesture>
