<?xml version="1.0" ?>
<Gesture Name="right_curly_brace09" Subject="02" Number="09" NumPts="127">
	<Point X="159" Y="117"/>
	<Point X="160" Y="117"/>
	<Point X="162" Y="116"/>
	<Point X="165" Y="115"/>
	<Point X="166" Y="115"/>
	<Point X="172" Y="115"/>
	<Point X="174" Y="115"/>
	<Point X="178" Y="115"/>
	<Point X="182" Y="115"/>
	<Point X="185" Y="115"/>
	<Point X="186" Y="115"/>
	<Point X="190" Y="115"/>
	<Point X="192" Y="115"/>
	<Point X="193" Y="116"/>
	<Point X="194" Y="116"/>
	<Point X="194" Y="118"/>
	<Point X="196" Y="120"/>
	<Point X="197" Y="122"/>
	<Point X="198" Y="123"/>
	<Point X="201" Y="127"/>
	<Point X="201" Y="128"/>
	<Point X="201" Y="130"/>
	<Point X="201" Y="132"/>
	<Point X="201" Y="134"/>
	<Point X="201" Y="136"/>
	<Point X="199" Y="138"/>
	<Point X="198" Y="141"/>
	<Point X="197" Y="144"/>
	<Point X="195" Y="146"/>
	<Point X="195" Y="147"/>
	<Point X="193" Y="149"/>
	<Point X="192" Y="150"/>
	<Point X="192" Y="151"/>
	<Point X="191" Y="151"/>
	<Point X="190" Y="152"/>
	<Point X="189" Y="153"/>
	<Point X="188" Y="154"/>
	<Point X="188" Y="155"/>
	<Point X="187" Y="157"/>
	<Point X="186" Y="157"/>
	<Point X="186" Y="158"/>
	<Point X="185" Y="159"/>
	<Point X="185" Y="160"/>
	<Point X="185" Y="161"/>
	<Point X="185" Y="163"/>
	<Point X="185" Y="164"/>
	<Point X="185" Y="167"/>
	<Point X="185" Y="168"/>
	<Point X="185" Y="169"/>
	<Point X="187" Y="170"/>
	<Point X="189" Y="173"/>
	<Point X="191" Y="174"/>
	<Point X="191" Y="175"/>
	<Point X="193" Y="175"/>
	<Point X="196" Y="176"/>
	<Point X="199" Y="178"/>
	<Point X="200" Y="178"/>
	<Point X="202" Y="179"/>
	<Point X="204" Y="180"/>
	<Point X="206" Y="180"/>
	<Point X="211" Y="181"/>
	<Point X="212" Y="182"/>
	<Point X="214" Y="183"/>
	<Point X="215" Y="183"/>
	<Point X="216" Y="183"/>
	<Point X="217" Y="183"/>
	<Point X="216" Y="183"/>
	<Point X="214" Y="183"/>
	<Point X="211" Y="183"/>
	<Point X="209" Y="182"/>
	<Point X="207" Y="181"/>
	<Point X="204" Y="180"/>
	<Point X="201" Y="179"/>
	<Point X="198" Y="178"/>
	<Point X="197" Y="178"/>
	<Point X="194" Y="178"/>
	<Point X="193" Y="178"/>
	<Point X="192" Y="178"/>
	<Point X="191" Y="178"/>
	<Point X="190" Y="178"/>
	<Point X="189" Y="179"/>
	<Point X="189" Y="180"/>
	<Point X="189" Y="181"/>
	<Point X="189" Y="182"/>
	<Point X="189" Y="184"/>
	<Point X="188" Y="186"/>
	<Point X="188" Y="188"/>
	<Point X="187" Y="191"/>
	<Point X="187" Y="192"/>
	<Point X="187" Y="194"/>
	<Point X="187" Y="196"/>
	<Point X="187" Y="197"/>
	<Point X="187" Y="199"/>
	<Point X="187" Y="201"/>
	<Point X="187" Y="203"/>
	<Point X="187" Y="205"/>
	<Point X="187" Y="208"/>
	<Point X="187" Y="210"/>
	<Point X="187" Y="212"/>
	<Point X="187" Y="214"/>
	<Point X="187" Y="216"/>
	<Point X="187" Y="218"/>
	<Point X="187" Y="219"/>
	<Point X="187" Y="221"/>
	<Point X="187" Y="222"/>
	<Point X="187" Y="223"/>
	<Point X="187" Y="225"/>
	<Point X="187" Y="226"/>
	<Point X="186" Y="227"/>
	<Point X="185" Y="227"/>
	<Point X="184" Y="229"/>
	<Point X="182" Y="229"/>
	<Point X="179" Y="230"/>
	<Point X="178" Y="230"/>
	<Point X="173" Y="230"/>
	<Point X="171" Y="230"/>
	<Point X="168" Y="230"/>
	<Point X="165" Y="230"/>
	<Point X="163" Y="230"/>
	<Point X="162" Y="230"/>
	<Point X="159" Y="230"/>
	<Point X="158" Y="230"/>
	<Point X="157" Y="230"/>
	<Point X="156" Y="230"/>
	<Point X="155" Y="230"/>
	<Point X="153" Y="230"/>
	<Point X="153" Y="229"/>
</Gesture>
