<?xml version="1.0" ?>
<Gesture Name="right_curly_brace01" Subject="02" Number="01" NumPts="126">
	<Point X="154" Y="130"/>
	<Point X="156" Y="130"/>
	<Point X="157" Y="130"/>
	<Point X="158" Y="130"/>
	<Point X="159" Y="130"/>
	<Point X="160" Y="130"/>
	<Point X="161" Y="130"/>
	<Point X="163" Y="130"/>
	<Point X="166" Y="131"/>
	<Point X="168" Y="132"/>
	<Point X="172" Y="133"/>
	<Point X="178" Y="136"/>
	<Point X="182" Y="137"/>
	<Point X="185" Y="139"/>
	<Point X="188" Y="141"/>
	<Point X="190" Y="143"/>
	<Point X="191" Y="144"/>
	<Point X="192" Y="145"/>
	<Point X="193" Y="146"/>
	<Point X="193" Y="147"/>
	<Point X="193" Y="149"/>
	<Point X="193" Y="151"/>
	<Point X="192" Y="155"/>
	<Point X="192" Y="156"/>
	<Point X="190" Y="161"/>
	<Point X="189" Y="163"/>
	<Point X="188" Y="166"/>
	<Point X="184" Y="171"/>
	<Point X="182" Y="174"/>
	<Point X="181" Y="176"/>
	<Point X="178" Y="179"/>
	<Point X="176" Y="183"/>
	<Point X="175" Y="185"/>
	<Point X="175" Y="187"/>
	<Point X="174" Y="190"/>
	<Point X="174" Y="193"/>
	<Point X="172" Y="195"/>
	<Point X="172" Y="196"/>
	<Point X="172" Y="198"/>
	<Point X="172" Y="199"/>
	<Point X="172" Y="201"/>
	<Point X="172" Y="202"/>
	<Point X="172" Y="204"/>
	<Point X="172" Y="205"/>
	<Point X="173" Y="205"/>
	<Point X="174" Y="207"/>
	<Point X="176" Y="208"/>
	<Point X="177" Y="209"/>
	<Point X="180" Y="210"/>
	<Point X="182" Y="211"/>
	<Point X="186" Y="213"/>
	<Point X="187" Y="213"/>
	<Point X="188" Y="214"/>
	<Point X="190" Y="214"/>
	<Point X="191" Y="214"/>
	<Point X="192" Y="215"/>
	<Point X="193" Y="215"/>
	<Point X="194" Y="215"/>
	<Point X="195" Y="216"/>
	<Point X="193" Y="216"/>
	<Point X="190" Y="216"/>
	<Point X="188" Y="216"/>
	<Point X="185" Y="216"/>
	<Point X="183" Y="216"/>
	<Point X="182" Y="216"/>
	<Point X="180" Y="216"/>
	<Point X="179" Y="216"/>
	<Point X="178" Y="216"/>
	<Point X="177" Y="216"/>
	<Point X="176" Y="216"/>
	<Point X="175" Y="217"/>
	<Point X="174" Y="218"/>
	<Point X="173" Y="219"/>
	<Point X="172" Y="219"/>
	<Point X="171" Y="221"/>
	<Point X="169" Y="222"/>
	<Point X="169" Y="224"/>
	<Point X="169" Y="226"/>
	<Point X="168" Y="228"/>
	<Point X="168" Y="229"/>
	<Point X="168" Y="231"/>
	<Point X="168" Y="233"/>
	<Point X="168" Y="236"/>
	<Point X="169" Y="237"/>
	<Point X="171" Y="240"/>
	<Point X="173" Y="243"/>
	<Point X="174" Y="245"/>
	<Point X="175" Y="246"/>
	<Point X="176" Y="248"/>
	<Point X="178" Y="250"/>
	<Point X="179" Y="251"/>
	<Point X="180" Y="253"/>
	<Point X="181" Y="255"/>
	<Point X="182" Y="257"/>
	<Point X="182" Y="259"/>
	<Point X="184" Y="261"/>
	<Point X="185" Y="262"/>
	<Point X="186" Y="265"/>
	<Point X="186" Y="266"/>
	<Point X="186" Y="269"/>
	<Point X="186" Y="271"/>
	<Point X="186" Y="273"/>
	<Point X="186" Y="275"/>
	<Point X="186" Y="277"/>
	<Point X="186" Y="278"/>
	<Point X="186" Y="280"/>
	<Point X="186" Y="281"/>
	<Point X="186" Y="282"/>
	<Point X="186" Y="283"/>
	<Point X="186" Y="284"/>
	<Point X="185" Y="285"/>
	<Point X="184" Y="285"/>
	<Point X="181" Y="285"/>
	<Point X="180" Y="285"/>
	<Point X="178" Y="285"/>
	<Point X="177" Y="285"/>
	<Point X="174" Y="285"/>
	<Point X="171" Y="285"/>
	<Point X="168" Y="285"/>
	<Point X="166" Y="284"/>
	<Point X="161" Y="282"/>
	<Point X="159" Y="280"/>
	<Point X="157" Y="280"/>
	<Point X="156" Y="280"/>
	<Point X="154" Y="279"/>
	<Point X="153" Y="279"/>
</Gesture>
