<?xml version="1.0" ?>
<Gesture Name="right_sq_bracket04" Subject="02" Number="04" NumPts="61">
	<Point X="152" Y="148"/>
	<Point X="154" Y="148"/>
	<Point X="157" Y="148"/>
	<Point X="161" Y="148"/>
	<Point X="165" Y="148"/>
	<Point X="170" Y="150"/>
	<Point X="175" Y="152"/>
	<Point X="176" Y="152"/>
	<Point X="178" Y="153"/>
	<Point X="179" Y="153"/>
	<Point X="179" Y="154"/>
	<Point X="180" Y="155"/>
	<Point X="181" Y="156"/>
	<Point X="181" Y="157"/>
	<Point X="182" Y="157"/>
	<Point X="183" Y="158"/>
	<Point X="183" Y="159"/>
	<Point X="184" Y="159"/>
	<Point X="184" Y="160"/>
	<Point X="184" Y="161"/>
	<Point X="184" Y="163"/>
	<Point X="184" Y="165"/>
	<Point X="184" Y="167"/>
	<Point X="184" Y="168"/>
	<Point X="184" Y="172"/>
	<Point X="184" Y="175"/>
	<Point X="184" Y="177"/>
	<Point X="182" Y="181"/>
	<Point X="182" Y="184"/>
	<Point X="182" Y="186"/>
	<Point X="181" Y="189"/>
	<Point X="180" Y="194"/>
	<Point X="180" Y="197"/>
	<Point X="180" Y="202"/>
	<Point X="180" Y="205"/>
	<Point X="180" Y="209"/>
	<Point X="180" Y="213"/>
	<Point X="181" Y="217"/>
	<Point X="181" Y="221"/>
	<Point X="182" Y="224"/>
	<Point X="182" Y="227"/>
	<Point X="182" Y="231"/>
	<Point X="183" Y="233"/>
	<Point X="183" Y="236"/>
	<Point X="183" Y="239"/>
	<Point X="183" Y="240"/>
	<Point X="184" Y="242"/>
	<Point X="184" Y="243"/>
	<Point X="184" Y="244"/>
	<Point X="182" Y="245"/>
	<Point X="177" Y="245"/>
	<Point X="173" Y="245"/>
	<Point X="168" Y="245"/>
	<Point X="164" Y="245"/>
	<Point X="159" Y="245"/>
	<Point X="155" Y="245"/>
	<Point X="150" Y="245"/>
	<Point X="147" Y="245"/>
	<Point X="146" Y="245"/>
	<Point X="147" Y="245"/>
	<Point X="150" Y="245"/>
</Gesture>
