<?xml version="1.0" ?>
<Gesture Name="right_curly_brace06" Subject="02" Number="06" NumPts="121">
	<Point X="162" Y="128"/>
	<Point X="166" Y="127"/>
	<Point X="169" Y="127"/>
	<Point X="172" Y="127"/>
	<Point X="177" Y="127"/>
	<Point X="179" Y="127"/>
	<Point X="182" Y="127"/>
	<Point X="186" Y="127"/>
	<Point X="187" Y="127"/>
	<Point X="189" Y="127"/>
	<Point X="192" Y="128"/>
	<Point X="194" Y="129"/>
	<Point X="195" Y="130"/>
	<Point X="196" Y="131"/>
	<Point X="198" Y="132"/>
	<Point X="199" Y="133"/>
	<Point X="199" Y="136"/>
	<Point X="200" Y="137"/>
	<Point X="202" Y="140"/>
	<Point X="202" Y="143"/>
	<Point X="202" Y="144"/>
	<Point X="202" Y="145"/>
	<Point X="202" Y="147"/>
	<Point X="202" Y="148"/>
	<Point X="202" Y="150"/>
	<Point X="202" Y="152"/>
	<Point X="202" Y="154"/>
	<Point X="202" Y="157"/>
	<Point X="202" Y="159"/>
	<Point X="202" Y="163"/>
	<Point X="202" Y="165"/>
	<Point X="201" Y="167"/>
	<Point X="200" Y="168"/>
	<Point X="200" Y="170"/>
	<Point X="197" Y="173"/>
	<Point X="196" Y="175"/>
	<Point X="196" Y="177"/>
	<Point X="196" Y="179"/>
	<Point X="195" Y="181"/>
	<Point X="195" Y="183"/>
	<Point X="195" Y="184"/>
	<Point X="195" Y="186"/>
	<Point X="195" Y="187"/>
	<Point X="195" Y="188"/>
	<Point X="195" Y="190"/>
	<Point X="195" Y="191"/>
	<Point X="195" Y="193"/>
	<Point X="195" Y="194"/>
	<Point X="195" Y="195"/>
	<Point X="195" Y="197"/>
	<Point X="195" Y="199"/>
	<Point X="197" Y="203"/>
	<Point X="199" Y="204"/>
	<Point X="200" Y="205"/>
	<Point X="202" Y="207"/>
	<Point X="203" Y="207"/>
	<Point X="207" Y="210"/>
	<Point X="209" Y="211"/>
	<Point X="212" Y="212"/>
	<Point X="214" Y="213"/>
	<Point X="216" Y="214"/>
	<Point X="219" Y="214"/>
	<Point X="222" Y="215"/>
	<Point X="223" Y="216"/>
	<Point X="225" Y="216"/>
	<Point X="226" Y="216"/>
	<Point X="225" Y="216"/>
	<Point X="221" Y="216"/>
	<Point X="218" Y="216"/>
	<Point X="215" Y="216"/>
	<Point X="213" Y="216"/>
	<Point X="210" Y="216"/>
	<Point X="209" Y="216"/>
	<Point X="207" Y="216"/>
	<Point X="206" Y="217"/>
	<Point X="205" Y="218"/>
	<Point X="203" Y="220"/>
	<Point X="203" Y="221"/>
	<Point X="201" Y="223"/>
	<Point X="201" Y="224"/>
	<Point X="199" Y="227"/>
	<Point X="199" Y="229"/>
	<Point X="199" Y="230"/>
	<Point X="199" Y="233"/>
	<Point X="199" Y="235"/>
	<Point X="199" Y="237"/>
	<Point X="199" Y="239"/>
	<Point X="199" Y="242"/>
	<Point X="199" Y="243"/>
	<Point X="200" Y="244"/>
	<Point X="200" Y="246"/>
	<Point X="201" Y="248"/>
	<Point X="201" Y="250"/>
	<Point X="202" Y="253"/>
	<Point X="203" Y="255"/>
	<Point X="203" Y="256"/>
	<Point X="203" Y="258"/>
	<Point X="203" Y="259"/>
	<Point X="203" Y="262"/>
	<Point X="203" Y="264"/>
	<Point X="203" Y="266"/>
	<Point X="203" Y="267"/>
	<Point X="203" Y="269"/>
	<Point X="203" Y="270"/>
	<Point X="201" Y="272"/>
	<Point X="201" Y="273"/>
	<Point X="199" Y="275"/>
	<Point X="197" Y="277"/>
	<Point X="196" Y="278"/>
	<Point X="194" Y="279"/>
	<Point X="191" Y="281"/>
	<Point X="188" Y="281"/>
	<Point X="186" Y="282"/>
	<Point X="184" Y="283"/>
	<Point X="180" Y="285"/>
	<Point X="178" Y="285"/>
	<Point X="175" Y="286"/>
	<Point X="174" Y="286"/>
	<Point X="171" Y="286"/>
	<Point X="170" Y="286"/>
	<Point X="169" Y="286"/>
</Gesture>
