<?xml version="1.0" ?>
<Gesture Name="right_sq_bracket10" Subject="02" Number="10" NumPts="48">
	<Point X="181" Y="125"/>
	<Point X="186" Y="126"/>
	<Point X="189" Y="127"/>
	<Point X="196" Y="128"/>
	<Point X="199" Y="129"/>
	<Point X="204" Y="132"/>
	<Point X="206" Y="133"/>
	<Point X="209" Y="133"/>
	<Point X="211" Y="135"/>
	<Point X="212" Y="136"/>
	<Point X="212" Y="137"/>
	<Point X="212" Y="139"/>
	<Point X="212" Y="142"/>
	<Point X="212" Y="144"/>
	<Point X="211" Y="149"/>
	<Point X="210" Y="155"/>
	<Point X="209" Y="163"/>
	<Point X="208" Y="169"/>
	<Point X="207" Y="174"/>
	<Point X="207" Y="180"/>
	<Point X="205" Y="189"/>
	<Point X="205" Y="193"/>
	<Point X="205" Y="200"/>
	<Point X="205" Y="205"/>
	<Point X="205" Y="214"/>
	<Point X="205" Y="218"/>
	<Point X="205" Y="224"/>
	<Point X="205" Y="230"/>
	<Point X="205" Y="235"/>
	<Point X="205" Y="239"/>
	<Point X="205" Y="244"/>
	<Point X="205" Y="247"/>
	<Point X="205" Y="250"/>
	<Point X="205" Y="251"/>
	<Point X="205" Y="254"/>
	<Point X="204" Y="254"/>
	<Point X="203" Y="254"/>
	<Point X="200" Y="254"/>
	<Point X="197" Y="254"/>
	<Point X="195" Y="254"/>
	<Point X="191" Y="254"/>
	<Point X="189" Y="254"/>
	<Point X="188" Y="254"/>
	<Point X="187" Y="254"/>
	<Point X="186" Y="254"/>
	<Point X="185" Y="254"/>
	<Point X="185" Y="253"/>
	<Point X="182" Y="253"/>
</Gesture>
