<?xml version="1.0" ?>
<Gesture Name="right_curly_brace03" Subject="02" Number="03" NumPts="111">
	<Point X="149" Y="125"/>
	<Point X="157" Y="125"/>
	<Point X="163" Y="125"/>
	<Point X="171" Y="125"/>
	<Point X="179" Y="125"/>
	<Point X="185" Y="125"/>
	<Point X="189" Y="125"/>
	<Point X="193" Y="125"/>
	<Point X="195" Y="126"/>
	<Point X="197" Y="126"/>
	<Point X="198" Y="128"/>
	<Point X="200" Y="129"/>
	<Point X="201" Y="130"/>
	<Point X="201" Y="132"/>
	<Point X="201" Y="133"/>
	<Point X="201" Y="134"/>
	<Point X="201" Y="136"/>
	<Point X="201" Y="138"/>
	<Point X="201" Y="140"/>
	<Point X="201" Y="143"/>
	<Point X="201" Y="146"/>
	<Point X="198" Y="148"/>
	<Point X="197" Y="153"/>
	<Point X="194" Y="156"/>
	<Point X="191" Y="158"/>
	<Point X="190" Y="160"/>
	<Point X="188" Y="162"/>
	<Point X="187" Y="164"/>
	<Point X="186" Y="166"/>
	<Point X="185" Y="167"/>
	<Point X="183" Y="170"/>
	<Point X="182" Y="172"/>
	<Point X="182" Y="173"/>
	<Point X="182" Y="174"/>
	<Point X="182" Y="176"/>
	<Point X="181" Y="177"/>
	<Point X="180" Y="178"/>
	<Point X="180" Y="179"/>
	<Point X="180" Y="180"/>
	<Point X="180" Y="182"/>
	<Point X="180" Y="184"/>
	<Point X="181" Y="186"/>
	<Point X="184" Y="187"/>
	<Point X="186" Y="188"/>
	<Point X="189" Y="189"/>
	<Point X="193" Y="190"/>
	<Point X="198" Y="192"/>
	<Point X="200" Y="192"/>
	<Point X="203" Y="193"/>
	<Point X="206" Y="193"/>
	<Point X="209" Y="193"/>
	<Point X="211" Y="193"/>
	<Point X="212" Y="193"/>
	<Point X="213" Y="193"/>
	<Point X="214" Y="194"/>
	<Point X="215" Y="194"/>
	<Point X="217" Y="196"/>
	<Point X="215" Y="196"/>
	<Point X="212" Y="196"/>
	<Point X="207" Y="195"/>
	<Point X="204" Y="195"/>
	<Point X="200" Y="195"/>
	<Point X="195" Y="194"/>
	<Point X="192" Y="194"/>
	<Point X="189" Y="194"/>
	<Point X="187" Y="194"/>
	<Point X="185" Y="194"/>
	<Point X="184" Y="194"/>
	<Point X="183" Y="194"/>
	<Point X="182" Y="195"/>
	<Point X="182" Y="196"/>
	<Point X="182" Y="198"/>
	<Point X="182" Y="199"/>
	<Point X="182" Y="201"/>
	<Point X="182" Y="202"/>
	<Point X="182" Y="205"/>
	<Point X="182" Y="206"/>
	<Point X="182" Y="208"/>
	<Point X="182" Y="209"/>
	<Point X="183" Y="213"/>
	<Point X="184" Y="214"/>
	<Point X="184" Y="218"/>
	<Point X="184" Y="219"/>
	<Point X="185" Y="220"/>
	<Point X="185" Y="224"/>
	<Point X="187" Y="226"/>
	<Point X="187" Y="228"/>
	<Point X="187" Y="229"/>
	<Point X="187" Y="232"/>
	<Point X="187" Y="234"/>
	<Point X="187" Y="236"/>
	<Point X="187" Y="238"/>
	<Point X="186" Y="241"/>
	<Point X="184" Y="243"/>
	<Point X="182" Y="247"/>
	<Point X="178" Y="251"/>
	<Point X="177" Y="252"/>
	<Point X="174" Y="254"/>
	<Point X="173" Y="255"/>
	<Point X="171" Y="255"/>
	<Point X="170" Y="256"/>
	<Point X="168" Y="256"/>
	<Point X="167" Y="256"/>
	<Point X="166" Y="256"/>
	<Point X="165" Y="256"/>
	<Point X="163" Y="256"/>
	<Point X="161" Y="256"/>
	<Point X="160" Y="256"/>
	<Point X="156" Y="255"/>
	<Point X="155" Y="253"/>
	<Point X="152" Y="252"/>
</Gesture>
