<?xml version="1.0" ?>
<Gesture Name="right_sq_bracket08" Subject="02" Number="08" NumPts="45">
	<Point X="148" Y="114"/>
	<Point X="152" Y="114"/>
	<Point X="156" Y="114"/>
	<Point X="164" Y="115"/>
	<Point X="171" Y="115"/>
	<Point X="180" Y="117"/>
	<Point X="189" Y="117"/>
	<Point X="195" Y="118"/>
	<Point X="198" Y="118"/>
	<Point X="200" Y="120"/>
	<Point X="200" Y="121"/>
	<Point X="200" Y="123"/>
	<Point X="200" Y="127"/>
	<Point X="200" Y="128"/>
	<Point X="200" Y="131"/>
	<Point X="200" Y="135"/>
	<Point X="200" Y="137"/>
	<Point X="200" Y="141"/>
	<Point X="200" Y="146"/>
	<Point X="200" Y="150"/>
	<Point X="200" Y="155"/>
	<Point X="200" Y="159"/>
	<Point X="200" Y="164"/>
	<Point X="200" Y="169"/>
	<Point X="202" Y="175"/>
	<Point X="203" Y="178"/>
	<Point X="204" Y="183"/>
	<Point X="205" Y="188"/>
	<Point X="206" Y="193"/>
	<Point X="207" Y="195"/>
	<Point X="207" Y="197"/>
	<Point X="207" Y="198"/>
	<Point X="208" Y="200"/>
	<Point X="206" Y="201"/>
	<Point X="200" Y="201"/>
	<Point X="195" Y="201"/>
	<Point X="191" Y="201"/>
	<Point X="185" Y="201"/>
	<Point X="179" Y="201"/>
	<Point X="174" Y="201"/>
	<Point X="168" Y="201"/>
	<Point X="165" Y="201"/>
	<Point X="163" Y="201"/>
	<Point X="160" Y="201"/>
	<Point X="159" Y="202"/>
</Gesture>
