<?xml version="1.0" ?>
<Gesture Name="right_sq_bracket02" Subject="02" Number="02" NumPts="61">
	<Point X="165" Y="139"/>
	<Point X="166" Y="139"/>
	<Point X="169" Y="139"/>
	<Point X="172" Y="139"/>
	<Point X="176" Y="139"/>
	<Point X="179" Y="139"/>
	<Point X="182" Y="141"/>
	<Point X="185" Y="142"/>
	<Point X="186" Y="142"/>
	<Point X="189" Y="143"/>
	<Point X="191" Y="144"/>
	<Point X="192" Y="145"/>
	<Point X="193" Y="145"/>
	<Point X="193" Y="146"/>
	<Point X="193" Y="147"/>
	<Point X="193" Y="148"/>
	<Point X="193" Y="150"/>
	<Point X="193" Y="152"/>
	<Point X="193" Y="155"/>
	<Point X="192" Y="160"/>
	<Point X="192" Y="163"/>
	<Point X="190" Y="168"/>
	<Point X="190" Y="172"/>
	<Point X="190" Y="177"/>
	<Point X="190" Y="183"/>
	<Point X="190" Y="187"/>
	<Point X="190" Y="192"/>
	<Point X="190" Y="196"/>
	<Point X="190" Y="201"/>
	<Point X="191" Y="207"/>
	<Point X="192" Y="212"/>
	<Point X="194" Y="216"/>
	<Point X="195" Y="220"/>
	<Point X="196" Y="224"/>
	<Point X="196" Y="229"/>
	<Point X="198" Y="231"/>
	<Point X="199" Y="233"/>
	<Point X="200" Y="238"/>
	<Point X="200" Y="241"/>
	<Point X="200" Y="243"/>
	<Point X="201" Y="245"/>
	<Point X="201" Y="246"/>
	<Point X="201" Y="247"/>
	<Point X="201" Y="248"/>
	<Point X="201" Y="249"/>
	<Point X="200" Y="249"/>
	<Point X="198" Y="249"/>
	<Point X="193" Y="249"/>
	<Point X="187" Y="249"/>
	<Point X="181" Y="249"/>
	<Point X="175" Y="249"/>
	<Point X="169" Y="249"/>
	<Point X="164" Y="249"/>
	<Point X="160" Y="249"/>
	<Point X="157" Y="249"/>
	<Point X="154" Y="249"/>
	<Point X="154" Y="250"/>
	<Point X="156" Y="250"/>
	<Point X="157" Y="250"/>
	<Point X="160" Y="250"/>
	<Point X="161" Y="250"/>
</Gesture>
