<?xml version="1.0" ?>
<Gesture Name="right_curly_brace02" Subject="02" Number="02" NumPts="110">
	<Point X="150" Y="137"/>
	<Point X="155" Y="137"/>
	<Point X="162" Y="137"/>
	<Point X="170" Y="137"/>
	<Point X="176" Y="137"/>
	<Point X="180" Y="137"/>
	<Point X="185" Y="137"/>
	<Point X="187" Y="137"/>
	<Point X="188" Y="137"/>
	<Point X="190" Y="137"/>
	<Point X="191" Y="138"/>
	<Point X="192" Y="138"/>
	<Point X="192" Y="139"/>
	<Point X="193" Y="140"/>
	<Point X="193" Y="143"/>
	<Point X="193" Y="145"/>
	<Point X="193" Y="147"/>
	<Point X="193" Y="148"/>
	<Point X="193" Y="150"/>
	<Point X="193" Y="152"/>
	<Point X="191" Y="155"/>
	<Point X="189" Y="158"/>
	<Point X="185" Y="162"/>
	<Point X="182" Y="166"/>
	<Point X="179" Y="170"/>
	<Point X="175" Y="174"/>
	<Point X="173" Y="176"/>
	<Point X="172" Y="179"/>
	<Point X="171" Y="181"/>
	<Point X="170" Y="183"/>
	<Point X="168" Y="187"/>
	<Point X="168" Y="189"/>
	<Point X="167" Y="191"/>
	<Point X="167" Y="193"/>
	<Point X="167" Y="195"/>
	<Point X="167" Y="198"/>
	<Point X="167" Y="201"/>
	<Point X="168" Y="202"/>
	<Point X="169" Y="203"/>
	<Point X="172" Y="206"/>
	<Point X="175" Y="207"/>
	<Point X="178" Y="209"/>
	<Point X="181" Y="210"/>
	<Point X="184" Y="210"/>
	<Point X="188" Y="211"/>
	<Point X="191" Y="212"/>
	<Point X="193" Y="212"/>
	<Point X="195" Y="212"/>
	<Point X="196" Y="212"/>
	<Point X="197" Y="212"/>
	<Point X="196" Y="212"/>
	<Point X="193" Y="212"/>
	<Point X="191" Y="212"/>
	<Point X="188" Y="212"/>
	<Point X="185" Y="212"/>
	<Point X="183" Y="212"/>
	<Point X="179" Y="212"/>
	<Point X="176" Y="212"/>
	<Point X="175" Y="212"/>
	<Point X="172" Y="212"/>
	<Point X="171" Y="212"/>
	<Point X="170" Y="213"/>
	<Point X="169" Y="214"/>
	<Point X="168" Y="214"/>
	<Point X="165" Y="216"/>
	<Point X="165" Y="218"/>
	<Point X="165" Y="219"/>
	<Point X="165" Y="221"/>
	<Point X="165" Y="224"/>
	<Point X="165" Y="225"/>
	<Point X="165" Y="229"/>
	<Point X="166" Y="231"/>
	<Point X="167" Y="233"/>
	<Point X="170" Y="236"/>
	<Point X="171" Y="238"/>
	<Point X="174" Y="241"/>
	<Point X="176" Y="243"/>
	<Point X="176" Y="245"/>
	<Point X="178" Y="247"/>
	<Point X="179" Y="248"/>
	<Point X="179" Y="250"/>
	<Point X="181" Y="251"/>
	<Point X="182" Y="254"/>
	<Point X="182" Y="257"/>
	<Point X="182" Y="260"/>
	<Point X="182" Y="261"/>
	<Point X="182" Y="263"/>
	<Point X="182" Y="265"/>
	<Point X="182" Y="266"/>
	<Point X="182" Y="268"/>
	<Point X="181" Y="268"/>
	<Point X="181" Y="270"/>
	<Point X="179" Y="271"/>
	<Point X="177" Y="272"/>
	<Point X="174" Y="273"/>
	<Point X="171" Y="275"/>
	<Point X="168" Y="275"/>
	<Point X="166" Y="275"/>
	<Point X="165" Y="275"/>
	<Point X="163" Y="275"/>
	<Point X="162" Y="275"/>
	<Point X="161" Y="275"/>
	<Point X="159" Y="275"/>
	<Point X="156" Y="275"/>
	<Point X="155" Y="275"/>
	<Point X="153" Y="275"/>
	<Point X="153" Y="274"/>
	<Point X="152" Y="274"/>
	<Point X="151" Y="274"/>
	<Point X="151" Y="273"/>
</Gesture>
