<?xml version="1.0" ?>
<Gesture Name="right_sq_bracket03" Subject="02" Number="03" NumPts="56">
	<Point X="153" Y="149"/>
	<Point X="154" Y="149"/>
	<Point X="158" Y="149"/>
	<Point X="160" Y="149"/>
	<Point X="165" Y="149"/>
	<Point X="169" Y="150"/>
	<Point X="173" Y="151"/>
	<Point X="176" Y="153"/>
	<Point X="178" Y="154"/>
	<Point X="180" Y="154"/>
	<Point X="182" Y="155"/>
	<Point X="182" Y="156"/>
	<Point X="182" Y="157"/>
	<Point X="182" Y="158"/>
	<Point X="182" Y="159"/>
	<Point X="182" Y="160"/>
	<Point X="182" Y="163"/>
	<Point X="182" Y="165"/>
	<Point X="182" Y="168"/>
	<Point X="182" Y="172"/>
	<Point X="182" Y="175"/>
	<Point X="182" Y="179"/>
	<Point X="182" Y="184"/>
	<Point X="182" Y="188"/>
	<Point X="182" Y="194"/>
	<Point X="182" Y="199"/>
	<Point X="184" Y="204"/>
	<Point X="184" Y="208"/>
	<Point X="185" Y="215"/>
	<Point X="185" Y="218"/>
	<Point X="185" Y="222"/>
	<Point X="185" Y="227"/>
	<Point X="185" Y="231"/>
	<Point X="185" Y="235"/>
	<Point X="185" Y="237"/>
	<Point X="185" Y="240"/>
	<Point X="186" Y="244"/>
	<Point X="186" Y="247"/>
	<Point X="186" Y="248"/>
	<Point X="187" Y="251"/>
	<Point X="187" Y="252"/>
	<Point X="187" Y="254"/>
	<Point X="187" Y="255"/>
	<Point X="187" Y="256"/>
	<Point X="186" Y="257"/>
	<Point X="181" Y="257"/>
	<Point X="178" Y="257"/>
	<Point X="174" Y="257"/>
	<Point X="169" Y="257"/>
	<Point X="167" Y="257"/>
	<Point X="163" Y="257"/>
	<Point X="158" Y="257"/>
	<Point X="155" Y="257"/>
	<Point X="151" Y="257"/>
	<Point X="150" Y="257"/>
	<Point X="149" Y="257"/>
</Gesture>
