<?xml version="1.0" ?>
<Gesture Name="right_curly_brace04" Subject="02" Number="04" NumPts="120">
	<Point X="157" Y="122"/>
	<Point X="161" Y="122"/>
	<Point X="166" Y="122"/>
	<Point X="170" Y="122"/>
	<Point X="178" Y="122"/>
	<Point X="182" Y="122"/>
	<Point X="187" Y="122"/>
	<Point X="189" Y="123"/>
	<Point X="192" Y="124"/>
	<Point X="193" Y="125"/>
	<Point X="195" Y="125"/>
	<Point X="196" Y="126"/>
	<Point X="197" Y="127"/>
	<Point X="197" Y="128"/>
	<Point X="197" Y="130"/>
	<Point X="198" Y="132"/>
	<Point X="199" Y="133"/>
	<Point X="199" Y="135"/>
	<Point X="199" Y="137"/>
	<Point X="199" Y="138"/>
	<Point X="199" Y="141"/>
	<Point X="198" Y="142"/>
	<Point X="195" Y="147"/>
	<Point X="194" Y="148"/>
	<Point X="191" Y="152"/>
	<Point X="189" Y="155"/>
	<Point X="186" Y="157"/>
	<Point X="183" Y="160"/>
	<Point X="181" Y="162"/>
	<Point X="178" Y="164"/>
	<Point X="177" Y="166"/>
	<Point X="174" Y="168"/>
	<Point X="173" Y="169"/>
	<Point X="172" Y="171"/>
	<Point X="170" Y="173"/>
	<Point X="170" Y="174"/>
	<Point X="170" Y="175"/>
	<Point X="170" Y="176"/>
	<Point X="170" Y="178"/>
	<Point X="170" Y="179"/>
	<Point X="170" Y="180"/>
	<Point X="170" Y="181"/>
	<Point X="170" Y="182"/>
	<Point X="170" Y="185"/>
	<Point X="170" Y="186"/>
	<Point X="172" Y="188"/>
	<Point X="173" Y="190"/>
	<Point X="176" Y="191"/>
	<Point X="179" Y="193"/>
	<Point X="182" Y="195"/>
	<Point X="185" Y="195"/>
	<Point X="189" Y="197"/>
	<Point X="192" Y="199"/>
	<Point X="196" Y="200"/>
	<Point X="198" Y="200"/>
	<Point X="201" Y="201"/>
	<Point X="202" Y="201"/>
	<Point X="203" Y="201"/>
	<Point X="204" Y="201"/>
	<Point X="205" Y="201"/>
	<Point X="206" Y="201"/>
	<Point X="206" Y="202"/>
	<Point X="204" Y="202"/>
	<Point X="203" Y="202"/>
	<Point X="201" Y="202"/>
	<Point X="198" Y="201"/>
	<Point X="196" Y="201"/>
	<Point X="191" Y="200"/>
	<Point X="191" Y="199"/>
	<Point X="188" Y="198"/>
	<Point X="184" Y="197"/>
	<Point X="183" Y="197"/>
	<Point X="182" Y="197"/>
	<Point X="179" Y="197"/>
	<Point X="177" Y="195"/>
	<Point X="176" Y="195"/>
	<Point X="175" Y="195"/>
	<Point X="174" Y="195"/>
	<Point X="173" Y="195"/>
	<Point X="173" Y="196"/>
	<Point X="172" Y="197"/>
	<Point X="172" Y="198"/>
	<Point X="172" Y="199"/>
	<Point X="172" Y="200"/>
	<Point X="172" Y="202"/>
	<Point X="173" Y="204"/>
	<Point X="174" Y="204"/>
	<Point X="174" Y="205"/>
	<Point X="174" Y="207"/>
	<Point X="174" Y="208"/>
	<Point X="176" Y="210"/>
	<Point X="177" Y="213"/>
	<Point X="177" Y="215"/>
	<Point X="177" Y="216"/>
	<Point X="177" Y="219"/>
	<Point X="177" Y="221"/>
	<Point X="177" Y="223"/>
	<Point X="177" Y="226"/>
	<Point X="177" Y="228"/>
	<Point X="177" Y="230"/>
	<Point X="177" Y="232"/>
	<Point X="177" Y="234"/>
	<Point X="177" Y="235"/>
	<Point X="176" Y="235"/>
	<Point X="176" Y="238"/>
	<Point X="173" Y="239"/>
	<Point X="173" Y="240"/>
	<Point X="172" Y="240"/>
	<Point X="170" Y="241"/>
	<Point X="167" Y="241"/>
	<Point X="165" Y="241"/>
	<Point X="163" Y="242"/>
	<Point X="160" Y="242"/>
	<Point X="158" Y="242"/>
	<Point X="155" Y="242"/>
	<Point X="153" Y="242"/>
	<Point X="151" Y="242"/>
	<Point X="150" Y="242"/>
	<Point X="147" Y="242"/>
	<Point X="145" Y="241"/>
</Gesture>
