<?xml version="1.0" ?>
<Gesture Name="star03" Subject="02" Number="03" NumPts="103">
	<Point X="152" Y="246"/>
	<Point X="152" Y="245"/>
	<Point X="154" Y="240"/>
	<Point X="157" Y="235"/>
	<Point X="159" Y="227"/>
	<Point X="163" Y="220"/>
	<Point X="165" Y="209"/>
	<Point X="168" Y="201"/>
	<Point X="171" Y="189"/>
	<Point X="174" Y="179"/>
	<Point X="174" Y="170"/>
	<Point X="177" Y="162"/>
	<Point X="179" Y="157"/>
	<Point X="179" Y="151"/>
	<Point X="179" Y="148"/>
	<Point X="179" Y="144"/>
	<Point X="179" Y="143"/>
	<Point X="180" Y="141"/>
	<Point X="180" Y="140"/>
	<Point X="181" Y="139"/>
	<Point X="182" Y="139"/>
	<Point X="184" Y="141"/>
	<Point X="185" Y="144"/>
	<Point X="188" Y="149"/>
	<Point X="190" Y="155"/>
	<Point X="194" Y="165"/>
	<Point X="195" Y="171"/>
	<Point X="200" Y="179"/>
	<Point X="203" Y="187"/>
	<Point X="207" Y="196"/>
	<Point X="210" Y="201"/>
	<Point X="212" Y="208"/>
	<Point X="215" Y="214"/>
	<Point X="216" Y="219"/>
	<Point X="217" Y="220"/>
	<Point X="218" Y="224"/>
	<Point X="219" Y="225"/>
	<Point X="219" Y="227"/>
	<Point X="220" Y="229"/>
	<Point X="220" Y="230"/>
	<Point X="220" Y="231"/>
	<Point X="218" Y="231"/>
	<Point X="215" Y="231"/>
	<Point X="211" Y="231"/>
	<Point X="204" Y="229"/>
	<Point X="196" Y="226"/>
	<Point X="188" Y="222"/>
	<Point X="182" Y="219"/>
	<Point X="170" Y="214"/>
	<Point X="162" Y="211"/>
	<Point X="153" Y="206"/>
	<Point X="145" Y="203"/>
	<Point X="135" Y="197"/>
	<Point X="132" Y="195"/>
	<Point X="127" Y="192"/>
	<Point X="123" Y="190"/>
	<Point X="122" Y="190"/>
	<Point X="122" Y="189"/>
	<Point X="121" Y="188"/>
	<Point X="123" Y="188"/>
	<Point X="131" Y="186"/>
	<Point X="139" Y="185"/>
	<Point X="149" Y="182"/>
	<Point X="162" Y="180"/>
	<Point X="175" Y="176"/>
	<Point X="187" Y="173"/>
	<Point X="197" Y="170"/>
	<Point X="204" Y="168"/>
	<Point X="211" Y="165"/>
	<Point X="214" Y="165"/>
	<Point X="216" Y="165"/>
	<Point X="217" Y="164"/>
	<Point X="218" Y="164"/>
	<Point X="219" Y="164"/>
	<Point X="220" Y="164"/>
	<Point X="221" Y="164"/>
	<Point X="223" Y="165"/>
	<Point X="223" Y="166"/>
	<Point X="224" Y="166"/>
	<Point X="225" Y="167"/>
	<Point X="225" Y="168"/>
	<Point X="225" Y="169"/>
	<Point X="225" Y="171"/>
	<Point X="225" Y="173"/>
	<Point X="221" Y="176"/>
	<Point X="219" Y="177"/>
	<Point X="214" Y="180"/>
	<Point X="210" Y="183"/>
	<Point X="204" Y="187"/>
	<Point X="197" Y="192"/>
	<Point X="192" Y="196"/>
	<Point X="185" Y="202"/>
	<Point X="177" Y="209"/>
	<Point X="171" Y="214"/>
	<Point X="165" Y="221"/>
	<Point X="159" Y="226"/>
	<Point X="154" Y="233"/>
	<Point X="149" Y="238"/>
	<Point X="147" Y="242"/>
	<Point X="145" Y="246"/>
	<Point X="142" Y="248"/>
	<Point X="140" Y="251"/>
	<Point X="142" Y="251"/>
</Gesture>
