<?xml version="1.0" ?>
<Gesture Name="star09" Subject="02" Number="09" NumPts="91">
	<Point X="161" Y="236"/>
	<Point X="161" Y="235"/>
	<Point X="161" Y="233"/>
	<Point X="162" Y="226"/>
	<Point X="165" Y="220"/>
	<Point X="166" Y="211"/>
	<Point X="172" Y="200"/>
	<Point X="176" Y="191"/>
	<Point X="180" Y="179"/>
	<Point X="183" Y="167"/>
	<Point X="183" Y="155"/>
	<Point X="185" Y="146"/>
	<Point X="185" Y="137"/>
	<Point X="185" Y="131"/>
	<Point X="185" Y="129"/>
	<Point X="185" Y="126"/>
	<Point X="187" Y="127"/>
	<Point X="188" Y="130"/>
	<Point X="190" Y="137"/>
	<Point X="192" Y="146"/>
	<Point X="196" Y="156"/>
	<Point X="199" Y="166"/>
	<Point X="201" Y="176"/>
	<Point X="205" Y="188"/>
	<Point X="207" Y="200"/>
	<Point X="212" Y="211"/>
	<Point X="216" Y="219"/>
	<Point X="218" Y="228"/>
	<Point X="219" Y="233"/>
	<Point X="221" Y="236"/>
	<Point X="222" Y="240"/>
	<Point X="222" Y="241"/>
	<Point X="222" Y="242"/>
	<Point X="223" Y="244"/>
	<Point X="223" Y="246"/>
	<Point X="224" Y="246"/>
	<Point X="223" Y="245"/>
	<Point X="219" Y="242"/>
	<Point X="213" Y="238"/>
	<Point X="207" Y="233"/>
	<Point X="199" Y="228"/>
	<Point X="189" Y="222"/>
	<Point X="180" Y="216"/>
	<Point X="170" Y="209"/>
	<Point X="159" Y="200"/>
	<Point X="150" Y="194"/>
	<Point X="144" Y="189"/>
	<Point X="139" Y="183"/>
	<Point X="137" Y="181"/>
	<Point X="135" Y="178"/>
	<Point X="134" Y="176"/>
	<Point X="132" Y="173"/>
	<Point X="132" Y="172"/>
	<Point X="132" Y="171"/>
	<Point X="133" Y="171"/>
	<Point X="135" Y="171"/>
	<Point X="139" Y="172"/>
	<Point X="144" Y="172"/>
	<Point X="152" Y="172"/>
	<Point X="162" Y="174"/>
	<Point X="173" Y="176"/>
	<Point X="180" Y="176"/>
	<Point X="190" Y="176"/>
	<Point X="199" Y="176"/>
	<Point X="205" Y="175"/>
	<Point X="210" Y="174"/>
	<Point X="215" Y="171"/>
	<Point X="219" Y="170"/>
	<Point X="219" Y="169"/>
	<Point X="221" Y="169"/>
	<Point X="221" Y="171"/>
	<Point X="221" Y="174"/>
	<Point X="221" Y="175"/>
	<Point X="221" Y="178"/>
	<Point X="221" Y="181"/>
	<Point X="219" Y="184"/>
	<Point X="215" Y="190"/>
	<Point X="208" Y="195"/>
	<Point X="201" Y="200"/>
	<Point X="196" Y="203"/>
	<Point X="191" Y="207"/>
	<Point X="186" Y="211"/>
	<Point X="178" Y="215"/>
	<Point X="174" Y="217"/>
	<Point X="171" Y="219"/>
	<Point X="168" Y="222"/>
	<Point X="167" Y="222"/>
	<Point X="167" Y="224"/>
	<Point X="166" Y="224"/>
	<Point X="166" Y="226"/>
	<Point X="166" Y="227"/>
</Gesture>
