<?xml version="1.0" ?>
<Gesture Name="star08" Subject="02" Number="08" NumPts="93">
	<Point X="146" Y="250"/>
	<Point X="146" Y="249"/>
	<Point X="147" Y="246"/>
	<Point X="148" Y="241"/>
	<Point X="153" Y="235"/>
	<Point X="155" Y="227"/>
	<Point X="160" Y="216"/>
	<Point X="166" Y="204"/>
	<Point X="171" Y="192"/>
	<Point X="176" Y="177"/>
	<Point X="176" Y="167"/>
	<Point X="177" Y="156"/>
	<Point X="178" Y="144"/>
	<Point X="178" Y="134"/>
	<Point X="178" Y="128"/>
	<Point X="178" Y="125"/>
	<Point X="178" Y="123"/>
	<Point X="178" Y="122"/>
	<Point X="181" Y="124"/>
	<Point X="183" Y="130"/>
	<Point X="186" Y="138"/>
	<Point X="192" Y="146"/>
	<Point X="195" Y="155"/>
	<Point X="200" Y="166"/>
	<Point X="205" Y="177"/>
	<Point X="206" Y="184"/>
	<Point X="210" Y="192"/>
	<Point X="213" Y="200"/>
	<Point X="215" Y="206"/>
	<Point X="216" Y="210"/>
	<Point X="217" Y="213"/>
	<Point X="217" Y="214"/>
	<Point X="217" Y="217"/>
	<Point X="219" Y="219"/>
	<Point X="219" Y="220"/>
	<Point X="219" Y="221"/>
	<Point X="219" Y="222"/>
	<Point X="220" Y="223"/>
	<Point X="220" Y="224"/>
	<Point X="216" Y="224"/>
	<Point X="211" Y="224"/>
	<Point X="204" Y="221"/>
	<Point X="194" Y="215"/>
	<Point X="186" Y="211"/>
	<Point X="175" Y="205"/>
	<Point X="169" Y="200"/>
	<Point X="161" Y="196"/>
	<Point X="155" Y="195"/>
	<Point X="151" Y="193"/>
	<Point X="144" Y="190"/>
	<Point X="143" Y="189"/>
	<Point X="140" Y="188"/>
	<Point X="138" Y="187"/>
	<Point X="137" Y="187"/>
	<Point X="137" Y="186"/>
	<Point X="136" Y="186"/>
	<Point X="136" Y="185"/>
	<Point X="141" Y="183"/>
	<Point X="147" Y="181"/>
	<Point X="155" Y="178"/>
	<Point X="164" Y="175"/>
	<Point X="176" Y="171"/>
	<Point X="189" Y="169"/>
	<Point X="205" Y="164"/>
	<Point X="219" Y="163"/>
	<Point X="230" Y="159"/>
	<Point X="238" Y="157"/>
	<Point X="241" Y="156"/>
	<Point X="242" Y="155"/>
	<Point X="241" Y="156"/>
	<Point X="238" Y="159"/>
	<Point X="235" Y="161"/>
	<Point X="231" Y="164"/>
	<Point X="225" Y="168"/>
	<Point X="219" Y="173"/>
	<Point X="212" Y="178"/>
	<Point X="204" Y="184"/>
	<Point X="196" Y="191"/>
	<Point X="186" Y="198"/>
	<Point X="178" Y="205"/>
	<Point X="168" Y="215"/>
	<Point X="161" Y="225"/>
	<Point X="157" Y="231"/>
	<Point X="154" Y="239"/>
	<Point X="150" Y="248"/>
	<Point X="150" Y="252"/>
	<Point X="149" Y="254"/>
	<Point X="149" Y="256"/>
	<Point X="149" Y="257"/>
	<Point X="149" Y="256"/>
	<Point X="149" Y="255"/>
	<Point X="149" Y="253"/>
	<Point X="149" Y="252"/>
</Gesture>
