<?xml version="1.0" ?>
<Gesture Name="star02" Subject="02" Number="02" NumPts="110">
	<Point X="120" Y="249"/>
	<Point X="121" Y="244"/>
	<Point X="123" Y="238"/>
	<Point X="127" Y="230"/>
	<Point X="131" Y="221"/>
	<Point X="134" Y="213"/>
	<Point X="138" Y="203"/>
	<Point X="143" Y="193"/>
	<Point X="145" Y="182"/>
	<Point X="149" Y="172"/>
	<Point X="151" Y="162"/>
	<Point X="153" Y="153"/>
	<Point X="154" Y="149"/>
	<Point X="154" Y="144"/>
	<Point X="155" Y="142"/>
	<Point X="155" Y="140"/>
	<Point X="156" Y="139"/>
	<Point X="158" Y="140"/>
	<Point X="158" Y="141"/>
	<Point X="160" Y="145"/>
	<Point X="160" Y="148"/>
	<Point X="164" Y="155"/>
	<Point X="167" Y="164"/>
	<Point X="170" Y="170"/>
	<Point X="175" Y="180"/>
	<Point X="181" Y="189"/>
	<Point X="187" Y="200"/>
	<Point X="193" Y="211"/>
	<Point X="195" Y="219"/>
	<Point X="200" Y="229"/>
	<Point X="202" Y="236"/>
	<Point X="204" Y="239"/>
	<Point X="205" Y="243"/>
	<Point X="206" Y="245"/>
	<Point X="206" Y="246"/>
	<Point X="206" Y="247"/>
	<Point X="206" Y="248"/>
	<Point X="205" Y="248"/>
	<Point X="202" Y="248"/>
	<Point X="199" Y="248"/>
	<Point X="194" Y="246"/>
	<Point X="186" Y="241"/>
	<Point X="180" Y="238"/>
	<Point X="172" Y="233"/>
	<Point X="161" Y="229"/>
	<Point X="149" Y="224"/>
	<Point X="139" Y="220"/>
	<Point X="128" Y="215"/>
	<Point X="118" Y="211"/>
	<Point X="111" Y="210"/>
	<Point X="103" Y="208"/>
	<Point X="99" Y="206"/>
	<Point X="95" Y="205"/>
	<Point X="92" Y="204"/>
	<Point X="90" Y="202"/>
	<Point X="89" Y="202"/>
	<Point X="88" Y="202"/>
	<Point X="88" Y="201"/>
	<Point X="90" Y="201"/>
	<Point X="95" Y="199"/>
	<Point X="100" Y="197"/>
	<Point X="105" Y="196"/>
	<Point X="116" Y="195"/>
	<Point X="123" Y="193"/>
	<Point X="134" Y="190"/>
	<Point X="145" Y="187"/>
	<Point X="155" Y="185"/>
	<Point X="164" Y="181"/>
	<Point X="175" Y="179"/>
	<Point X="181" Y="178"/>
	<Point X="186" Y="176"/>
	<Point X="192" Y="174"/>
	<Point X="195" Y="174"/>
	<Point X="198" Y="174"/>
	<Point X="201" Y="174"/>
	<Point X="204" Y="174"/>
	<Point X="207" Y="174"/>
	<Point X="209" Y="174"/>
	<Point X="209" Y="175"/>
	<Point X="209" Y="177"/>
	<Point X="209" Y="178"/>
	<Point X="209" Y="181"/>
	<Point X="209" Y="182"/>
	<Point X="209" Y="185"/>
	<Point X="209" Y="188"/>
	<Point X="209" Y="190"/>
	<Point X="205" Y="194"/>
	<Point X="203" Y="197"/>
	<Point X="197" Y="201"/>
	<Point X="191" Y="205"/>
	<Point X="183" Y="210"/>
	<Point X="178" Y="213"/>
	<Point X="170" Y="217"/>
	<Point X="163" Y="222"/>
	<Point X="157" Y="224"/>
	<Point X="151" Y="228"/>
	<Point X="146" Y="232"/>
	<Point X="141" Y="235"/>
	<Point X="138" Y="237"/>
	<Point X="137" Y="239"/>
	<Point X="135" Y="240"/>
	<Point X="133" Y="242"/>
	<Point X="132" Y="242"/>
	<Point X="131" Y="242"/>
	<Point X="129" Y="244"/>
	<Point X="129" Y="245"/>
	<Point X="128" Y="245"/>
	<Point X="131" Y="245"/>
	<Point X="140" Y="245"/>
	<Point X="147" Y="244"/>
</Gesture>
