<?xml version="1.0" ?>
<Gesture Name="star10" Subject="02" Number="10" NumPts="92">
	<Point X="143" Y="239"/>
	<Point X="146" Y="234"/>
	<Point X="147" Y="226"/>
	<Point X="150" Y="219"/>
	<Point X="153" Y="208"/>
	<Point X="156" Y="196"/>
	<Point X="159" Y="186"/>
	<Point X="160" Y="172"/>
	<Point X="164" Y="157"/>
	<Point X="165" Y="146"/>
	<Point X="166" Y="137"/>
	<Point X="168" Y="128"/>
	<Point X="169" Y="123"/>
	<Point X="169" Y="119"/>
	<Point X="170" Y="119"/>
	<Point X="172" Y="121"/>
	<Point X="172" Y="123"/>
	<Point X="174" Y="129"/>
	<Point X="175" Y="135"/>
	<Point X="178" Y="142"/>
	<Point X="180" Y="148"/>
	<Point X="183" Y="157"/>
	<Point X="185" Y="166"/>
	<Point X="187" Y="177"/>
	<Point X="191" Y="186"/>
	<Point X="194" Y="195"/>
	<Point X="197" Y="206"/>
	<Point X="199" Y="214"/>
	<Point X="201" Y="219"/>
	<Point X="203" Y="225"/>
	<Point X="205" Y="227"/>
	<Point X="206" Y="230"/>
	<Point X="206" Y="231"/>
	<Point X="207" Y="234"/>
	<Point X="206" Y="234"/>
	<Point X="205" Y="234"/>
	<Point X="202" Y="234"/>
	<Point X="200" Y="233"/>
	<Point X="196" Y="230"/>
	<Point X="194" Y="227"/>
	<Point X="188" Y="223"/>
	<Point X="183" Y="219"/>
	<Point X="178" Y="214"/>
	<Point X="171" Y="209"/>
	<Point X="166" Y="206"/>
	<Point X="160" Y="201"/>
	<Point X="154" Y="196"/>
	<Point X="146" Y="192"/>
	<Point X="141" Y="187"/>
	<Point X="138" Y="185"/>
	<Point X="133" Y="182"/>
	<Point X="132" Y="181"/>
	<Point X="130" Y="180"/>
	<Point X="130" Y="179"/>
	<Point X="134" Y="179"/>
	<Point X="139" Y="179"/>
	<Point X="143" Y="179"/>
	<Point X="149" Y="179"/>
	<Point X="157" Y="179"/>
	<Point X="164" Y="179"/>
	<Point X="173" Y="178"/>
	<Point X="182" Y="177"/>
	<Point X="194" Y="176"/>
	<Point X="204" Y="172"/>
	<Point X="213" Y="172"/>
	<Point X="218" Y="171"/>
	<Point X="221" Y="170"/>
	<Point X="222" Y="170"/>
	<Point X="223" Y="170"/>
	<Point X="223" Y="171"/>
	<Point X="223" Y="172"/>
	<Point X="222" Y="173"/>
	<Point X="219" Y="175"/>
	<Point X="213" Y="177"/>
	<Point X="208" Y="180"/>
	<Point X="203" Y="183"/>
	<Point X="196" Y="188"/>
	<Point X="187" Y="192"/>
	<Point X="176" Y="198"/>
	<Point X="164" Y="203"/>
	<Point X="154" Y="207"/>
	<Point X="145" Y="211"/>
	<Point X="136" Y="216"/>
	<Point X="132" Y="218"/>
	<Point X="131" Y="219"/>
	<Point X="130" Y="219"/>
	<Point X="130" Y="220"/>
	<Point X="132" Y="220"/>
	<Point X="134" Y="220"/>
	<Point X="134" Y="219"/>
	<Point X="137" Y="219"/>
	<Point X="137" Y="218"/>
</Gesture>
