<?xml version="1.0" ?>
<Gesture Name="star05" Subject="02" Number="05" NumPts="98">
	<Point X="164" Y="244"/>
	<Point X="164" Y="240"/>
	<Point X="164" Y="238"/>
	<Point X="165" Y="232"/>
	<Point X="167" Y="223"/>
	<Point X="171" Y="214"/>
	<Point X="173" Y="202"/>
	<Point X="177" Y="188"/>
	<Point X="179" Y="176"/>
	<Point X="182" Y="165"/>
	<Point X="183" Y="154"/>
	<Point X="183" Y="147"/>
	<Point X="183" Y="141"/>
	<Point X="183" Y="136"/>
	<Point X="183" Y="134"/>
	<Point X="183" Y="133"/>
	<Point X="184" Y="134"/>
	<Point X="184" Y="137"/>
	<Point X="187" Y="142"/>
	<Point X="188" Y="148"/>
	<Point X="192" Y="157"/>
	<Point X="194" Y="164"/>
	<Point X="198" Y="173"/>
	<Point X="201" Y="181"/>
	<Point X="205" Y="190"/>
	<Point X="209" Y="198"/>
	<Point X="211" Y="206"/>
	<Point X="214" Y="211"/>
	<Point X="215" Y="216"/>
	<Point X="215" Y="220"/>
	<Point X="216" Y="226"/>
	<Point X="216" Y="229"/>
	<Point X="216" Y="232"/>
	<Point X="217" Y="235"/>
	<Point X="217" Y="237"/>
	<Point X="217" Y="240"/>
	<Point X="217" Y="241"/>
	<Point X="217" Y="240"/>
	<Point X="213" Y="237"/>
	<Point X="211" Y="235"/>
	<Point X="207" Y="232"/>
	<Point X="201" Y="229"/>
	<Point X="194" Y="223"/>
	<Point X="189" Y="219"/>
	<Point X="182" Y="212"/>
	<Point X="175" Y="207"/>
	<Point X="166" Y="201"/>
	<Point X="158" Y="194"/>
	<Point X="150" Y="189"/>
	<Point X="142" Y="183"/>
	<Point X="133" Y="178"/>
	<Point X="128" Y="175"/>
	<Point X="124" Y="171"/>
	<Point X="123" Y="170"/>
	<Point X="124" Y="170"/>
	<Point X="126" Y="170"/>
	<Point X="129" Y="170"/>
	<Point X="131" Y="170"/>
	<Point X="135" Y="171"/>
	<Point X="143" Y="171"/>
	<Point X="153" Y="171"/>
	<Point X="168" Y="171"/>
	<Point X="179" Y="171"/>
	<Point X="191" Y="171"/>
	<Point X="203" Y="171"/>
	<Point X="213" Y="171"/>
	<Point X="219" Y="171"/>
	<Point X="225" Y="171"/>
	<Point X="229" Y="171"/>
	<Point X="232" Y="171"/>
	<Point X="233" Y="172"/>
	<Point X="233" Y="173"/>
	<Point X="233" Y="174"/>
	<Point X="231" Y="176"/>
	<Point X="229" Y="177"/>
	<Point X="226" Y="179"/>
	<Point X="224" Y="181"/>
	<Point X="219" Y="185"/>
	<Point X="215" Y="187"/>
	<Point X="209" Y="192"/>
	<Point X="204" Y="195"/>
	<Point X="198" Y="200"/>
	<Point X="192" Y="206"/>
	<Point X="187" Y="210"/>
	<Point X="183" Y="215"/>
	<Point X="178" Y="221"/>
	<Point X="174" Y="224"/>
	<Point X="172" Y="228"/>
	<Point X="169" Y="232"/>
	<Point X="167" Y="236"/>
	<Point X="166" Y="237"/>
	<Point X="165" Y="239"/>
	<Point X="164" Y="239"/>
	<Point X="164" Y="240"/>
	<Point X="165" Y="240"/>
	<Point X="169" Y="240"/>
	<Point X="173" Y="240"/>
	<Point X="178" Y="238"/>
</Gesture>
