<?xml version="1.0" ?>
<Gesture Name="star07" Subject="02" Number="07" NumPts="91">
	<Point X="150" Y="241"/>
	<Point X="150" Y="240"/>
	<Point X="153" Y="237"/>
	<Point X="155" Y="229"/>
	<Point X="157" Y="222"/>
	<Point X="161" Y="213"/>
	<Point X="164" Y="202"/>
	<Point X="167" Y="190"/>
	<Point X="172" Y="178"/>
	<Point X="175" Y="164"/>
	<Point X="178" Y="153"/>
	<Point X="179" Y="141"/>
	<Point X="181" Y="130"/>
	<Point X="181" Y="126"/>
	<Point X="182" Y="122"/>
	<Point X="183" Y="121"/>
	<Point X="186" Y="121"/>
	<Point X="187" Y="124"/>
	<Point X="191" Y="132"/>
	<Point X="193" Y="139"/>
	<Point X="196" Y="148"/>
	<Point X="201" Y="156"/>
	<Point X="204" Y="166"/>
	<Point X="209" Y="176"/>
	<Point X="214" Y="186"/>
	<Point X="217" Y="197"/>
	<Point X="220" Y="202"/>
	<Point X="221" Y="208"/>
	<Point X="221" Y="213"/>
	<Point X="223" Y="217"/>
	<Point X="224" Y="219"/>
	<Point X="224" Y="220"/>
	<Point X="224" Y="222"/>
	<Point X="224" Y="223"/>
	<Point X="225" Y="224"/>
	<Point X="225" Y="225"/>
	<Point X="225" Y="222"/>
	<Point X="221" Y="219"/>
	<Point X="217" Y="215"/>
	<Point X="213" Y="212"/>
	<Point X="206" Y="206"/>
	<Point X="198" Y="202"/>
	<Point X="192" Y="197"/>
	<Point X="184" Y="193"/>
	<Point X="175" Y="188"/>
	<Point X="168" Y="184"/>
	<Point X="161" Y="180"/>
	<Point X="153" Y="176"/>
	<Point X="151" Y="175"/>
	<Point X="148" Y="174"/>
	<Point X="144" Y="173"/>
	<Point X="142" Y="171"/>
	<Point X="141" Y="171"/>
	<Point X="140" Y="170"/>
	<Point X="143" Y="170"/>
	<Point X="149" Y="169"/>
	<Point X="160" Y="169"/>
	<Point X="174" Y="165"/>
	<Point X="191" Y="163"/>
	<Point X="211" Y="160"/>
	<Point X="225" Y="157"/>
	<Point X="241" Y="156"/>
	<Point X="251" Y="153"/>
	<Point X="256" Y="151"/>
	<Point X="257" Y="151"/>
	<Point X="258" Y="150"/>
	<Point X="257" Y="152"/>
	<Point X="254" Y="154"/>
	<Point X="249" Y="155"/>
	<Point X="242" Y="159"/>
	<Point X="236" Y="161"/>
	<Point X="228" Y="166"/>
	<Point X="221" Y="170"/>
	<Point X="211" Y="177"/>
	<Point X="202" Y="183"/>
	<Point X="192" Y="189"/>
	<Point X="181" Y="198"/>
	<Point X="171" Y="205"/>
	<Point X="163" Y="212"/>
	<Point X="156" Y="219"/>
	<Point X="154" Y="221"/>
	<Point X="152" Y="226"/>
	<Point X="151" Y="229"/>
	<Point X="150" Y="231"/>
	<Point X="148" Y="233"/>
	<Point X="148" Y="235"/>
	<Point X="148" Y="236"/>
	<Point X="148" Y="234"/>
	<Point X="149" Y="234"/>
	<Point X="151" Y="233"/>
	<Point X="154" Y="232"/>
</Gesture>
