<?xml version="1.0" ?>
<Gesture Name="star01" Subject="02" Number="01" NumPts="100">
	<Point X="102" Y="244"/>
	<Point X="103" Y="244"/>
	<Point X="104" Y="244"/>
	<Point X="108" Y="243"/>
	<Point X="112" Y="238"/>
	<Point X="118" Y="231"/>
	<Point X="121" Y="225"/>
	<Point X="130" Y="214"/>
	<Point X="134" Y="204"/>
	<Point X="139" Y="195"/>
	<Point X="145" Y="187"/>
	<Point X="150" Y="176"/>
	<Point X="154" Y="164"/>
	<Point X="157" Y="156"/>
	<Point X="160" Y="148"/>
	<Point X="161" Y="142"/>
	<Point X="162" Y="139"/>
	<Point X="162" Y="137"/>
	<Point X="163" Y="135"/>
	<Point X="164" Y="135"/>
	<Point X="165" Y="137"/>
	<Point X="168" Y="141"/>
	<Point X="170" Y="148"/>
	<Point X="173" Y="154"/>
	<Point X="175" Y="162"/>
	<Point X="180" Y="171"/>
	<Point X="185" Y="182"/>
	<Point X="187" Y="192"/>
	<Point X="190" Y="205"/>
	<Point X="194" Y="215"/>
	<Point X="199" Y="226"/>
	<Point X="204" Y="238"/>
	<Point X="208" Y="247"/>
	<Point X="212" Y="257"/>
	<Point X="215" Y="263"/>
	<Point X="216" Y="268"/>
	<Point X="219" Y="274"/>
	<Point X="220" Y="278"/>
	<Point X="221" Y="280"/>
	<Point X="221" Y="282"/>
	<Point X="220" Y="281"/>
	<Point X="219" Y="279"/>
	<Point X="216" Y="278"/>
	<Point X="214" Y="276"/>
	<Point X="210" Y="273"/>
	<Point X="205" Y="270"/>
	<Point X="200" Y="267"/>
	<Point X="193" Y="263"/>
	<Point X="187" Y="258"/>
	<Point X="179" Y="251"/>
	<Point X="171" Y="247"/>
	<Point X="160" Y="241"/>
	<Point X="150" Y="235"/>
	<Point X="141" Y="230"/>
	<Point X="132" Y="227"/>
	<Point X="122" Y="222"/>
	<Point X="112" Y="217"/>
	<Point X="101" Y="214"/>
	<Point X="93" Y="210"/>
	<Point X="88" Y="207"/>
	<Point X="86" Y="207"/>
	<Point X="90" Y="207"/>
	<Point X="94" Y="207"/>
	<Point X="102" Y="205"/>
	<Point X="111" Y="204"/>
	<Point X="121" Y="202"/>
	<Point X="136" Y="201"/>
	<Point X="155" Y="198"/>
	<Point X="169" Y="196"/>
	<Point X="180" Y="195"/>
	<Point X="191" Y="193"/>
	<Point X="198" Y="192"/>
	<Point X="201" Y="190"/>
	<Point X="204" Y="190"/>
	<Point X="205" Y="190"/>
	<Point X="206" Y="189"/>
	<Point X="206" Y="190"/>
	<Point X="206" Y="191"/>
	<Point X="206" Y="193"/>
	<Point X="206" Y="194"/>
	<Point X="203" Y="198"/>
	<Point X="198" Y="200"/>
	<Point X="190" Y="204"/>
	<Point X="182" Y="209"/>
	<Point X="175" Y="213"/>
	<Point X="165" Y="217"/>
	<Point X="155" Y="223"/>
	<Point X="142" Y="229"/>
	<Point X="131" Y="234"/>
	<Point X="121" Y="240"/>
	<Point X="112" Y="244"/>
	<Point X="104" Y="249"/>
	<Point X="99" Y="252"/>
	<Point X="96" Y="255"/>
	<Point X="94" Y="256"/>
	<Point X="92" Y="257"/>
	<Point X="92" Y="258"/>
	<Point X="93" Y="258"/>
	<Point X="97" Y="258"/>
	<Point X="100" Y="257"/>
</Gesture>
