<?xml version="1.0" ?>
<Gesture Name="triangle04" Subject="02" Number="04" NumPts="43">
	<Point X="169" Y="153"/>
	<Point X="168" Y="153"/>
	<Point X="167" Y="153"/>
	<Point X="163" Y="157"/>
	<Point X="160" Y="160"/>
	<Point X="157" Y="162"/>
	<Point X="154" Y="165"/>
	<Point X="154" Y="168"/>
	<Point X="151" Y="172"/>
	<Point X="149" Y="176"/>
	<Point X="146" Y="181"/>
	<Point X="144" Y="183"/>
	<Point X="143" Y="186"/>
	<Point X="142" Y="187"/>
	<Point X="141" Y="191"/>
	<Point X="140" Y="191"/>
	<Point X="140" Y="192"/>
	<Point X="140" Y="193"/>
	<Point X="142" Y="194"/>
	<Point X="145" Y="194"/>
	<Point X="151" Y="195"/>
	<Point X="157" Y="195"/>
	<Point X="164" Y="195"/>
	<Point X="171" Y="195"/>
	<Point X="180" Y="195"/>
	<Point X="186" Y="195"/>
	<Point X="191" Y="195"/>
	<Point X="194" Y="195"/>
	<Point X="196" Y="195"/>
	<Point X="199" Y="195"/>
	<Point X="199" Y="194"/>
	<Point X="198" Y="192"/>
	<Point X="196" Y="188"/>
	<Point X="193" Y="185"/>
	<Point X="190" Y="178"/>
	<Point X="187" Y="173"/>
	<Point X="184" Y="168"/>
	<Point X="182" Y="164"/>
	<Point X="179" Y="159"/>
	<Point X="178" Y="158"/>
	<Point X="178" Y="156"/>
	<Point X="176" Y="155"/>
	<Point X="176" Y="154"/>
</Gesture>
