<?xml version="1.0" ?>
<Gesture Name="triangle03" Subject="02" Number="03" NumPts="72">
	<Point X="161" Y="142"/>
	<Point X="160" Y="142"/>
	<Point X="159" Y="142"/>
	<Point X="157" Y="143"/>
	<Point X="155" Y="145"/>
	<Point X="152" Y="147"/>
	<Point X="151" Y="148"/>
	<Point X="147" Y="153"/>
	<Point X="145" Y="155"/>
	<Point X="141" Y="158"/>
	<Point X="139" Y="161"/>
	<Point X="136" Y="164"/>
	<Point X="132" Y="168"/>
	<Point X="130" Y="169"/>
	<Point X="127" Y="172"/>
	<Point X="123" Y="176"/>
	<Point X="120" Y="179"/>
	<Point X="116" Y="181"/>
	<Point X="113" Y="184"/>
	<Point X="111" Y="186"/>
	<Point X="108" Y="187"/>
	<Point X="107" Y="189"/>
	<Point X="106" Y="189"/>
	<Point X="107" Y="189"/>
	<Point X="109" Y="189"/>
	<Point X="112" Y="190"/>
	<Point X="116" Y="191"/>
	<Point X="121" Y="193"/>
	<Point X="129" Y="195"/>
	<Point X="136" Y="195"/>
	<Point X="143" Y="196"/>
	<Point X="149" Y="197"/>
	<Point X="156" Y="198"/>
	<Point X="161" Y="199"/>
	<Point X="167" Y="199"/>
	<Point X="170" Y="199"/>
	<Point X="175" Y="199"/>
	<Point X="179" Y="199"/>
	<Point X="184" Y="199"/>
	<Point X="188" Y="199"/>
	<Point X="192" Y="199"/>
	<Point X="194" Y="199"/>
	<Point X="195" Y="199"/>
	<Point X="196" Y="199"/>
	<Point X="197" Y="199"/>
	<Point X="197" Y="198"/>
	<Point X="196" Y="195"/>
	<Point X="195" Y="192"/>
	<Point X="192" Y="188"/>
	<Point X="191" Y="185"/>
	<Point X="190" Y="181"/>
	<Point X="190" Y="180"/>
	<Point X="189" Y="177"/>
	<Point X="188" Y="173"/>
	<Point X="186" Y="170"/>
	<Point X="185" Y="169"/>
	<Point X="182" Y="164"/>
	<Point X="180" Y="160"/>
	<Point X="177" Y="156"/>
	<Point X="172" Y="151"/>
	<Point X="170" Y="149"/>
	<Point X="167" Y="145"/>
	<Point X="164" Y="141"/>
	<Point X="161" Y="137"/>
	<Point X="159" Y="135"/>
	<Point X="158" Y="134"/>
	<Point X="157" Y="133"/>
	<Point X="156" Y="133"/>
	<Point X="156" Y="134"/>
	<Point X="156" Y="136"/>
	<Point X="159" Y="138"/>
	<Point X="160" Y="139"/>
</Gesture>
