<?xml version="1.0" ?>
<Gesture Name="triangle09" Subject="02" Number="09" NumPts="46">
	<Point X="188" Y="149"/>
	<Point X="186" Y="152"/>
	<Point X="183" Y="156"/>
	<Point X="178" Y="161"/>
	<Point X="175" Y="167"/>
	<Point X="172" Y="173"/>
	<Point X="168" Y="179"/>
	<Point X="165" Y="186"/>
	<Point X="162" Y="190"/>
	<Point X="159" Y="195"/>
	<Point X="157" Y="200"/>
	<Point X="153" Y="205"/>
	<Point X="153" Y="207"/>
	<Point X="152" Y="210"/>
	<Point X="152" Y="211"/>
	<Point X="152" Y="213"/>
	<Point X="151" Y="214"/>
	<Point X="151" Y="215"/>
	<Point X="152" Y="215"/>
	<Point X="154" Y="215"/>
	<Point X="161" Y="215"/>
	<Point X="168" Y="215"/>
	<Point X="178" Y="215"/>
	<Point X="190" Y="215"/>
	<Point X="202" Y="215"/>
	<Point X="213" Y="215"/>
	<Point X="224" Y="215"/>
	<Point X="233" Y="215"/>
	<Point X="237" Y="215"/>
	<Point X="240" Y="215"/>
	<Point X="241" Y="215"/>
	<Point X="242" Y="215"/>
	<Point X="239" Y="212"/>
	<Point X="235" Y="207"/>
	<Point X="231" Y="202"/>
	<Point X="227" Y="197"/>
	<Point X="222" Y="190"/>
	<Point X="217" Y="182"/>
	<Point X="211" Y="176"/>
	<Point X="205" Y="170"/>
	<Point X="202" Y="166"/>
	<Point X="200" Y="161"/>
	<Point X="198" Y="158"/>
	<Point X="196" Y="156"/>
	<Point X="196" Y="155"/>
	<Point X="194" Y="154"/>
</Gesture>
