<?xml version="1.0" ?>
<Gesture Name="triangle05" Subject="02" Number="05" NumPts="55">
	<Point X="167" Y="137"/>
	<Point X="167" Y="138"/>
	<Point X="167" Y="141"/>
	<Point X="165" Y="142"/>
	<Point X="162" Y="146"/>
	<Point X="159" Y="152"/>
	<Point X="155" Y="158"/>
	<Point X="152" Y="161"/>
	<Point X="149" Y="169"/>
	<Point X="145" Y="176"/>
	<Point X="142" Y="182"/>
	<Point X="140" Y="189"/>
	<Point X="137" Y="192"/>
	<Point X="136" Y="195"/>
	<Point X="134" Y="200"/>
	<Point X="132" Y="202"/>
	<Point X="130" Y="204"/>
	<Point X="129" Y="205"/>
	<Point X="128" Y="206"/>
	<Point X="128" Y="207"/>
	<Point X="127" Y="208"/>
	<Point X="128" Y="208"/>
	<Point X="134" Y="208"/>
	<Point X="141" Y="208"/>
	<Point X="150" Y="208"/>
	<Point X="162" Y="208"/>
	<Point X="172" Y="208"/>
	<Point X="183" Y="208"/>
	<Point X="195" Y="208"/>
	<Point X="204" Y="208"/>
	<Point X="213" Y="208"/>
	<Point X="220" Y="208"/>
	<Point X="224" Y="208"/>
	<Point X="228" Y="208"/>
	<Point X="231" Y="206"/>
	<Point X="232" Y="205"/>
	<Point X="233" Y="205"/>
	<Point X="233" Y="203"/>
	<Point X="233" Y="202"/>
	<Point X="231" Y="199"/>
	<Point X="230" Y="197"/>
	<Point X="227" Y="192"/>
	<Point X="225" Y="189"/>
	<Point X="223" Y="184"/>
	<Point X="217" Y="177"/>
	<Point X="214" Y="173"/>
	<Point X="212" Y="168"/>
	<Point X="210" Y="164"/>
	<Point X="207" Y="160"/>
	<Point X="206" Y="158"/>
	<Point X="205" Y="156"/>
	<Point X="204" Y="156"/>
	<Point X="203" Y="154"/>
	<Point X="202" Y="153"/>
	<Point X="201" Y="151"/>
</Gesture>
