<?xml version="1.0" ?>
<Gesture Name="triangle01" Subject="02" Number="01" NumPts="47">
	<Point X="132" Y="154"/>
	<Point X="129" Y="158"/>
	<Point X="127" Y="160"/>
	<Point X="125" Y="162"/>
	<Point X="122" Y="165"/>
	<Point X="118" Y="167"/>
	<Point X="113" Y="171"/>
	<Point X="106" Y="174"/>
	<Point X="102" Y="176"/>
	<Point X="97" Y="179"/>
	<Point X="92" Y="184"/>
	<Point X="90" Y="185"/>
	<Point X="88" Y="187"/>
	<Point X="88" Y="188"/>
	<Point X="88" Y="189"/>
	<Point X="92" Y="190"/>
	<Point X="98" Y="190"/>
	<Point X="106" Y="190"/>
	<Point X="118" Y="190"/>
	<Point X="131" Y="190"/>
	<Point X="143" Y="190"/>
	<Point X="156" Y="190"/>
	<Point X="169" Y="190"/>
	<Point X="179" Y="190"/>
	<Point X="185" Y="190"/>
	<Point X="189" Y="190"/>
	<Point X="191" Y="190"/>
	<Point X="189" Y="188"/>
	<Point X="186" Y="185"/>
	<Point X="184" Y="184"/>
	<Point X="178" Y="180"/>
	<Point X="172" Y="175"/>
	<Point X="167" Y="172"/>
	<Point X="162" Y="168"/>
	<Point X="157" Y="164"/>
	<Point X="154" Y="162"/>
	<Point X="149" Y="158"/>
	<Point X="146" Y="155"/>
	<Point X="144" Y="154"/>
	<Point X="141" Y="152"/>
	<Point X="140" Y="151"/>
	<Point X="138" Y="149"/>
	<Point X="137" Y="148"/>
	<Point X="136" Y="148"/>
	<Point X="136" Y="147"/>
	<Point X="134" Y="147"/>
	<Point X="135" Y="147"/>
</Gesture>
