<?xml version="1.0" ?>
<Gesture Name="triangle07" Subject="02" Number="07" NumPts="62">
	<Point X="173" Y="149"/>
	<Point X="171" Y="153"/>
	<Point X="167" Y="159"/>
	<Point X="161" Y="167"/>
	<Point X="155" Y="174"/>
	<Point X="151" Y="178"/>
	<Point X="142" Y="186"/>
	<Point X="135" Y="194"/>
	<Point X="128" Y="202"/>
	<Point X="122" Y="209"/>
	<Point X="117" Y="217"/>
	<Point X="114" Y="221"/>
	<Point X="112" Y="224"/>
	<Point X="112" Y="229"/>
	<Point X="112" Y="230"/>
	<Point X="112" Y="233"/>
	<Point X="113" Y="233"/>
	<Point X="114" Y="233"/>
	<Point X="116" Y="233"/>
	<Point X="120" Y="233"/>
	<Point X="124" Y="232"/>
	<Point X="131" Y="232"/>
	<Point X="140" Y="232"/>
	<Point X="152" Y="232"/>
	<Point X="165" Y="228"/>
	<Point X="176" Y="227"/>
	<Point X="186" Y="226"/>
	<Point X="197" Y="225"/>
	<Point X="204" Y="223"/>
	<Point X="211" Y="222"/>
	<Point X="215" Y="221"/>
	<Point X="220" Y="220"/>
	<Point X="227" Y="217"/>
	<Point X="228" Y="217"/>
	<Point X="229" Y="217"/>
	<Point X="232" Y="216"/>
	<Point X="233" Y="215"/>
	<Point X="233" Y="214"/>
	<Point X="233" Y="213"/>
	<Point X="232" Y="209"/>
	<Point X="230" Y="207"/>
	<Point X="227" Y="204"/>
	<Point X="225" Y="200"/>
	<Point X="222" Y="195"/>
	<Point X="221" Y="191"/>
	<Point X="217" Y="185"/>
	<Point X="213" Y="180"/>
	<Point X="209" Y="174"/>
	<Point X="206" Y="169"/>
	<Point X="200" Y="164"/>
	<Point X="195" Y="157"/>
	<Point X="189" Y="152"/>
	<Point X="186" Y="147"/>
	<Point X="182" Y="141"/>
	<Point X="179" Y="139"/>
	<Point X="177" Y="135"/>
	<Point X="175" Y="131"/>
	<Point X="174" Y="130"/>
	<Point X="172" Y="127"/>
	<Point X="172" Y="126"/>
	<Point X="173" Y="126"/>
	<Point X="175" Y="128"/>
</Gesture>
