<?xml version="1.0" ?>
<Gesture Name="triangle02" Subject="02" Number="02" NumPts="64">
	<Point X="145" Y="153"/>
	<Point X="145" Y="154"/>
	<Point X="144" Y="155"/>
	<Point X="143" Y="157"/>
	<Point X="143" Y="159"/>
	<Point X="141" Y="162"/>
	<Point X="140" Y="165"/>
	<Point X="139" Y="167"/>
	<Point X="136" Y="173"/>
	<Point X="136" Y="176"/>
	<Point X="135" Y="181"/>
	<Point X="134" Y="184"/>
	<Point X="132" Y="188"/>
	<Point X="130" Y="195"/>
	<Point X="130" Y="198"/>
	<Point X="127" Y="202"/>
	<Point X="127" Y="203"/>
	<Point X="127" Y="205"/>
	<Point X="126" Y="206"/>
	<Point X="126" Y="207"/>
	<Point X="129" Y="207"/>
	<Point X="134" Y="207"/>
	<Point X="137" Y="208"/>
	<Point X="143" Y="208"/>
	<Point X="149" Y="208"/>
	<Point X="156" Y="208"/>
	<Point X="164" Y="208"/>
	<Point X="171" Y="208"/>
	<Point X="179" Y="208"/>
	<Point X="184" Y="208"/>
	<Point X="190" Y="208"/>
	<Point X="195" Y="208"/>
	<Point X="198" Y="208"/>
	<Point X="200" Y="208"/>
	<Point X="203" Y="208"/>
	<Point X="204" Y="208"/>
	<Point X="207" Y="208"/>
	<Point X="210" Y="208"/>
	<Point X="214" Y="208"/>
	<Point X="219" Y="208"/>
	<Point X="221" Y="208"/>
	<Point X="225" Y="208"/>
	<Point X="224" Y="208"/>
	<Point X="223" Y="208"/>
	<Point X="220" Y="205"/>
	<Point X="216" Y="201"/>
	<Point X="213" Y="198"/>
	<Point X="207" Y="195"/>
	<Point X="201" Y="190"/>
	<Point X="196" Y="184"/>
	<Point X="192" Y="180"/>
	<Point X="190" Y="178"/>
	<Point X="187" Y="174"/>
	<Point X="185" Y="172"/>
	<Point X="184" Y="171"/>
	<Point X="181" Y="168"/>
	<Point X="177" Y="164"/>
	<Point X="174" Y="162"/>
	<Point X="171" Y="159"/>
	<Point X="167" Y="156"/>
	<Point X="163" Y="152"/>
	<Point X="162" Y="151"/>
	<Point X="160" Y="150"/>
	<Point X="159" Y="149"/>
</Gesture>
