<?xml version="1.0" ?>
<Gesture Name="triangle06" Subject="02" Number="06" NumPts="56">
	<Point X="167" Y="149"/>
	<Point X="165" Y="150"/>
	<Point X="164" Y="153"/>
	<Point X="160" Y="157"/>
	<Point X="157" Y="160"/>
	<Point X="152" Y="165"/>
	<Point X="149" Y="169"/>
	<Point X="145" Y="174"/>
	<Point X="141" Y="180"/>
	<Point X="136" Y="186"/>
	<Point X="134" Y="191"/>
	<Point X="131" Y="195"/>
	<Point X="130" Y="198"/>
	<Point X="130" Y="199"/>
	<Point X="130" Y="200"/>
	<Point X="130" Y="201"/>
	<Point X="130" Y="202"/>
	<Point X="131" Y="202"/>
	<Point X="135" Y="202"/>
	<Point X="138" Y="202"/>
	<Point X="142" Y="202"/>
	<Point X="148" Y="202"/>
	<Point X="156" Y="202"/>
	<Point X="166" Y="202"/>
	<Point X="175" Y="202"/>
	<Point X="184" Y="202"/>
	<Point X="192" Y="202"/>
	<Point X="200" Y="202"/>
	<Point X="204" Y="202"/>
	<Point X="209" Y="202"/>
	<Point X="212" Y="202"/>
	<Point X="214" Y="202"/>
	<Point X="216" Y="202"/>
	<Point X="218" Y="202"/>
	<Point X="219" Y="202"/>
	<Point X="219" Y="201"/>
	<Point X="218" Y="197"/>
	<Point X="214" Y="193"/>
	<Point X="212" Y="191"/>
	<Point X="209" Y="187"/>
	<Point X="206" Y="183"/>
	<Point X="202" Y="179"/>
	<Point X="200" Y="177"/>
	<Point X="196" Y="173"/>
	<Point X="190" Y="167"/>
	<Point X="188" Y="165"/>
	<Point X="185" Y="162"/>
	<Point X="181" Y="158"/>
	<Point X="179" Y="156"/>
	<Point X="176" Y="152"/>
	<Point X="174" Y="150"/>
	<Point X="174" Y="149"/>
	<Point X="172" Y="147"/>
	<Point X="171" Y="146"/>
	<Point X="171" Y="147"/>
	<Point X="172" Y="148"/>
</Gesture>
