<?xml version="1.0" ?>
<Gesture Name="triangle08" Subject="02" Number="08" NumPts="57">
	<Point X="180" Y="148"/>
	<Point X="178" Y="150"/>
	<Point X="177" Y="154"/>
	<Point X="175" Y="156"/>
	<Point X="171" Y="162"/>
	<Point X="167" Y="169"/>
	<Point X="162" Y="176"/>
	<Point X="156" Y="184"/>
	<Point X="151" Y="192"/>
	<Point X="147" Y="200"/>
	<Point X="143" Y="206"/>
	<Point X="141" Y="213"/>
	<Point X="139" Y="219"/>
	<Point X="137" Y="221"/>
	<Point X="135" Y="225"/>
	<Point X="134" Y="227"/>
	<Point X="134" Y="228"/>
	<Point X="134" Y="229"/>
	<Point X="135" Y="229"/>
	<Point X="139" Y="230"/>
	<Point X="144" Y="232"/>
	<Point X="150" Y="232"/>
	<Point X="158" Y="232"/>
	<Point X="166" Y="232"/>
	<Point X="176" Y="232"/>
	<Point X="186" Y="232"/>
	<Point X="194" Y="232"/>
	<Point X="203" Y="232"/>
	<Point X="209" Y="232"/>
	<Point X="215" Y="232"/>
	<Point X="219" Y="232"/>
	<Point X="224" Y="232"/>
	<Point X="226" Y="232"/>
	<Point X="227" Y="233"/>
	<Point X="229" Y="233"/>
	<Point X="230" Y="233"/>
	<Point X="230" Y="231"/>
	<Point X="230" Y="228"/>
	<Point X="228" Y="225"/>
	<Point X="225" Y="220"/>
	<Point X="223" Y="215"/>
	<Point X="219" Y="209"/>
	<Point X="215" Y="203"/>
	<Point X="212" Y="199"/>
	<Point X="208" Y="191"/>
	<Point X="204" Y="186"/>
	<Point X="199" Y="180"/>
	<Point X="196" Y="175"/>
	<Point X="193" Y="171"/>
	<Point X="193" Y="168"/>
	<Point X="189" Y="162"/>
	<Point X="188" Y="159"/>
	<Point X="187" Y="157"/>
	<Point X="187" Y="154"/>
	<Point X="186" Y="152"/>
	<Point X="185" Y="150"/>
	<Point X="186" Y="150"/>
</Gesture>
