<?xml version="1.0" ?>
<Gesture Name="v01" Subject="02" Number="01" NumPts="35">
	<Point X="126" Y="201"/>
	<Point X="126" Y="203"/>
	<Point X="128" Y="205"/>
	<Point X="131" Y="210"/>
	<Point X="131" Y="213"/>
	<Point X="132" Y="217"/>
	<Point X="135" Y="222"/>
	<Point X="137" Y="227"/>
	<Point X="141" Y="234"/>
	<Point X="144" Y="243"/>
	<Point X="146" Y="249"/>
	<Point X="150" Y="259"/>
	<Point X="153" Y="265"/>
	<Point X="155" Y="271"/>
	<Point X="158" Y="277"/>
	<Point X="160" Y="282"/>
	<Point X="162" Y="284"/>
	<Point X="163" Y="286"/>
	<Point X="163" Y="288"/>
	<Point X="163" Y="287"/>
	<Point X="163" Y="282"/>
	<Point X="163" Y="280"/>
	<Point X="164" Y="273"/>
	<Point X="164" Y="266"/>
	<Point X="167" Y="255"/>
	<Point X="168" Y="245"/>
	<Point X="169" Y="236"/>
	<Point X="173" Y="224"/>
	<Point X="176" Y="213"/>
	<Point X="181" Y="202"/>
	<Point X="187" Y="193"/>
	<Point X="191" Y="186"/>
	<Point X="197" Y="180"/>
	<Point X="199" Y="177"/>
	<Point X="202" Y="173"/>
</Gesture>
