<?xml version="1.0" ?>
<Gesture Name="v02" Subject="02" Number="02" NumPts="41">
	<Point X="129" Y="187"/>
	<Point X="130" Y="188"/>
	<Point X="131" Y="191"/>
	<Point X="134" Y="194"/>
	<Point X="137" Y="198"/>
	<Point X="139" Y="201"/>
	<Point X="141" Y="205"/>
	<Point X="143" Y="209"/>
	<Point X="146" Y="213"/>
	<Point X="148" Y="221"/>
	<Point X="149" Y="223"/>
	<Point X="152" Y="230"/>
	<Point X="153" Y="232"/>
	<Point X="154" Y="237"/>
	<Point X="156" Y="241"/>
	<Point X="156" Y="243"/>
	<Point X="156" Y="245"/>
	<Point X="157" Y="249"/>
	<Point X="158" Y="251"/>
	<Point X="159" Y="254"/>
	<Point X="160" Y="255"/>
	<Point X="160" Y="256"/>
	<Point X="161" Y="257"/>
	<Point X="161" Y="258"/>
	<Point X="163" Y="255"/>
	<Point X="164" Y="251"/>
	<Point X="166" Y="245"/>
	<Point X="168" Y="240"/>
	<Point X="170" Y="232"/>
	<Point X="171" Y="226"/>
	<Point X="175" Y="218"/>
	<Point X="177" Y="213"/>
	<Point X="180" Y="208"/>
	<Point X="181" Y="205"/>
	<Point X="182" Y="200"/>
	<Point X="183" Y="197"/>
	<Point X="183" Y="196"/>
	<Point X="184" Y="194"/>
	<Point X="184" Y="193"/>
	<Point X="184" Y="192"/>
	<Point X="185" Y="192"/>
</Gesture>
