<?xml version="1.0" ?>
<Gesture Name="v03" Subject="02" Number="03" NumPts="32">
	<Point X="121" Y="205"/>
	<Point X="123" Y="205"/>
	<Point X="124" Y="207"/>
	<Point X="126" Y="210"/>
	<Point X="127" Y="211"/>
	<Point X="128" Y="215"/>
	<Point X="130" Y="220"/>
	<Point X="132" Y="224"/>
	<Point X="133" Y="231"/>
	<Point X="136" Y="236"/>
	<Point X="141" Y="244"/>
	<Point X="143" Y="250"/>
	<Point X="146" Y="258"/>
	<Point X="148" Y="260"/>
	<Point X="151" Y="265"/>
	<Point X="152" Y="268"/>
	<Point X="153" Y="269"/>
	<Point X="155" Y="271"/>
	<Point X="157" Y="268"/>
	<Point X="160" Y="263"/>
	<Point X="162" Y="258"/>
	<Point X="165" Y="251"/>
	<Point X="170" Y="243"/>
	<Point X="173" Y="234"/>
	<Point X="177" Y="226"/>
	<Point X="181" Y="217"/>
	<Point X="184" Y="206"/>
	<Point X="186" Y="199"/>
	<Point X="187" Y="194"/>
	<Point X="188" Y="191"/>
	<Point X="188" Y="187"/>
	<Point X="188" Y="186"/>
</Gesture>
