<?xml version="1.0" ?>
<Gesture Name="v04" Subject="02" Number="04" NumPts="37">
	<Point X="87" Y="191"/>
	<Point X="89" Y="192"/>
	<Point X="91" Y="194"/>
	<Point X="94" Y="198"/>
	<Point X="95" Y="202"/>
	<Point X="100" Y="209"/>
	<Point X="104" Y="217"/>
	<Point X="107" Y="224"/>
	<Point X="111" Y="232"/>
	<Point X="116" Y="242"/>
	<Point X="120" Y="251"/>
	<Point X="124" Y="260"/>
	<Point X="127" Y="267"/>
	<Point X="129" Y="272"/>
	<Point X="132" Y="276"/>
	<Point X="133" Y="277"/>
	<Point X="133" Y="278"/>
	<Point X="133" Y="277"/>
	<Point X="135" Y="276"/>
	<Point X="135" Y="275"/>
	<Point X="135" Y="273"/>
	<Point X="136" Y="271"/>
	<Point X="138" Y="267"/>
	<Point X="139" Y="264"/>
	<Point X="143" Y="257"/>
	<Point X="146" Y="251"/>
	<Point X="148" Y="243"/>
	<Point X="153" Y="235"/>
	<Point X="159" Y="224"/>
	<Point X="164" Y="216"/>
	<Point X="170" Y="205"/>
	<Point X="175" Y="199"/>
	<Point X="177" Y="192"/>
	<Point X="179" Y="190"/>
	<Point X="179" Y="188"/>
	<Point X="179" Y="189"/>
	<Point X="178" Y="191"/>
</Gesture>
