<?xml version="1.0" ?>
<Gesture Name="v05" Subject="02" Number="05" NumPts="30">
	<Point X="96" Y="182"/>
	<Point X="96" Y="187"/>
	<Point X="99" Y="191"/>
	<Point X="101" Y="196"/>
	<Point X="104" Y="202"/>
	<Point X="109" Y="210"/>
	<Point X="112" Y="217"/>
	<Point X="116" Y="223"/>
	<Point X="122" Y="233"/>
	<Point X="127" Y="238"/>
	<Point X="129" Y="243"/>
	<Point X="133" Y="247"/>
	<Point X="133" Y="249"/>
	<Point X="135" Y="252"/>
	<Point X="136" Y="253"/>
	<Point X="137" Y="256"/>
	<Point X="138" Y="257"/>
	<Point X="138" Y="254"/>
	<Point X="138" Y="250"/>
	<Point X="138" Y="248"/>
	<Point X="140" Y="241"/>
	<Point X="142" Y="233"/>
	<Point X="148" Y="226"/>
	<Point X="154" Y="214"/>
	<Point X="159" Y="206"/>
	<Point X="164" Y="196"/>
	<Point X="168" Y="190"/>
	<Point X="171" Y="185"/>
	<Point X="171" Y="183"/>
	<Point X="172" Y="181"/>
</Gesture>
