<?xml version="1.0" ?>
<Gesture Name="v06" Subject="02" Number="06" NumPts="34">
	<Point X="88" Y="179"/>
	<Point X="89" Y="179"/>
	<Point X="90" Y="180"/>
	<Point X="91" Y="183"/>
	<Point X="92" Y="187"/>
	<Point X="94" Y="193"/>
	<Point X="97" Y="198"/>
	<Point X="99" Y="203"/>
	<Point X="104" Y="210"/>
	<Point X="107" Y="216"/>
	<Point X="110" Y="223"/>
	<Point X="113" Y="228"/>
	<Point X="115" Y="233"/>
	<Point X="117" Y="239"/>
	<Point X="119" Y="244"/>
	<Point X="122" Y="249"/>
	<Point X="123" Y="252"/>
	<Point X="124" Y="254"/>
	<Point X="125" Y="255"/>
	<Point X="126" Y="256"/>
	<Point X="126" Y="255"/>
	<Point X="126" Y="250"/>
	<Point X="128" Y="244"/>
	<Point X="133" Y="236"/>
	<Point X="136" Y="225"/>
	<Point X="141" Y="216"/>
	<Point X="146" Y="205"/>
	<Point X="152" Y="194"/>
	<Point X="158" Y="185"/>
	<Point X="162" Y="177"/>
	<Point X="167" Y="168"/>
	<Point X="169" Y="164"/>
	<Point X="170" Y="162"/>
	<Point X="171" Y="158"/>
</Gesture>
