<?xml version="1.0" ?>
<Gesture Name="v07" Subject="02" Number="07" NumPts="31">
	<Point X="95" Y="183"/>
	<Point X="98" Y="187"/>
	<Point X="100" Y="192"/>
	<Point X="104" Y="198"/>
	<Point X="109" Y="204"/>
	<Point X="112" Y="210"/>
	<Point X="115" Y="215"/>
	<Point X="119" Y="222"/>
	<Point X="121" Y="227"/>
	<Point X="125" Y="233"/>
	<Point X="126" Y="238"/>
	<Point X="129" Y="243"/>
	<Point X="129" Y="245"/>
	<Point X="130" Y="249"/>
	<Point X="131" Y="250"/>
	<Point X="132" Y="251"/>
	<Point X="132" Y="252"/>
	<Point X="133" Y="252"/>
	<Point X="134" Y="252"/>
	<Point X="137" Y="246"/>
	<Point X="142" Y="240"/>
	<Point X="147" Y="231"/>
	<Point X="154" Y="223"/>
	<Point X="162" Y="214"/>
	<Point X="170" Y="205"/>
	<Point X="177" Y="196"/>
	<Point X="184" Y="188"/>
	<Point X="188" Y="182"/>
	<Point X="190" Y="180"/>
	<Point X="191" Y="179"/>
	<Point X="191" Y="177"/>
</Gesture>
