<?xml version="1.0" ?>
<Gesture Name="v09" Subject="02" Number="09" NumPts="42">
	<Point X="120" Y="163"/>
	<Point X="123" Y="165"/>
	<Point X="125" Y="167"/>
	<Point X="128" Y="169"/>
	<Point X="131" Y="171"/>
	<Point X="133" Y="173"/>
	<Point X="134" Y="174"/>
	<Point X="135" Y="175"/>
	<Point X="136" Y="176"/>
	<Point X="139" Y="181"/>
	<Point X="140" Y="182"/>
	<Point X="143" Y="187"/>
	<Point X="144" Y="191"/>
	<Point X="145" Y="196"/>
	<Point X="148" Y="201"/>
	<Point X="151" Y="207"/>
	<Point X="154" Y="215"/>
	<Point X="155" Y="221"/>
	<Point X="156" Y="226"/>
	<Point X="158" Y="229"/>
	<Point X="159" Y="232"/>
	<Point X="159" Y="235"/>
	<Point X="159" Y="236"/>
	<Point X="160" Y="237"/>
	<Point X="160" Y="238"/>
	<Point X="161" Y="238"/>
	<Point X="162" Y="238"/>
	<Point X="163" Y="235"/>
	<Point X="167" Y="229"/>
	<Point X="169" Y="222"/>
	<Point X="174" Y="214"/>
	<Point X="180" Y="204"/>
	<Point X="186" Y="193"/>
	<Point X="192" Y="184"/>
	<Point X="196" Y="175"/>
	<Point X="204" Y="162"/>
	<Point X="207" Y="156"/>
	<Point X="210" Y="148"/>
	<Point X="212" Y="145"/>
	<Point X="213" Y="143"/>
	<Point X="214" Y="142"/>
	<Point X="214" Y="141"/>
</Gesture>
