<?xml version="1.0" ?>
<Gesture Name="x01" Subject="02" Number="01" NumPts="43">
	<Point X="164" Y="166"/>
	<Point X="168" Y="166"/>
	<Point X="170" Y="168"/>
	<Point X="173" Y="171"/>
	<Point X="176" Y="174"/>
	<Point X="181" Y="180"/>
	<Point X="188" Y="185"/>
	<Point X="195" Y="192"/>
	<Point X="203" Y="198"/>
	<Point X="208" Y="202"/>
	<Point X="214" Y="208"/>
	<Point X="218" Y="213"/>
	<Point X="220" Y="215"/>
	<Point X="222" Y="219"/>
	<Point X="223" Y="220"/>
	<Point X="224" Y="217"/>
	<Point X="224" Y="211"/>
	<Point X="224" Y="204"/>
	<Point X="222" Y="196"/>
	<Point X="220" Y="186"/>
	<Point X="218" Y="175"/>
	<Point X="215" Y="169"/>
	<Point X="215" Y="165"/>
	<Point X="213" Y="161"/>
	<Point X="213" Y="158"/>
	<Point X="212" Y="158"/>
	<Point X="211" Y="157"/>
	<Point X="209" Y="157"/>
	<Point X="207" Y="158"/>
	<Point X="205" Y="160"/>
	<Point X="204" Y="162"/>
	<Point X="200" Y="167"/>
	<Point X="196" Y="172"/>
	<Point X="192" Y="177"/>
	<Point X="189" Y="185"/>
	<Point X="186" Y="191"/>
	<Point X="183" Y="197"/>
	<Point X="181" Y="203"/>
	<Point X="179" Y="206"/>
	<Point X="178" Y="210"/>
	<Point X="177" Y="212"/>
	<Point X="177" Y="213"/>
	<Point X="177" Y="214"/>
</Gesture>
