<?xml version="1.0" ?>
<Gesture Name="x02" Subject="02" Number="02" NumPts="52">
	<Point X="112" Y="152"/>
	<Point X="114" Y="152"/>
	<Point X="116" Y="153"/>
	<Point X="118" Y="156"/>
	<Point X="121" Y="158"/>
	<Point X="123" Y="161"/>
	<Point X="128" Y="168"/>
	<Point X="132" Y="173"/>
	<Point X="137" Y="178"/>
	<Point X="142" Y="184"/>
	<Point X="145" Y="189"/>
	<Point X="149" Y="194"/>
	<Point X="152" Y="199"/>
	<Point X="156" Y="204"/>
	<Point X="159" Y="207"/>
	<Point X="162" Y="211"/>
	<Point X="162" Y="212"/>
	<Point X="164" Y="215"/>
	<Point X="166" Y="216"/>
	<Point X="166" Y="217"/>
	<Point X="168" Y="218"/>
	<Point X="169" Y="218"/>
	<Point X="169" Y="215"/>
	<Point X="169" Y="207"/>
	<Point X="169" Y="199"/>
	<Point X="169" Y="191"/>
	<Point X="169" Y="182"/>
	<Point X="169" Y="170"/>
	<Point X="169" Y="160"/>
	<Point X="169" Y="152"/>
	<Point X="169" Y="146"/>
	<Point X="169" Y="144"/>
	<Point X="169" Y="142"/>
	<Point X="169" Y="140"/>
	<Point X="169" Y="139"/>
	<Point X="166" Y="142"/>
	<Point X="165" Y="145"/>
	<Point X="164" Y="149"/>
	<Point X="159" Y="154"/>
	<Point X="154" Y="161"/>
	<Point X="150" Y="166"/>
	<Point X="145" Y="174"/>
	<Point X="139" Y="182"/>
	<Point X="135" Y="189"/>
	<Point X="131" Y="194"/>
	<Point X="126" Y="202"/>
	<Point X="123" Y="206"/>
	<Point X="120" Y="211"/>
	<Point X="118" Y="213"/>
	<Point X="117" Y="215"/>
	<Point X="116" Y="218"/>
	<Point X="116" Y="219"/>
</Gesture>
