<?xml version="1.0" ?>
<Gesture Name="x03" Subject="02" Number="03" NumPts="51">
	<Point X="120" Y="138"/>
	<Point X="121" Y="141"/>
	<Point X="124" Y="144"/>
	<Point X="126" Y="149"/>
	<Point X="132" Y="157"/>
	<Point X="136" Y="163"/>
	<Point X="141" Y="171"/>
	<Point X="143" Y="176"/>
	<Point X="147" Y="184"/>
	<Point X="152" Y="191"/>
	<Point X="155" Y="196"/>
	<Point X="158" Y="201"/>
	<Point X="160" Y="206"/>
	<Point X="163" Y="211"/>
	<Point X="164" Y="213"/>
	<Point X="165" Y="216"/>
	<Point X="166" Y="217"/>
	<Point X="166" Y="215"/>
	<Point X="166" Y="210"/>
	<Point X="166" Y="206"/>
	<Point X="166" Y="198"/>
	<Point X="166" Y="189"/>
	<Point X="166" Y="181"/>
	<Point X="166" Y="169"/>
	<Point X="166" Y="159"/>
	<Point X="166" Y="147"/>
	<Point X="166" Y="137"/>
	<Point X="166" Y="129"/>
	<Point X="166" Y="125"/>
	<Point X="166" Y="122"/>
	<Point X="166" Y="121"/>
	<Point X="165" Y="120"/>
	<Point X="165" Y="121"/>
	<Point X="163" Y="124"/>
	<Point X="163" Y="127"/>
	<Point X="161" Y="131"/>
	<Point X="160" Y="135"/>
	<Point X="157" Y="140"/>
	<Point X="155" Y="146"/>
	<Point X="151" Y="151"/>
	<Point X="148" Y="156"/>
	<Point X="144" Y="166"/>
	<Point X="140" Y="172"/>
	<Point X="134" Y="179"/>
	<Point X="130" Y="186"/>
	<Point X="129" Y="193"/>
	<Point X="126" Y="197"/>
	<Point X="125" Y="200"/>
	<Point X="124" Y="203"/>
	<Point X="124" Y="206"/>
	<Point X="123" Y="208"/>
</Gesture>
