<?xml version="1.0" ?>
<Gesture Name="x04" Subject="02" Number="04" NumPts="50">
	<Point X="114" Y="148"/>
	<Point X="117" Y="150"/>
	<Point X="119" Y="152"/>
	<Point X="124" Y="159"/>
	<Point X="128" Y="164"/>
	<Point X="132" Y="169"/>
	<Point X="139" Y="177"/>
	<Point X="146" Y="186"/>
	<Point X="156" Y="197"/>
	<Point X="161" Y="203"/>
	<Point X="168" Y="210"/>
	<Point X="174" Y="216"/>
	<Point X="178" Y="221"/>
	<Point X="181" Y="225"/>
	<Point X="182" Y="226"/>
	<Point X="184" Y="228"/>
	<Point X="185" Y="229"/>
	<Point X="185" Y="227"/>
	<Point X="185" Y="223"/>
	<Point X="183" Y="217"/>
	<Point X="180" Y="211"/>
	<Point X="179" Y="202"/>
	<Point X="176" Y="195"/>
	<Point X="174" Y="186"/>
	<Point X="170" Y="178"/>
	<Point X="169" Y="171"/>
	<Point X="168" Y="165"/>
	<Point X="166" Y="160"/>
	<Point X="164" Y="155"/>
	<Point X="164" Y="151"/>
	<Point X="162" Y="149"/>
	<Point X="161" Y="152"/>
	<Point X="159" Y="156"/>
	<Point X="157" Y="158"/>
	<Point X="156" Y="161"/>
	<Point X="153" Y="167"/>
	<Point X="153" Y="169"/>
	<Point X="151" Y="174"/>
	<Point X="147" Y="180"/>
	<Point X="146" Y="184"/>
	<Point X="143" Y="189"/>
	<Point X="141" Y="193"/>
	<Point X="138" Y="198"/>
	<Point X="137" Y="200"/>
	<Point X="136" Y="202"/>
	<Point X="134" Y="206"/>
	<Point X="134" Y="208"/>
	<Point X="133" Y="210"/>
	<Point X="133" Y="211"/>
	<Point X="132" Y="212"/>
</Gesture>
