<?xml version="1.0" ?>
<Gesture Name="x05" Subject="02" Number="05" NumPts="48">
	<Point X="116" Y="165"/>
	<Point X="117" Y="165"/>
	<Point X="120" Y="168"/>
	<Point X="120" Y="169"/>
	<Point X="124" Y="174"/>
	<Point X="128" Y="178"/>
	<Point X="134" Y="183"/>
	<Point X="139" Y="189"/>
	<Point X="145" Y="196"/>
	<Point X="148" Y="202"/>
	<Point X="152" Y="206"/>
	<Point X="156" Y="210"/>
	<Point X="159" Y="214"/>
	<Point X="160" Y="216"/>
	<Point X="162" Y="218"/>
	<Point X="163" Y="219"/>
	<Point X="164" Y="220"/>
	<Point X="164" Y="216"/>
	<Point X="164" Y="212"/>
	<Point X="164" Y="203"/>
	<Point X="164" Y="197"/>
	<Point X="164" Y="190"/>
	<Point X="164" Y="182"/>
	<Point X="164" Y="176"/>
	<Point X="163" Y="170"/>
	<Point X="162" Y="167"/>
	<Point X="161" Y="165"/>
	<Point X="159" Y="163"/>
	<Point X="159" Y="162"/>
	<Point X="158" Y="162"/>
	<Point X="157" Y="162"/>
	<Point X="155" Y="165"/>
	<Point X="153" Y="167"/>
	<Point X="153" Y="170"/>
	<Point X="151" Y="173"/>
	<Point X="149" Y="177"/>
	<Point X="146" Y="182"/>
	<Point X="143" Y="186"/>
	<Point X="139" Y="191"/>
	<Point X="136" Y="196"/>
	<Point X="133" Y="200"/>
	<Point X="130" Y="204"/>
	<Point X="129" Y="207"/>
	<Point X="128" Y="209"/>
	<Point X="127" Y="211"/>
	<Point X="126" Y="215"/>
	<Point X="126" Y="216"/>
	<Point X="125" Y="217"/>
</Gesture>
