<?xml version="1.0" ?>
<Gesture Name="x06" Subject="02" Number="06" NumPts="56">
	<Point X="125" Y="163"/>
	<Point X="126" Y="163"/>
	<Point X="127" Y="164"/>
	<Point X="128" Y="165"/>
	<Point X="130" Y="168"/>
	<Point X="131" Y="171"/>
	<Point X="134" Y="175"/>
	<Point X="137" Y="179"/>
	<Point X="140" Y="184"/>
	<Point X="146" Y="190"/>
	<Point X="151" Y="195"/>
	<Point X="154" Y="199"/>
	<Point X="157" Y="201"/>
	<Point X="161" Y="205"/>
	<Point X="162" Y="207"/>
	<Point X="164" Y="209"/>
	<Point X="165" Y="212"/>
	<Point X="166" Y="212"/>
	<Point X="166" Y="211"/>
	<Point X="166" Y="206"/>
	<Point X="166" Y="197"/>
	<Point X="168" Y="188"/>
	<Point X="168" Y="179"/>
	<Point X="168" Y="168"/>
	<Point X="168" Y="156"/>
	<Point X="168" Y="147"/>
	<Point X="168" Y="140"/>
	<Point X="167" Y="135"/>
	<Point X="166" Y="131"/>
	<Point X="166" Y="129"/>
	<Point X="165" Y="129"/>
	<Point X="164" Y="129"/>
	<Point X="163" Y="129"/>
	<Point X="162" Y="131"/>
	<Point X="160" Y="133"/>
	<Point X="159" Y="135"/>
	<Point X="159" Y="137"/>
	<Point X="157" Y="140"/>
	<Point X="155" Y="144"/>
	<Point X="153" Y="147"/>
	<Point X="152" Y="151"/>
	<Point X="148" Y="157"/>
	<Point X="146" Y="162"/>
	<Point X="143" Y="168"/>
	<Point X="141" Y="174"/>
	<Point X="137" Y="182"/>
	<Point X="135" Y="190"/>
	<Point X="134" Y="196"/>
	<Point X="132" Y="202"/>
	<Point X="131" Y="207"/>
	<Point X="131" Y="212"/>
	<Point X="130" Y="217"/>
	<Point X="130" Y="219"/>
	<Point X="130" Y="220"/>
	<Point X="130" Y="223"/>
	<Point X="130" Y="224"/>
</Gesture>
