<?xml version="1.0" ?>
<Gesture Name="x08" Subject="02" Number="08" NumPts="49">
	<Point X="122" Y="158"/>
	<Point X="125" Y="162"/>
	<Point X="127" Y="165"/>
	<Point X="131" Y="171"/>
	<Point X="133" Y="176"/>
	<Point X="138" Y="184"/>
	<Point X="142" Y="190"/>
	<Point X="146" Y="197"/>
	<Point X="148" Y="202"/>
	<Point X="152" Y="207"/>
	<Point X="153" Y="211"/>
	<Point X="154" Y="212"/>
	<Point X="156" Y="216"/>
	<Point X="157" Y="217"/>
	<Point X="157" Y="214"/>
	<Point X="157" Y="207"/>
	<Point X="157" Y="202"/>
	<Point X="157" Y="196"/>
	<Point X="157" Y="187"/>
	<Point X="157" Y="179"/>
	<Point X="157" Y="169"/>
	<Point X="157" Y="162"/>
	<Point X="157" Y="153"/>
	<Point X="157" Y="150"/>
	<Point X="157" Y="145"/>
	<Point X="157" Y="144"/>
	<Point X="157" Y="143"/>
	<Point X="155" Y="146"/>
	<Point X="155" Y="148"/>
	<Point X="152" Y="153"/>
	<Point X="151" Y="155"/>
	<Point X="150" Y="159"/>
	<Point X="148" Y="162"/>
	<Point X="145" Y="166"/>
	<Point X="141" Y="172"/>
	<Point X="138" Y="177"/>
	<Point X="132" Y="182"/>
	<Point X="130" Y="185"/>
	<Point X="126" Y="190"/>
	<Point X="121" Y="195"/>
	<Point X="117" Y="202"/>
	<Point X="115" Y="203"/>
	<Point X="113" Y="208"/>
	<Point X="112" Y="211"/>
	<Point X="111" Y="212"/>
	<Point X="111" Y="213"/>
	<Point X="111" Y="214"/>
	<Point X="112" Y="214"/>
	<Point X="113" Y="213"/>
</Gesture>
