<?xml version="1.0" ?>
<Gesture Name="x09" Subject="02" Number="09" NumPts="52">
	<Point X="112" Y="155"/>
	<Point X="112" Y="158"/>
	<Point X="114" Y="163"/>
	<Point X="116" Y="167"/>
	<Point X="119" Y="173"/>
	<Point X="122" Y="178"/>
	<Point X="127" Y="185"/>
	<Point X="133" Y="194"/>
	<Point X="137" Y="201"/>
	<Point X="142" Y="209"/>
	<Point X="146" Y="216"/>
	<Point X="150" Y="220"/>
	<Point X="152" Y="223"/>
	<Point X="154" Y="226"/>
	<Point X="155" Y="227"/>
	<Point X="156" Y="228"/>
	<Point X="156" Y="226"/>
	<Point X="156" Y="222"/>
	<Point X="156" Y="214"/>
	<Point X="156" Y="207"/>
	<Point X="156" Y="198"/>
	<Point X="156" Y="188"/>
	<Point X="156" Y="177"/>
	<Point X="156" Y="167"/>
	<Point X="156" Y="155"/>
	<Point X="156" Y="149"/>
	<Point X="156" Y="142"/>
	<Point X="153" Y="137"/>
	<Point X="152" Y="135"/>
	<Point X="151" Y="134"/>
	<Point X="150" Y="136"/>
	<Point X="150" Y="140"/>
	<Point X="149" Y="144"/>
	<Point X="148" Y="150"/>
	<Point X="147" Y="153"/>
	<Point X="145" Y="158"/>
	<Point X="143" Y="164"/>
	<Point X="142" Y="168"/>
	<Point X="137" Y="176"/>
	<Point X="134" Y="181"/>
	<Point X="132" Y="186"/>
	<Point X="129" Y="191"/>
	<Point X="126" Y="196"/>
	<Point X="122" Y="202"/>
	<Point X="119" Y="205"/>
	<Point X="118" Y="208"/>
	<Point X="115" Y="214"/>
	<Point X="114" Y="214"/>
	<Point X="113" Y="217"/>
	<Point X="113" Y="218"/>
	<Point X="113" Y="219"/>
	<Point X="113" Y="218"/>
</Gesture>
