<?xml version="1.0" ?>
<Gesture Name="zigzag02" Subject="02" Number="02" NumPts="76">
	<Point X="48" Y="207"/>
	<Point X="50" Y="207"/>
	<Point X="54" Y="204"/>
	<Point X="61" Y="200"/>
	<Point X="69" Y="194"/>
	<Point X="76" Y="190"/>
	<Point X="82" Y="184"/>
	<Point X="89" Y="180"/>
	<Point X="92" Y="179"/>
	<Point X="96" Y="177"/>
	<Point X="98" Y="175"/>
	<Point X="98" Y="176"/>
	<Point X="98" Y="180"/>
	<Point X="98" Y="183"/>
	<Point X="99" Y="189"/>
	<Point X="99" Y="192"/>
	<Point X="100" Y="196"/>
	<Point X="101" Y="201"/>
	<Point X="101" Y="204"/>
	<Point X="101" Y="206"/>
	<Point X="102" Y="208"/>
	<Point X="104" Y="210"/>
	<Point X="104" Y="211"/>
	<Point X="105" Y="211"/>
	<Point X="107" Y="211"/>
	<Point X="110" Y="211"/>
	<Point X="112" Y="208"/>
	<Point X="119" Y="204"/>
	<Point X="123" Y="200"/>
	<Point X="127" Y="197"/>
	<Point X="132" Y="193"/>
	<Point X="134" Y="190"/>
	<Point X="136" Y="189"/>
	<Point X="139" Y="186"/>
	<Point X="140" Y="185"/>
	<Point X="141" Y="185"/>
	<Point X="143" Y="185"/>
	<Point X="144" Y="185"/>
	<Point X="146" Y="185"/>
	<Point X="148" Y="185"/>
	<Point X="148" Y="186"/>
	<Point X="148" Y="189"/>
	<Point X="149" Y="191"/>
	<Point X="150" Y="192"/>
	<Point X="151" Y="194"/>
	<Point X="151" Y="195"/>
	<Point X="151" Y="196"/>
	<Point X="151" Y="197"/>
	<Point X="151" Y="198"/>
	<Point X="151" Y="199"/>
	<Point X="152" Y="200"/>
	<Point X="152" Y="202"/>
	<Point X="154" Y="203"/>
	<Point X="154" Y="204"/>
	<Point X="155" Y="205"/>
	<Point X="156" Y="205"/>
	<Point X="157" Y="207"/>
	<Point X="158" Y="207"/>
	<Point X="160" Y="207"/>
	<Point X="161" Y="207"/>
	<Point X="165" Y="207"/>
	<Point X="169" Y="207"/>
	<Point X="175" Y="206"/>
	<Point X="186" Y="203"/>
	<Point X="195" Y="198"/>
	<Point X="205" Y="193"/>
	<Point X="216" Y="189"/>
	<Point X="223" Y="185"/>
	<Point X="229" Y="181"/>
	<Point X="233" Y="177"/>
	<Point X="233" Y="176"/>
	<Point X="235" Y="175"/>
	<Point X="235" Y="174"/>
	<Point X="234" Y="174"/>
	<Point X="234" Y="175"/>
	<Point X="233" Y="175"/>
</Gesture>
