<?xml version="1.0" ?>
<Gesture Name="zigzag03" Subject="02" Number="03" NumPts="83">
	<Point X="85" Y="234"/>
	<Point X="86" Y="234"/>
	<Point X="87" Y="234"/>
	<Point X="88" Y="234"/>
	<Point X="90" Y="234"/>
	<Point X="93" Y="233"/>
	<Point X="96" Y="230"/>
	<Point X="103" Y="224"/>
	<Point X="111" Y="218"/>
	<Point X="117" Y="213"/>
	<Point X="122" Y="208"/>
	<Point X="127" Y="202"/>
	<Point X="130" Y="197"/>
	<Point X="132" Y="193"/>
	<Point X="134" Y="190"/>
	<Point X="135" Y="189"/>
	<Point X="137" Y="190"/>
	<Point X="137" Y="192"/>
	<Point X="137" Y="193"/>
	<Point X="137" Y="194"/>
	<Point X="137" Y="196"/>
	<Point X="138" Y="197"/>
	<Point X="141" Y="201"/>
	<Point X="142" Y="204"/>
	<Point X="143" Y="208"/>
	<Point X="143" Y="211"/>
	<Point X="144" Y="215"/>
	<Point X="145" Y="219"/>
	<Point X="146" Y="224"/>
	<Point X="147" Y="227"/>
	<Point X="147" Y="232"/>
	<Point X="149" Y="236"/>
	<Point X="149" Y="237"/>
	<Point X="150" Y="240"/>
	<Point X="150" Y="241"/>
	<Point X="151" Y="241"/>
	<Point X="154" Y="237"/>
	<Point X="157" Y="233"/>
	<Point X="159" Y="229"/>
	<Point X="165" Y="221"/>
	<Point X="168" Y="215"/>
	<Point X="174" Y="207"/>
	<Point X="180" Y="200"/>
	<Point X="187" Y="192"/>
	<Point X="192" Y="186"/>
	<Point X="197" Y="180"/>
	<Point X="198" Y="177"/>
	<Point X="201" Y="174"/>
	<Point X="202" Y="172"/>
	<Point X="203" Y="171"/>
	<Point X="203" Y="169"/>
	<Point X="204" Y="169"/>
	<Point X="205" Y="169"/>
	<Point X="205" Y="171"/>
	<Point X="205" Y="174"/>
	<Point X="206" Y="177"/>
	<Point X="207" Y="180"/>
	<Point X="209" Y="185"/>
	<Point X="210" Y="190"/>
	<Point X="212" Y="196"/>
	<Point X="214" Y="201"/>
	<Point X="216" Y="209"/>
	<Point X="217" Y="214"/>
	<Point X="220" Y="219"/>
	<Point X="221" Y="221"/>
	<Point X="222" Y="224"/>
	<Point X="224" Y="226"/>
	<Point X="224" Y="227"/>
	<Point X="224" Y="228"/>
	<Point X="225" Y="230"/>
	<Point X="226" Y="230"/>
	<Point X="228" Y="230"/>
	<Point X="232" Y="229"/>
	<Point X="239" Y="223"/>
	<Point X="245" Y="218"/>
	<Point X="256" Y="209"/>
	<Point X="264" Y="205"/>
	<Point X="273" Y="197"/>
	<Point X="284" Y="191"/>
	<Point X="292" Y="186"/>
	<Point X="296" Y="183"/>
	<Point X="298" Y="180"/>
	<Point X="299" Y="180"/>
</Gesture>
