<?xml version="1.0" ?>
<Gesture Name="zigzag10" Subject="02" Number="10" NumPts="81">
	<Point X="99" Y="234"/>
	<Point X="102" Y="231"/>
	<Point X="108" Y="227"/>
	<Point X="113" Y="222"/>
	<Point X="120" Y="218"/>
	<Point X="125" Y="213"/>
	<Point X="129" Y="210"/>
	<Point X="134" Y="204"/>
	<Point X="138" Y="200"/>
	<Point X="141" Y="196"/>
	<Point X="144" Y="193"/>
	<Point X="145" Y="189"/>
	<Point X="147" Y="187"/>
	<Point X="148" Y="186"/>
	<Point X="149" Y="186"/>
	<Point X="149" Y="188"/>
	<Point X="150" Y="189"/>
	<Point X="151" Y="192"/>
	<Point X="152" Y="195"/>
	<Point X="152" Y="199"/>
	<Point X="152" Y="201"/>
	<Point X="152" Y="205"/>
	<Point X="152" Y="210"/>
	<Point X="152" Y="214"/>
	<Point X="152" Y="219"/>
	<Point X="152" Y="223"/>
	<Point X="152" Y="227"/>
	<Point X="152" Y="230"/>
	<Point X="152" Y="231"/>
	<Point X="152" Y="233"/>
	<Point X="152" Y="235"/>
	<Point X="153" Y="237"/>
	<Point X="153" Y="238"/>
	<Point X="155" Y="238"/>
	<Point X="156" Y="238"/>
	<Point X="159" Y="237"/>
	<Point X="160" Y="235"/>
	<Point X="165" Y="231"/>
	<Point X="169" Y="229"/>
	<Point X="174" Y="223"/>
	<Point X="178" Y="220"/>
	<Point X="185" Y="215"/>
	<Point X="190" Y="209"/>
	<Point X="195" Y="205"/>
	<Point X="202" Y="201"/>
	<Point X="205" Y="199"/>
	<Point X="209" Y="195"/>
	<Point X="211" Y="193"/>
	<Point X="211" Y="192"/>
	<Point X="213" Y="190"/>
	<Point X="213" Y="189"/>
	<Point X="214" Y="189"/>
	<Point X="214" Y="191"/>
	<Point X="214" Y="193"/>
	<Point X="214" Y="197"/>
	<Point X="214" Y="201"/>
	<Point X="214" Y="206"/>
	<Point X="214" Y="210"/>
	<Point X="214" Y="215"/>
	<Point X="214" Y="219"/>
	<Point X="214" Y="223"/>
	<Point X="214" Y="226"/>
	<Point X="214" Y="227"/>
	<Point X="214" Y="230"/>
	<Point X="214" Y="232"/>
	<Point X="215" Y="233"/>
	<Point X="215" Y="234"/>
	<Point X="217" Y="235"/>
	<Point X="218" Y="235"/>
	<Point X="221" Y="234"/>
	<Point X="222" Y="232"/>
	<Point X="226" Y="228"/>
	<Point X="230" Y="223"/>
	<Point X="235" Y="218"/>
	<Point X="239" Y="214"/>
	<Point X="246" Y="208"/>
	<Point X="254" Y="202"/>
	<Point X="260" Y="198"/>
	<Point X="265" Y="195"/>
	<Point X="267" Y="192"/>
	<Point X="268" Y="192"/>
</Gesture>
