<?xml version="1.0" ?>
<Gesture Name="zigzag05" Subject="02" Number="05" NumPts="102">
	<Point X="111" Y="259"/>
	<Point X="113" Y="256"/>
	<Point X="115" Y="255"/>
	<Point X="118" Y="251"/>
	<Point X="121" Y="246"/>
	<Point X="124" Y="242"/>
	<Point X="129" Y="237"/>
	<Point X="133" Y="231"/>
	<Point X="135" Y="229"/>
	<Point X="138" Y="226"/>
	<Point X="142" Y="221"/>
	<Point X="144" Y="219"/>
	<Point X="146" Y="216"/>
	<Point X="148" Y="215"/>
	<Point X="148" Y="214"/>
	<Point X="149" Y="213"/>
	<Point X="150" Y="213"/>
	<Point X="151" Y="214"/>
	<Point X="151" Y="216"/>
	<Point X="153" Y="218"/>
	<Point X="154" Y="222"/>
	<Point X="154" Y="225"/>
	<Point X="155" Y="230"/>
	<Point X="157" Y="234"/>
	<Point X="158" Y="236"/>
	<Point X="160" Y="243"/>
	<Point X="162" Y="247"/>
	<Point X="164" Y="252"/>
	<Point X="165" Y="254"/>
	<Point X="167" Y="259"/>
	<Point X="168" Y="261"/>
	<Point X="169" Y="263"/>
	<Point X="170" Y="264"/>
	<Point X="171" Y="265"/>
	<Point X="171" Y="266"/>
	<Point X="174" Y="263"/>
	<Point X="174" Y="261"/>
	<Point X="176" Y="257"/>
	<Point X="179" Y="251"/>
	<Point X="180" Y="248"/>
	<Point X="180" Y="245"/>
	<Point X="183" Y="241"/>
	<Point X="186" Y="237"/>
	<Point X="189" Y="232"/>
	<Point X="193" Y="228"/>
	<Point X="196" Y="226"/>
	<Point X="200" Y="222"/>
	<Point X="204" Y="219"/>
	<Point X="209" Y="214"/>
	<Point X="213" Y="212"/>
	<Point X="214" Y="210"/>
	<Point X="216" Y="208"/>
	<Point X="217" Y="207"/>
	<Point X="218" Y="206"/>
	<Point X="219" Y="206"/>
	<Point X="220" Y="206"/>
	<Point X="221" Y="206"/>
	<Point X="222" Y="207"/>
	<Point X="224" Y="210"/>
	<Point X="226" Y="213"/>
	<Point X="228" Y="215"/>
	<Point X="230" Y="218"/>
	<Point X="232" Y="220"/>
	<Point X="234" Y="222"/>
	<Point X="235" Y="224"/>
	<Point X="238" Y="227"/>
	<Point X="239" Y="227"/>
	<Point X="241" Y="231"/>
	<Point X="242" Y="233"/>
	<Point X="242" Y="234"/>
	<Point X="244" Y="236"/>
	<Point X="245" Y="237"/>
	<Point X="245" Y="238"/>
	<Point X="246" Y="239"/>
	<Point X="247" Y="241"/>
	<Point X="248" Y="242"/>
	<Point X="249" Y="244"/>
	<Point X="250" Y="244"/>
	<Point X="250" Y="246"/>
	<Point X="252" Y="248"/>
	<Point X="253" Y="249"/>
	<Point X="253" Y="250"/>
	<Point X="253" Y="251"/>
	<Point X="255" Y="252"/>
	<Point X="256" Y="252"/>
	<Point X="256" Y="251"/>
	<Point X="259" Y="248"/>
	<Point X="260" Y="246"/>
	<Point X="263" Y="243"/>
	<Point X="266" Y="238"/>
	<Point X="268" Y="235"/>
	<Point X="270" Y="232"/>
	<Point X="273" Y="227"/>
	<Point X="275" Y="222"/>
	<Point X="280" Y="215"/>
	<Point X="280" Y="213"/>
	<Point X="283" Y="211"/>
	<Point X="284" Y="209"/>
	<Point X="284" Y="208"/>
	<Point X="286" Y="206"/>
	<Point X="287" Y="206"/>
	<Point X="287" Y="204"/>
</Gesture>
