<?xml version="1.0" ?>
<Gesture Name="zigzag04" Subject="02" Number="04" NumPts="84">
	<Point X="124" Y="270"/>
	<Point X="125" Y="269"/>
	<Point X="126" Y="267"/>
	<Point X="129" Y="262"/>
	<Point X="133" Y="258"/>
	<Point X="136" Y="253"/>
	<Point X="142" Y="249"/>
	<Point X="148" Y="243"/>
	<Point X="152" Y="239"/>
	<Point X="157" Y="232"/>
	<Point X="160" Y="229"/>
	<Point X="161" Y="226"/>
	<Point X="162" Y="225"/>
	<Point X="163" Y="223"/>
	<Point X="163" Y="222"/>
	<Point X="164" Y="222"/>
	<Point X="165" Y="222"/>
	<Point X="165" Y="224"/>
	<Point X="165" Y="226"/>
	<Point X="165" Y="230"/>
	<Point X="166" Y="234"/>
	<Point X="166" Y="238"/>
	<Point X="166" Y="242"/>
	<Point X="166" Y="247"/>
	<Point X="166" Y="251"/>
	<Point X="166" Y="254"/>
	<Point X="166" Y="259"/>
	<Point X="166" Y="261"/>
	<Point X="166" Y="264"/>
	<Point X="166" Y="265"/>
	<Point X="166" Y="267"/>
	<Point X="166" Y="268"/>
	<Point X="168" Y="267"/>
	<Point X="170" Y="267"/>
	<Point X="173" Y="264"/>
	<Point X="176" Y="261"/>
	<Point X="179" Y="259"/>
	<Point X="183" Y="256"/>
	<Point X="187" Y="252"/>
	<Point X="191" Y="246"/>
	<Point X="194" Y="243"/>
	<Point X="198" Y="237"/>
	<Point X="204" Y="232"/>
	<Point X="207" Y="228"/>
	<Point X="213" Y="223"/>
	<Point X="218" Y="219"/>
	<Point X="222" Y="217"/>
	<Point X="224" Y="214"/>
	<Point X="226" Y="213"/>
	<Point X="226" Y="212"/>
	<Point X="226" Y="213"/>
	<Point X="226" Y="215"/>
	<Point X="226" Y="218"/>
	<Point X="227" Y="222"/>
	<Point X="227" Y="226"/>
	<Point X="229" Y="232"/>
	<Point X="229" Y="237"/>
	<Point X="230" Y="242"/>
	<Point X="231" Y="247"/>
	<Point X="231" Y="250"/>
	<Point X="232" Y="251"/>
	<Point X="232" Y="255"/>
	<Point X="233" Y="257"/>
	<Point X="234" Y="258"/>
	<Point X="234" Y="259"/>
	<Point X="235" Y="260"/>
	<Point X="235" Y="261"/>
	<Point X="235" Y="262"/>
	<Point X="237" Y="260"/>
	<Point X="239" Y="259"/>
	<Point X="242" Y="256"/>
	<Point X="246" Y="252"/>
	<Point X="248" Y="250"/>
	<Point X="252" Y="244"/>
	<Point X="256" Y="240"/>
	<Point X="262" Y="236"/>
	<Point X="267" Y="231"/>
	<Point X="274" Y="226"/>
	<Point X="280" Y="221"/>
	<Point X="282" Y="219"/>
	<Point X="284" Y="217"/>
	<Point X="286" Y="216"/>
	<Point X="287" Y="215"/>
	<Point X="288" Y="214"/>
</Gesture>
