<?xml version="1.0" ?>
<Gesture Name="zigzag08" Subject="02" Number="08" NumPts="87">
	<Point X="108" Y="256"/>
	<Point X="110" Y="254"/>
	<Point X="113" Y="251"/>
	<Point X="116" Y="248"/>
	<Point X="120" Y="244"/>
	<Point X="127" Y="240"/>
	<Point X="132" Y="235"/>
	<Point X="136" Y="231"/>
	<Point X="140" Y="227"/>
	<Point X="144" Y="222"/>
	<Point X="149" Y="215"/>
	<Point X="150" Y="213"/>
	<Point X="152" Y="210"/>
	<Point X="154" Y="209"/>
	<Point X="154" Y="207"/>
	<Point X="155" Y="208"/>
	<Point X="157" Y="210"/>
	<Point X="157" Y="211"/>
	<Point X="158" Y="213"/>
	<Point X="160" Y="216"/>
	<Point X="161" Y="219"/>
	<Point X="162" Y="222"/>
	<Point X="162" Y="225"/>
	<Point X="164" Y="229"/>
	<Point X="165" Y="233"/>
	<Point X="166" Y="237"/>
	<Point X="167" Y="241"/>
	<Point X="169" Y="246"/>
	<Point X="170" Y="248"/>
	<Point X="171" Y="253"/>
	<Point X="171" Y="256"/>
	<Point X="173" Y="259"/>
	<Point X="173" Y="260"/>
	<Point X="174" Y="262"/>
	<Point X="175" Y="263"/>
	<Point X="177" Y="262"/>
	<Point X="178" Y="260"/>
	<Point X="180" Y="256"/>
	<Point X="183" Y="253"/>
	<Point X="185" Y="248"/>
	<Point X="187" Y="244"/>
	<Point X="191" Y="238"/>
	<Point X="194" Y="231"/>
	<Point X="199" Y="225"/>
	<Point X="202" Y="221"/>
	<Point X="207" Y="216"/>
	<Point X="209" Y="213"/>
	<Point X="212" Y="209"/>
	<Point X="213" Y="208"/>
	<Point X="213" Y="206"/>
	<Point X="214" Y="205"/>
	<Point X="215" Y="204"/>
	<Point X="216" Y="206"/>
	<Point X="217" Y="206"/>
	<Point X="218" Y="209"/>
	<Point X="220" Y="212"/>
	<Point X="221" Y="215"/>
	<Point X="223" Y="219"/>
	<Point X="225" Y="224"/>
	<Point X="227" Y="229"/>
	<Point X="228" Y="231"/>
	<Point X="229" Y="234"/>
	<Point X="230" Y="236"/>
	<Point X="232" Y="239"/>
	<Point X="232" Y="240"/>
	<Point X="233" Y="241"/>
	<Point X="234" Y="241"/>
	<Point X="235" Y="243"/>
	<Point X="236" Y="243"/>
	<Point X="236" Y="244"/>
	<Point X="237" Y="244"/>
	<Point X="238" Y="244"/>
	<Point X="239" Y="244"/>
	<Point X="241" Y="244"/>
	<Point X="244" Y="244"/>
	<Point X="247" Y="241"/>
	<Point X="252" Y="236"/>
	<Point X="258" Y="230"/>
	<Point X="264" Y="226"/>
	<Point X="271" Y="220"/>
	<Point X="276" Y="216"/>
	<Point X="281" Y="213"/>
	<Point X="288" Y="209"/>
	<Point X="292" Y="206"/>
	<Point X="293" Y="204"/>
	<Point X="295" Y="202"/>
	<Point X="296" Y="201"/>
</Gesture>
