<?xml version="1.0" ?>
<Gesture Name="zigzag01" Subject="02" Number="01" NumPts="81">
	<Point X="67" Y="189"/>
	<Point X="70" Y="184"/>
	<Point X="74" Y="180"/>
	<Point X="77" Y="175"/>
	<Point X="81" Y="168"/>
	<Point X="86" Y="162"/>
	<Point X="89" Y="155"/>
	<Point X="92" Y="151"/>
	<Point X="95" Y="146"/>
	<Point X="95" Y="143"/>
	<Point X="96" Y="143"/>
	<Point X="97" Y="143"/>
	<Point X="98" Y="145"/>
	<Point X="99" Y="147"/>
	<Point X="100" Y="151"/>
	<Point X="103" Y="154"/>
	<Point X="106" Y="161"/>
	<Point X="110" Y="168"/>
	<Point X="113" Y="173"/>
	<Point X="117" Y="178"/>
	<Point X="120" Y="184"/>
	<Point X="124" Y="191"/>
	<Point X="126" Y="195"/>
	<Point X="127" Y="197"/>
	<Point X="128" Y="199"/>
	<Point X="129" Y="201"/>
	<Point X="129" Y="202"/>
	<Point X="129" Y="201"/>
	<Point X="130" Y="196"/>
	<Point X="133" Y="194"/>
	<Point X="135" Y="186"/>
	<Point X="138" Y="181"/>
	<Point X="141" Y="176"/>
	<Point X="146" Y="168"/>
	<Point X="149" Y="162"/>
	<Point X="152" Y="159"/>
	<Point X="153" Y="155"/>
	<Point X="155" Y="152"/>
	<Point X="156" Y="151"/>
	<Point X="156" Y="150"/>
	<Point X="157" Y="148"/>
	<Point X="158" Y="147"/>
	<Point X="159" Y="147"/>
	<Point X="160" Y="147"/>
	<Point X="161" Y="147"/>
	<Point X="163" Y="149"/>
	<Point X="165" Y="151"/>
	<Point X="165" Y="153"/>
	<Point X="167" Y="158"/>
	<Point X="167" Y="160"/>
	<Point X="170" Y="162"/>
	<Point X="171" Y="165"/>
	<Point X="171" Y="166"/>
	<Point X="171" Y="169"/>
	<Point X="173" Y="171"/>
	<Point X="173" Y="173"/>
	<Point X="173" Y="174"/>
	<Point X="174" Y="175"/>
	<Point X="174" Y="177"/>
	<Point X="175" Y="179"/>
	<Point X="175" Y="181"/>
	<Point X="177" Y="182"/>
	<Point X="178" Y="184"/>
	<Point X="178" Y="185"/>
	<Point X="179" Y="185"/>
	<Point X="180" Y="185"/>
	<Point X="182" Y="185"/>
	<Point X="184" Y="183"/>
	<Point X="186" Y="180"/>
	<Point X="188" Y="177"/>
	<Point X="190" Y="172"/>
	<Point X="194" Y="167"/>
	<Point X="197" Y="160"/>
	<Point X="199" Y="157"/>
	<Point X="201" Y="152"/>
	<Point X="201" Y="149"/>
	<Point X="204" Y="144"/>
	<Point X="205" Y="142"/>
	<Point X="205" Y="141"/>
	<Point X="205" Y="139"/>
	<Point X="206" Y="138"/>
</Gesture>
