<?xml version="1.0" ?>
<Gesture Name="arrow02" Subject="03" Number="02" NumPts="233">
	<Point X="85" Y="250"/>
	<Point X="85" Y="249"/>
	<Point X="86" Y="249"/>
	<Point X="86" Y="248"/>
	<Point X="87" Y="248"/>
	<Point X="88" Y="248"/>
	<Point X="88" Y="247"/>
	<Point X="89" Y="246"/>
	<Point X="90" Y="246"/>
	<Point X="91" Y="245"/>
	<Point X="92" Y="245"/>
	<Point X="94" Y="244"/>
	<Point X="96" Y="243"/>
	<Point X="99" Y="242"/>
	<Point X="101" Y="241"/>
	<Point X="102" Y="241"/>
	<Point X="104" Y="241"/>
	<Point X="107" Y="239"/>
	<Point X="109" Y="239"/>
	<Point X="111" Y="238"/>
	<Point X="115" Y="238"/>
	<Point X="119" Y="236"/>
	<Point X="121" Y="236"/>
	<Point X="123" Y="235"/>
	<Point X="126" Y="234"/>
	<Point X="131" Y="233"/>
	<Point X="135" Y="231"/>
	<Point X="140" Y="229"/>
	<Point X="142" Y="228"/>
	<Point X="145" Y="227"/>
	<Point X="148" Y="226"/>
	<Point X="151" Y="225"/>
	<Point X="156" Y="223"/>
	<Point X="159" Y="222"/>
	<Point X="164" Y="220"/>
	<Point X="167" Y="218"/>
	<Point X="169" Y="218"/>
	<Point X="173" Y="216"/>
	<Point X="178" Y="215"/>
	<Point X="182" Y="213"/>
	<Point X="185" Y="213"/>
	<Point X="189" Y="211"/>
	<Point X="193" Y="211"/>
	<Point X="196" Y="210"/>
	<Point X="197" Y="209"/>
	<Point X="202" Y="209"/>
	<Point X="204" Y="207"/>
	<Point X="208" Y="207"/>
	<Point X="211" Y="206"/>
	<Point X="214" Y="205"/>
	<Point X="216" Y="205"/>
	<Point X="219" Y="204"/>
	<Point X="222" Y="203"/>
	<Point X="225" Y="202"/>
	<Point X="226" Y="201"/>
	<Point X="228" Y="200"/>
	<Point X="230" Y="200"/>
	<Point X="232" Y="199"/>
	<Point X="234" Y="198"/>
	<Point X="236" Y="197"/>
	<Point X="239" Y="196"/>
	<Point X="240" Y="195"/>
	<Point X="242" Y="194"/>
	<Point X="243" Y="193"/>
	<Point X="244" Y="193"/>
	<Point X="245" Y="192"/>
	<Point X="247" Y="191"/>
	<Point X="248" Y="190"/>
	<Point X="249" Y="190"/>
	<Point X="251" Y="189"/>
	<Point X="252" Y="189"/>
	<Point X="253" Y="187"/>
	<Point X="255" Y="186"/>
	<Point X="257" Y="185"/>
	<Point X="258" Y="185"/>
	<Point X="259" Y="184"/>
	<Point X="260" Y="183"/>
	<Point X="261" Y="183"/>
	<Point X="263" Y="182"/>
	<Point X="264" Y="181"/>
	<Point X="265" Y="181"/>
	<Point X="266" Y="180"/>
	<Point X="268" Y="180"/>
	<Point X="269" Y="178"/>
	<Point X="270" Y="178"/>
	<Point X="271" Y="177"/>
	<Point X="273" Y="177"/>
	<Point X="273" Y="176"/>
	<Point X="274" Y="176"/>
	<Point X="275" Y="175"/>
	<Point X="276" Y="174"/>
	<Point X="278" Y="174"/>
	<Point X="279" Y="173"/>
	<Point X="280" Y="173"/>
	<Point X="281" Y="173"/>
	<Point X="281" Y="172"/>
	<Point X="282" Y="172"/>
	<Point X="284" Y="172"/>
	<Point X="285" Y="171"/>
	<Point X="286" Y="171"/>
	<Point X="286" Y="170"/>
	<Point X="287" Y="170"/>
	<Point X="288" Y="170"/>
	<Point X="289" Y="170"/>
	<Point X="290" Y="169"/>
	<Point X="291" Y="169"/>
	<Point X="292" Y="169"/>
	<Point X="293" Y="169"/>
	<Point X="293" Y="168"/>
	<Point X="292" Y="168"/>
	<Point X="291" Y="168"/>
	<Point X="290" Y="168"/>
	<Point X="289" Y="168"/>
	<Point X="288" Y="168"/>
	<Point X="286" Y="168"/>
	<Point X="285" Y="168"/>
	<Point X="283" Y="168"/>
	<Point X="280" Y="167"/>
	<Point X="277" Y="166"/>
	<Point X="274" Y="166"/>
	<Point X="270" Y="166"/>
	<Point X="267" Y="166"/>
	<Point X="266" Y="166"/>
	<Point X="263" Y="165"/>
	<Point X="261" Y="165"/>
	<Point X="259" Y="165"/>
	<Point X="258" Y="165"/>
	<Point X="254" Y="164"/>
	<Point X="251" Y="164"/>
	<Point X="249" Y="163"/>
	<Point X="246" Y="163"/>
	<Point X="242" Y="163"/>
	<Point X="239" Y="162"/>
	<Point X="236" Y="162"/>
	<Point X="234" Y="161"/>
	<Point X="231" Y="161"/>
	<Point X="229" Y="161"/>
	<Point X="227" Y="161"/>
	<Point X="224" Y="161"/>
	<Point X="221" Y="160"/>
	<Point X="219" Y="160"/>
	<Point X="217" Y="159"/>
	<Point X="214" Y="159"/>
	<Point X="212" Y="159"/>
	<Point X="210" Y="159"/>
	<Point X="208" Y="159"/>
	<Point X="206" Y="159"/>
	<Point X="204" Y="159"/>
	<Point X="202" Y="158"/>
	<Point X="201" Y="158"/>
	<Point X="200" Y="158"/>
	<Point X="198" Y="158"/>
	<Point X="197" Y="158"/>
	<Point X="196" Y="158"/>
	<Point X="195" Y="158"/>
	<Point X="196" Y="158"/>
	<Point X="197" Y="158"/>
	<Point X="198" Y="158"/>
	<Point X="199" Y="158"/>
	<Point X="200" Y="158"/>
	<Point X="201" Y="158"/>
	<Point X="202" Y="159"/>
	<Point X="205" Y="159"/>
	<Point X="207" Y="159"/>
	<Point X="210" Y="159"/>
	<Point X="212" Y="159"/>
	<Point X="215" Y="159"/>
	<Point X="219" Y="159"/>
	<Point X="223" Y="159"/>
	<Point X="227" Y="159"/>
	<Point X="232" Y="160"/>
	<Point X="236" Y="161"/>
	<Point X="241" Y="161"/>
	<Point X="245" Y="161"/>
	<Point X="249" Y="162"/>
	<Point X="253" Y="163"/>
	<Point X="258" Y="163"/>
	<Point X="262" Y="164"/>
	<Point X="266" Y="164"/>
	<Point X="270" Y="165"/>
	<Point X="274" Y="165"/>
	<Point X="277" Y="165"/>
	<Point X="280" Y="166"/>
	<Point X="281" Y="166"/>
	<Point X="283" Y="166"/>
	<Point X="286" Y="166"/>
	<Point X="287" Y="166"/>
	<Point X="289" Y="166"/>
	<Point X="290" Y="166"/>
	<Point X="290" Y="167"/>
	<Point X="290" Y="168"/>
	<Point X="290" Y="169"/>
	<Point X="290" Y="170"/>
	<Point X="290" Y="171"/>
	<Point X="290" Y="173"/>
	<Point X="290" Y="176"/>
	<Point X="290" Y="177"/>
	<Point X="290" Y="179"/>
	<Point X="290" Y="180"/>
	<Point X="290" Y="181"/>
	<Point X="290" Y="182"/>
	<Point X="290" Y="183"/>
	<Point X="290" Y="184"/>
	<Point X="290" Y="185"/>
	<Point X="290" Y="187"/>
	<Point X="290" Y="188"/>
	<Point X="290" Y="189"/>
	<Point X="290" Y="191"/>
	<Point X="290" Y="193"/>
	<Point X="290" Y="195"/>
	<Point X="290" Y="196"/>
	<Point X="290" Y="197"/>
	<Point X="290" Y="198"/>
	<Point X="290" Y="200"/>
	<Point X="290" Y="201"/>
	<Point X="290" Y="203"/>
	<Point X="290" Y="204"/>
	<Point X="290" Y="205"/>
	<Point X="290" Y="206"/>
	<Point X="290" Y="207"/>
	<Point X="290" Y="209"/>
	<Point X="290" Y="210"/>
	<Point X="290" Y="211"/>
	<Point X="289" Y="212"/>
	<Point X="289" Y="213"/>
	<Point X="289" Y="214"/>
	<Point X="289" Y="215"/>
	<Point X="289" Y="216"/>
	<Point X="289" Y="217"/>
	<Point X="289" Y="218"/>
	<Point X="289" Y="219"/>
	<Point X="289" Y="220"/>
	<Point X="289" Y="221"/>
</Gesture>
