<?xml version="1.0" ?>
<Gesture Name="arrow05" Subject="03" Number="05" NumPts="244">
	<Point X="71" Y="239"/>
	<Point X="72" Y="239"/>
	<Point X="73" Y="239"/>
	<Point X="74" Y="239"/>
	<Point X="75" Y="239"/>
	<Point X="76" Y="238"/>
	<Point X="77" Y="238"/>
	<Point X="78" Y="238"/>
	<Point X="79" Y="238"/>
	<Point X="81" Y="237"/>
	<Point X="82" Y="237"/>
	<Point X="84" Y="236"/>
	<Point X="86" Y="236"/>
	<Point X="89" Y="236"/>
	<Point X="91" Y="235"/>
	<Point X="94" Y="235"/>
	<Point X="98" Y="235"/>
	<Point X="101" Y="234"/>
	<Point X="104" Y="233"/>
	<Point X="108" Y="233"/>
	<Point X="110" Y="232"/>
	<Point X="114" Y="232"/>
	<Point X="116" Y="232"/>
	<Point X="121" Y="231"/>
	<Point X="124" Y="230"/>
	<Point X="128" Y="230"/>
	<Point X="132" Y="230"/>
	<Point X="137" Y="228"/>
	<Point X="140" Y="228"/>
	<Point X="143" Y="228"/>
	<Point X="147" Y="227"/>
	<Point X="150" Y="226"/>
	<Point X="153" Y="226"/>
	<Point X="156" Y="225"/>
	<Point X="161" Y="225"/>
	<Point X="163" Y="224"/>
	<Point X="168" Y="223"/>
	<Point X="171" Y="223"/>
	<Point X="174" Y="222"/>
	<Point X="178" Y="221"/>
	<Point X="180" Y="221"/>
	<Point X="185" Y="219"/>
	<Point X="187" Y="218"/>
	<Point X="190" Y="217"/>
	<Point X="193" Y="216"/>
	<Point X="196" Y="215"/>
	<Point X="198" Y="214"/>
	<Point X="200" Y="213"/>
	<Point X="203" Y="211"/>
	<Point X="206" Y="211"/>
	<Point X="209" Y="209"/>
	<Point X="211" Y="208"/>
	<Point X="212" Y="208"/>
	<Point X="216" Y="206"/>
	<Point X="217" Y="205"/>
	<Point X="219" Y="204"/>
	<Point X="221" Y="203"/>
	<Point X="224" Y="201"/>
	<Point X="226" Y="200"/>
	<Point X="228" Y="199"/>
	<Point X="230" Y="198"/>
	<Point X="233" Y="196"/>
	<Point X="235" Y="195"/>
	<Point X="236" Y="194"/>
	<Point X="239" Y="192"/>
	<Point X="241" Y="191"/>
	<Point X="243" Y="190"/>
	<Point X="245" Y="189"/>
	<Point X="247" Y="188"/>
	<Point X="248" Y="188"/>
	<Point X="250" Y="187"/>
	<Point X="251" Y="186"/>
	<Point X="254" Y="185"/>
	<Point X="255" Y="184"/>
	<Point X="257" Y="183"/>
	<Point X="258" Y="183"/>
	<Point X="260" Y="182"/>
	<Point X="261" Y="181"/>
	<Point X="263" Y="180"/>
	<Point X="266" Y="179"/>
	<Point X="267" Y="178"/>
	<Point X="268" Y="177"/>
	<Point X="270" Y="177"/>
	<Point X="271" Y="176"/>
	<Point X="273" Y="176"/>
	<Point X="275" Y="175"/>
	<Point X="277" Y="174"/>
	<Point X="278" Y="173"/>
	<Point X="280" Y="173"/>
	<Point X="281" Y="173"/>
	<Point X="283" Y="172"/>
	<Point X="284" Y="171"/>
	<Point X="286" Y="171"/>
	<Point X="288" Y="170"/>
	<Point X="289" Y="170"/>
	<Point X="292" Y="169"/>
	<Point X="294" Y="169"/>
	<Point X="295" Y="169"/>
	<Point X="298" Y="167"/>
	<Point X="300" Y="167"/>
	<Point X="301" Y="167"/>
	<Point X="302" Y="166"/>
	<Point X="303" Y="166"/>
	<Point X="305" Y="166"/>
	<Point X="306" Y="165"/>
	<Point X="307" Y="164"/>
	<Point X="309" Y="164"/>
	<Point X="310" Y="163"/>
	<Point X="311" Y="163"/>
	<Point X="314" Y="162"/>
	<Point X="315" Y="161"/>
	<Point X="316" Y="161"/>
	<Point X="317" Y="161"/>
	<Point X="317" Y="160"/>
	<Point X="316" Y="160"/>
	<Point X="315" Y="160"/>
	<Point X="314" Y="160"/>
	<Point X="313" Y="160"/>
	<Point X="312" Y="160"/>
	<Point X="311" Y="160"/>
	<Point X="310" Y="160"/>
	<Point X="309" Y="160"/>
	<Point X="306" Y="160"/>
	<Point X="303" Y="160"/>
	<Point X="300" Y="159"/>
	<Point X="298" Y="159"/>
	<Point X="296" Y="159"/>
	<Point X="294" Y="159"/>
	<Point X="292" Y="159"/>
	<Point X="290" Y="159"/>
	<Point X="288" Y="159"/>
	<Point X="286" Y="159"/>
	<Point X="284" Y="159"/>
	<Point X="282" Y="159"/>
	<Point X="279" Y="158"/>
	<Point X="277" Y="158"/>
	<Point X="275" Y="158"/>
	<Point X="272" Y="158"/>
	<Point X="269" Y="157"/>
	<Point X="267" Y="157"/>
	<Point X="265" Y="157"/>
	<Point X="262" Y="157"/>
	<Point X="259" Y="157"/>
	<Point X="257" Y="157"/>
	<Point X="256" Y="157"/>
	<Point X="253" Y="156"/>
	<Point X="251" Y="156"/>
	<Point X="249" Y="156"/>
	<Point X="247" Y="156"/>
	<Point X="244" Y="156"/>
	<Point X="243" Y="156"/>
	<Point X="242" Y="156"/>
	<Point X="240" Y="156"/>
	<Point X="239" Y="156"/>
	<Point X="237" Y="156"/>
	<Point X="236" Y="156"/>
	<Point X="235" Y="156"/>
	<Point X="233" Y="156"/>
	<Point X="232" Y="156"/>
	<Point X="231" Y="156"/>
	<Point X="230" Y="156"/>
	<Point X="229" Y="156"/>
	<Point X="228" Y="156"/>
	<Point X="227" Y="156"/>
	<Point X="226" Y="156"/>
	<Point X="225" Y="156"/>
	<Point X="224" Y="156"/>
	<Point X="223" Y="156"/>
	<Point X="222" Y="156"/>
	<Point X="222" Y="157"/>
	<Point X="221" Y="157"/>
	<Point X="220" Y="157"/>
	<Point X="221" Y="157"/>
	<Point X="222" Y="157"/>
	<Point X="223" Y="157"/>
	<Point X="224" Y="157"/>
	<Point X="225" Y="157"/>
	<Point X="226" Y="157"/>
	<Point X="228" Y="157"/>
	<Point X="229" Y="157"/>
	<Point X="232" Y="157"/>
	<Point X="235" Y="157"/>
	<Point X="239" Y="158"/>
	<Point X="243" Y="159"/>
	<Point X="249" Y="159"/>
	<Point X="254" Y="159"/>
	<Point X="260" Y="160"/>
	<Point X="266" Y="161"/>
	<Point X="272" Y="161"/>
	<Point X="277" Y="162"/>
	<Point X="281" Y="162"/>
	<Point X="288" Y="163"/>
	<Point X="293" Y="163"/>
	<Point X="297" Y="164"/>
	<Point X="303" Y="164"/>
	<Point X="305" Y="165"/>
	<Point X="308" Y="165"/>
	<Point X="309" Y="165"/>
	<Point X="311" Y="165"/>
	<Point X="312" Y="165"/>
	<Point X="312" Y="166"/>
	<Point X="313" Y="166"/>
	<Point X="313" Y="167"/>
	<Point X="313" Y="168"/>
	<Point X="313" Y="169"/>
	<Point X="313" Y="170"/>
	<Point X="313" Y="171"/>
	<Point X="313" Y="173"/>
	<Point X="313" Y="174"/>
	<Point X="313" Y="175"/>
	<Point X="312" Y="175"/>
	<Point X="312" Y="176"/>
	<Point X="312" Y="178"/>
	<Point X="312" Y="179"/>
	<Point X="312" Y="180"/>
	<Point X="312" Y="181"/>
	<Point X="311" Y="183"/>
	<Point X="311" Y="185"/>
	<Point X="310" Y="187"/>
	<Point X="309" Y="190"/>
	<Point X="309" Y="191"/>
	<Point X="309" Y="192"/>
	<Point X="308" Y="194"/>
	<Point X="308" Y="195"/>
	<Point X="307" Y="196"/>
	<Point X="307" Y="198"/>
	<Point X="306" Y="199"/>
	<Point X="305" Y="201"/>
	<Point X="304" Y="203"/>
	<Point X="304" Y="204"/>
	<Point X="303" Y="206"/>
	<Point X="303" Y="207"/>
	<Point X="302" Y="208"/>
	<Point X="302" Y="209"/>
	<Point X="301" Y="210"/>
	<Point X="301" Y="211"/>
	<Point X="300" Y="211"/>
	<Point X="300" Y="212"/>
	<Point X="300" Y="213"/>
	<Point X="299" Y="214"/>
	<Point X="299" Y="215"/>
	<Point X="299" Y="216"/>
	<Point X="298" Y="216"/>
	<Point X="298" Y="217"/>
</Gesture>
