<?xml version="1.0" ?>
<Gesture Name="arrow09" Subject="03" Number="09" NumPts="216">
	<Point X="93" Y="246"/>
	<Point X="94" Y="246"/>
	<Point X="95" Y="246"/>
	<Point X="96" Y="246"/>
	<Point X="97" Y="246"/>
	<Point X="98" Y="245"/>
	<Point X="99" Y="245"/>
	<Point X="100" Y="245"/>
	<Point X="101" Y="245"/>
	<Point X="102" Y="245"/>
	<Point X="103" Y="244"/>
	<Point X="104" Y="244"/>
	<Point X="105" Y="244"/>
	<Point X="108" Y="244"/>
	<Point X="110" Y="243"/>
	<Point X="112" Y="243"/>
	<Point X="114" Y="243"/>
	<Point X="117" Y="243"/>
	<Point X="120" Y="243"/>
	<Point X="123" Y="242"/>
	<Point X="125" Y="242"/>
	<Point X="129" Y="242"/>
	<Point X="131" Y="242"/>
	<Point X="133" Y="242"/>
	<Point X="136" Y="241"/>
	<Point X="139" Y="241"/>
	<Point X="142" Y="240"/>
	<Point X="144" Y="240"/>
	<Point X="147" Y="240"/>
	<Point X="149" Y="239"/>
	<Point X="153" Y="238"/>
	<Point X="155" Y="238"/>
	<Point X="158" Y="238"/>
	<Point X="161" Y="237"/>
	<Point X="163" Y="236"/>
	<Point X="165" Y="236"/>
	<Point X="168" Y="235"/>
	<Point X="171" Y="235"/>
	<Point X="175" Y="233"/>
	<Point X="176" Y="233"/>
	<Point X="180" Y="232"/>
	<Point X="182" Y="232"/>
	<Point X="184" Y="231"/>
	<Point X="186" Y="230"/>
	<Point X="188" Y="230"/>
	<Point X="191" Y="228"/>
	<Point X="193" Y="228"/>
	<Point X="196" Y="227"/>
	<Point X="197" Y="226"/>
	<Point X="199" Y="225"/>
	<Point X="201" Y="224"/>
	<Point X="203" Y="223"/>
	<Point X="206" Y="221"/>
	<Point X="208" Y="220"/>
	<Point X="210" Y="219"/>
	<Point X="212" Y="218"/>
	<Point X="214" Y="217"/>
	<Point X="216" Y="216"/>
	<Point X="219" Y="213"/>
	<Point X="222" Y="212"/>
	<Point X="225" Y="210"/>
	<Point X="227" Y="210"/>
	<Point X="230" Y="208"/>
	<Point X="232" Y="207"/>
	<Point X="234" Y="206"/>
	<Point X="237" Y="204"/>
	<Point X="239" Y="203"/>
	<Point X="241" Y="201"/>
	<Point X="243" Y="200"/>
	<Point X="244" Y="199"/>
	<Point X="245" Y="198"/>
	<Point X="248" Y="196"/>
	<Point X="250" Y="195"/>
	<Point X="251" Y="194"/>
	<Point X="253" Y="193"/>
	<Point X="255" Y="192"/>
	<Point X="256" Y="191"/>
	<Point X="258" Y="190"/>
	<Point X="259" Y="189"/>
	<Point X="260" Y="188"/>
	<Point X="262" Y="187"/>
	<Point X="263" Y="186"/>
	<Point X="264" Y="186"/>
	<Point X="264" Y="185"/>
	<Point X="266" Y="185"/>
	<Point X="267" Y="184"/>
	<Point X="268" Y="183"/>
	<Point X="269" Y="182"/>
	<Point X="270" Y="182"/>
	<Point X="271" Y="181"/>
	<Point X="272" Y="181"/>
	<Point X="273" Y="181"/>
	<Point X="273" Y="180"/>
	<Point X="274" Y="180"/>
	<Point X="275" Y="180"/>
	<Point X="275" Y="179"/>
	<Point X="276" Y="179"/>
	<Point X="276" Y="178"/>
	<Point X="277" Y="178"/>
	<Point X="278" Y="177"/>
	<Point X="279" Y="177"/>
	<Point X="279" Y="176"/>
	<Point X="280" Y="176"/>
	<Point X="280" Y="175"/>
	<Point X="281" Y="175"/>
	<Point X="281" Y="174"/>
	<Point X="282" Y="174"/>
	<Point X="281" Y="174"/>
	<Point X="280" Y="174"/>
	<Point X="279" Y="174"/>
	<Point X="278" Y="174"/>
	<Point X="277" Y="174"/>
	<Point X="275" Y="174"/>
	<Point X="274" Y="174"/>
	<Point X="272" Y="174"/>
	<Point X="271" Y="173"/>
	<Point X="268" Y="173"/>
	<Point X="266" Y="173"/>
	<Point X="262" Y="172"/>
	<Point X="261" Y="172"/>
	<Point X="258" Y="172"/>
	<Point X="256" Y="171"/>
	<Point X="254" Y="171"/>
	<Point X="250" Y="170"/>
	<Point X="247" Y="170"/>
	<Point X="244" Y="169"/>
	<Point X="242" Y="169"/>
	<Point X="239" Y="168"/>
	<Point X="237" Y="167"/>
	<Point X="234" Y="167"/>
	<Point X="230" Y="167"/>
	<Point X="227" Y="166"/>
	<Point X="224" Y="166"/>
	<Point X="221" Y="165"/>
	<Point X="219" Y="165"/>
	<Point X="217" Y="165"/>
	<Point X="215" Y="165"/>
	<Point X="213" Y="165"/>
	<Point X="210" Y="165"/>
	<Point X="209" Y="164"/>
	<Point X="206" Y="164"/>
	<Point X="205" Y="164"/>
	<Point X="204" Y="164"/>
	<Point X="203" Y="164"/>
	<Point X="202" Y="164"/>
	<Point X="201" Y="164"/>
	<Point X="200" Y="164"/>
	<Point X="200" Y="165"/>
	<Point X="200" Y="166"/>
	<Point X="201" Y="166"/>
	<Point X="202" Y="166"/>
	<Point X="202" Y="167"/>
	<Point X="203" Y="167"/>
	<Point X="204" Y="167"/>
	<Point X="205" Y="168"/>
	<Point X="206" Y="168"/>
	<Point X="208" Y="168"/>
	<Point X="209" Y="169"/>
	<Point X="213" Y="170"/>
	<Point X="216" Y="170"/>
	<Point X="220" Y="171"/>
	<Point X="223" Y="172"/>
	<Point X="226" Y="172"/>
	<Point X="230" Y="173"/>
	<Point X="235" Y="173"/>
	<Point X="238" Y="174"/>
	<Point X="242" Y="175"/>
	<Point X="247" Y="175"/>
	<Point X="250" Y="176"/>
	<Point X="253" Y="176"/>
	<Point X="256" Y="178"/>
	<Point X="260" Y="178"/>
	<Point X="263" Y="179"/>
	<Point X="265" Y="179"/>
	<Point X="267" Y="180"/>
	<Point X="268" Y="180"/>
	<Point X="269" Y="180"/>
	<Point X="270" Y="181"/>
	<Point X="271" Y="181"/>
	<Point X="271" Y="182"/>
	<Point X="272" Y="182"/>
	<Point X="272" Y="183"/>
	<Point X="272" Y="184"/>
	<Point X="272" Y="186"/>
	<Point X="272" Y="187"/>
	<Point X="271" Y="188"/>
	<Point X="271" Y="189"/>
	<Point X="270" Y="192"/>
	<Point X="270" Y="193"/>
	<Point X="269" Y="195"/>
	<Point X="269" Y="196"/>
	<Point X="268" Y="198"/>
	<Point X="268" Y="199"/>
	<Point X="267" Y="200"/>
	<Point X="267" Y="201"/>
	<Point X="266" Y="203"/>
	<Point X="266" Y="204"/>
	<Point X="266" Y="205"/>
	<Point X="265" Y="206"/>
	<Point X="265" Y="207"/>
	<Point X="265" Y="208"/>
	<Point X="264" Y="209"/>
	<Point X="264" Y="210"/>
	<Point X="263" Y="211"/>
	<Point X="263" Y="212"/>
	<Point X="263" Y="213"/>
	<Point X="262" Y="214"/>
	<Point X="262" Y="215"/>
	<Point X="262" Y="216"/>
	<Point X="262" Y="217"/>
	<Point X="262" Y="218"/>
	<Point X="261" Y="218"/>
	<Point X="261" Y="219"/>
	<Point X="261" Y="220"/>
	<Point X="261" Y="221"/>
	<Point X="261" Y="222"/>
</Gesture>
