<?xml version="1.0" ?>
<Gesture Name="arrow07" Subject="03" Number="07" NumPts="227">
	<Point X="76" Y="240"/>
	<Point X="75" Y="240"/>
	<Point X="76" Y="240"/>
	<Point X="76" Y="239"/>
	<Point X="77" Y="239"/>
	<Point X="78" Y="239"/>
	<Point X="79" Y="239"/>
	<Point X="79" Y="238"/>
	<Point X="80" Y="238"/>
	<Point X="80" Y="237"/>
	<Point X="81" Y="237"/>
	<Point X="82" Y="237"/>
	<Point X="84" Y="236"/>
	<Point X="86" Y="236"/>
	<Point X="87" Y="235"/>
	<Point X="89" Y="234"/>
	<Point X="92" Y="234"/>
	<Point X="93" Y="233"/>
	<Point X="95" Y="233"/>
	<Point X="98" Y="233"/>
	<Point X="101" Y="232"/>
	<Point X="104" Y="231"/>
	<Point X="108" Y="231"/>
	<Point X="111" Y="230"/>
	<Point X="113" Y="229"/>
	<Point X="117" Y="229"/>
	<Point X="119" Y="229"/>
	<Point X="124" Y="228"/>
	<Point X="126" Y="228"/>
	<Point X="133" Y="227"/>
	<Point X="137" Y="226"/>
	<Point X="141" Y="226"/>
	<Point X="145" Y="225"/>
	<Point X="150" Y="224"/>
	<Point X="153" Y="224"/>
	<Point X="157" Y="224"/>
	<Point X="164" Y="223"/>
	<Point X="172" Y="222"/>
	<Point X="177" Y="221"/>
	<Point X="181" Y="219"/>
	<Point X="186" Y="219"/>
	<Point X="190" Y="218"/>
	<Point X="194" Y="217"/>
	<Point X="201" Y="216"/>
	<Point X="206" Y="214"/>
	<Point X="211" Y="213"/>
	<Point X="214" Y="212"/>
	<Point X="218" Y="211"/>
	<Point X="221" Y="210"/>
	<Point X="224" Y="209"/>
	<Point X="228" Y="208"/>
	<Point X="233" Y="207"/>
	<Point X="236" Y="206"/>
	<Point X="239" Y="205"/>
	<Point X="241" Y="204"/>
	<Point X="244" Y="203"/>
	<Point X="249" Y="201"/>
	<Point X="252" Y="200"/>
	<Point X="254" Y="198"/>
	<Point X="255" Y="198"/>
	<Point X="258" Y="197"/>
	<Point X="261" Y="196"/>
	<Point X="263" Y="194"/>
	<Point X="266" Y="193"/>
	<Point X="267" Y="191"/>
	<Point X="270" Y="190"/>
	<Point X="271" Y="189"/>
	<Point X="273" Y="187"/>
	<Point X="274" Y="187"/>
	<Point X="276" Y="185"/>
	<Point X="277" Y="183"/>
	<Point X="278" Y="183"/>
	<Point X="279" Y="182"/>
	<Point X="280" Y="181"/>
	<Point X="281" Y="180"/>
	<Point X="282" Y="179"/>
	<Point X="283" Y="178"/>
	<Point X="284" Y="177"/>
	<Point X="284" Y="176"/>
	<Point X="285" Y="176"/>
	<Point X="286" Y="175"/>
	<Point X="286" Y="174"/>
	<Point X="287" Y="174"/>
	<Point X="287" Y="173"/>
	<Point X="288" Y="172"/>
	<Point X="288" Y="171"/>
	<Point X="289" Y="170"/>
	<Point X="290" Y="170"/>
	<Point X="290" Y="169"/>
	<Point X="290" Y="168"/>
	<Point X="291" Y="168"/>
	<Point X="291" Y="167"/>
	<Point X="291" Y="166"/>
	<Point X="292" Y="166"/>
	<Point X="292" Y="165"/>
	<Point X="291" Y="165"/>
	<Point X="290" Y="165"/>
	<Point X="289" Y="165"/>
	<Point X="288" Y="165"/>
	<Point X="287" Y="165"/>
	<Point X="286" Y="165"/>
	<Point X="284" Y="165"/>
	<Point X="283" Y="165"/>
	<Point X="281" Y="164"/>
	<Point X="279" Y="164"/>
	<Point X="276" Y="164"/>
	<Point X="275" Y="164"/>
	<Point X="274" Y="163"/>
	<Point X="272" Y="163"/>
	<Point X="270" Y="163"/>
	<Point X="268" Y="163"/>
	<Point X="266" Y="163"/>
	<Point X="264" Y="163"/>
	<Point X="262" Y="163"/>
	<Point X="261" Y="163"/>
	<Point X="259" Y="163"/>
	<Point X="257" Y="163"/>
	<Point X="254" Y="163"/>
	<Point X="253" Y="163"/>
	<Point X="249" Y="163"/>
	<Point X="246" Y="163"/>
	<Point X="244" Y="163"/>
	<Point X="242" Y="163"/>
	<Point X="240" Y="163"/>
	<Point X="238" Y="163"/>
	<Point X="235" Y="163"/>
	<Point X="233" Y="163"/>
	<Point X="231" Y="163"/>
	<Point X="229" Y="163"/>
	<Point X="227" Y="164"/>
	<Point X="225" Y="164"/>
	<Point X="224" Y="164"/>
	<Point X="221" Y="164"/>
	<Point X="218" Y="165"/>
	<Point X="216" Y="165"/>
	<Point X="215" Y="165"/>
	<Point X="214" Y="165"/>
	<Point X="212" Y="165"/>
	<Point X="211" Y="165"/>
	<Point X="210" Y="165"/>
	<Point X="208" Y="166"/>
	<Point X="207" Y="166"/>
	<Point X="206" Y="166"/>
	<Point X="205" Y="166"/>
	<Point X="204" Y="166"/>
	<Point X="204" Y="167"/>
	<Point X="203" Y="167"/>
	<Point X="204" Y="167"/>
	<Point X="204" Y="168"/>
	<Point X="205" Y="168"/>
	<Point X="206" Y="168"/>
	<Point X="207" Y="168"/>
	<Point X="208" Y="168"/>
	<Point X="210" Y="168"/>
	<Point X="211" Y="168"/>
	<Point X="215" Y="169"/>
	<Point X="217" Y="169"/>
	<Point X="220" Y="169"/>
	<Point X="223" Y="170"/>
	<Point X="226" Y="170"/>
	<Point X="230" Y="170"/>
	<Point X="232" Y="170"/>
	<Point X="236" Y="171"/>
	<Point X="239" Y="171"/>
	<Point X="242" Y="172"/>
	<Point X="244" Y="172"/>
	<Point X="247" Y="172"/>
	<Point X="249" Y="172"/>
	<Point X="252" Y="172"/>
	<Point X="255" Y="173"/>
	<Point X="259" Y="174"/>
	<Point X="261" Y="174"/>
	<Point X="264" Y="174"/>
	<Point X="266" Y="174"/>
	<Point X="269" Y="175"/>
	<Point X="271" Y="176"/>
	<Point X="273" Y="176"/>
	<Point X="276" Y="176"/>
	<Point X="278" Y="177"/>
	<Point X="280" Y="177"/>
	<Point X="282" Y="178"/>
	<Point X="284" Y="178"/>
	<Point X="286" Y="179"/>
	<Point X="287" Y="180"/>
	<Point X="288" Y="180"/>
	<Point X="288" Y="181"/>
	<Point X="289" Y="181"/>
	<Point X="289" Y="182"/>
	<Point X="289" Y="183"/>
	<Point X="289" Y="184"/>
	<Point X="289" Y="185"/>
	<Point X="290" Y="186"/>
	<Point X="290" Y="187"/>
	<Point X="290" Y="188"/>
	<Point X="290" Y="189"/>
	<Point X="290" Y="191"/>
	<Point X="290" Y="192"/>
	<Point X="289" Y="193"/>
	<Point X="289" Y="194"/>
	<Point X="289" Y="195"/>
	<Point X="289" Y="196"/>
	<Point X="289" Y="197"/>
	<Point X="289" Y="198"/>
	<Point X="289" Y="199"/>
	<Point X="288" Y="200"/>
	<Point X="287" Y="201"/>
	<Point X="287" Y="202"/>
	<Point X="287" Y="203"/>
	<Point X="287" Y="204"/>
	<Point X="286" Y="205"/>
	<Point X="286" Y="206"/>
	<Point X="285" Y="207"/>
	<Point X="285" Y="208"/>
	<Point X="285" Y="209"/>
	<Point X="284" Y="210"/>
	<Point X="284" Y="211"/>
	<Point X="284" Y="212"/>
	<Point X="283" Y="213"/>
	<Point X="282" Y="214"/>
	<Point X="282" Y="215"/>
	<Point X="282" Y="216"/>
	<Point X="281" Y="216"/>
	<Point X="281" Y="217"/>
	<Point X="281" Y="218"/>
	<Point X="280" Y="218"/>
	<Point X="280" Y="219"/>
	<Point X="280" Y="220"/>
</Gesture>
