<?xml version="1.0" ?>
<Gesture Name="arrow06" Subject="03" Number="06" NumPts="240">
	<Point X="100" Y="234"/>
	<Point X="99" Y="235"/>
	<Point X="98" Y="235"/>
	<Point X="97" Y="235"/>
	<Point X="96" Y="235"/>
	<Point X="96" Y="236"/>
	<Point X="95" Y="236"/>
	<Point X="94" Y="236"/>
	<Point X="95" Y="236"/>
	<Point X="96" Y="236"/>
	<Point X="97" Y="235"/>
	<Point X="98" Y="235"/>
	<Point X="98" Y="234"/>
	<Point X="99" Y="234"/>
	<Point X="100" Y="234"/>
	<Point X="101" Y="234"/>
	<Point X="102" Y="233"/>
	<Point X="103" Y="233"/>
	<Point X="105" Y="233"/>
	<Point X="107" Y="233"/>
	<Point X="110" Y="232"/>
	<Point X="112" Y="232"/>
	<Point X="114" Y="231"/>
	<Point X="116" Y="230"/>
	<Point X="118" Y="230"/>
	<Point X="120" Y="230"/>
	<Point X="122" Y="229"/>
	<Point X="124" Y="229"/>
	<Point X="129" Y="228"/>
	<Point X="131" Y="228"/>
	<Point X="134" Y="227"/>
	<Point X="136" Y="227"/>
	<Point X="140" Y="226"/>
	<Point X="142" Y="225"/>
	<Point X="144" Y="225"/>
	<Point X="148" Y="225"/>
	<Point X="152" Y="224"/>
	<Point X="155" Y="223"/>
	<Point X="158" Y="222"/>
	<Point X="161" Y="222"/>
	<Point X="164" Y="222"/>
	<Point X="167" Y="221"/>
	<Point X="170" Y="220"/>
	<Point X="175" Y="220"/>
	<Point X="178" Y="220"/>
	<Point X="181" Y="219"/>
	<Point X="187" Y="218"/>
	<Point X="188" Y="217"/>
	<Point X="191" Y="216"/>
	<Point X="193" Y="216"/>
	<Point X="197" Y="214"/>
	<Point X="200" Y="213"/>
	<Point X="203" Y="212"/>
	<Point X="205" Y="211"/>
	<Point X="208" Y="210"/>
	<Point X="209" Y="209"/>
	<Point X="211" Y="209"/>
	<Point X="214" Y="207"/>
	<Point X="215" Y="206"/>
	<Point X="217" Y="206"/>
	<Point X="219" Y="205"/>
	<Point X="221" Y="203"/>
	<Point X="223" Y="203"/>
	<Point X="224" Y="202"/>
	<Point X="227" Y="200"/>
	<Point X="229" Y="199"/>
	<Point X="231" Y="198"/>
	<Point X="233" Y="197"/>
	<Point X="234" Y="196"/>
	<Point X="236" Y="195"/>
	<Point X="237" Y="194"/>
	<Point X="238" Y="193"/>
	<Point X="241" Y="192"/>
	<Point X="242" Y="191"/>
	<Point X="247" Y="188"/>
	<Point X="248" Y="188"/>
	<Point X="250" Y="186"/>
	<Point X="252" Y="185"/>
	<Point X="253" Y="184"/>
	<Point X="255" Y="183"/>
	<Point X="256" Y="182"/>
	<Point X="258" Y="181"/>
	<Point X="259" Y="180"/>
	<Point X="261" Y="179"/>
	<Point X="262" Y="178"/>
	<Point X="263" Y="178"/>
	<Point X="265" Y="176"/>
	<Point X="267" Y="175"/>
	<Point X="268" Y="174"/>
	<Point X="269" Y="174"/>
	<Point X="270" Y="173"/>
	<Point X="271" Y="173"/>
	<Point X="271" Y="172"/>
	<Point X="273" Y="172"/>
	<Point X="274" Y="171"/>
	<Point X="275" Y="170"/>
	<Point X="276" Y="169"/>
	<Point X="277" Y="169"/>
	<Point X="277" Y="168"/>
	<Point X="278" Y="168"/>
	<Point X="279" Y="167"/>
	<Point X="279" Y="166"/>
	<Point X="280" Y="166"/>
	<Point X="280" Y="165"/>
	<Point X="281" Y="165"/>
	<Point X="282" Y="165"/>
	<Point X="282" Y="164"/>
	<Point X="283" Y="164"/>
	<Point X="283" Y="163"/>
	<Point X="284" Y="163"/>
	<Point X="284" Y="162"/>
	<Point X="285" Y="162"/>
	<Point X="284" Y="162"/>
	<Point X="283" Y="162"/>
	<Point X="282" Y="162"/>
	<Point X="280" Y="162"/>
	<Point X="279" Y="162"/>
	<Point X="278" Y="162"/>
	<Point X="277" Y="162"/>
	<Point X="275" Y="162"/>
	<Point X="273" Y="162"/>
	<Point X="271" Y="162"/>
	<Point X="270" Y="162"/>
	<Point X="268" Y="162"/>
	<Point X="266" Y="162"/>
	<Point X="263" Y="162"/>
	<Point X="261" Y="162"/>
	<Point X="258" Y="162"/>
	<Point X="256" Y="162"/>
	<Point X="255" Y="162"/>
	<Point X="252" Y="162"/>
	<Point X="249" Y="162"/>
	<Point X="246" Y="161"/>
	<Point X="243" Y="161"/>
	<Point X="242" Y="161"/>
	<Point X="239" Y="161"/>
	<Point X="236" Y="161"/>
	<Point X="235" Y="161"/>
	<Point X="231" Y="161"/>
	<Point X="228" Y="161"/>
	<Point X="225" Y="161"/>
	<Point X="223" Y="160"/>
	<Point X="221" Y="160"/>
	<Point X="218" Y="160"/>
	<Point X="215" Y="160"/>
	<Point X="213" Y="159"/>
	<Point X="211" Y="159"/>
	<Point X="208" Y="159"/>
	<Point X="206" Y="159"/>
	<Point X="204" Y="159"/>
	<Point X="202" Y="159"/>
	<Point X="200" Y="159"/>
	<Point X="198" Y="159"/>
	<Point X="197" Y="159"/>
	<Point X="195" Y="159"/>
	<Point X="193" Y="159"/>
	<Point X="192" Y="159"/>
	<Point X="191" Y="159"/>
	<Point X="190" Y="159"/>
	<Point X="188" Y="159"/>
	<Point X="187" Y="159"/>
	<Point X="186" Y="159"/>
	<Point X="185" Y="159"/>
	<Point X="184" Y="159"/>
	<Point X="185" Y="159"/>
	<Point X="185" Y="160"/>
	<Point X="186" Y="160"/>
	<Point X="187" Y="160"/>
	<Point X="188" Y="160"/>
	<Point X="189" Y="161"/>
	<Point X="190" Y="161"/>
	<Point X="191" Y="161"/>
	<Point X="192" Y="161"/>
	<Point X="194" Y="161"/>
	<Point X="196" Y="161"/>
	<Point X="199" Y="161"/>
	<Point X="203" Y="162"/>
	<Point X="206" Y="162"/>
	<Point X="210" Y="162"/>
	<Point X="213" Y="163"/>
	<Point X="216" Y="163"/>
	<Point X="220" Y="164"/>
	<Point X="224" Y="164"/>
	<Point X="228" Y="164"/>
	<Point X="231" Y="164"/>
	<Point X="235" Y="164"/>
	<Point X="238" Y="164"/>
	<Point X="241" Y="165"/>
	<Point X="244" Y="165"/>
	<Point X="248" Y="165"/>
	<Point X="250" Y="165"/>
	<Point X="253" Y="165"/>
	<Point X="255" Y="165"/>
	<Point X="257" Y="165"/>
	<Point X="259" Y="166"/>
	<Point X="261" Y="166"/>
	<Point X="263" Y="166"/>
	<Point X="264" Y="166"/>
	<Point X="265" Y="166"/>
	<Point X="266" Y="166"/>
	<Point X="267" Y="166"/>
	<Point X="268" Y="166"/>
	<Point X="268" Y="167"/>
	<Point X="269" Y="167"/>
	<Point X="269" Y="168"/>
	<Point X="269" Y="169"/>
	<Point X="269" Y="170"/>
	<Point X="269" Y="171"/>
	<Point X="269" Y="172"/>
	<Point X="269" Y="174"/>
	<Point X="269" Y="177"/>
	<Point X="270" Y="179"/>
	<Point X="270" Y="181"/>
	<Point X="270" Y="183"/>
	<Point X="270" Y="185"/>
	<Point X="270" Y="187"/>
	<Point X="270" Y="189"/>
	<Point X="270" Y="191"/>
	<Point X="270" Y="192"/>
	<Point X="270" Y="194"/>
	<Point X="270" Y="195"/>
	<Point X="269" Y="196"/>
	<Point X="269" Y="197"/>
	<Point X="269" Y="199"/>
	<Point X="269" Y="200"/>
	<Point X="269" Y="201"/>
	<Point X="269" Y="203"/>
	<Point X="269" Y="204"/>
	<Point X="269" Y="205"/>
	<Point X="269" Y="206"/>
	<Point X="268" Y="207"/>
	<Point X="268" Y="208"/>
	<Point X="268" Y="209"/>
	<Point X="268" Y="210"/>
	<Point X="268" Y="211"/>
	<Point X="268" Y="212"/>
	<Point X="268" Y="213"/>
	<Point X="268" Y="214"/>
	<Point X="268" Y="215"/>
	<Point X="268" Y="216"/>
</Gesture>
