<?xml version="1.0" ?>
<Gesture Name="arrow04" Subject="03" Number="04" NumPts="221">
	<Point X="80" Y="240"/>
	<Point X="81" Y="240"/>
	<Point X="81" Y="239"/>
	<Point X="82" Y="239"/>
	<Point X="83" Y="239"/>
	<Point X="84" Y="239"/>
	<Point X="84" Y="238"/>
	<Point X="85" Y="238"/>
	<Point X="86" Y="238"/>
	<Point X="87" Y="238"/>
	<Point X="87" Y="237"/>
	<Point X="89" Y="237"/>
	<Point X="91" Y="236"/>
	<Point X="94" Y="236"/>
	<Point X="95" Y="235"/>
	<Point X="98" Y="235"/>
	<Point X="100" Y="234"/>
	<Point X="103" Y="234"/>
	<Point X="107" Y="234"/>
	<Point X="110" Y="233"/>
	<Point X="112" Y="232"/>
	<Point X="115" Y="232"/>
	<Point X="118" Y="232"/>
	<Point X="120" Y="231"/>
	<Point X="124" Y="230"/>
	<Point X="129" Y="230"/>
	<Point X="132" Y="229"/>
	<Point X="134" Y="228"/>
	<Point X="136" Y="227"/>
	<Point X="140" Y="227"/>
	<Point X="145" Y="225"/>
	<Point X="147" Y="225"/>
	<Point X="152" Y="223"/>
	<Point X="156" Y="222"/>
	<Point X="159" Y="221"/>
	<Point X="162" Y="220"/>
	<Point X="174" Y="215"/>
	<Point X="179" Y="213"/>
	<Point X="184" Y="211"/>
	<Point X="187" Y="209"/>
	<Point X="193" Y="206"/>
	<Point X="196" Y="205"/>
	<Point X="199" Y="204"/>
	<Point X="203" Y="202"/>
	<Point X="205" Y="201"/>
	<Point X="210" Y="199"/>
	<Point X="215" Y="197"/>
	<Point X="219" Y="195"/>
	<Point X="223" Y="193"/>
	<Point X="225" Y="192"/>
	<Point X="229" Y="190"/>
	<Point X="231" Y="189"/>
	<Point X="234" Y="188"/>
	<Point X="237" Y="186"/>
	<Point X="240" Y="185"/>
	<Point X="242" Y="184"/>
	<Point X="244" Y="183"/>
	<Point X="247" Y="182"/>
	<Point X="249" Y="181"/>
	<Point X="250" Y="180"/>
	<Point X="254" Y="178"/>
	<Point X="256" Y="177"/>
	<Point X="257" Y="176"/>
	<Point X="259" Y="176"/>
	<Point X="260" Y="174"/>
	<Point X="263" Y="173"/>
	<Point X="264" Y="172"/>
	<Point X="266" Y="171"/>
	<Point X="267" Y="170"/>
	<Point X="268" Y="169"/>
	<Point X="269" Y="168"/>
	<Point X="271" Y="167"/>
	<Point X="272" Y="165"/>
	<Point X="274" Y="164"/>
	<Point X="275" Y="164"/>
	<Point X="276" Y="163"/>
	<Point X="277" Y="161"/>
	<Point X="278" Y="161"/>
	<Point X="279" Y="160"/>
	<Point X="281" Y="159"/>
	<Point X="282" Y="157"/>
	<Point X="283" Y="157"/>
	<Point X="283" Y="156"/>
	<Point X="284" Y="156"/>
	<Point X="285" Y="155"/>
	<Point X="286" Y="154"/>
	<Point X="287" Y="153"/>
	<Point X="288" Y="152"/>
	<Point X="289" Y="151"/>
	<Point X="290" Y="150"/>
	<Point X="291" Y="149"/>
	<Point X="291" Y="148"/>
	<Point X="292" Y="148"/>
	<Point X="292" Y="147"/>
	<Point X="293" Y="146"/>
	<Point X="294" Y="145"/>
	<Point X="294" Y="144"/>
	<Point X="295" Y="144"/>
	<Point X="295" Y="143"/>
	<Point X="296" Y="143"/>
	<Point X="296" Y="142"/>
	<Point X="295" Y="142"/>
	<Point X="294" Y="142"/>
	<Point X="293" Y="142"/>
	<Point X="292" Y="142"/>
	<Point X="290" Y="142"/>
	<Point X="289" Y="142"/>
	<Point X="288" Y="142"/>
	<Point X="286" Y="142"/>
	<Point X="284" Y="142"/>
	<Point X="282" Y="142"/>
	<Point X="280" Y="142"/>
	<Point X="277" Y="142"/>
	<Point X="276" Y="142"/>
	<Point X="274" Y="142"/>
	<Point X="272" Y="142"/>
	<Point X="271" Y="142"/>
	<Point X="269" Y="142"/>
	<Point X="267" Y="142"/>
	<Point X="266" Y="142"/>
	<Point X="263" Y="142"/>
	<Point X="261" Y="142"/>
	<Point X="259" Y="142"/>
	<Point X="258" Y="142"/>
	<Point X="256" Y="142"/>
	<Point X="254" Y="142"/>
	<Point X="253" Y="142"/>
	<Point X="251" Y="142"/>
	<Point X="249" Y="142"/>
	<Point X="248" Y="142"/>
	<Point X="246" Y="142"/>
	<Point X="245" Y="142"/>
	<Point X="244" Y="142"/>
	<Point X="242" Y="142"/>
	<Point X="241" Y="142"/>
	<Point X="240" Y="142"/>
	<Point X="239" Y="142"/>
	<Point X="238" Y="142"/>
	<Point X="237" Y="142"/>
	<Point X="236" Y="142"/>
	<Point X="235" Y="142"/>
	<Point X="235" Y="143"/>
	<Point X="236" Y="143"/>
	<Point X="237" Y="143"/>
	<Point X="238" Y="143"/>
	<Point X="239" Y="143"/>
	<Point X="240" Y="143"/>
	<Point X="241" Y="143"/>
	<Point X="242" Y="143"/>
	<Point X="244" Y="143"/>
	<Point X="246" Y="143"/>
	<Point X="249" Y="143"/>
	<Point X="252" Y="143"/>
	<Point X="256" Y="143"/>
	<Point X="259" Y="143"/>
	<Point X="263" Y="143"/>
	<Point X="266" Y="143"/>
	<Point X="270" Y="143"/>
	<Point X="274" Y="143"/>
	<Point X="277" Y="143"/>
	<Point X="279" Y="143"/>
	<Point X="282" Y="143"/>
	<Point X="286" Y="144"/>
	<Point X="288" Y="144"/>
	<Point X="291" Y="144"/>
	<Point X="293" Y="144"/>
	<Point X="295" Y="144"/>
	<Point X="297" Y="144"/>
	<Point X="298" Y="144"/>
	<Point X="298" Y="145"/>
	<Point X="298" Y="146"/>
	<Point X="298" Y="147"/>
	<Point X="298" Y="148"/>
	<Point X="298" Y="149"/>
	<Point X="298" Y="150"/>
	<Point X="298" Y="151"/>
	<Point X="298" Y="152"/>
	<Point X="298" Y="153"/>
	<Point X="298" Y="154"/>
	<Point X="298" Y="155"/>
	<Point X="298" Y="157"/>
	<Point X="298" Y="158"/>
	<Point X="298" Y="159"/>
	<Point X="298" Y="161"/>
	<Point X="298" Y="163"/>
	<Point X="298" Y="164"/>
	<Point X="298" Y="166"/>
	<Point X="298" Y="167"/>
	<Point X="298" Y="168"/>
	<Point X="298" Y="170"/>
	<Point X="298" Y="171"/>
	<Point X="298" Y="172"/>
	<Point X="298" Y="173"/>
	<Point X="297" Y="174"/>
	<Point X="297" Y="175"/>
	<Point X="297" Y="176"/>
	<Point X="297" Y="178"/>
	<Point X="297" Y="180"/>
	<Point X="296" Y="180"/>
	<Point X="296" Y="182"/>
	<Point X="296" Y="184"/>
	<Point X="295" Y="186"/>
	<Point X="295" Y="187"/>
	<Point X="295" Y="188"/>
	<Point X="295" Y="189"/>
	<Point X="295" Y="190"/>
	<Point X="294" Y="191"/>
	<Point X="294" Y="192"/>
	<Point X="294" Y="193"/>
	<Point X="294" Y="194"/>
	<Point X="294" Y="195"/>
	<Point X="294" Y="196"/>
	<Point X="294" Y="197"/>
	<Point X="294" Y="198"/>
	<Point X="293" Y="199"/>
	<Point X="293" Y="200"/>
	<Point X="293" Y="201"/>
	<Point X="293" Y="202"/>
	<Point X="293" Y="203"/>
	<Point X="293" Y="204"/>
	<Point X="293" Y="205"/>
</Gesture>
