<?xml version="1.0" ?>
<Gesture Name="arrow08" Subject="03" Number="08" NumPts="221">
	<Point X="135" Y="248"/>
	<Point X="135" Y="247"/>
	<Point X="136" Y="247"/>
	<Point X="136" Y="246"/>
	<Point X="137" Y="246"/>
	<Point X="137" Y="245"/>
	<Point X="138" Y="245"/>
	<Point X="139" Y="245"/>
	<Point X="139" Y="244"/>
	<Point X="140" Y="244"/>
	<Point X="141" Y="243"/>
	<Point X="142" Y="243"/>
	<Point X="144" Y="242"/>
	<Point X="145" Y="241"/>
	<Point X="147" Y="240"/>
	<Point X="149" Y="240"/>
	<Point X="150" Y="239"/>
	<Point X="152" Y="239"/>
	<Point X="153" Y="238"/>
	<Point X="154" Y="237"/>
	<Point X="157" Y="236"/>
	<Point X="159" Y="236"/>
	<Point X="161" Y="235"/>
	<Point X="164" Y="234"/>
	<Point X="166" Y="233"/>
	<Point X="167" Y="233"/>
	<Point X="170" Y="232"/>
	<Point X="172" Y="231"/>
	<Point X="174" Y="230"/>
	<Point X="178" Y="230"/>
	<Point X="180" Y="229"/>
	<Point X="182" Y="228"/>
	<Point X="184" Y="227"/>
	<Point X="188" Y="227"/>
	<Point X="191" Y="225"/>
	<Point X="195" Y="224"/>
	<Point X="197" Y="223"/>
	<Point X="199" Y="223"/>
	<Point X="201" Y="222"/>
	<Point X="204" Y="221"/>
	<Point X="208" Y="219"/>
	<Point X="212" Y="218"/>
	<Point X="215" Y="216"/>
	<Point X="217" Y="216"/>
	<Point X="220" Y="214"/>
	<Point X="223" Y="214"/>
	<Point X="227" Y="212"/>
	<Point X="229" Y="211"/>
	<Point X="231" Y="210"/>
	<Point X="235" Y="209"/>
	<Point X="237" Y="208"/>
	<Point X="239" Y="207"/>
	<Point X="242" Y="206"/>
	<Point X="245" Y="205"/>
	<Point X="247" Y="203"/>
	<Point X="249" Y="203"/>
	<Point X="252" Y="202"/>
	<Point X="255" Y="200"/>
	<Point X="256" Y="200"/>
	<Point X="258" Y="199"/>
	<Point X="260" Y="198"/>
	<Point X="261" Y="197"/>
	<Point X="264" Y="196"/>
	<Point X="266" Y="195"/>
	<Point X="268" Y="194"/>
	<Point X="269" Y="193"/>
	<Point X="271" Y="191"/>
	<Point X="273" Y="191"/>
	<Point X="275" Y="190"/>
	<Point X="276" Y="189"/>
	<Point X="277" Y="188"/>
	<Point X="278" Y="187"/>
	<Point X="280" Y="186"/>
	<Point X="281" Y="185"/>
	<Point X="283" Y="184"/>
	<Point X="284" Y="183"/>
	<Point X="285" Y="183"/>
	<Point X="286" Y="182"/>
	<Point X="288" Y="181"/>
	<Point X="289" Y="181"/>
	<Point X="290" Y="179"/>
	<Point X="292" Y="178"/>
	<Point X="293" Y="178"/>
	<Point X="294" Y="177"/>
	<Point X="295" Y="177"/>
	<Point X="296" Y="175"/>
	<Point X="298" Y="175"/>
	<Point X="298" Y="174"/>
	<Point X="299" Y="173"/>
	<Point X="301" Y="173"/>
	<Point X="302" Y="172"/>
	<Point X="302" Y="171"/>
	<Point X="303" Y="171"/>
	<Point X="304" Y="170"/>
	<Point X="305" Y="170"/>
	<Point X="306" Y="169"/>
	<Point X="307" Y="169"/>
	<Point X="307" Y="168"/>
	<Point X="308" Y="167"/>
	<Point X="309" Y="167"/>
	<Point X="310" Y="166"/>
	<Point X="311" Y="166"/>
	<Point X="311" Y="165"/>
	<Point X="312" Y="165"/>
	<Point X="313" Y="164"/>
	<Point X="314" Y="164"/>
	<Point X="314" Y="163"/>
	<Point X="315" Y="162"/>
	<Point X="316" Y="161"/>
	<Point X="317" Y="161"/>
	<Point X="317" Y="160"/>
	<Point X="318" Y="160"/>
	<Point X="318" Y="159"/>
	<Point X="318" Y="158"/>
	<Point X="319" Y="158"/>
	<Point X="318" Y="158"/>
	<Point X="317" Y="158"/>
	<Point X="316" Y="158"/>
	<Point X="315" Y="158"/>
	<Point X="314" Y="158"/>
	<Point X="313" Y="158"/>
	<Point X="312" Y="158"/>
	<Point X="311" Y="158"/>
	<Point X="309" Y="158"/>
	<Point X="307" Y="158"/>
	<Point X="305" Y="158"/>
	<Point X="303" Y="158"/>
	<Point X="302" Y="158"/>
	<Point X="299" Y="158"/>
	<Point X="297" Y="158"/>
	<Point X="296" Y="158"/>
	<Point X="294" Y="158"/>
	<Point X="292" Y="158"/>
	<Point X="290" Y="158"/>
	<Point X="288" Y="158"/>
	<Point X="285" Y="158"/>
	<Point X="282" Y="158"/>
	<Point X="279" Y="158"/>
	<Point X="276" Y="157"/>
	<Point X="274" Y="157"/>
	<Point X="272" Y="157"/>
	<Point X="268" Y="157"/>
	<Point X="266" Y="157"/>
	<Point X="265" Y="156"/>
	<Point X="263" Y="156"/>
	<Point X="260" Y="156"/>
	<Point X="259" Y="156"/>
	<Point X="257" Y="156"/>
	<Point X="255" Y="156"/>
	<Point X="254" Y="156"/>
	<Point X="252" Y="156"/>
	<Point X="251" Y="156"/>
	<Point X="250" Y="156"/>
	<Point X="248" Y="156"/>
	<Point X="247" Y="156"/>
	<Point X="246" Y="156"/>
	<Point X="245" Y="156"/>
	<Point X="244" Y="156"/>
	<Point X="243" Y="156"/>
	<Point X="243" Y="157"/>
	<Point X="244" Y="157"/>
	<Point X="244" Y="158"/>
	<Point X="245" Y="158"/>
	<Point X="246" Y="158"/>
	<Point X="247" Y="158"/>
	<Point X="251" Y="158"/>
	<Point X="253" Y="158"/>
	<Point X="256" Y="158"/>
	<Point X="258" Y="158"/>
	<Point X="260" Y="158"/>
	<Point X="264" Y="159"/>
	<Point X="267" Y="159"/>
	<Point X="270" Y="159"/>
	<Point X="272" Y="159"/>
	<Point X="277" Y="159"/>
	<Point X="281" Y="160"/>
	<Point X="284" Y="161"/>
	<Point X="288" Y="161"/>
	<Point X="291" Y="162"/>
	<Point X="294" Y="162"/>
	<Point X="296" Y="162"/>
	<Point X="299" Y="163"/>
	<Point X="301" Y="163"/>
	<Point X="302" Y="164"/>
	<Point X="303" Y="165"/>
	<Point X="304" Y="165"/>
	<Point X="305" Y="166"/>
	<Point X="306" Y="167"/>
	<Point X="306" Y="168"/>
	<Point X="306" Y="169"/>
	<Point X="306" Y="170"/>
	<Point X="306" Y="171"/>
	<Point X="306" Y="173"/>
	<Point X="306" Y="174"/>
	<Point X="306" Y="175"/>
	<Point X="306" Y="177"/>
	<Point X="306" Y="178"/>
	<Point X="306" Y="179"/>
	<Point X="306" Y="181"/>
	<Point X="305" Y="182"/>
	<Point X="305" Y="183"/>
	<Point X="305" Y="184"/>
	<Point X="305" Y="186"/>
	<Point X="305" Y="187"/>
	<Point X="305" Y="188"/>
	<Point X="305" Y="190"/>
	<Point X="304" Y="191"/>
	<Point X="304" Y="192"/>
	<Point X="303" Y="194"/>
	<Point X="303" Y="195"/>
	<Point X="303" Y="196"/>
	<Point X="303" Y="197"/>
	<Point X="303" Y="198"/>
	<Point X="302" Y="198"/>
	<Point X="302" Y="199"/>
	<Point X="302" Y="200"/>
	<Point X="302" Y="201"/>
	<Point X="302" Y="202"/>
	<Point X="301" Y="202"/>
	<Point X="301" Y="203"/>
	<Point X="301" Y="204"/>
</Gesture>
