<?xml version="1.0" ?>
<Gesture Name="arrow03" Subject="03" Number="03" NumPts="237">
	<Point X="91" Y="243"/>
	<Point X="92" Y="243"/>
	<Point X="93" Y="242"/>
	<Point X="94" Y="242"/>
	<Point X="94" Y="241"/>
	<Point X="95" Y="241"/>
	<Point X="96" Y="241"/>
	<Point X="97" Y="241"/>
	<Point X="98" Y="240"/>
	<Point X="99" Y="240"/>
	<Point X="100" Y="240"/>
	<Point X="102" Y="239"/>
	<Point X="104" Y="239"/>
	<Point X="107" Y="238"/>
	<Point X="109" Y="238"/>
	<Point X="112" Y="237"/>
	<Point X="114" Y="237"/>
	<Point X="116" Y="237"/>
	<Point X="118" Y="237"/>
	<Point X="121" Y="236"/>
	<Point X="125" Y="235"/>
	<Point X="130" Y="234"/>
	<Point X="131" Y="234"/>
	<Point X="134" Y="234"/>
	<Point X="137" Y="234"/>
	<Point X="140" Y="233"/>
	<Point X="144" Y="233"/>
	<Point X="149" Y="232"/>
	<Point X="156" Y="231"/>
	<Point X="160" Y="231"/>
	<Point X="162" Y="230"/>
	<Point X="165" Y="230"/>
	<Point X="170" Y="230"/>
	<Point X="173" Y="229"/>
	<Point X="180" Y="228"/>
	<Point X="183" Y="227"/>
	<Point X="190" Y="227"/>
	<Point X="192" Y="226"/>
	<Point X="195" Y="225"/>
	<Point X="199" Y="225"/>
	<Point X="203" Y="224"/>
	<Point X="207" Y="223"/>
	<Point X="211" Y="222"/>
	<Point X="216" Y="222"/>
	<Point X="220" Y="221"/>
	<Point X="221" Y="220"/>
	<Point X="224" Y="220"/>
	<Point X="227" Y="219"/>
	<Point X="230" Y="218"/>
	<Point X="232" Y="218"/>
	<Point X="236" Y="217"/>
	<Point X="240" Y="215"/>
	<Point X="242" Y="215"/>
	<Point X="245" Y="214"/>
	<Point X="248" Y="213"/>
	<Point X="249" Y="212"/>
	<Point X="252" Y="212"/>
	<Point X="254" Y="211"/>
	<Point X="256" Y="210"/>
	<Point X="258" Y="210"/>
	<Point X="260" Y="209"/>
	<Point X="263" Y="208"/>
	<Point X="266" Y="207"/>
	<Point X="268" Y="206"/>
	<Point X="269" Y="205"/>
	<Point X="271" Y="205"/>
	<Point X="274" Y="204"/>
	<Point X="278" Y="202"/>
	<Point X="279" Y="202"/>
	<Point X="281" Y="201"/>
	<Point X="284" Y="200"/>
	<Point X="286" Y="199"/>
	<Point X="289" Y="198"/>
	<Point X="291" Y="197"/>
	<Point X="293" Y="196"/>
	<Point X="295" Y="196"/>
	<Point X="297" Y="195"/>
	<Point X="299" Y="194"/>
	<Point X="301" Y="193"/>
	<Point X="303" Y="192"/>
	<Point X="305" Y="191"/>
	<Point X="306" Y="190"/>
	<Point X="309" Y="189"/>
	<Point X="310" Y="188"/>
	<Point X="311" Y="187"/>
	<Point X="313" Y="186"/>
	<Point X="314" Y="185"/>
	<Point X="315" Y="185"/>
	<Point X="317" Y="184"/>
	<Point X="318" Y="183"/>
	<Point X="319" Y="182"/>
	<Point X="320" Y="181"/>
	<Point X="321" Y="181"/>
	<Point X="323" Y="180"/>
	<Point X="324" Y="179"/>
	<Point X="325" Y="178"/>
	<Point X="326" Y="178"/>
	<Point X="327" Y="177"/>
	<Point X="328" Y="177"/>
	<Point X="328" Y="176"/>
	<Point X="329" Y="176"/>
	<Point X="330" Y="176"/>
	<Point X="331" Y="175"/>
	<Point X="332" Y="174"/>
	<Point X="333" Y="173"/>
	<Point X="334" Y="173"/>
	<Point X="335" Y="172"/>
	<Point X="336" Y="172"/>
	<Point X="336" Y="171"/>
	<Point X="337" Y="171"/>
	<Point X="337" Y="170"/>
	<Point X="338" Y="170"/>
	<Point X="338" Y="169"/>
	<Point X="337" Y="169"/>
	<Point X="336" Y="169"/>
	<Point X="335" Y="169"/>
	<Point X="334" Y="169"/>
	<Point X="332" Y="169"/>
	<Point X="331" Y="169"/>
	<Point X="330" Y="169"/>
	<Point X="327" Y="168"/>
	<Point X="324" Y="168"/>
	<Point X="321" Y="167"/>
	<Point X="319" Y="167"/>
	<Point X="317" Y="166"/>
	<Point X="316" Y="166"/>
	<Point X="313" Y="166"/>
	<Point X="311" Y="166"/>
	<Point X="306" Y="166"/>
	<Point X="304" Y="165"/>
	<Point X="301" Y="165"/>
	<Point X="299" Y="165"/>
	<Point X="295" Y="164"/>
	<Point X="292" Y="164"/>
	<Point X="289" Y="164"/>
	<Point X="285" Y="164"/>
	<Point X="283" Y="164"/>
	<Point X="280" Y="164"/>
	<Point X="278" Y="163"/>
	<Point X="276" Y="163"/>
	<Point X="273" Y="163"/>
	<Point X="270" Y="162"/>
	<Point X="268" Y="162"/>
	<Point X="265" Y="162"/>
	<Point X="262" Y="162"/>
	<Point X="260" Y="162"/>
	<Point X="258" Y="162"/>
	<Point X="255" Y="161"/>
	<Point X="253" Y="161"/>
	<Point X="251" Y="161"/>
	<Point X="248" Y="161"/>
	<Point X="246" Y="161"/>
	<Point X="245" Y="161"/>
	<Point X="243" Y="161"/>
	<Point X="241" Y="161"/>
	<Point X="240" Y="161"/>
	<Point X="239" Y="161"/>
	<Point X="238" Y="161"/>
	<Point X="237" Y="161"/>
	<Point X="236" Y="161"/>
	<Point X="236" Y="162"/>
	<Point X="235" Y="162"/>
	<Point X="236" Y="162"/>
	<Point X="237" Y="162"/>
	<Point X="238" Y="163"/>
	<Point X="239" Y="163"/>
	<Point X="240" Y="163"/>
	<Point X="241" Y="163"/>
	<Point X="242" Y="163"/>
	<Point X="244" Y="163"/>
	<Point X="246" Y="164"/>
	<Point X="249" Y="164"/>
	<Point X="251" Y="164"/>
	<Point X="255" Y="165"/>
	<Point X="258" Y="165"/>
	<Point X="260" Y="166"/>
	<Point X="264" Y="166"/>
	<Point X="267" Y="166"/>
	<Point X="270" Y="167"/>
	<Point X="274" Y="167"/>
	<Point X="277" Y="169"/>
	<Point X="280" Y="169"/>
	<Point X="285" Y="170"/>
	<Point X="288" Y="170"/>
	<Point X="295" Y="173"/>
	<Point X="296" Y="173"/>
	<Point X="299" Y="174"/>
	<Point X="301" Y="176"/>
	<Point X="302" Y="176"/>
	<Point X="304" Y="177"/>
	<Point X="305" Y="177"/>
	<Point X="306" Y="178"/>
	<Point X="307" Y="179"/>
	<Point X="308" Y="180"/>
	<Point X="309" Y="181"/>
	<Point X="309" Y="182"/>
	<Point X="309" Y="183"/>
	<Point X="309" Y="184"/>
	<Point X="310" Y="184"/>
	<Point X="310" Y="185"/>
	<Point X="310" Y="186"/>
	<Point X="310" Y="188"/>
	<Point X="310" Y="189"/>
	<Point X="310" Y="190"/>
	<Point X="309" Y="191"/>
	<Point X="309" Y="193"/>
	<Point X="309" Y="196"/>
	<Point X="309" Y="198"/>
	<Point X="309" Y="200"/>
	<Point X="309" Y="202"/>
	<Point X="308" Y="204"/>
	<Point X="308" Y="205"/>
	<Point X="308" Y="206"/>
	<Point X="307" Y="208"/>
	<Point X="307" Y="209"/>
	<Point X="307" Y="210"/>
	<Point X="307" Y="212"/>
	<Point X="307" Y="213"/>
	<Point X="306" Y="214"/>
	<Point X="306" Y="215"/>
	<Point X="305" Y="217"/>
	<Point X="305" Y="218"/>
	<Point X="304" Y="219"/>
	<Point X="304" Y="220"/>
	<Point X="303" Y="220"/>
	<Point X="303" Y="221"/>
	<Point X="303" Y="222"/>
	<Point X="302" Y="223"/>
	<Point X="302" Y="224"/>
	<Point X="302" Y="225"/>
	<Point X="301" Y="226"/>
	<Point X="301" Y="227"/>
	<Point X="300" Y="228"/>
	<Point X="300" Y="229"/>
	<Point X="299" Y="229"/>
	<Point X="299" Y="230"/>
	<Point X="299" Y="231"/>
</Gesture>
