<?xml version="1.0" ?>
<Gesture Name="arrow01" Subject="03" Number="01" NumPts="297">
	<Point X="45" Y="264"/>
	<Point X="46" Y="264"/>
	<Point X="47" Y="264"/>
	<Point X="48" Y="264"/>
	<Point X="48" Y="263"/>
	<Point X="49" Y="263"/>
	<Point X="50" Y="263"/>
	<Point X="50" Y="262"/>
	<Point X="51" Y="262"/>
	<Point X="52" Y="261"/>
	<Point X="53" Y="261"/>
	<Point X="54" Y="260"/>
	<Point X="55" Y="260"/>
	<Point X="56" Y="260"/>
	<Point X="56" Y="259"/>
	<Point X="58" Y="259"/>
	<Point X="60" Y="258"/>
	<Point X="61" Y="258"/>
	<Point X="63" Y="258"/>
	<Point X="64" Y="257"/>
	<Point X="68" Y="257"/>
	<Point X="70" Y="256"/>
	<Point X="73" Y="256"/>
	<Point X="75" Y="256"/>
	<Point X="77" Y="255"/>
	<Point X="80" Y="255"/>
	<Point X="83" Y="255"/>
	<Point X="87" Y="254"/>
	<Point X="89" Y="254"/>
	<Point X="92" Y="254"/>
	<Point X="95" Y="253"/>
	<Point X="99" Y="252"/>
	<Point X="101" Y="252"/>
	<Point X="107" Y="251"/>
	<Point X="110" Y="251"/>
	<Point X="114" Y="250"/>
	<Point X="117" Y="250"/>
	<Point X="121" Y="249"/>
	<Point X="123" Y="249"/>
	<Point X="127" Y="248"/>
	<Point X="130" Y="248"/>
	<Point X="133" Y="247"/>
	<Point X="135" Y="246"/>
	<Point X="139" Y="246"/>
	<Point X="142" Y="245"/>
	<Point X="144" Y="244"/>
	<Point X="146" Y="244"/>
	<Point X="150" Y="242"/>
	<Point X="152" Y="242"/>
	<Point X="155" Y="241"/>
	<Point X="157" Y="240"/>
	<Point X="159" Y="240"/>
	<Point X="161" Y="239"/>
	<Point X="164" Y="238"/>
	<Point X="166" Y="238"/>
	<Point X="168" Y="237"/>
	<Point X="171" Y="236"/>
	<Point X="173" Y="235"/>
	<Point X="175" Y="235"/>
	<Point X="176" Y="234"/>
	<Point X="178" Y="234"/>
	<Point X="181" Y="232"/>
	<Point X="183" Y="232"/>
	<Point X="186" Y="231"/>
	<Point X="188" Y="230"/>
	<Point X="191" Y="229"/>
	<Point X="193" Y="229"/>
	<Point X="195" Y="228"/>
	<Point X="196" Y="228"/>
	<Point X="198" Y="227"/>
	<Point X="201" Y="226"/>
	<Point X="203" Y="226"/>
	<Point X="206" Y="224"/>
	<Point X="208" Y="224"/>
	<Point X="210" Y="223"/>
	<Point X="211" Y="222"/>
	<Point X="213" Y="222"/>
	<Point X="215" Y="221"/>
	<Point X="217" Y="220"/>
	<Point X="219" Y="219"/>
	<Point X="221" Y="219"/>
	<Point X="223" Y="218"/>
	<Point X="225" Y="218"/>
	<Point X="226" Y="217"/>
	<Point X="229" Y="216"/>
	<Point X="231" Y="215"/>
	<Point X="232" Y="215"/>
	<Point X="235" Y="213"/>
	<Point X="237" Y="213"/>
	<Point X="240" Y="212"/>
	<Point X="241" Y="211"/>
	<Point X="243" Y="210"/>
	<Point X="245" Y="209"/>
	<Point X="247" Y="209"/>
	<Point X="249" Y="208"/>
	<Point X="250" Y="207"/>
	<Point X="252" Y="207"/>
	<Point X="254" Y="206"/>
	<Point X="256" Y="205"/>
	<Point X="259" Y="204"/>
	<Point X="261" Y="203"/>
	<Point X="262" Y="202"/>
	<Point X="264" Y="202"/>
	<Point X="266" Y="200"/>
	<Point X="267" Y="200"/>
	<Point X="270" Y="199"/>
	<Point X="271" Y="198"/>
	<Point X="273" Y="197"/>
	<Point X="275" Y="196"/>
	<Point X="276" Y="195"/>
	<Point X="277" Y="195"/>
	<Point X="278" Y="194"/>
	<Point X="280" Y="193"/>
	<Point X="281" Y="192"/>
	<Point X="282" Y="191"/>
	<Point X="284" Y="191"/>
	<Point X="285" Y="190"/>
	<Point X="286" Y="189"/>
	<Point X="288" Y="188"/>
	<Point X="289" Y="187"/>
	<Point X="290" Y="187"/>
	<Point X="291" Y="186"/>
	<Point X="292" Y="186"/>
	<Point X="293" Y="185"/>
	<Point X="293" Y="184"/>
	<Point X="294" Y="184"/>
	<Point X="296" Y="183"/>
	<Point X="297" Y="182"/>
	<Point X="298" Y="182"/>
	<Point X="298" Y="181"/>
	<Point X="300" Y="180"/>
	<Point X="301" Y="179"/>
	<Point X="302" Y="179"/>
	<Point X="302" Y="178"/>
	<Point X="303" Y="178"/>
	<Point X="304" Y="178"/>
	<Point X="304" Y="177"/>
	<Point X="305" Y="176"/>
	<Point X="306" Y="176"/>
	<Point X="307" Y="175"/>
	<Point X="308" Y="175"/>
	<Point X="308" Y="174"/>
	<Point X="309" Y="174"/>
	<Point X="310" Y="174"/>
	<Point X="310" Y="173"/>
	<Point X="311" Y="172"/>
	<Point X="312" Y="172"/>
	<Point X="313" Y="171"/>
	<Point X="312" Y="171"/>
	<Point X="311" Y="171"/>
	<Point X="310" Y="171"/>
	<Point X="309" Y="171"/>
	<Point X="308" Y="171"/>
	<Point X="307" Y="170"/>
	<Point X="306" Y="170"/>
	<Point X="305" Y="170"/>
	<Point X="302" Y="170"/>
	<Point X="300" Y="169"/>
	<Point X="296" Y="169"/>
	<Point X="294" Y="168"/>
	<Point X="292" Y="167"/>
	<Point X="291" Y="167"/>
	<Point X="288" Y="167"/>
	<Point X="286" Y="166"/>
	<Point X="282" Y="165"/>
	<Point X="281" Y="165"/>
	<Point X="278" Y="165"/>
	<Point X="274" Y="164"/>
	<Point X="271" Y="163"/>
	<Point X="270" Y="163"/>
	<Point X="267" Y="162"/>
	<Point X="263" Y="161"/>
	<Point X="261" Y="161"/>
	<Point X="257" Y="160"/>
	<Point X="254" Y="159"/>
	<Point X="252" Y="159"/>
	<Point X="249" Y="159"/>
	<Point X="247" Y="158"/>
	<Point X="245" Y="158"/>
	<Point X="242" Y="157"/>
	<Point X="238" Y="157"/>
	<Point X="235" Y="156"/>
	<Point X="233" Y="156"/>
	<Point X="231" Y="155"/>
	<Point X="228" Y="155"/>
	<Point X="226" Y="155"/>
	<Point X="225" Y="155"/>
	<Point X="222" Y="155"/>
	<Point X="220" Y="154"/>
	<Point X="218" Y="154"/>
	<Point X="216" Y="154"/>
	<Point X="214" Y="154"/>
	<Point X="213" Y="154"/>
	<Point X="212" Y="154"/>
	<Point X="210" Y="154"/>
	<Point X="209" Y="154"/>
	<Point X="208" Y="154"/>
	<Point X="206" Y="154"/>
	<Point X="205" Y="154"/>
	<Point X="204" Y="154"/>
	<Point X="203" Y="154"/>
	<Point X="204" Y="154"/>
	<Point X="205" Y="154"/>
	<Point X="205" Y="155"/>
	<Point X="206" Y="155"/>
	<Point X="207" Y="155"/>
	<Point X="208" Y="155"/>
	<Point X="209" Y="155"/>
	<Point X="210" Y="156"/>
	<Point X="212" Y="156"/>
	<Point X="213" Y="157"/>
	<Point X="215" Y="157"/>
	<Point X="218" Y="157"/>
	<Point X="220" Y="158"/>
	<Point X="224" Y="158"/>
	<Point X="227" Y="158"/>
	<Point X="230" Y="159"/>
	<Point X="232" Y="159"/>
	<Point X="235" Y="160"/>
	<Point X="238" Y="160"/>
	<Point X="241" Y="160"/>
	<Point X="244" Y="161"/>
	<Point X="248" Y="161"/>
	<Point X="253" Y="161"/>
	<Point X="256" Y="162"/>
	<Point X="259" Y="162"/>
	<Point X="264" Y="163"/>
	<Point X="268" Y="163"/>
	<Point X="271" Y="164"/>
	<Point X="275" Y="164"/>
	<Point X="278" Y="165"/>
	<Point X="281" Y="165"/>
	<Point X="285" Y="165"/>
	<Point X="287" Y="166"/>
	<Point X="289" Y="166"/>
	<Point X="291" Y="166"/>
	<Point X="293" Y="166"/>
	<Point X="294" Y="166"/>
	<Point X="295" Y="166"/>
	<Point X="296" Y="166"/>
	<Point X="297" Y="166"/>
	<Point X="297" Y="167"/>
	<Point X="297" Y="168"/>
	<Point X="298" Y="168"/>
	<Point X="298" Y="169"/>
	<Point X="298" Y="170"/>
	<Point X="298" Y="171"/>
	<Point X="299" Y="172"/>
	<Point X="299" Y="173"/>
	<Point X="299" Y="174"/>
	<Point X="299" Y="176"/>
	<Point X="300" Y="177"/>
	<Point X="300" Y="178"/>
	<Point X="301" Y="181"/>
	<Point X="301" Y="183"/>
	<Point X="302" Y="186"/>
	<Point X="302" Y="188"/>
	<Point X="303" Y="190"/>
	<Point X="303" Y="192"/>
	<Point X="303" Y="195"/>
	<Point X="304" Y="196"/>
	<Point X="305" Y="197"/>
	<Point X="305" Y="198"/>
	<Point X="305" Y="199"/>
	<Point X="305" Y="201"/>
	<Point X="306" Y="202"/>
	<Point X="306" Y="203"/>
	<Point X="306" Y="204"/>
	<Point X="306" Y="205"/>
	<Point X="307" Y="206"/>
	<Point X="307" Y="207"/>
	<Point X="307" Y="208"/>
	<Point X="307" Y="209"/>
	<Point X="307" Y="210"/>
	<Point X="308" Y="210"/>
	<Point X="308" Y="211"/>
	<Point X="308" Y="212"/>
	<Point X="308" Y="213"/>
	<Point X="308" Y="214"/>
	<Point X="309" Y="214"/>
	<Point X="309" Y="215"/>
	<Point X="309" Y="216"/>
	<Point X="309" Y="217"/>
	<Point X="309" Y="218"/>
	<Point X="309" Y="219"/>
	<Point X="309" Y="220"/>
	<Point X="309" Y="221"/>
	<Point X="309" Y="222"/>
	<Point X="309" Y="223"/>
	<Point X="309" Y="224"/>
	<Point X="309" Y="225"/>
	<Point X="309" Y="226"/>
	<Point X="309" Y="227"/>
	<Point X="308" Y="227"/>
	<Point X="308" Y="228"/>
	<Point X="308" Y="229"/>
	<Point X="307" Y="229"/>
</Gesture>
