<?xml version="1.0" ?>
<Gesture Name="caret04" Subject="03" Number="04" NumPts="124">
	<Point X="123" Y="250"/>
	<Point X="123" Y="249"/>
	<Point X="123" Y="248"/>
	<Point X="123" Y="247"/>
	<Point X="123" Y="246"/>
	<Point X="123" Y="245"/>
	<Point X="123" Y="244"/>
	<Point X="123" Y="243"/>
	<Point X="124" Y="243"/>
	<Point X="124" Y="242"/>
	<Point X="124" Y="241"/>
	<Point X="125" Y="241"/>
	<Point X="125" Y="240"/>
	<Point X="125" Y="239"/>
	<Point X="125" Y="238"/>
	<Point X="126" Y="237"/>
	<Point X="126" Y="236"/>
	<Point X="126" Y="234"/>
	<Point X="127" Y="233"/>
	<Point X="127" Y="232"/>
	<Point X="127" Y="230"/>
	<Point X="129" Y="228"/>
	<Point X="129" Y="226"/>
	<Point X="130" Y="225"/>
	<Point X="130" Y="223"/>
	<Point X="130" Y="222"/>
	<Point X="131" Y="221"/>
	<Point X="132" Y="219"/>
	<Point X="133" Y="217"/>
	<Point X="133" Y="215"/>
	<Point X="134" Y="214"/>
	<Point X="134" Y="212"/>
	<Point X="135" Y="211"/>
	<Point X="136" Y="209"/>
	<Point X="136" Y="207"/>
	<Point X="137" Y="205"/>
	<Point X="138" Y="204"/>
	<Point X="138" Y="202"/>
	<Point X="139" Y="200"/>
	<Point X="140" Y="199"/>
	<Point X="141" Y="197"/>
	<Point X="141" Y="195"/>
	<Point X="143" Y="192"/>
	<Point X="144" Y="191"/>
	<Point X="144" Y="190"/>
	<Point X="145" Y="189"/>
	<Point X="145" Y="188"/>
	<Point X="146" Y="186"/>
	<Point X="147" Y="184"/>
	<Point X="148" Y="183"/>
	<Point X="149" Y="181"/>
	<Point X="150" Y="180"/>
	<Point X="151" Y="178"/>
	<Point X="151" Y="177"/>
	<Point X="152" Y="177"/>
	<Point X="153" Y="176"/>
	<Point X="153" Y="175"/>
	<Point X="154" Y="174"/>
	<Point X="155" Y="173"/>
	<Point X="156" Y="172"/>
	<Point X="157" Y="171"/>
	<Point X="159" Y="170"/>
	<Point X="159" Y="169"/>
	<Point X="160" Y="169"/>
	<Point X="161" Y="169"/>
	<Point X="162" Y="168"/>
	<Point X="163" Y="168"/>
	<Point X="164" Y="168"/>
	<Point X="165" Y="168"/>
	<Point X="166" Y="168"/>
	<Point X="167" Y="168"/>
	<Point X="168" Y="168"/>
	<Point X="168" Y="169"/>
	<Point X="169" Y="169"/>
	<Point X="170" Y="170"/>
	<Point X="172" Y="171"/>
	<Point X="173" Y="172"/>
	<Point X="174" Y="173"/>
	<Point X="175" Y="174"/>
	<Point X="177" Y="175"/>
	<Point X="178" Y="177"/>
	<Point X="179" Y="178"/>
	<Point X="181" Y="180"/>
	<Point X="182" Y="181"/>
	<Point X="184" Y="183"/>
	<Point X="185" Y="186"/>
	<Point X="187" Y="189"/>
	<Point X="188" Y="190"/>
	<Point X="190" Y="194"/>
	<Point X="192" Y="196"/>
	<Point X="194" Y="199"/>
	<Point X="195" Y="201"/>
	<Point X="197" Y="203"/>
	<Point X="199" Y="205"/>
	<Point X="201" Y="209"/>
	<Point X="202" Y="211"/>
	<Point X="205" Y="215"/>
	<Point X="206" Y="217"/>
	<Point X="207" Y="220"/>
	<Point X="209" Y="223"/>
	<Point X="210" Y="225"/>
	<Point X="212" Y="227"/>
	<Point X="214" Y="230"/>
	<Point X="215" Y="232"/>
	<Point X="216" Y="234"/>
	<Point X="218" Y="237"/>
	<Point X="219" Y="239"/>
	<Point X="220" Y="240"/>
	<Point X="221" Y="242"/>
	<Point X="222" Y="243"/>
	<Point X="222" Y="244"/>
	<Point X="224" Y="247"/>
	<Point X="225" Y="249"/>
	<Point X="226" Y="250"/>
	<Point X="228" Y="251"/>
	<Point X="229" Y="253"/>
	<Point X="229" Y="254"/>
	<Point X="230" Y="255"/>
	<Point X="232" Y="257"/>
	<Point X="233" Y="258"/>
	<Point X="234" Y="259"/>
	<Point X="234" Y="260"/>
	<Point X="235" Y="261"/>
	<Point X="236" Y="261"/>
</Gesture>
