<?xml version="1.0" ?>
<Gesture Name="caret06" Subject="03" Number="06" NumPts="118">
	<Point X="129" Y="237"/>
	<Point X="130" Y="237"/>
	<Point X="130" Y="236"/>
	<Point X="131" Y="236"/>
	<Point X="131" Y="235"/>
	<Point X="132" Y="235"/>
	<Point X="132" Y="234"/>
	<Point X="133" Y="234"/>
	<Point X="133" Y="233"/>
	<Point X="134" Y="233"/>
	<Point X="134" Y="232"/>
	<Point X="135" Y="231"/>
	<Point X="136" Y="230"/>
	<Point X="137" Y="230"/>
	<Point X="137" Y="229"/>
	<Point X="138" Y="228"/>
	<Point X="139" Y="227"/>
	<Point X="139" Y="226"/>
	<Point X="140" Y="225"/>
	<Point X="141" Y="223"/>
	<Point X="142" Y="223"/>
	<Point X="143" Y="222"/>
	<Point X="143" Y="221"/>
	<Point X="144" Y="221"/>
	<Point X="144" Y="219"/>
	<Point X="145" Y="218"/>
	<Point X="146" Y="218"/>
	<Point X="147" Y="216"/>
	<Point X="147" Y="215"/>
	<Point X="148" Y="213"/>
	<Point X="150" Y="211"/>
	<Point X="150" Y="210"/>
	<Point X="151" Y="209"/>
	<Point X="152" Y="207"/>
	<Point X="152" Y="206"/>
	<Point X="154" Y="204"/>
	<Point X="154" Y="202"/>
	<Point X="155" Y="201"/>
	<Point X="155" Y="199"/>
	<Point X="156" Y="198"/>
	<Point X="156" Y="196"/>
	<Point X="158" Y="194"/>
	<Point X="158" Y="193"/>
	<Point X="159" Y="191"/>
	<Point X="159" Y="190"/>
	<Point X="159" Y="189"/>
	<Point X="160" Y="188"/>
	<Point X="161" Y="186"/>
	<Point X="162" Y="184"/>
	<Point X="162" Y="182"/>
	<Point X="163" Y="181"/>
	<Point X="163" Y="180"/>
	<Point X="164" Y="180"/>
	<Point X="164" Y="178"/>
	<Point X="165" Y="177"/>
	<Point X="166" Y="176"/>
	<Point X="166" Y="175"/>
	<Point X="167" Y="174"/>
	<Point X="168" Y="173"/>
	<Point X="168" Y="172"/>
	<Point X="169" Y="171"/>
	<Point X="170" Y="170"/>
	<Point X="171" Y="169"/>
	<Point X="171" Y="168"/>
	<Point X="172" Y="167"/>
	<Point X="173" Y="166"/>
	<Point X="174" Y="165"/>
	<Point X="175" Y="165"/>
	<Point X="176" Y="165"/>
	<Point X="177" Y="165"/>
	<Point X="177" Y="166"/>
	<Point X="178" Y="167"/>
	<Point X="179" Y="167"/>
	<Point X="179" Y="168"/>
	<Point X="179" Y="169"/>
	<Point X="180" Y="171"/>
	<Point X="181" Y="173"/>
	<Point X="182" Y="174"/>
	<Point X="183" Y="175"/>
	<Point X="184" Y="178"/>
	<Point X="185" Y="180"/>
	<Point X="187" Y="184"/>
	<Point X="188" Y="186"/>
	<Point X="189" Y="187"/>
	<Point X="190" Y="189"/>
	<Point X="192" Y="192"/>
	<Point X="194" Y="196"/>
	<Point X="196" Y="198"/>
	<Point X="198" Y="201"/>
	<Point X="200" Y="204"/>
	<Point X="201" Y="206"/>
	<Point X="203" Y="209"/>
	<Point X="204" Y="211"/>
	<Point X="205" Y="213"/>
	<Point X="206" Y="215"/>
	<Point X="208" Y="217"/>
	<Point X="210" Y="219"/>
	<Point X="210" Y="220"/>
	<Point X="212" Y="223"/>
	<Point X="213" Y="224"/>
	<Point X="214" Y="226"/>
	<Point X="215" Y="227"/>
	<Point X="216" Y="229"/>
	<Point X="217" Y="230"/>
	<Point X="217" Y="231"/>
	<Point X="218" Y="233"/>
	<Point X="219" Y="234"/>
	<Point X="219" Y="235"/>
	<Point X="220" Y="236"/>
	<Point X="221" Y="237"/>
	<Point X="221" Y="238"/>
	<Point X="222" Y="239"/>
	<Point X="222" Y="240"/>
	<Point X="222" Y="241"/>
	<Point X="223" Y="242"/>
	<Point X="223" Y="243"/>
	<Point X="223" Y="244"/>
	<Point X="223" Y="245"/>
</Gesture>
