<?xml version="1.0" ?>
<Gesture Name="caret07" Subject="03" Number="07" NumPts="116">
	<Point X="140" Y="238"/>
	<Point X="140" Y="237"/>
	<Point X="141" Y="237"/>
	<Point X="141" Y="236"/>
	<Point X="141" Y="235"/>
	<Point X="142" Y="235"/>
	<Point X="142" Y="234"/>
	<Point X="142" Y="233"/>
	<Point X="142" Y="232"/>
	<Point X="143" Y="231"/>
	<Point X="143" Y="230"/>
	<Point X="143" Y="229"/>
	<Point X="144" Y="229"/>
	<Point X="144" Y="228"/>
	<Point X="144" Y="227"/>
	<Point X="145" Y="226"/>
	<Point X="146" Y="225"/>
	<Point X="147" Y="223"/>
	<Point X="147" Y="222"/>
	<Point X="148" Y="221"/>
	<Point X="149" Y="219"/>
	<Point X="150" Y="218"/>
	<Point X="150" Y="217"/>
	<Point X="151" Y="216"/>
	<Point X="151" Y="215"/>
	<Point X="153" Y="213"/>
	<Point X="154" Y="210"/>
	<Point X="154" Y="209"/>
	<Point X="155" Y="207"/>
	<Point X="157" Y="206"/>
	<Point X="157" Y="204"/>
	<Point X="158" Y="202"/>
	<Point X="159" Y="200"/>
	<Point X="160" Y="198"/>
	<Point X="161" Y="196"/>
	<Point X="162" Y="194"/>
	<Point X="163" Y="193"/>
	<Point X="164" Y="191"/>
	<Point X="165" Y="189"/>
	<Point X="166" Y="187"/>
	<Point X="166" Y="186"/>
	<Point X="167" Y="184"/>
	<Point X="167" Y="183"/>
	<Point X="168" Y="182"/>
	<Point X="169" Y="180"/>
	<Point X="169" Y="179"/>
	<Point X="171" Y="175"/>
	<Point X="172" Y="173"/>
	<Point X="172" Y="172"/>
	<Point X="173" Y="171"/>
	<Point X="173" Y="170"/>
	<Point X="174" Y="169"/>
	<Point X="175" Y="169"/>
	<Point X="175" Y="167"/>
	<Point X="176" Y="167"/>
	<Point X="176" Y="166"/>
	<Point X="177" Y="166"/>
	<Point X="178" Y="165"/>
	<Point X="179" Y="164"/>
	<Point X="180" Y="164"/>
	<Point X="180" Y="163"/>
	<Point X="181" Y="163"/>
	<Point X="182" Y="163"/>
	<Point X="183" Y="163"/>
	<Point X="184" Y="163"/>
	<Point X="185" Y="163"/>
	<Point X="185" Y="164"/>
	<Point X="186" Y="165"/>
	<Point X="187" Y="165"/>
	<Point X="188" Y="166"/>
	<Point X="188" Y="167"/>
	<Point X="189" Y="168"/>
	<Point X="190" Y="169"/>
	<Point X="191" Y="170"/>
	<Point X="192" Y="171"/>
	<Point X="193" Y="173"/>
	<Point X="195" Y="175"/>
	<Point X="197" Y="178"/>
	<Point X="198" Y="180"/>
	<Point X="199" Y="182"/>
	<Point X="201" Y="185"/>
	<Point X="203" Y="187"/>
	<Point X="205" Y="191"/>
	<Point X="206" Y="193"/>
	<Point X="208" Y="196"/>
	<Point X="209" Y="197"/>
	<Point X="210" Y="199"/>
	<Point X="212" Y="202"/>
	<Point X="214" Y="205"/>
	<Point X="215" Y="208"/>
	<Point X="218" Y="212"/>
	<Point X="220" Y="214"/>
	<Point X="221" Y="216"/>
	<Point X="222" Y="218"/>
	<Point X="224" Y="221"/>
	<Point X="226" Y="225"/>
	<Point X="228" Y="227"/>
	<Point X="229" Y="228"/>
	<Point X="229" Y="230"/>
	<Point X="230" Y="231"/>
	<Point X="232" Y="233"/>
	<Point X="233" Y="234"/>
	<Point X="233" Y="235"/>
	<Point X="234" Y="237"/>
	<Point X="235" Y="238"/>
	<Point X="236" Y="239"/>
	<Point X="237" Y="240"/>
	<Point X="237" Y="241"/>
	<Point X="238" Y="242"/>
	<Point X="238" Y="243"/>
	<Point X="239" Y="243"/>
	<Point X="240" Y="244"/>
	<Point X="240" Y="245"/>
	<Point X="241" Y="246"/>
	<Point X="241" Y="247"/>
	<Point X="242" Y="247"/>
</Gesture>
