<?xml version="1.0" ?>
<Gesture Name="caret01" Subject="03" Number="01" NumPts="154">
	<Point X="94" Y="276"/>
	<Point X="94" Y="275"/>
	<Point X="94" Y="274"/>
	<Point X="94" Y="273"/>
	<Point X="95" Y="273"/>
	<Point X="95" Y="272"/>
	<Point X="96" Y="272"/>
	<Point X="96" Y="271"/>
	<Point X="96" Y="270"/>
	<Point X="96" Y="269"/>
	<Point X="97" Y="269"/>
	<Point X="97" Y="267"/>
	<Point X="98" Y="266"/>
	<Point X="98" Y="264"/>
	<Point X="99" Y="263"/>
	<Point X="100" Y="262"/>
	<Point X="100" Y="261"/>
	<Point X="100" Y="259"/>
	<Point X="101" Y="257"/>
	<Point X="101" Y="256"/>
	<Point X="102" Y="255"/>
	<Point X="103" Y="253"/>
	<Point X="104" Y="252"/>
	<Point X="105" Y="249"/>
	<Point X="105" Y="247"/>
	<Point X="106" Y="244"/>
	<Point X="107" Y="242"/>
	<Point X="107" Y="241"/>
	<Point X="108" Y="239"/>
	<Point X="110" Y="236"/>
	<Point X="110" Y="234"/>
	<Point X="111" Y="232"/>
	<Point X="112" Y="229"/>
	<Point X="113" Y="227"/>
	<Point X="114" Y="225"/>
	<Point X="115" Y="223"/>
	<Point X="116" Y="221"/>
	<Point X="117" Y="219"/>
	<Point X="118" Y="217"/>
	<Point X="120" Y="214"/>
	<Point X="120" Y="213"/>
	<Point X="121" Y="210"/>
	<Point X="122" Y="208"/>
	<Point X="124" Y="206"/>
	<Point X="125" Y="204"/>
	<Point X="126" Y="201"/>
	<Point X="127" Y="199"/>
	<Point X="128" Y="197"/>
	<Point X="129" Y="195"/>
	<Point X="130" Y="194"/>
	<Point X="131" Y="192"/>
	<Point X="132" Y="191"/>
	<Point X="133" Y="189"/>
	<Point X="133" Y="188"/>
	<Point X="134" Y="185"/>
	<Point X="136" Y="184"/>
	<Point X="136" Y="182"/>
	<Point X="137" Y="181"/>
	<Point X="138" Y="179"/>
	<Point X="138" Y="178"/>
	<Point X="139" Y="177"/>
	<Point X="140" Y="176"/>
	<Point X="141" Y="174"/>
	<Point X="142" Y="173"/>
	<Point X="142" Y="172"/>
	<Point X="143" Y="171"/>
	<Point X="144" Y="170"/>
	<Point X="144" Y="169"/>
	<Point X="145" Y="168"/>
	<Point X="146" Y="167"/>
	<Point X="147" Y="166"/>
	<Point X="147" Y="165"/>
	<Point X="148" Y="165"/>
	<Point X="148" Y="164"/>
	<Point X="149" Y="164"/>
	<Point X="149" Y="163"/>
	<Point X="150" Y="163"/>
	<Point X="150" Y="162"/>
	<Point X="150" Y="163"/>
	<Point X="150" Y="164"/>
	<Point X="150" Y="165"/>
	<Point X="150" Y="166"/>
	<Point X="151" Y="167"/>
	<Point X="152" Y="168"/>
	<Point X="152" Y="170"/>
	<Point X="153" Y="173"/>
	<Point X="154" Y="176"/>
	<Point X="155" Y="178"/>
	<Point X="156" Y="179"/>
	<Point X="157" Y="180"/>
	<Point X="158" Y="182"/>
	<Point X="159" Y="184"/>
	<Point X="160" Y="185"/>
	<Point X="161" Y="188"/>
	<Point X="162" Y="190"/>
	<Point X="163" Y="191"/>
	<Point X="164" Y="193"/>
	<Point X="165" Y="195"/>
	<Point X="167" Y="197"/>
	<Point X="168" Y="199"/>
	<Point X="169" Y="201"/>
	<Point X="171" Y="203"/>
	<Point X="172" Y="205"/>
	<Point X="173" Y="207"/>
	<Point X="175" Y="210"/>
	<Point X="176" Y="213"/>
	<Point X="178" Y="215"/>
	<Point X="180" Y="217"/>
	<Point X="181" Y="219"/>
	<Point X="184" Y="223"/>
	<Point X="184" Y="224"/>
	<Point X="187" Y="228"/>
	<Point X="188" Y="231"/>
	<Point X="190" Y="233"/>
	<Point X="192" Y="235"/>
	<Point X="194" Y="237"/>
	<Point X="195" Y="240"/>
	<Point X="197" Y="242"/>
	<Point X="198" Y="244"/>
	<Point X="201" Y="247"/>
	<Point X="204" Y="251"/>
	<Point X="205" Y="253"/>
	<Point X="206" Y="255"/>
	<Point X="208" Y="257"/>
	<Point X="209" Y="257"/>
	<Point X="210" Y="260"/>
	<Point X="212" Y="261"/>
	<Point X="213" Y="263"/>
	<Point X="214" Y="264"/>
	<Point X="216" Y="266"/>
	<Point X="217" Y="267"/>
	<Point X="217" Y="268"/>
	<Point X="219" Y="270"/>
	<Point X="220" Y="271"/>
	<Point X="220" Y="272"/>
	<Point X="222" Y="274"/>
	<Point X="222" Y="275"/>
	<Point X="223" Y="276"/>
	<Point X="224" Y="277"/>
	<Point X="225" Y="279"/>
	<Point X="225" Y="280"/>
	<Point X="226" Y="280"/>
	<Point X="226" Y="281"/>
	<Point X="227" Y="282"/>
	<Point X="228" Y="284"/>
	<Point X="229" Y="285"/>
	<Point X="230" Y="286"/>
	<Point X="230" Y="287"/>
	<Point X="230" Y="288"/>
	<Point X="231" Y="288"/>
	<Point X="232" Y="288"/>
	<Point X="232" Y="289"/>
	<Point X="233" Y="289"/>
	<Point X="233" Y="288"/>
</Gesture>
