<?xml version="1.0" ?>
<Gesture Name="caret10" Subject="03" Number="10" NumPts="115">
	<Point X="160" Y="205"/>
	<Point X="160" Y="204"/>
	<Point X="160" Y="203"/>
	<Point X="160" Y="202"/>
	<Point X="160" Y="201"/>
	<Point X="160" Y="200"/>
	<Point X="161" Y="199"/>
	<Point X="161" Y="198"/>
	<Point X="162" Y="198"/>
	<Point X="162" Y="197"/>
	<Point X="162" Y="196"/>
	<Point X="163" Y="195"/>
	<Point X="164" Y="194"/>
	<Point X="165" Y="193"/>
	<Point X="165" Y="192"/>
	<Point X="166" Y="192"/>
	<Point X="166" Y="190"/>
	<Point X="167" Y="190"/>
	<Point X="168" Y="188"/>
	<Point X="169" Y="187"/>
	<Point X="170" Y="185"/>
	<Point X="171" Y="184"/>
	<Point X="172" Y="184"/>
	<Point X="173" Y="182"/>
	<Point X="173" Y="181"/>
	<Point X="174" Y="180"/>
	<Point X="175" Y="178"/>
	<Point X="176" Y="177"/>
	<Point X="177" Y="176"/>
	<Point X="178" Y="174"/>
	<Point X="179" Y="173"/>
	<Point X="180" Y="172"/>
	<Point X="182" Y="170"/>
	<Point X="182" Y="169"/>
	<Point X="184" Y="168"/>
	<Point X="185" Y="167"/>
	<Point X="186" Y="165"/>
	<Point X="187" Y="164"/>
	<Point X="188" Y="163"/>
	<Point X="190" Y="161"/>
	<Point X="192" Y="159"/>
	<Point X="193" Y="158"/>
	<Point X="194" Y="157"/>
	<Point X="195" Y="156"/>
	<Point X="197" Y="154"/>
	<Point X="198" Y="153"/>
	<Point X="199" Y="151"/>
	<Point X="200" Y="151"/>
	<Point X="202" Y="149"/>
	<Point X="203" Y="148"/>
	<Point X="203" Y="147"/>
	<Point X="205" Y="147"/>
	<Point X="207" Y="145"/>
	<Point X="208" Y="144"/>
	<Point X="209" Y="143"/>
	<Point X="210" Y="142"/>
	<Point X="211" Y="141"/>
	<Point X="212" Y="141"/>
	<Point X="213" Y="140"/>
	<Point X="214" Y="139"/>
	<Point X="215" Y="139"/>
	<Point X="215" Y="138"/>
	<Point X="216" Y="137"/>
	<Point X="217" Y="137"/>
	<Point X="218" Y="136"/>
	<Point X="219" Y="136"/>
	<Point X="219" Y="135"/>
	<Point X="220" Y="135"/>
	<Point X="221" Y="135"/>
	<Point X="222" Y="135"/>
	<Point X="222" Y="136"/>
	<Point X="223" Y="136"/>
	<Point X="223" Y="137"/>
	<Point X="224" Y="139"/>
	<Point X="225" Y="139"/>
	<Point X="227" Y="141"/>
	<Point X="227" Y="143"/>
	<Point X="229" Y="145"/>
	<Point X="230" Y="147"/>
	<Point X="231" Y="149"/>
	<Point X="233" Y="151"/>
	<Point X="234" Y="153"/>
	<Point X="234" Y="155"/>
	<Point X="236" Y="158"/>
	<Point X="237" Y="160"/>
	<Point X="239" Y="163"/>
	<Point X="240" Y="165"/>
	<Point X="241" Y="168"/>
	<Point X="243" Y="171"/>
	<Point X="243" Y="173"/>
	<Point X="245" Y="176"/>
	<Point X="246" Y="178"/>
	<Point X="247" Y="180"/>
	<Point X="248" Y="184"/>
	<Point X="250" Y="187"/>
	<Point X="250" Y="188"/>
	<Point X="252" Y="191"/>
	<Point X="254" Y="195"/>
	<Point X="255" Y="196"/>
	<Point X="256" Y="200"/>
	<Point X="257" Y="201"/>
	<Point X="259" Y="203"/>
	<Point X="259" Y="204"/>
	<Point X="260" Y="207"/>
	<Point X="261" Y="208"/>
	<Point X="262" Y="210"/>
	<Point X="263" Y="212"/>
	<Point X="263" Y="213"/>
	<Point X="264" Y="214"/>
	<Point X="265" Y="215"/>
	<Point X="266" Y="216"/>
	<Point X="267" Y="218"/>
	<Point X="267" Y="219"/>
	<Point X="267" Y="220"/>
	<Point X="268" Y="220"/>
</Gesture>
