<?xml version="1.0" ?>
<Gesture Name="caret09" Subject="03" Number="09" NumPts="107">
	<Point X="170" Y="229"/>
	<Point X="170" Y="228"/>
	<Point X="170" Y="227"/>
	<Point X="169" Y="227"/>
	<Point X="169" Y="226"/>
	<Point X="168" Y="225"/>
	<Point X="168" Y="224"/>
	<Point X="168" Y="223"/>
	<Point X="168" Y="222"/>
	<Point X="168" Y="221"/>
	<Point X="168" Y="220"/>
	<Point X="169" Y="219"/>
	<Point X="170" Y="218"/>
	<Point X="170" Y="217"/>
	<Point X="170" Y="216"/>
	<Point X="171" Y="215"/>
	<Point X="171" Y="214"/>
	<Point X="171" Y="213"/>
	<Point X="172" Y="212"/>
	<Point X="172" Y="211"/>
	<Point X="173" Y="210"/>
	<Point X="174" Y="210"/>
	<Point X="174" Y="208"/>
	<Point X="175" Y="208"/>
	<Point X="175" Y="206"/>
	<Point X="176" Y="204"/>
	<Point X="177" Y="203"/>
	<Point X="178" Y="202"/>
	<Point X="179" Y="200"/>
	<Point X="179" Y="199"/>
	<Point X="180" Y="196"/>
	<Point X="182" Y="195"/>
	<Point X="182" Y="193"/>
	<Point X="183" Y="192"/>
	<Point X="184" Y="192"/>
	<Point X="184" Y="191"/>
	<Point X="186" Y="189"/>
	<Point X="189" Y="185"/>
	<Point X="190" Y="184"/>
	<Point X="191" Y="183"/>
	<Point X="191" Y="181"/>
	<Point X="193" Y="180"/>
	<Point X="194" Y="179"/>
	<Point X="195" Y="177"/>
	<Point X="196" Y="176"/>
	<Point X="198" Y="175"/>
	<Point X="199" Y="173"/>
	<Point X="199" Y="172"/>
	<Point X="200" Y="171"/>
	<Point X="202" Y="169"/>
	<Point X="202" Y="168"/>
	<Point X="203" Y="168"/>
	<Point X="203" Y="167"/>
	<Point X="204" Y="167"/>
	<Point X="204" Y="166"/>
	<Point X="204" Y="165"/>
	<Point X="205" Y="165"/>
	<Point X="206" Y="165"/>
	<Point X="206" Y="164"/>
	<Point X="207" Y="164"/>
	<Point X="208" Y="164"/>
	<Point X="209" Y="164"/>
	<Point X="210" Y="164"/>
	<Point X="210" Y="165"/>
	<Point X="211" Y="165"/>
	<Point X="211" Y="166"/>
	<Point X="211" Y="167"/>
	<Point X="212" Y="167"/>
	<Point X="213" Y="168"/>
	<Point X="214" Y="170"/>
	<Point X="215" Y="171"/>
	<Point X="215" Y="172"/>
	<Point X="216" Y="174"/>
	<Point X="218" Y="176"/>
	<Point X="219" Y="178"/>
	<Point X="220" Y="180"/>
	<Point X="221" Y="183"/>
	<Point X="222" Y="184"/>
	<Point X="223" Y="186"/>
	<Point X="224" Y="188"/>
	<Point X="225" Y="189"/>
	<Point X="227" Y="192"/>
	<Point X="227" Y="194"/>
	<Point X="229" Y="196"/>
	<Point X="230" Y="198"/>
	<Point X="231" Y="200"/>
	<Point X="232" Y="201"/>
	<Point X="232" Y="202"/>
	<Point X="233" Y="204"/>
	<Point X="235" Y="207"/>
	<Point X="236" Y="209"/>
	<Point X="236" Y="210"/>
	<Point X="238" Y="211"/>
	<Point X="239" Y="213"/>
	<Point X="239" Y="214"/>
	<Point X="241" Y="216"/>
	<Point X="242" Y="217"/>
	<Point X="243" Y="218"/>
	<Point X="243" Y="219"/>
	<Point X="244" Y="221"/>
	<Point X="245" Y="222"/>
	<Point X="246" Y="222"/>
	<Point X="246" Y="223"/>
	<Point X="247" Y="225"/>
	<Point X="248" Y="226"/>
	<Point X="248" Y="227"/>
	<Point X="249" Y="227"/>
</Gesture>
