<?xml version="1.0" ?>
<Gesture Name="caret08" Subject="03" Number="08" NumPts="119">
	<Point X="165" Y="236"/>
	<Point X="165" Y="235"/>
	<Point X="165" Y="234"/>
	<Point X="165" Y="233"/>
	<Point X="165" Y="232"/>
	<Point X="165" Y="231"/>
	<Point X="165" Y="230"/>
	<Point X="165" Y="229"/>
	<Point X="165" Y="228"/>
	<Point X="165" Y="227"/>
	<Point X="165" Y="226"/>
	<Point X="166" Y="226"/>
	<Point X="166" Y="225"/>
	<Point X="167" Y="225"/>
	<Point X="167" Y="224"/>
	<Point X="167" Y="223"/>
	<Point X="167" Y="222"/>
	<Point X="168" Y="221"/>
	<Point X="168" Y="220"/>
	<Point X="168" Y="219"/>
	<Point X="169" Y="218"/>
	<Point X="169" Y="217"/>
	<Point X="170" Y="216"/>
	<Point X="170" Y="215"/>
	<Point X="171" Y="214"/>
	<Point X="172" Y="213"/>
	<Point X="172" Y="212"/>
	<Point X="173" Y="212"/>
	<Point X="173" Y="210"/>
	<Point X="174" Y="209"/>
	<Point X="175" Y="208"/>
	<Point X="176" Y="206"/>
	<Point X="177" Y="204"/>
	<Point X="177" Y="203"/>
	<Point X="178" Y="202"/>
	<Point X="179" Y="199"/>
	<Point X="180" Y="198"/>
	<Point X="181" Y="196"/>
	<Point X="181" Y="195"/>
	<Point X="184" Y="192"/>
	<Point X="184" Y="191"/>
	<Point X="186" Y="189"/>
	<Point X="187" Y="187"/>
	<Point X="188" Y="186"/>
	<Point X="189" Y="184"/>
	<Point X="191" Y="183"/>
	<Point X="191" Y="182"/>
	<Point X="192" Y="181"/>
	<Point X="193" Y="179"/>
	<Point X="194" Y="178"/>
	<Point X="196" Y="177"/>
	<Point X="196" Y="176"/>
	<Point X="197" Y="174"/>
	<Point X="198" Y="173"/>
	<Point X="199" Y="173"/>
	<Point X="200" Y="172"/>
	<Point X="200" Y="171"/>
	<Point X="201" Y="171"/>
	<Point X="202" Y="170"/>
	<Point X="203" Y="170"/>
	<Point X="204" Y="169"/>
	<Point X="205" Y="169"/>
	<Point X="206" Y="169"/>
	<Point X="207" Y="169"/>
	<Point X="208" Y="169"/>
	<Point X="208" Y="170"/>
	<Point X="209" Y="170"/>
	<Point X="209" Y="171"/>
	<Point X="210" Y="171"/>
	<Point X="210" Y="173"/>
	<Point X="211" Y="173"/>
	<Point X="212" Y="174"/>
	<Point X="213" Y="175"/>
	<Point X="214" Y="177"/>
	<Point X="214" Y="178"/>
	<Point X="216" Y="179"/>
	<Point X="217" Y="182"/>
	<Point X="218" Y="183"/>
	<Point X="220" Y="185"/>
	<Point X="220" Y="186"/>
	<Point X="222" Y="189"/>
	<Point X="222" Y="190"/>
	<Point X="224" Y="192"/>
	<Point X="225" Y="195"/>
	<Point X="227" Y="196"/>
	<Point X="228" Y="198"/>
	<Point X="229" Y="199"/>
	<Point X="230" Y="201"/>
	<Point X="231" Y="203"/>
	<Point X="232" Y="205"/>
	<Point X="234" Y="206"/>
	<Point X="235" Y="209"/>
	<Point X="236" Y="210"/>
	<Point X="237" Y="211"/>
	<Point X="238" Y="212"/>
	<Point X="239" Y="214"/>
	<Point X="240" Y="216"/>
	<Point X="242" Y="218"/>
	<Point X="243" Y="220"/>
	<Point X="244" Y="221"/>
	<Point X="244" Y="223"/>
	<Point X="246" Y="224"/>
	<Point X="247" Y="225"/>
	<Point X="248" Y="227"/>
	<Point X="249" Y="228"/>
	<Point X="250" Y="229"/>
	<Point X="251" Y="231"/>
	<Point X="251" Y="232"/>
	<Point X="252" Y="233"/>
	<Point X="253" Y="234"/>
	<Point X="254" Y="235"/>
	<Point X="255" Y="236"/>
	<Point X="255" Y="237"/>
	<Point X="256" Y="238"/>
	<Point X="257" Y="239"/>
	<Point X="258" Y="239"/>
	<Point X="258" Y="240"/>
	<Point X="259" Y="240"/>
	<Point X="259" Y="241"/>
</Gesture>
