<?xml version="1.0" ?>
<Gesture Name="check06" Subject="03" Number="06" NumPts="105">
	<Point X="153" Y="182"/>
	<Point X="153" Y="183"/>
	<Point X="154" Y="183"/>
	<Point X="154" Y="184"/>
	<Point X="154" Y="185"/>
	<Point X="155" Y="185"/>
	<Point X="155" Y="186"/>
	<Point X="155" Y="187"/>
	<Point X="156" Y="188"/>
	<Point X="156" Y="189"/>
	<Point X="157" Y="190"/>
	<Point X="157" Y="191"/>
	<Point X="158" Y="193"/>
	<Point X="159" Y="194"/>
	<Point X="160" Y="196"/>
	<Point X="161" Y="198"/>
	<Point X="162" Y="199"/>
	<Point X="164" Y="201"/>
	<Point X="164" Y="202"/>
	<Point X="166" Y="204"/>
	<Point X="167" Y="205"/>
	<Point X="168" Y="206"/>
	<Point X="170" Y="207"/>
	<Point X="171" Y="209"/>
	<Point X="172" Y="210"/>
	<Point X="173" Y="211"/>
	<Point X="175" Y="212"/>
	<Point X="176" Y="213"/>
	<Point X="179" Y="215"/>
	<Point X="180" Y="215"/>
	<Point X="182" Y="217"/>
	<Point X="184" Y="218"/>
	<Point X="185" Y="219"/>
	<Point X="186" Y="220"/>
	<Point X="187" Y="220"/>
	<Point X="189" Y="221"/>
	<Point X="189" Y="222"/>
	<Point X="191" Y="222"/>
	<Point X="192" Y="223"/>
	<Point X="193" Y="223"/>
	<Point X="194" Y="223"/>
	<Point X="195" Y="223"/>
	<Point X="196" Y="224"/>
	<Point X="197" Y="224"/>
	<Point X="197" Y="223"/>
	<Point X="198" Y="223"/>
	<Point X="198" Y="222"/>
	<Point X="198" Y="221"/>
	<Point X="199" Y="220"/>
	<Point X="200" Y="219"/>
	<Point X="200" Y="217"/>
	<Point X="201" Y="216"/>
	<Point X="201" Y="215"/>
	<Point X="203" Y="212"/>
	<Point X="204" Y="210"/>
	<Point X="205" Y="209"/>
	<Point X="206" Y="207"/>
	<Point X="206" Y="205"/>
	<Point X="208" Y="203"/>
	<Point X="209" Y="201"/>
	<Point X="210" Y="199"/>
	<Point X="211" Y="196"/>
	<Point X="212" Y="194"/>
	<Point X="213" Y="192"/>
	<Point X="215" Y="189"/>
	<Point X="217" Y="186"/>
	<Point X="218" Y="183"/>
	<Point X="219" Y="181"/>
	<Point X="220" Y="178"/>
	<Point X="223" Y="175"/>
	<Point X="226" Y="171"/>
	<Point X="227" Y="168"/>
	<Point X="230" Y="165"/>
	<Point X="230" Y="163"/>
	<Point X="234" Y="160"/>
	<Point X="235" Y="157"/>
	<Point X="237" Y="155"/>
	<Point X="240" Y="152"/>
	<Point X="243" Y="149"/>
	<Point X="245" Y="147"/>
	<Point X="248" Y="144"/>
	<Point X="250" Y="142"/>
	<Point X="251" Y="140"/>
	<Point X="253" Y="138"/>
	<Point X="255" Y="136"/>
	<Point X="258" Y="134"/>
	<Point X="259" Y="132"/>
	<Point X="262" Y="130"/>
	<Point X="263" Y="129"/>
	<Point X="264" Y="127"/>
	<Point X="265" Y="126"/>
	<Point X="267" Y="124"/>
	<Point X="268" Y="123"/>
	<Point X="269" Y="122"/>
	<Point X="269" Y="121"/>
	<Point X="271" Y="120"/>
	<Point X="272" Y="119"/>
	<Point X="272" Y="118"/>
	<Point X="272" Y="117"/>
	<Point X="273" Y="117"/>
	<Point X="273" Y="116"/>
	<Point X="274" Y="116"/>
	<Point X="274" Y="115"/>
	<Point X="275" Y="115"/>
	<Point X="275" Y="114"/>
</Gesture>
