<?xml version="1.0" ?>
<Gesture Name="check05" Subject="03" Number="05" NumPts="108">
	<Point X="142" Y="193"/>
	<Point X="142" Y="194"/>
	<Point X="142" Y="195"/>
	<Point X="143" Y="195"/>
	<Point X="143" Y="196"/>
	<Point X="144" Y="196"/>
	<Point X="144" Y="198"/>
	<Point X="144" Y="199"/>
	<Point X="145" Y="200"/>
	<Point X="145" Y="201"/>
	<Point X="145" Y="202"/>
	<Point X="146" Y="202"/>
	<Point X="146" Y="203"/>
	<Point X="147" Y="204"/>
	<Point X="148" Y="205"/>
	<Point X="149" Y="207"/>
	<Point X="150" Y="208"/>
	<Point X="150" Y="209"/>
	<Point X="152" Y="210"/>
	<Point X="153" Y="211"/>
	<Point X="154" Y="212"/>
	<Point X="154" Y="213"/>
	<Point X="156" Y="214"/>
	<Point X="156" Y="215"/>
	<Point X="158" Y="216"/>
	<Point X="160" Y="217"/>
	<Point X="160" Y="218"/>
	<Point X="162" Y="219"/>
	<Point X="162" Y="220"/>
	<Point X="164" Y="220"/>
	<Point X="165" Y="222"/>
	<Point X="167" Y="223"/>
	<Point X="168" Y="224"/>
	<Point X="169" Y="224"/>
	<Point X="169" Y="225"/>
	<Point X="170" Y="225"/>
	<Point X="171" Y="226"/>
	<Point X="172" Y="227"/>
	<Point X="173" Y="227"/>
	<Point X="174" Y="227"/>
	<Point X="175" Y="226"/>
	<Point X="175" Y="225"/>
	<Point X="175" Y="224"/>
	<Point X="176" Y="224"/>
	<Point X="176" Y="223"/>
	<Point X="177" Y="223"/>
	<Point X="177" Y="222"/>
	<Point X="178" Y="221"/>
	<Point X="179" Y="219"/>
	<Point X="179" Y="218"/>
	<Point X="181" Y="216"/>
	<Point X="182" Y="215"/>
	<Point X="182" Y="213"/>
	<Point X="183" Y="212"/>
	<Point X="184" Y="211"/>
	<Point X="185" Y="209"/>
	<Point X="186" Y="208"/>
	<Point X="188" Y="205"/>
	<Point X="189" Y="203"/>
	<Point X="190" Y="201"/>
	<Point X="192" Y="199"/>
	<Point X="193" Y="197"/>
	<Point X="194" Y="195"/>
	<Point X="195" Y="193"/>
	<Point X="197" Y="190"/>
	<Point X="198" Y="188"/>
	<Point X="200" Y="186"/>
	<Point X="202" Y="184"/>
	<Point X="204" Y="181"/>
	<Point X="205" Y="179"/>
	<Point X="207" Y="177"/>
	<Point X="209" Y="174"/>
	<Point X="211" Y="172"/>
	<Point X="214" Y="169"/>
	<Point X="215" Y="167"/>
	<Point X="218" Y="165"/>
	<Point X="219" Y="164"/>
	<Point X="221" Y="162"/>
	<Point X="223" Y="159"/>
	<Point X="225" Y="158"/>
	<Point X="226" Y="156"/>
	<Point X="228" Y="154"/>
	<Point X="229" Y="153"/>
	<Point X="232" Y="151"/>
	<Point X="234" Y="150"/>
	<Point X="236" Y="147"/>
	<Point X="237" Y="146"/>
	<Point X="239" Y="144"/>
	<Point X="240" Y="143"/>
	<Point X="242" Y="141"/>
	<Point X="243" Y="139"/>
	<Point X="246" Y="138"/>
	<Point X="247" Y="137"/>
	<Point X="248" Y="135"/>
	<Point X="249" Y="134"/>
	<Point X="249" Y="133"/>
	<Point X="251" Y="131"/>
	<Point X="251" Y="130"/>
	<Point X="252" Y="130"/>
	<Point X="252" Y="129"/>
	<Point X="253" Y="128"/>
	<Point X="253" Y="127"/>
	<Point X="254" Y="126"/>
	<Point X="255" Y="126"/>
	<Point X="255" Y="125"/>
	<Point X="255" Y="124"/>
	<Point X="255" Y="123"/>
	<Point X="256" Y="123"/>
</Gesture>
