<?xml version="1.0" ?>
<Gesture Name="check10" Subject="03" Number="10" NumPts="110">
	<Point X="134" Y="173"/>
	<Point X="134" Y="174"/>
	<Point X="135" Y="174"/>
	<Point X="135" Y="175"/>
	<Point X="136" Y="176"/>
	<Point X="137" Y="176"/>
	<Point X="137" Y="177"/>
	<Point X="137" Y="178"/>
	<Point X="138" Y="179"/>
	<Point X="138" Y="180"/>
	<Point X="139" Y="180"/>
	<Point X="139" Y="181"/>
	<Point X="140" Y="182"/>
	<Point X="141" Y="183"/>
	<Point X="143" Y="186"/>
	<Point X="145" Y="187"/>
	<Point X="146" Y="188"/>
	<Point X="146" Y="189"/>
	<Point X="147" Y="189"/>
	<Point X="148" Y="190"/>
	<Point X="150" Y="192"/>
	<Point X="151" Y="192"/>
	<Point X="152" Y="193"/>
	<Point X="153" Y="194"/>
	<Point X="154" Y="194"/>
	<Point X="155" Y="195"/>
	<Point X="156" Y="195"/>
	<Point X="157" Y="195"/>
	<Point X="158" Y="195"/>
	<Point X="158" Y="196"/>
	<Point X="159" Y="196"/>
	<Point X="160" Y="196"/>
	<Point X="161" Y="196"/>
	<Point X="162" Y="196"/>
	<Point X="163" Y="196"/>
	<Point X="164" Y="196"/>
	<Point X="164" Y="195"/>
	<Point X="165" Y="195"/>
	<Point X="166" Y="195"/>
	<Point X="166" Y="194"/>
	<Point X="167" Y="194"/>
	<Point X="168" Y="193"/>
	<Point X="168" Y="192"/>
	<Point X="170" Y="192"/>
	<Point X="170" Y="191"/>
	<Point X="172" Y="190"/>
	<Point X="173" Y="189"/>
	<Point X="174" Y="188"/>
	<Point X="175" Y="187"/>
	<Point X="176" Y="187"/>
	<Point X="177" Y="186"/>
	<Point X="178" Y="184"/>
	<Point X="179" Y="183"/>
	<Point X="180" Y="182"/>
	<Point X="181" Y="181"/>
	<Point X="183" Y="179"/>
	<Point X="183" Y="178"/>
	<Point X="184" Y="176"/>
	<Point X="186" Y="175"/>
	<Point X="187" Y="174"/>
	<Point X="187" Y="172"/>
	<Point X="189" Y="170"/>
	<Point X="190" Y="169"/>
	<Point X="191" Y="168"/>
	<Point X="192" Y="165"/>
	<Point X="193" Y="164"/>
	<Point X="194" Y="163"/>
	<Point X="195" Y="161"/>
	<Point X="196" Y="159"/>
	<Point X="197" Y="157"/>
	<Point X="199" Y="155"/>
	<Point X="200" Y="153"/>
	<Point X="201" Y="152"/>
	<Point X="202" Y="150"/>
	<Point X="204" Y="148"/>
	<Point X="205" Y="145"/>
	<Point X="207" Y="144"/>
	<Point X="208" Y="142"/>
	<Point X="209" Y="140"/>
	<Point X="211" Y="139"/>
	<Point X="211" Y="138"/>
	<Point X="213" Y="135"/>
	<Point X="214" Y="134"/>
	<Point X="215" Y="132"/>
	<Point X="216" Y="131"/>
	<Point X="218" Y="130"/>
	<Point X="219" Y="128"/>
	<Point X="219" Y="127"/>
	<Point X="220" Y="126"/>
	<Point X="221" Y="124"/>
	<Point X="223" Y="123"/>
	<Point X="224" Y="121"/>
	<Point X="224" Y="120"/>
	<Point X="225" Y="119"/>
	<Point X="225" Y="118"/>
	<Point X="227" Y="117"/>
	<Point X="227" Y="116"/>
	<Point X="228" Y="115"/>
	<Point X="229" Y="114"/>
	<Point X="229" Y="113"/>
	<Point X="230" Y="112"/>
	<Point X="231" Y="112"/>
	<Point X="231" Y="111"/>
	<Point X="232" Y="110"/>
	<Point X="232" Y="109"/>
	<Point X="233" Y="109"/>
	<Point X="233" Y="108"/>
	<Point X="233" Y="107"/>
	<Point X="234" Y="107"/>
	<Point X="235" Y="106"/>
</Gesture>
