<?xml version="1.0" ?>
<Gesture Name="check02" Subject="03" Number="02" NumPts="104">
	<Point X="138" Y="192"/>
	<Point X="138" Y="193"/>
	<Point X="138" Y="194"/>
	<Point X="139" Y="194"/>
	<Point X="139" Y="195"/>
	<Point X="139" Y="196"/>
	<Point X="140" Y="197"/>
	<Point X="140" Y="198"/>
	<Point X="141" Y="200"/>
	<Point X="141" Y="201"/>
	<Point X="142" Y="202"/>
	<Point X="142" Y="204"/>
	<Point X="143" Y="205"/>
	<Point X="144" Y="207"/>
	<Point X="145" Y="208"/>
	<Point X="146" Y="211"/>
	<Point X="146" Y="212"/>
	<Point X="147" Y="213"/>
	<Point X="148" Y="215"/>
	<Point X="149" Y="216"/>
	<Point X="150" Y="217"/>
	<Point X="151" Y="219"/>
	<Point X="152" Y="220"/>
	<Point X="153" Y="221"/>
	<Point X="154" Y="222"/>
	<Point X="155" Y="224"/>
	<Point X="155" Y="225"/>
	<Point X="157" Y="227"/>
	<Point X="158" Y="228"/>
	<Point X="158" Y="229"/>
	<Point X="159" Y="229"/>
	<Point X="159" Y="230"/>
	<Point X="160" Y="230"/>
	<Point X="161" Y="232"/>
	<Point X="162" Y="233"/>
	<Point X="162" Y="234"/>
	<Point X="163" Y="234"/>
	<Point X="163" Y="233"/>
	<Point X="163" Y="232"/>
	<Point X="164" Y="232"/>
	<Point X="165" Y="231"/>
	<Point X="165" Y="230"/>
	<Point X="166" Y="229"/>
	<Point X="167" Y="229"/>
	<Point X="167" Y="228"/>
	<Point X="169" Y="226"/>
	<Point X="170" Y="225"/>
	<Point X="171" Y="223"/>
	<Point X="173" Y="222"/>
	<Point X="174" Y="221"/>
	<Point X="175" Y="220"/>
	<Point X="176" Y="219"/>
	<Point X="178" Y="217"/>
	<Point X="179" Y="216"/>
	<Point X="180" Y="215"/>
	<Point X="182" Y="213"/>
	<Point X="183" Y="212"/>
	<Point X="185" Y="210"/>
	<Point X="186" Y="209"/>
	<Point X="188" Y="207"/>
	<Point X="190" Y="206"/>
	<Point X="192" Y="203"/>
	<Point X="194" Y="202"/>
	<Point X="196" Y="200"/>
	<Point X="198" Y="198"/>
	<Point X="200" Y="197"/>
	<Point X="201" Y="196"/>
	<Point X="203" Y="194"/>
	<Point X="204" Y="193"/>
	<Point X="206" Y="190"/>
	<Point X="207" Y="189"/>
	<Point X="209" Y="187"/>
	<Point X="211" Y="185"/>
	<Point X="212" Y="184"/>
	<Point X="214" Y="181"/>
	<Point X="215" Y="180"/>
	<Point X="217" Y="178"/>
	<Point X="218" Y="177"/>
	<Point X="219" Y="176"/>
	<Point X="220" Y="175"/>
	<Point X="222" Y="173"/>
	<Point X="223" Y="171"/>
	<Point X="225" Y="170"/>
	<Point X="226" Y="168"/>
	<Point X="227" Y="167"/>
	<Point X="228" Y="165"/>
	<Point X="229" Y="165"/>
	<Point X="230" Y="164"/>
	<Point X="231" Y="163"/>
	<Point X="232" Y="161"/>
	<Point X="233" Y="160"/>
	<Point X="234" Y="159"/>
	<Point X="235" Y="157"/>
	<Point X="236" Y="156"/>
	<Point X="237" Y="155"/>
	<Point X="237" Y="154"/>
	<Point X="238" Y="154"/>
	<Point X="238" Y="153"/>
	<Point X="238" Y="152"/>
	<Point X="239" Y="152"/>
	<Point X="239" Y="151"/>
	<Point X="240" Y="151"/>
	<Point X="240" Y="150"/>
	<Point X="241" Y="150"/>
</Gesture>
