<?xml version="1.0" ?>
<Gesture Name="check07" Subject="03" Number="07" NumPts="109">
	<Point X="162" Y="181"/>
	<Point X="162" Y="182"/>
	<Point X="162" Y="183"/>
	<Point X="163" Y="184"/>
	<Point X="163" Y="185"/>
	<Point X="163" Y="186"/>
	<Point X="164" Y="187"/>
	<Point X="164" Y="188"/>
	<Point X="165" Y="190"/>
	<Point X="166" Y="191"/>
	<Point X="166" Y="192"/>
	<Point X="167" Y="193"/>
	<Point X="167" Y="195"/>
	<Point X="168" Y="198"/>
	<Point X="170" Y="199"/>
	<Point X="170" Y="200"/>
	<Point X="171" Y="202"/>
	<Point X="172" Y="203"/>
	<Point X="173" Y="204"/>
	<Point X="174" Y="205"/>
	<Point X="175" Y="206"/>
	<Point X="176" Y="208"/>
	<Point X="176" Y="209"/>
	<Point X="178" Y="210"/>
	<Point X="179" Y="211"/>
	<Point X="180" Y="212"/>
	<Point X="181" Y="214"/>
	<Point X="182" Y="215"/>
	<Point X="183" Y="215"/>
	<Point X="183" Y="216"/>
	<Point X="184" Y="217"/>
	<Point X="185" Y="217"/>
	<Point X="186" Y="218"/>
	<Point X="187" Y="219"/>
	<Point X="187" Y="220"/>
	<Point X="188" Y="220"/>
	<Point X="189" Y="220"/>
	<Point X="190" Y="221"/>
	<Point X="191" Y="221"/>
	<Point X="192" Y="221"/>
	<Point X="192" Y="220"/>
	<Point X="192" Y="219"/>
	<Point X="193" Y="219"/>
	<Point X="193" Y="217"/>
	<Point X="194" Y="217"/>
	<Point X="194" Y="216"/>
	<Point X="195" Y="215"/>
	<Point X="195" Y="214"/>
	<Point X="196" Y="212"/>
	<Point X="197" Y="211"/>
	<Point X="197" Y="210"/>
	<Point X="198" Y="209"/>
	<Point X="199" Y="208"/>
	<Point X="199" Y="207"/>
	<Point X="200" Y="206"/>
	<Point X="200" Y="204"/>
	<Point X="201" Y="203"/>
	<Point X="201" Y="202"/>
	<Point X="203" Y="200"/>
	<Point X="204" Y="198"/>
	<Point X="204" Y="196"/>
	<Point X="205" Y="195"/>
	<Point X="206" Y="193"/>
	<Point X="207" Y="192"/>
	<Point X="208" Y="189"/>
	<Point X="209" Y="187"/>
	<Point X="210" Y="184"/>
	<Point X="211" Y="183"/>
	<Point X="212" Y="182"/>
	<Point X="213" Y="180"/>
	<Point X="215" Y="177"/>
	<Point X="216" Y="175"/>
	<Point X="217" Y="173"/>
	<Point X="219" Y="170"/>
	<Point X="221" Y="168"/>
	<Point X="222" Y="166"/>
	<Point X="223" Y="164"/>
	<Point X="224" Y="162"/>
	<Point X="226" Y="160"/>
	<Point X="227" Y="158"/>
	<Point X="228" Y="157"/>
	<Point X="230" Y="154"/>
	<Point X="231" Y="153"/>
	<Point X="232" Y="151"/>
	<Point X="233" Y="150"/>
	<Point X="235" Y="149"/>
	<Point X="236" Y="147"/>
	<Point X="238" Y="146"/>
	<Point X="238" Y="145"/>
	<Point X="239" Y="143"/>
	<Point X="240" Y="142"/>
	<Point X="242" Y="141"/>
	<Point X="242" Y="140"/>
	<Point X="243" Y="138"/>
	<Point X="244" Y="138"/>
	<Point X="245" Y="137"/>
	<Point X="246" Y="136"/>
	<Point X="246" Y="135"/>
	<Point X="247" Y="134"/>
	<Point X="248" Y="133"/>
	<Point X="248" Y="132"/>
	<Point X="249" Y="132"/>
	<Point X="249" Y="131"/>
	<Point X="250" Y="131"/>
	<Point X="250" Y="130"/>
	<Point X="251" Y="129"/>
	<Point X="251" Y="128"/>
	<Point X="252" Y="128"/>
	<Point X="252" Y="127"/>
</Gesture>
