<?xml version="1.0" ?>
<Gesture Name="check04" Subject="03" Number="04" NumPts="122">
	<Point X="120" Y="181"/>
	<Point X="120" Y="182"/>
	<Point X="120" Y="183"/>
	<Point X="121" Y="183"/>
	<Point X="121" Y="184"/>
	<Point X="121" Y="185"/>
	<Point X="122" Y="185"/>
	<Point X="122" Y="186"/>
	<Point X="122" Y="187"/>
	<Point X="123" Y="187"/>
	<Point X="124" Y="188"/>
	<Point X="124" Y="189"/>
	<Point X="126" Y="191"/>
	<Point X="126" Y="193"/>
	<Point X="128" Y="194"/>
	<Point X="129" Y="197"/>
	<Point X="130" Y="198"/>
	<Point X="133" Y="201"/>
	<Point X="134" Y="202"/>
	<Point X="135" Y="204"/>
	<Point X="137" Y="205"/>
	<Point X="139" Y="207"/>
	<Point X="140" Y="208"/>
	<Point X="141" Y="209"/>
	<Point X="144" Y="212"/>
	<Point X="145" Y="214"/>
	<Point X="147" Y="215"/>
	<Point X="149" Y="217"/>
	<Point X="150" Y="217"/>
	<Point X="152" Y="218"/>
	<Point X="153" Y="219"/>
	<Point X="155" Y="221"/>
	<Point X="156" Y="222"/>
	<Point X="158" Y="223"/>
	<Point X="159" Y="224"/>
	<Point X="160" Y="225"/>
	<Point X="161" Y="225"/>
	<Point X="162" Y="226"/>
	<Point X="163" Y="227"/>
	<Point X="164" Y="228"/>
	<Point X="165" Y="228"/>
	<Point X="165" Y="229"/>
	<Point X="166" Y="229"/>
	<Point X="167" Y="229"/>
	<Point X="167" Y="230"/>
	<Point X="167" Y="229"/>
	<Point X="167" Y="228"/>
	<Point X="168" Y="228"/>
	<Point X="168" Y="227"/>
	<Point X="168" Y="226"/>
	<Point X="169" Y="225"/>
	<Point X="169" Y="224"/>
	<Point X="170" Y="223"/>
	<Point X="171" Y="222"/>
	<Point X="171" Y="221"/>
	<Point X="172" Y="220"/>
	<Point X="173" Y="218"/>
	<Point X="173" Y="217"/>
	<Point X="174" Y="216"/>
	<Point X="175" Y="216"/>
	<Point X="176" Y="213"/>
	<Point X="177" Y="212"/>
	<Point X="177" Y="211"/>
	<Point X="178" Y="210"/>
	<Point X="180" Y="207"/>
	<Point X="180" Y="206"/>
	<Point X="182" Y="204"/>
	<Point X="183" Y="201"/>
	<Point X="184" Y="200"/>
	<Point X="185" Y="198"/>
	<Point X="187" Y="195"/>
	<Point X="189" Y="192"/>
	<Point X="190" Y="190"/>
	<Point X="191" Y="189"/>
	<Point X="192" Y="187"/>
	<Point X="194" Y="185"/>
	<Point X="196" Y="183"/>
	<Point X="197" Y="181"/>
	<Point X="199" Y="177"/>
	<Point X="200" Y="176"/>
	<Point X="203" Y="172"/>
	<Point X="204" Y="171"/>
	<Point X="205" Y="168"/>
	<Point X="207" Y="167"/>
	<Point X="208" Y="165"/>
	<Point X="210" Y="162"/>
	<Point X="211" Y="161"/>
	<Point X="214" Y="158"/>
	<Point X="215" Y="156"/>
	<Point X="216" Y="155"/>
	<Point X="217" Y="153"/>
	<Point X="219" Y="151"/>
	<Point X="220" Y="150"/>
	<Point X="221" Y="148"/>
	<Point X="223" Y="146"/>
	<Point X="223" Y="145"/>
	<Point X="224" Y="143"/>
	<Point X="225" Y="142"/>
	<Point X="227" Y="141"/>
	<Point X="228" Y="139"/>
	<Point X="229" Y="137"/>
	<Point X="230" Y="136"/>
	<Point X="231" Y="134"/>
	<Point X="232" Y="134"/>
	<Point X="233" Y="133"/>
	<Point X="234" Y="131"/>
	<Point X="235" Y="130"/>
	<Point X="236" Y="129"/>
	<Point X="237" Y="128"/>
	<Point X="237" Y="127"/>
	<Point X="238" Y="126"/>
	<Point X="239" Y="126"/>
	<Point X="239" Y="125"/>
	<Point X="240" Y="124"/>
	<Point X="241" Y="123"/>
	<Point X="241" Y="122"/>
	<Point X="242" Y="122"/>
	<Point X="243" Y="122"/>
	<Point X="243" Y="121"/>
	<Point X="244" Y="121"/>
	<Point X="244" Y="120"/>
	<Point X="245" Y="120"/>
</Gesture>
