<?xml version="1.0" ?>
<Gesture Name="check03" Subject="03" Number="03" NumPts="105">
	<Point X="119" Y="194"/>
	<Point X="119" Y="195"/>
	<Point X="120" Y="195"/>
	<Point X="120" Y="196"/>
	<Point X="120" Y="197"/>
	<Point X="121" Y="198"/>
	<Point X="121" Y="199"/>
	<Point X="121" Y="200"/>
	<Point X="123" Y="203"/>
	<Point X="124" Y="205"/>
	<Point X="125" Y="207"/>
	<Point X="126" Y="209"/>
	<Point X="128" Y="211"/>
	<Point X="128" Y="212"/>
	<Point X="130" Y="214"/>
	<Point X="131" Y="216"/>
	<Point X="132" Y="218"/>
	<Point X="134" Y="219"/>
	<Point X="136" Y="221"/>
	<Point X="136" Y="222"/>
	<Point X="137" Y="223"/>
	<Point X="138" Y="223"/>
	<Point X="139" Y="224"/>
	<Point X="140" Y="225"/>
	<Point X="140" Y="226"/>
	<Point X="141" Y="226"/>
	<Point X="142" Y="226"/>
	<Point X="142" Y="227"/>
	<Point X="143" Y="227"/>
	<Point X="144" Y="228"/>
	<Point X="145" Y="228"/>
	<Point X="145" Y="227"/>
	<Point X="146" Y="227"/>
	<Point X="146" Y="226"/>
	<Point X="147" Y="226"/>
	<Point X="147" Y="225"/>
	<Point X="148" Y="224"/>
	<Point X="149" Y="223"/>
	<Point X="149" Y="222"/>
	<Point X="150" Y="222"/>
	<Point X="150" Y="221"/>
	<Point X="151" Y="220"/>
	<Point X="152" Y="219"/>
	<Point X="153" Y="218"/>
	<Point X="154" Y="216"/>
	<Point X="155" Y="215"/>
	<Point X="156" Y="214"/>
	<Point X="157" Y="213"/>
	<Point X="157" Y="212"/>
	<Point X="158" Y="210"/>
	<Point X="160" Y="209"/>
	<Point X="161" Y="207"/>
	<Point X="162" Y="206"/>
	<Point X="163" Y="204"/>
	<Point X="165" Y="202"/>
	<Point X="166" Y="201"/>
	<Point X="168" Y="199"/>
	<Point X="169" Y="197"/>
	<Point X="170" Y="196"/>
	<Point X="171" Y="194"/>
	<Point X="174" Y="192"/>
	<Point X="176" Y="189"/>
	<Point X="178" Y="187"/>
	<Point X="179" Y="186"/>
	<Point X="181" Y="184"/>
	<Point X="182" Y="183"/>
	<Point X="185" Y="180"/>
	<Point X="187" Y="178"/>
	<Point X="189" Y="176"/>
	<Point X="191" Y="175"/>
	<Point X="191" Y="174"/>
	<Point X="194" Y="172"/>
	<Point X="195" Y="170"/>
	<Point X="197" Y="169"/>
	<Point X="199" Y="167"/>
	<Point X="201" Y="166"/>
	<Point X="202" Y="164"/>
	<Point X="204" Y="163"/>
	<Point X="205" Y="162"/>
	<Point X="207" Y="160"/>
	<Point X="208" Y="159"/>
	<Point X="210" Y="158"/>
	<Point X="211" Y="156"/>
	<Point X="213" Y="155"/>
	<Point X="214" Y="154"/>
	<Point X="215" Y="152"/>
	<Point X="217" Y="151"/>
	<Point X="218" Y="150"/>
	<Point X="220" Y="148"/>
	<Point X="221" Y="147"/>
	<Point X="221" Y="146"/>
	<Point X="223" Y="145"/>
	<Point X="224" Y="144"/>
	<Point X="225" Y="144"/>
	<Point X="226" Y="143"/>
	<Point X="227" Y="142"/>
	<Point X="228" Y="141"/>
	<Point X="229" Y="140"/>
	<Point X="230" Y="140"/>
	<Point X="232" Y="139"/>
	<Point X="233" Y="138"/>
	<Point X="234" Y="138"/>
	<Point X="234" Y="137"/>
	<Point X="235" Y="137"/>
	<Point X="236" Y="137"/>
</Gesture>
