<?xml version="1.0" ?>
<Gesture Name="check01" Subject="03" Number="01" NumPts="105">
	<Point X="145" Y="202"/>
	<Point X="145" Y="203"/>
	<Point X="145" Y="204"/>
	<Point X="145" Y="205"/>
	<Point X="145" Y="206"/>
	<Point X="145" Y="207"/>
	<Point X="146" Y="207"/>
	<Point X="146" Y="208"/>
	<Point X="147" Y="209"/>
	<Point X="147" Y="210"/>
	<Point X="147" Y="211"/>
	<Point X="147" Y="212"/>
	<Point X="148" Y="213"/>
	<Point X="148" Y="214"/>
	<Point X="149" Y="215"/>
	<Point X="149" Y="216"/>
	<Point X="150" Y="217"/>
	<Point X="150" Y="218"/>
	<Point X="151" Y="218"/>
	<Point X="151" Y="219"/>
	<Point X="152" Y="220"/>
	<Point X="152" Y="221"/>
	<Point X="153" Y="221"/>
	<Point X="153" Y="222"/>
	<Point X="154" Y="222"/>
	<Point X="155" Y="222"/>
	<Point X="156" Y="222"/>
	<Point X="157" Y="222"/>
	<Point X="158" Y="222"/>
	<Point X="159" Y="222"/>
	<Point X="160" Y="222"/>
	<Point X="161" Y="222"/>
	<Point X="162" Y="222"/>
	<Point X="163" Y="221"/>
	<Point X="164" Y="221"/>
	<Point X="164" Y="220"/>
	<Point X="165" Y="220"/>
	<Point X="166" Y="220"/>
	<Point X="167" Y="219"/>
	<Point X="168" Y="218"/>
	<Point X="168" Y="217"/>
	<Point X="169" Y="217"/>
	<Point X="169" Y="216"/>
	<Point X="171" Y="216"/>
	<Point X="171" Y="215"/>
	<Point X="172" Y="214"/>
	<Point X="173" Y="213"/>
	<Point X="174" Y="212"/>
	<Point X="174" Y="211"/>
	<Point X="176" Y="210"/>
	<Point X="176" Y="209"/>
	<Point X="177" Y="208"/>
	<Point X="178" Y="207"/>
	<Point X="180" Y="206"/>
	<Point X="181" Y="204"/>
	<Point X="182" Y="203"/>
	<Point X="184" Y="201"/>
	<Point X="185" Y="200"/>
	<Point X="186" Y="199"/>
	<Point X="188" Y="197"/>
	<Point X="189" Y="196"/>
	<Point X="191" Y="194"/>
	<Point X="192" Y="192"/>
	<Point X="195" Y="190"/>
	<Point X="196" Y="188"/>
	<Point X="197" Y="187"/>
	<Point X="200" Y="184"/>
	<Point X="201" Y="182"/>
	<Point X="203" Y="181"/>
	<Point X="206" Y="178"/>
	<Point X="207" Y="177"/>
	<Point X="209" Y="175"/>
	<Point X="211" Y="173"/>
	<Point X="212" Y="171"/>
	<Point X="214" Y="170"/>
	<Point X="218" Y="165"/>
	<Point X="219" Y="164"/>
	<Point X="221" Y="163"/>
	<Point X="222" Y="162"/>
	<Point X="224" Y="160"/>
	<Point X="225" Y="159"/>
	<Point X="226" Y="158"/>
	<Point X="228" Y="157"/>
	<Point X="229" Y="156"/>
	<Point X="230" Y="155"/>
	<Point X="233" Y="153"/>
	<Point X="234" Y="152"/>
	<Point X="236" Y="151"/>
	<Point X="237" Y="150"/>
	<Point X="237" Y="149"/>
	<Point X="239" Y="149"/>
	<Point X="240" Y="148"/>
	<Point X="241" Y="147"/>
	<Point X="242" Y="146"/>
	<Point X="244" Y="145"/>
	<Point X="245" Y="144"/>
	<Point X="246" Y="144"/>
	<Point X="247" Y="143"/>
	<Point X="248" Y="142"/>
	<Point X="248" Y="141"/>
	<Point X="249" Y="141"/>
	<Point X="249" Y="140"/>
	<Point X="250" Y="140"/>
	<Point X="250" Y="139"/>
	<Point X="251" Y="139"/>
</Gesture>
