<?xml version="1.0" ?>
<Gesture Name="circle01" Subject="03" Number="01" NumPts="125">
	<Point X="183" Y="128"/>
	<Point X="182" Y="128"/>
	<Point X="181" Y="128"/>
	<Point X="180" Y="128"/>
	<Point X="179" Y="128"/>
	<Point X="178" Y="128"/>
	<Point X="177" Y="128"/>
	<Point X="176" Y="128"/>
	<Point X="175" Y="128"/>
	<Point X="174" Y="128"/>
	<Point X="173" Y="128"/>
	<Point X="172" Y="128"/>
	<Point X="171" Y="129"/>
	<Point X="170" Y="129"/>
	<Point X="169" Y="130"/>
	<Point X="168" Y="130"/>
	<Point X="167" Y="131"/>
	<Point X="166" Y="131"/>
	<Point X="165" Y="132"/>
	<Point X="164" Y="132"/>
	<Point X="164" Y="133"/>
	<Point X="163" Y="133"/>
	<Point X="162" Y="134"/>
	<Point X="162" Y="135"/>
	<Point X="161" Y="135"/>
	<Point X="161" Y="136"/>
	<Point X="160" Y="136"/>
	<Point X="159" Y="137"/>
	<Point X="158" Y="138"/>
	<Point X="158" Y="139"/>
	<Point X="158" Y="140"/>
	<Point X="157" Y="141"/>
	<Point X="157" Y="142"/>
	<Point X="157" Y="143"/>
	<Point X="157" Y="144"/>
	<Point X="156" Y="145"/>
	<Point X="156" Y="147"/>
	<Point X="156" Y="148"/>
	<Point X="156" Y="149"/>
	<Point X="156" Y="150"/>
	<Point X="156" Y="151"/>
	<Point X="156" Y="152"/>
	<Point X="156" Y="153"/>
	<Point X="157" Y="153"/>
	<Point X="157" Y="155"/>
	<Point X="157" Y="156"/>
	<Point X="158" Y="157"/>
	<Point X="158" Y="158"/>
	<Point X="159" Y="159"/>
	<Point X="159" Y="160"/>
	<Point X="160" Y="160"/>
	<Point X="160" Y="161"/>
	<Point X="161" Y="161"/>
	<Point X="162" Y="162"/>
	<Point X="162" Y="163"/>
	<Point X="164" Y="164"/>
	<Point X="165" Y="165"/>
	<Point X="166" Y="165"/>
	<Point X="167" Y="165"/>
	<Point X="169" Y="166"/>
	<Point X="170" Y="166"/>
	<Point X="171" Y="166"/>
	<Point X="172" Y="166"/>
	<Point X="173" Y="167"/>
	<Point X="174" Y="167"/>
	<Point X="175" Y="167"/>
	<Point X="176" Y="167"/>
	<Point X="177" Y="167"/>
	<Point X="178" Y="168"/>
	<Point X="181" Y="168"/>
	<Point X="182" Y="168"/>
	<Point X="183" Y="168"/>
	<Point X="184" Y="168"/>
	<Point X="185" Y="168"/>
	<Point X="186" Y="167"/>
	<Point X="187" Y="167"/>
	<Point X="188" Y="166"/>
	<Point X="189" Y="166"/>
	<Point X="190" Y="166"/>
	<Point X="191" Y="165"/>
	<Point X="192" Y="165"/>
	<Point X="192" Y="164"/>
	<Point X="193" Y="164"/>
	<Point X="194" Y="164"/>
	<Point X="194" Y="163"/>
	<Point X="195" Y="163"/>
	<Point X="196" Y="162"/>
	<Point X="196" Y="161"/>
	<Point X="197" Y="161"/>
	<Point X="198" Y="160"/>
	<Point X="198" Y="159"/>
	<Point X="199" Y="159"/>
	<Point X="199" Y="157"/>
	<Point X="200" Y="157"/>
	<Point X="200" Y="156"/>
	<Point X="200" Y="155"/>
	<Point X="201" Y="154"/>
	<Point X="201" Y="153"/>
	<Point X="201" Y="152"/>
	<Point X="201" Y="151"/>
	<Point X="201" Y="150"/>
	<Point X="201" Y="149"/>
	<Point X="201" Y="148"/>
	<Point X="201" Y="147"/>
	<Point X="201" Y="145"/>
	<Point X="201" Y="144"/>
	<Point X="200" Y="144"/>
	<Point X="200" Y="143"/>
	<Point X="200" Y="142"/>
	<Point X="200" Y="141"/>
	<Point X="199" Y="141"/>
	<Point X="199" Y="140"/>
	<Point X="199" Y="139"/>
	<Point X="198" Y="139"/>
	<Point X="198" Y="138"/>
	<Point X="198" Y="137"/>
	<Point X="197" Y="137"/>
	<Point X="196" Y="136"/>
	<Point X="196" Y="135"/>
	<Point X="195" Y="135"/>
	<Point X="195" Y="134"/>
	<Point X="194" Y="134"/>
	<Point X="193" Y="134"/>
	<Point X="192" Y="134"/>
	<Point X="191" Y="134"/>
</Gesture>
