<?xml version="1.0" ?>
<Gesture Name="circle02" Subject="03" Number="02" NumPts="147">
	<Point X="191" Y="143"/>
	<Point X="190" Y="143"/>
	<Point X="190" Y="142"/>
	<Point X="189" Y="142"/>
	<Point X="188" Y="142"/>
	<Point X="187" Y="142"/>
	<Point X="186" Y="142"/>
	<Point X="185" Y="142"/>
	<Point X="184" Y="142"/>
	<Point X="183" Y="141"/>
	<Point X="182" Y="141"/>
	<Point X="181" Y="141"/>
	<Point X="180" Y="141"/>
	<Point X="179" Y="141"/>
	<Point X="178" Y="141"/>
	<Point X="177" Y="141"/>
	<Point X="176" Y="141"/>
	<Point X="175" Y="141"/>
	<Point X="174" Y="142"/>
	<Point X="173" Y="143"/>
	<Point X="171" Y="143"/>
	<Point X="170" Y="144"/>
	<Point X="169" Y="144"/>
	<Point X="167" Y="145"/>
	<Point X="166" Y="145"/>
	<Point X="166" Y="146"/>
	<Point X="165" Y="147"/>
	<Point X="164" Y="147"/>
	<Point X="163" Y="148"/>
	<Point X="162" Y="149"/>
	<Point X="161" Y="150"/>
	<Point X="160" Y="151"/>
	<Point X="159" Y="152"/>
	<Point X="158" Y="153"/>
	<Point X="157" Y="155"/>
	<Point X="157" Y="156"/>
	<Point X="156" Y="158"/>
	<Point X="156" Y="159"/>
	<Point X="156" Y="161"/>
	<Point X="156" Y="162"/>
	<Point X="155" Y="164"/>
	<Point X="155" Y="165"/>
	<Point X="155" Y="167"/>
	<Point X="155" Y="168"/>
	<Point X="155" Y="170"/>
	<Point X="155" Y="172"/>
	<Point X="155" Y="173"/>
	<Point X="155" Y="174"/>
	<Point X="155" Y="175"/>
	<Point X="156" Y="177"/>
	<Point X="156" Y="178"/>
	<Point X="157" Y="179"/>
	<Point X="157" Y="180"/>
	<Point X="158" Y="180"/>
	<Point X="158" Y="181"/>
	<Point X="159" Y="182"/>
	<Point X="159" Y="183"/>
	<Point X="161" Y="184"/>
	<Point X="161" Y="185"/>
	<Point X="162" Y="186"/>
	<Point X="163" Y="186"/>
	<Point X="165" Y="187"/>
	<Point X="166" Y="188"/>
	<Point X="167" Y="189"/>
	<Point X="169" Y="189"/>
	<Point X="170" Y="189"/>
	<Point X="171" Y="190"/>
	<Point X="173" Y="190"/>
	<Point X="174" Y="190"/>
	<Point X="177" Y="190"/>
	<Point X="178" Y="190"/>
	<Point X="181" Y="190"/>
	<Point X="182" Y="190"/>
	<Point X="184" Y="190"/>
	<Point X="185" Y="190"/>
	<Point X="187" Y="190"/>
	<Point X="189" Y="190"/>
	<Point X="191" Y="190"/>
	<Point X="192" Y="190"/>
	<Point X="195" Y="190"/>
	<Point X="196" Y="190"/>
	<Point X="198" Y="190"/>
	<Point X="199" Y="190"/>
	<Point X="201" Y="189"/>
	<Point X="202" Y="189"/>
	<Point X="203" Y="189"/>
	<Point X="205" Y="188"/>
	<Point X="206" Y="188"/>
	<Point X="207" Y="188"/>
	<Point X="209" Y="186"/>
	<Point X="211" Y="186"/>
	<Point X="211" Y="185"/>
	<Point X="212" Y="185"/>
	<Point X="213" Y="185"/>
	<Point X="214" Y="184"/>
	<Point X="215" Y="183"/>
	<Point X="215" Y="182"/>
	<Point X="216" Y="182"/>
	<Point X="216" Y="181"/>
	<Point X="216" Y="180"/>
	<Point X="217" Y="180"/>
	<Point X="217" Y="179"/>
	<Point X="218" Y="178"/>
	<Point X="218" Y="177"/>
	<Point X="218" Y="176"/>
	<Point X="218" Y="175"/>
	<Point X="218" Y="174"/>
	<Point X="218" Y="173"/>
	<Point X="218" Y="172"/>
	<Point X="218" Y="171"/>
	<Point X="218" Y="170"/>
	<Point X="218" Y="169"/>
	<Point X="218" Y="168"/>
	<Point X="218" Y="167"/>
	<Point X="218" Y="166"/>
	<Point X="217" Y="166"/>
	<Point X="217" Y="165"/>
	<Point X="217" Y="164"/>
	<Point X="216" Y="163"/>
	<Point X="216" Y="162"/>
	<Point X="216" Y="161"/>
	<Point X="215" Y="160"/>
	<Point X="215" Y="159"/>
	<Point X="215" Y="158"/>
	<Point X="214" Y="157"/>
	<Point X="214" Y="156"/>
	<Point X="213" Y="156"/>
	<Point X="213" Y="155"/>
	<Point X="212" Y="155"/>
	<Point X="212" Y="154"/>
	<Point X="211" Y="153"/>
	<Point X="211" Y="152"/>
	<Point X="210" Y="152"/>
	<Point X="209" Y="151"/>
	<Point X="208" Y="151"/>
	<Point X="208" Y="150"/>
	<Point X="207" Y="149"/>
	<Point X="206" Y="149"/>
	<Point X="205" Y="148"/>
	<Point X="204" Y="148"/>
	<Point X="203" Y="148"/>
	<Point X="203" Y="147"/>
	<Point X="202" Y="147"/>
	<Point X="201" Y="147"/>
	<Point X="200" Y="147"/>
	<Point X="199" Y="147"/>
	<Point X="198" Y="147"/>
</Gesture>
