<?xml version="1.0" ?>
<Gesture Name="circle05" Subject="03" Number="05" NumPts="143">
	<Point X="193" Y="161"/>
	<Point X="192" Y="161"/>
	<Point X="191" Y="161"/>
	<Point X="190" Y="161"/>
	<Point X="190" Y="162"/>
	<Point X="189" Y="162"/>
	<Point X="188" Y="162"/>
	<Point X="187" Y="163"/>
	<Point X="186" Y="163"/>
	<Point X="186" Y="164"/>
	<Point X="185" Y="164"/>
	<Point X="184" Y="164"/>
	<Point X="184" Y="165"/>
	<Point X="183" Y="166"/>
	<Point X="182" Y="166"/>
	<Point X="182" Y="167"/>
	<Point X="181" Y="167"/>
	<Point X="181" Y="168"/>
	<Point X="180" Y="168"/>
	<Point X="180" Y="169"/>
	<Point X="180" Y="170"/>
	<Point X="179" Y="171"/>
	<Point X="178" Y="171"/>
	<Point X="178" Y="172"/>
	<Point X="178" Y="173"/>
	<Point X="177" Y="174"/>
	<Point X="177" Y="175"/>
	<Point X="177" Y="176"/>
	<Point X="177" Y="177"/>
	<Point X="177" Y="178"/>
	<Point X="177" Y="179"/>
	<Point X="177" Y="182"/>
	<Point X="177" Y="183"/>
	<Point X="177" Y="184"/>
	<Point X="177" Y="185"/>
	<Point X="177" Y="186"/>
	<Point X="177" Y="187"/>
	<Point X="177" Y="188"/>
	<Point X="177" Y="189"/>
	<Point X="177" Y="190"/>
	<Point X="177" Y="191"/>
	<Point X="177" Y="192"/>
	<Point X="177" Y="193"/>
	<Point X="178" Y="193"/>
	<Point X="178" Y="195"/>
	<Point X="179" Y="196"/>
	<Point X="179" Y="197"/>
	<Point X="180" Y="197"/>
	<Point X="180" Y="198"/>
	<Point X="180" Y="199"/>
	<Point X="181" Y="200"/>
	<Point X="182" Y="201"/>
	<Point X="183" Y="201"/>
	<Point X="183" Y="202"/>
	<Point X="184" Y="203"/>
	<Point X="185" Y="203"/>
	<Point X="186" Y="204"/>
	<Point X="186" Y="205"/>
	<Point X="187" Y="205"/>
	<Point X="189" Y="205"/>
	<Point X="190" Y="206"/>
	<Point X="191" Y="207"/>
	<Point X="192" Y="207"/>
	<Point X="194" Y="207"/>
	<Point X="195" Y="207"/>
	<Point X="197" Y="208"/>
	<Point X="198" Y="208"/>
	<Point X="199" Y="208"/>
	<Point X="201" Y="208"/>
	<Point X="203" Y="208"/>
	<Point X="204" Y="208"/>
	<Point X="206" Y="208"/>
	<Point X="208" Y="208"/>
	<Point X="209" Y="208"/>
	<Point X="211" Y="208"/>
	<Point X="212" Y="208"/>
	<Point X="213" Y="208"/>
	<Point X="214" Y="208"/>
	<Point X="215" Y="207"/>
	<Point X="217" Y="207"/>
	<Point X="218" Y="207"/>
	<Point X="219" Y="206"/>
	<Point X="220" Y="206"/>
	<Point X="221" Y="205"/>
	<Point X="222" Y="205"/>
	<Point X="222" Y="204"/>
	<Point X="223" Y="204"/>
	<Point X="224" Y="203"/>
	<Point X="225" Y="203"/>
	<Point X="225" Y="202"/>
	<Point X="226" Y="202"/>
	<Point X="226" Y="201"/>
	<Point X="227" Y="200"/>
	<Point X="227" Y="199"/>
	<Point X="228" Y="199"/>
	<Point X="228" Y="198"/>
	<Point X="228" Y="197"/>
	<Point X="229" Y="197"/>
	<Point X="229" Y="196"/>
	<Point X="229" Y="195"/>
	<Point X="229" Y="194"/>
	<Point X="229" Y="193"/>
	<Point X="229" Y="192"/>
	<Point X="229" Y="191"/>
	<Point X="229" Y="190"/>
	<Point X="229" Y="189"/>
	<Point X="229" Y="188"/>
	<Point X="229" Y="187"/>
	<Point X="229" Y="186"/>
	<Point X="229" Y="185"/>
	<Point X="229" Y="184"/>
	<Point X="229" Y="183"/>
	<Point X="228" Y="183"/>
	<Point X="228" Y="181"/>
	<Point X="227" Y="180"/>
	<Point X="227" Y="179"/>
	<Point X="226" Y="178"/>
	<Point X="226" Y="177"/>
	<Point X="225" Y="176"/>
	<Point X="225" Y="175"/>
	<Point X="224" Y="174"/>
	<Point X="223" Y="174"/>
	<Point X="223" Y="173"/>
	<Point X="222" Y="172"/>
	<Point X="222" Y="171"/>
	<Point X="221" Y="170"/>
	<Point X="220" Y="169"/>
	<Point X="219" Y="168"/>
	<Point X="218" Y="167"/>
	<Point X="217" Y="167"/>
	<Point X="217" Y="166"/>
	<Point X="215" Y="164"/>
	<Point X="214" Y="164"/>
	<Point X="214" Y="163"/>
	<Point X="212" Y="162"/>
	<Point X="210" Y="161"/>
	<Point X="209" Y="160"/>
	<Point X="208" Y="159"/>
	<Point X="207" Y="159"/>
	<Point X="206" Y="158"/>
	<Point X="205" Y="158"/>
	<Point X="204" Y="158"/>
	<Point X="203" Y="158"/>
</Gesture>
