<?xml version="1.0" ?>
<Gesture Name="circle09" Subject="03" Number="09" NumPts="155">
	<Point X="191" Y="181"/>
	<Point X="190" Y="181"/>
	<Point X="189" Y="181"/>
	<Point X="188" Y="180"/>
	<Point X="187" Y="180"/>
	<Point X="186" Y="180"/>
	<Point X="185" Y="180"/>
	<Point X="184" Y="179"/>
	<Point X="183" Y="179"/>
	<Point X="182" Y="179"/>
	<Point X="180" Y="179"/>
	<Point X="179" Y="179"/>
	<Point X="178" Y="179"/>
	<Point X="177" Y="179"/>
	<Point X="176" Y="179"/>
	<Point X="174" Y="179"/>
	<Point X="173" Y="179"/>
	<Point X="172" Y="179"/>
	<Point X="171" Y="179"/>
	<Point X="170" Y="180"/>
	<Point X="169" Y="180"/>
	<Point X="168" Y="180"/>
	<Point X="168" Y="181"/>
	<Point X="167" Y="181"/>
	<Point X="167" Y="182"/>
	<Point X="166" Y="183"/>
	<Point X="165" Y="183"/>
	<Point X="165" Y="184"/>
	<Point X="165" Y="185"/>
	<Point X="164" Y="185"/>
	<Point X="164" Y="186"/>
	<Point X="164" Y="187"/>
	<Point X="164" Y="188"/>
	<Point X="163" Y="189"/>
	<Point X="163" Y="191"/>
	<Point X="163" Y="192"/>
	<Point X="163" Y="193"/>
	<Point X="163" Y="194"/>
	<Point X="163" Y="196"/>
	<Point X="163" Y="197"/>
	<Point X="163" Y="198"/>
	<Point X="163" Y="199"/>
	<Point X="163" Y="200"/>
	<Point X="163" Y="202"/>
	<Point X="163" Y="203"/>
	<Point X="163" Y="204"/>
	<Point X="163" Y="205"/>
	<Point X="163" Y="207"/>
	<Point X="164" Y="208"/>
	<Point X="164" Y="209"/>
	<Point X="165" Y="210"/>
	<Point X="165" Y="211"/>
	<Point X="165" Y="212"/>
	<Point X="166" Y="213"/>
	<Point X="167" Y="214"/>
	<Point X="168" Y="215"/>
	<Point X="169" Y="217"/>
	<Point X="170" Y="218"/>
	<Point X="170" Y="219"/>
	<Point X="171" Y="220"/>
	<Point X="172" Y="221"/>
	<Point X="174" Y="222"/>
	<Point X="175" Y="223"/>
	<Point X="177" Y="224"/>
	<Point X="178" Y="225"/>
	<Point X="179" Y="226"/>
	<Point X="181" Y="227"/>
	<Point X="182" Y="228"/>
	<Point X="184" Y="229"/>
	<Point X="185" Y="229"/>
	<Point X="188" Y="230"/>
	<Point X="189" Y="231"/>
	<Point X="190" Y="232"/>
	<Point X="192" Y="232"/>
	<Point X="193" Y="232"/>
	<Point X="196" Y="233"/>
	<Point X="197" Y="233"/>
	<Point X="199" Y="233"/>
	<Point X="200" Y="233"/>
	<Point X="201" Y="233"/>
	<Point X="202" Y="233"/>
	<Point X="203" Y="233"/>
	<Point X="204" Y="233"/>
	<Point X="205" Y="233"/>
	<Point X="206" Y="233"/>
	<Point X="208" Y="233"/>
	<Point X="209" Y="233"/>
	<Point X="210" Y="233"/>
	<Point X="211" Y="233"/>
	<Point X="212" Y="233"/>
	<Point X="213" Y="232"/>
	<Point X="214" Y="232"/>
	<Point X="215" Y="232"/>
	<Point X="215" Y="231"/>
	<Point X="216" Y="231"/>
	<Point X="217" Y="231"/>
	<Point X="217" Y="230"/>
	<Point X="217" Y="229"/>
	<Point X="218" Y="229"/>
	<Point X="219" Y="229"/>
	<Point X="219" Y="228"/>
	<Point X="219" Y="227"/>
	<Point X="220" Y="227"/>
	<Point X="220" Y="226"/>
	<Point X="220" Y="225"/>
	<Point X="220" Y="224"/>
	<Point X="220" Y="223"/>
	<Point X="220" Y="222"/>
	<Point X="221" Y="222"/>
	<Point X="221" Y="221"/>
	<Point X="221" Y="220"/>
	<Point X="221" Y="219"/>
	<Point X="221" Y="218"/>
	<Point X="221" Y="217"/>
	<Point X="221" Y="216"/>
	<Point X="221" Y="215"/>
	<Point X="221" Y="214"/>
	<Point X="221" Y="213"/>
	<Point X="220" Y="213"/>
	<Point X="220" Y="212"/>
	<Point X="220" Y="211"/>
	<Point X="220" Y="210"/>
	<Point X="219" Y="209"/>
	<Point X="219" Y="208"/>
	<Point X="219" Y="207"/>
	<Point X="218" Y="206"/>
	<Point X="218" Y="205"/>
	<Point X="217" Y="205"/>
	<Point X="217" Y="203"/>
	<Point X="216" Y="202"/>
	<Point X="216" Y="201"/>
	<Point X="215" Y="200"/>
	<Point X="215" Y="199"/>
	<Point X="214" Y="199"/>
	<Point X="213" Y="198"/>
	<Point X="213" Y="197"/>
	<Point X="212" Y="196"/>
	<Point X="212" Y="195"/>
	<Point X="211" Y="195"/>
	<Point X="211" Y="194"/>
	<Point X="210" Y="194"/>
	<Point X="209" Y="194"/>
	<Point X="209" Y="193"/>
	<Point X="208" Y="192"/>
	<Point X="207" Y="192"/>
	<Point X="207" Y="191"/>
	<Point X="206" Y="191"/>
	<Point X="205" Y="191"/>
	<Point X="204" Y="191"/>
	<Point X="204" Y="190"/>
	<Point X="203" Y="190"/>
	<Point X="202" Y="190"/>
	<Point X="201" Y="189"/>
	<Point X="200" Y="189"/>
	<Point X="199" Y="189"/>
</Gesture>
