<?xml version="1.0" ?>
<Gesture Name="circle07" Subject="03" Number="07" NumPts="135">
	<Point X="196" Y="174"/>
	<Point X="196" Y="173"/>
	<Point X="195" Y="173"/>
	<Point X="194" Y="173"/>
	<Point X="193" Y="173"/>
	<Point X="192" Y="173"/>
	<Point X="191" Y="173"/>
	<Point X="190" Y="173"/>
	<Point X="189" Y="173"/>
	<Point X="188" Y="173"/>
	<Point X="187" Y="174"/>
	<Point X="186" Y="174"/>
	<Point X="185" Y="174"/>
	<Point X="184" Y="174"/>
	<Point X="184" Y="175"/>
	<Point X="183" Y="175"/>
	<Point X="182" Y="175"/>
	<Point X="181" Y="176"/>
	<Point X="180" Y="176"/>
	<Point X="180" Y="177"/>
	<Point X="179" Y="177"/>
	<Point X="178" Y="178"/>
	<Point X="178" Y="179"/>
	<Point X="177" Y="179"/>
	<Point X="177" Y="180"/>
	<Point X="177" Y="181"/>
	<Point X="176" Y="181"/>
	<Point X="176" Y="183"/>
	<Point X="175" Y="184"/>
	<Point X="174" Y="185"/>
	<Point X="174" Y="187"/>
	<Point X="174" Y="188"/>
	<Point X="174" Y="189"/>
	<Point X="173" Y="190"/>
	<Point X="173" Y="191"/>
	<Point X="173" Y="192"/>
	<Point X="173" Y="193"/>
	<Point X="173" Y="194"/>
	<Point X="173" Y="195"/>
	<Point X="173" Y="196"/>
	<Point X="173" Y="197"/>
	<Point X="174" Y="198"/>
	<Point X="174" Y="199"/>
	<Point X="174" Y="200"/>
	<Point X="175" Y="200"/>
	<Point X="175" Y="201"/>
	<Point X="176" Y="201"/>
	<Point X="176" Y="202"/>
	<Point X="176" Y="203"/>
	<Point X="177" Y="204"/>
	<Point X="178" Y="204"/>
	<Point X="178" Y="205"/>
	<Point X="179" Y="205"/>
	<Point X="180" Y="206"/>
	<Point X="181" Y="207"/>
	<Point X="182" Y="207"/>
	<Point X="184" Y="208"/>
	<Point X="185" Y="208"/>
	<Point X="187" Y="208"/>
	<Point X="188" Y="209"/>
	<Point X="189" Y="209"/>
	<Point X="191" Y="209"/>
	<Point X="192" Y="209"/>
	<Point X="193" Y="209"/>
	<Point X="194" Y="209"/>
	<Point X="196" Y="210"/>
	<Point X="198" Y="210"/>
	<Point X="200" Y="210"/>
	<Point X="201" Y="210"/>
	<Point X="202" Y="210"/>
	<Point X="203" Y="210"/>
	<Point X="204" Y="210"/>
	<Point X="205" Y="210"/>
	<Point X="207" Y="210"/>
	<Point X="208" Y="210"/>
	<Point X="210" Y="209"/>
	<Point X="211" Y="209"/>
	<Point X="213" Y="209"/>
	<Point X="214" Y="209"/>
	<Point X="215" Y="208"/>
	<Point X="216" Y="208"/>
	<Point X="217" Y="208"/>
	<Point X="218" Y="208"/>
	<Point X="219" Y="208"/>
	<Point X="220" Y="207"/>
	<Point X="221" Y="207"/>
	<Point X="222" Y="206"/>
	<Point X="223" Y="205"/>
	<Point X="223" Y="204"/>
	<Point X="224" Y="204"/>
	<Point X="224" Y="203"/>
	<Point X="225" Y="203"/>
	<Point X="225" Y="202"/>
	<Point X="225" Y="201"/>
	<Point X="225" Y="200"/>
	<Point X="225" Y="199"/>
	<Point X="225" Y="198"/>
	<Point X="225" Y="197"/>
	<Point X="225" Y="196"/>
	<Point X="225" Y="195"/>
	<Point X="225" Y="194"/>
	<Point X="224" Y="193"/>
	<Point X="223" Y="192"/>
	<Point X="223" Y="191"/>
	<Point X="222" Y="191"/>
	<Point X="222" Y="190"/>
	<Point X="222" Y="189"/>
	<Point X="221" Y="189"/>
	<Point X="221" Y="188"/>
	<Point X="220" Y="188"/>
	<Point X="219" Y="187"/>
	<Point X="218" Y="186"/>
	<Point X="218" Y="185"/>
	<Point X="217" Y="185"/>
	<Point X="216" Y="184"/>
	<Point X="215" Y="184"/>
	<Point X="215" Y="183"/>
	<Point X="214" Y="182"/>
	<Point X="212" Y="181"/>
	<Point X="211" Y="180"/>
	<Point X="210" Y="179"/>
	<Point X="209" Y="179"/>
	<Point X="207" Y="178"/>
	<Point X="207" Y="177"/>
	<Point X="206" Y="176"/>
	<Point X="205" Y="176"/>
	<Point X="205" Y="175"/>
	<Point X="204" Y="175"/>
	<Point X="203" Y="174"/>
	<Point X="202" Y="174"/>
	<Point X="202" Y="173"/>
	<Point X="201" Y="173"/>
	<Point X="201" Y="172"/>
	<Point X="200" Y="172"/>
	<Point X="200" Y="171"/>
</Gesture>
