<?xml version="1.0" ?>
<Gesture Name="circle08" Subject="03" Number="08" NumPts="119">
	<Point X="192" Y="177"/>
	<Point X="191" Y="177"/>
	<Point X="190" Y="177"/>
	<Point X="189" Y="177"/>
	<Point X="188" Y="177"/>
	<Point X="187" Y="177"/>
	<Point X="186" Y="177"/>
	<Point X="185" Y="177"/>
	<Point X="184" Y="178"/>
	<Point X="183" Y="178"/>
	<Point X="182" Y="179"/>
	<Point X="181" Y="179"/>
	<Point X="180" Y="180"/>
	<Point X="179" Y="180"/>
	<Point X="178" Y="181"/>
	<Point X="177" Y="181"/>
	<Point X="177" Y="182"/>
	<Point X="176" Y="183"/>
	<Point X="176" Y="184"/>
	<Point X="175" Y="184"/>
	<Point X="174" Y="185"/>
	<Point X="174" Y="186"/>
	<Point X="173" Y="187"/>
	<Point X="173" Y="188"/>
	<Point X="173" Y="189"/>
	<Point X="172" Y="190"/>
	<Point X="172" Y="191"/>
	<Point X="172" Y="192"/>
	<Point X="172" Y="193"/>
	<Point X="171" Y="193"/>
	<Point X="171" Y="194"/>
	<Point X="171" Y="195"/>
	<Point X="171" Y="196"/>
	<Point X="171" Y="197"/>
	<Point X="171" Y="198"/>
	<Point X="171" Y="199"/>
	<Point X="171" Y="200"/>
	<Point X="172" Y="201"/>
	<Point X="172" Y="202"/>
	<Point X="172" Y="203"/>
	<Point X="173" Y="204"/>
	<Point X="173" Y="205"/>
	<Point X="174" Y="205"/>
	<Point X="174" Y="206"/>
	<Point X="175" Y="206"/>
	<Point X="175" Y="207"/>
	<Point X="176" Y="207"/>
	<Point X="176" Y="208"/>
	<Point X="177" Y="208"/>
	<Point X="178" Y="209"/>
	<Point X="179" Y="209"/>
	<Point X="180" Y="210"/>
	<Point X="181" Y="210"/>
	<Point X="182" Y="211"/>
	<Point X="183" Y="212"/>
	<Point X="184" Y="212"/>
	<Point X="185" Y="212"/>
	<Point X="186" Y="213"/>
	<Point X="187" Y="213"/>
	<Point X="188" Y="213"/>
	<Point X="189" Y="213"/>
	<Point X="190" Y="214"/>
	<Point X="192" Y="214"/>
	<Point X="193" Y="214"/>
	<Point X="194" Y="214"/>
	<Point X="195" Y="214"/>
	<Point X="197" Y="214"/>
	<Point X="198" Y="214"/>
	<Point X="200" Y="214"/>
	<Point X="201" Y="214"/>
	<Point X="202" Y="214"/>
	<Point X="203" Y="214"/>
	<Point X="204" Y="213"/>
	<Point X="205" Y="213"/>
	<Point X="207" Y="213"/>
	<Point X="208" Y="213"/>
	<Point X="208" Y="212"/>
	<Point X="209" Y="212"/>
	<Point X="210" Y="212"/>
	<Point X="211" Y="211"/>
	<Point X="212" Y="210"/>
	<Point X="213" Y="210"/>
	<Point X="213" Y="209"/>
	<Point X="214" Y="209"/>
	<Point X="214" Y="208"/>
	<Point X="215" Y="208"/>
	<Point X="215" Y="207"/>
	<Point X="216" Y="206"/>
	<Point X="216" Y="205"/>
	<Point X="217" Y="204"/>
	<Point X="217" Y="203"/>
	<Point X="217" Y="202"/>
	<Point X="217" Y="201"/>
	<Point X="217" Y="200"/>
	<Point X="217" Y="199"/>
	<Point X="217" Y="198"/>
	<Point X="217" Y="197"/>
	<Point X="217" Y="196"/>
	<Point X="217" Y="195"/>
	<Point X="217" Y="194"/>
	<Point X="217" Y="193"/>
	<Point X="217" Y="192"/>
	<Point X="217" Y="191"/>
	<Point X="216" Y="190"/>
	<Point X="216" Y="189"/>
	<Point X="215" Y="189"/>
	<Point X="215" Y="188"/>
	<Point X="215" Y="187"/>
	<Point X="214" Y="187"/>
	<Point X="214" Y="186"/>
	<Point X="213" Y="186"/>
	<Point X="213" Y="185"/>
	<Point X="212" Y="185"/>
	<Point X="211" Y="184"/>
	<Point X="210" Y="184"/>
	<Point X="209" Y="183"/>
	<Point X="208" Y="183"/>
	<Point X="207" Y="183"/>
	<Point X="206" Y="183"/>
</Gesture>
