<?xml version="1.0" ?>
<Gesture Name="circle06" Subject="03" Number="06" NumPts="137">
	<Point X="201" Y="163"/>
	<Point X="200" Y="163"/>
	<Point X="199" Y="163"/>
	<Point X="198" Y="163"/>
	<Point X="197" Y="163"/>
	<Point X="196" Y="163"/>
	<Point X="195" Y="163"/>
	<Point X="194" Y="163"/>
	<Point X="193" Y="164"/>
	<Point X="192" Y="164"/>
	<Point X="191" Y="164"/>
	<Point X="190" Y="165"/>
	<Point X="189" Y="165"/>
	<Point X="189" Y="166"/>
	<Point X="188" Y="166"/>
	<Point X="187" Y="167"/>
	<Point X="186" Y="167"/>
	<Point X="186" Y="168"/>
	<Point X="185" Y="168"/>
	<Point X="185" Y="169"/>
	<Point X="185" Y="170"/>
	<Point X="184" Y="170"/>
	<Point X="184" Y="171"/>
	<Point X="183" Y="172"/>
	<Point X="182" Y="174"/>
	<Point X="182" Y="175"/>
	<Point X="182" Y="176"/>
	<Point X="182" Y="177"/>
	<Point X="182" Y="179"/>
	<Point X="182" Y="180"/>
	<Point X="182" Y="181"/>
	<Point X="182" Y="182"/>
	<Point X="182" Y="183"/>
	<Point X="182" Y="184"/>
	<Point X="182" Y="185"/>
	<Point X="182" Y="186"/>
	<Point X="182" Y="187"/>
	<Point X="182" Y="188"/>
	<Point X="182" Y="189"/>
	<Point X="183" Y="190"/>
	<Point X="184" Y="191"/>
	<Point X="184" Y="192"/>
	<Point X="184" Y="193"/>
	<Point X="185" Y="194"/>
	<Point X="185" Y="195"/>
	<Point X="186" Y="195"/>
	<Point X="186" Y="196"/>
	<Point X="186" Y="197"/>
	<Point X="187" Y="197"/>
	<Point X="188" Y="199"/>
	<Point X="189" Y="199"/>
	<Point X="189" Y="200"/>
	<Point X="190" Y="200"/>
	<Point X="191" Y="201"/>
	<Point X="193" Y="202"/>
	<Point X="193" Y="203"/>
	<Point X="195" Y="203"/>
	<Point X="196" Y="204"/>
	<Point X="197" Y="204"/>
	<Point X="198" Y="204"/>
	<Point X="200" Y="205"/>
	<Point X="201" Y="205"/>
	<Point X="202" Y="205"/>
	<Point X="203" Y="205"/>
	<Point X="204" Y="205"/>
	<Point X="206" Y="206"/>
	<Point X="207" Y="206"/>
	<Point X="208" Y="206"/>
	<Point X="209" Y="206"/>
	<Point X="210" Y="206"/>
	<Point X="211" Y="206"/>
	<Point X="212" Y="206"/>
	<Point X="213" Y="206"/>
	<Point X="214" Y="206"/>
	<Point X="215" Y="206"/>
	<Point X="216" Y="205"/>
	<Point X="217" Y="205"/>
	<Point X="218" Y="205"/>
	<Point X="219" Y="205"/>
	<Point X="219" Y="204"/>
	<Point X="220" Y="204"/>
	<Point X="221" Y="204"/>
	<Point X="222" Y="204"/>
	<Point X="223" Y="203"/>
	<Point X="224" Y="203"/>
	<Point X="224" Y="202"/>
	<Point X="225" Y="201"/>
	<Point X="226" Y="201"/>
	<Point X="226" Y="200"/>
	<Point X="227" Y="200"/>
	<Point X="227" Y="199"/>
	<Point X="228" Y="199"/>
	<Point X="228" Y="198"/>
	<Point X="229" Y="197"/>
	<Point X="229" Y="196"/>
	<Point X="229" Y="195"/>
	<Point X="230" Y="194"/>
	<Point X="230" Y="193"/>
	<Point X="230" Y="192"/>
	<Point X="230" Y="191"/>
	<Point X="230" Y="190"/>
	<Point X="230" Y="189"/>
	<Point X="230" Y="188"/>
	<Point X="230" Y="187"/>
	<Point X="230" Y="186"/>
	<Point X="230" Y="185"/>
	<Point X="229" Y="185"/>
	<Point X="229" Y="184"/>
	<Point X="229" Y="183"/>
	<Point X="228" Y="182"/>
	<Point X="228" Y="181"/>
	<Point X="227" Y="181"/>
	<Point X="227" Y="180"/>
	<Point X="226" Y="179"/>
	<Point X="225" Y="177"/>
	<Point X="224" Y="176"/>
	<Point X="223" Y="176"/>
	<Point X="222" Y="175"/>
	<Point X="222" Y="174"/>
	<Point X="221" Y="174"/>
	<Point X="220" Y="172"/>
	<Point X="219" Y="172"/>
	<Point X="218" Y="171"/>
	<Point X="215" Y="170"/>
	<Point X="214" Y="169"/>
	<Point X="213" Y="168"/>
	<Point X="212" Y="168"/>
	<Point X="211" Y="168"/>
	<Point X="210" Y="167"/>
	<Point X="209" Y="167"/>
	<Point X="208" Y="167"/>
	<Point X="207" Y="166"/>
	<Point X="206" Y="166"/>
	<Point X="205" Y="166"/>
	<Point X="204" Y="166"/>
	<Point X="203" Y="166"/>
	<Point X="203" Y="165"/>
</Gesture>
