<?xml version="1.0" ?>
<Gesture Name="circle03" Subject="03" Number="03" NumPts="141">
	<Point X="188" Y="146"/>
	<Point X="187" Y="146"/>
	<Point X="186" Y="146"/>
	<Point X="185" Y="146"/>
	<Point X="184" Y="146"/>
	<Point X="183" Y="146"/>
	<Point X="182" Y="146"/>
	<Point X="182" Y="147"/>
	<Point X="181" Y="147"/>
	<Point X="181" Y="148"/>
	<Point X="180" Y="148"/>
	<Point X="179" Y="148"/>
	<Point X="179" Y="149"/>
	<Point X="178" Y="149"/>
	<Point X="178" Y="150"/>
	<Point X="177" Y="151"/>
	<Point X="177" Y="152"/>
	<Point X="176" Y="152"/>
	<Point X="175" Y="153"/>
	<Point X="175" Y="154"/>
	<Point X="175" Y="155"/>
	<Point X="174" Y="155"/>
	<Point X="174" Y="156"/>
	<Point X="174" Y="157"/>
	<Point X="174" Y="158"/>
	<Point X="174" Y="159"/>
	<Point X="173" Y="160"/>
	<Point X="173" Y="161"/>
	<Point X="173" Y="162"/>
	<Point X="173" Y="163"/>
	<Point X="173" Y="164"/>
	<Point X="173" Y="165"/>
	<Point X="173" Y="167"/>
	<Point X="173" Y="168"/>
	<Point X="173" Y="169"/>
	<Point X="173" Y="170"/>
	<Point X="173" Y="172"/>
	<Point X="173" Y="173"/>
	<Point X="174" Y="175"/>
	<Point X="174" Y="176"/>
	<Point X="174" Y="177"/>
	<Point X="175" Y="177"/>
	<Point X="175" Y="179"/>
	<Point X="175" Y="180"/>
	<Point X="176" Y="181"/>
	<Point X="177" Y="182"/>
	<Point X="177" Y="184"/>
	<Point X="178" Y="185"/>
	<Point X="179" Y="186"/>
	<Point X="179" Y="187"/>
	<Point X="180" Y="188"/>
	<Point X="181" Y="188"/>
	<Point X="181" Y="189"/>
	<Point X="182" Y="189"/>
	<Point X="182" Y="190"/>
	<Point X="183" Y="190"/>
	<Point X="184" Y="192"/>
	<Point X="185" Y="192"/>
	<Point X="186" Y="193"/>
	<Point X="187" Y="193"/>
	<Point X="188" Y="194"/>
	<Point X="190" Y="194"/>
	<Point X="191" Y="195"/>
	<Point X="192" Y="195"/>
	<Point X="193" Y="195"/>
	<Point X="195" Y="196"/>
	<Point X="196" Y="196"/>
	<Point X="198" Y="196"/>
	<Point X="199" Y="196"/>
	<Point X="201" Y="196"/>
	<Point X="202" Y="196"/>
	<Point X="204" Y="196"/>
	<Point X="205" Y="196"/>
	<Point X="206" Y="196"/>
	<Point X="208" Y="196"/>
	<Point X="210" Y="196"/>
	<Point X="211" Y="196"/>
	<Point X="212" Y="195"/>
	<Point X="214" Y="194"/>
	<Point X="215" Y="194"/>
	<Point X="216" Y="194"/>
	<Point X="217" Y="193"/>
	<Point X="218" Y="193"/>
	<Point X="219" Y="193"/>
	<Point X="219" Y="192"/>
	<Point X="220" Y="192"/>
	<Point X="221" Y="192"/>
	<Point X="222" Y="190"/>
	<Point X="223" Y="190"/>
	<Point X="223" Y="189"/>
	<Point X="224" Y="189"/>
	<Point X="224" Y="188"/>
	<Point X="224" Y="187"/>
	<Point X="225" Y="186"/>
	<Point X="225" Y="185"/>
	<Point X="226" Y="185"/>
	<Point X="226" Y="184"/>
	<Point X="226" Y="183"/>
	<Point X="226" Y="182"/>
	<Point X="227" Y="181"/>
	<Point X="227" Y="180"/>
	<Point X="227" Y="179"/>
	<Point X="227" Y="178"/>
	<Point X="227" Y="177"/>
	<Point X="227" Y="176"/>
	<Point X="227" Y="175"/>
	<Point X="227" Y="174"/>
	<Point X="227" Y="173"/>
	<Point X="227" Y="172"/>
	<Point X="227" Y="171"/>
	<Point X="227" Y="170"/>
	<Point X="227" Y="169"/>
	<Point X="227" Y="168"/>
	<Point X="227" Y="167"/>
	<Point X="226" Y="166"/>
	<Point X="226" Y="165"/>
	<Point X="225" Y="164"/>
	<Point X="224" Y="163"/>
	<Point X="223" Y="162"/>
	<Point X="223" Y="161"/>
	<Point X="222" Y="161"/>
	<Point X="222" Y="160"/>
	<Point X="221" Y="159"/>
	<Point X="220" Y="159"/>
	<Point X="219" Y="158"/>
	<Point X="218" Y="157"/>
	<Point X="218" Y="156"/>
	<Point X="217" Y="156"/>
	<Point X="216" Y="156"/>
	<Point X="215" Y="155"/>
	<Point X="214" Y="154"/>
	<Point X="213" Y="153"/>
	<Point X="212" Y="153"/>
	<Point X="211" Y="153"/>
	<Point X="211" Y="152"/>
	<Point X="210" Y="152"/>
	<Point X="209" Y="152"/>
	<Point X="208" Y="151"/>
	<Point X="207" Y="151"/>
	<Point X="206" Y="151"/>
	<Point X="206" Y="150"/>
</Gesture>
