<?xml version="1.0" ?>
<Gesture Name="circle04" Subject="03" Number="04" NumPts="143">
	<Point X="200" Y="156"/>
	<Point X="199" Y="156"/>
	<Point X="198" Y="156"/>
	<Point X="197" Y="156"/>
	<Point X="196" Y="156"/>
	<Point X="195" Y="156"/>
	<Point X="195" Y="157"/>
	<Point X="194" Y="157"/>
	<Point X="193" Y="157"/>
	<Point X="192" Y="158"/>
	<Point X="191" Y="158"/>
	<Point X="191" Y="159"/>
	<Point X="190" Y="159"/>
	<Point X="189" Y="160"/>
	<Point X="188" Y="161"/>
	<Point X="187" Y="161"/>
	<Point X="187" Y="162"/>
	<Point X="186" Y="163"/>
	<Point X="185" Y="164"/>
	<Point X="184" Y="165"/>
	<Point X="183" Y="166"/>
	<Point X="183" Y="167"/>
	<Point X="182" Y="167"/>
	<Point X="182" Y="168"/>
	<Point X="181" Y="169"/>
	<Point X="181" Y="170"/>
	<Point X="181" Y="171"/>
	<Point X="180" Y="172"/>
	<Point X="180" Y="173"/>
	<Point X="179" Y="175"/>
	<Point X="179" Y="176"/>
	<Point X="179" Y="177"/>
	<Point X="179" Y="178"/>
	<Point X="179" Y="179"/>
	<Point X="179" Y="180"/>
	<Point X="179" Y="181"/>
	<Point X="179" Y="182"/>
	<Point X="180" Y="186"/>
	<Point X="180" Y="187"/>
	<Point X="180" Y="188"/>
	<Point X="180" Y="189"/>
	<Point X="181" Y="190"/>
	<Point X="181" Y="192"/>
	<Point X="181" Y="193"/>
	<Point X="182" Y="193"/>
	<Point X="182" Y="195"/>
	<Point X="183" Y="196"/>
	<Point X="184" Y="197"/>
	<Point X="184" Y="198"/>
	<Point X="185" Y="199"/>
	<Point X="186" Y="199"/>
	<Point X="186" Y="200"/>
	<Point X="187" Y="200"/>
	<Point X="187" Y="201"/>
	<Point X="188" Y="201"/>
	<Point X="189" Y="201"/>
	<Point X="190" Y="202"/>
	<Point X="191" Y="203"/>
	<Point X="193" Y="203"/>
	<Point X="194" Y="203"/>
	<Point X="195" Y="203"/>
	<Point X="197" Y="204"/>
	<Point X="198" Y="204"/>
	<Point X="199" Y="204"/>
	<Point X="200" Y="204"/>
	<Point X="202" Y="204"/>
	<Point X="203" Y="204"/>
	<Point X="205" Y="204"/>
	<Point X="206" Y="204"/>
	<Point X="207" Y="204"/>
	<Point X="208" Y="204"/>
	<Point X="210" Y="204"/>
	<Point X="211" Y="204"/>
	<Point X="213" Y="204"/>
	<Point X="214" Y="204"/>
	<Point X="215" Y="204"/>
	<Point X="216" Y="204"/>
	<Point X="217" Y="203"/>
	<Point X="218" Y="203"/>
	<Point X="219" Y="203"/>
	<Point X="220" Y="203"/>
	<Point X="221" Y="202"/>
	<Point X="222" Y="201"/>
	<Point X="223" Y="201"/>
	<Point X="224" Y="201"/>
	<Point X="224" Y="200"/>
	<Point X="225" Y="200"/>
	<Point X="226" Y="199"/>
	<Point X="226" Y="198"/>
	<Point X="227" Y="198"/>
	<Point X="227" Y="197"/>
	<Point X="227" Y="196"/>
	<Point X="228" Y="196"/>
	<Point X="228" Y="195"/>
	<Point X="228" Y="194"/>
	<Point X="228" Y="193"/>
	<Point X="228" Y="192"/>
	<Point X="229" Y="192"/>
	<Point X="229" Y="191"/>
	<Point X="229" Y="190"/>
	<Point X="229" Y="189"/>
	<Point X="230" Y="189"/>
	<Point X="230" Y="188"/>
	<Point X="230" Y="187"/>
	<Point X="230" Y="185"/>
	<Point X="230" Y="184"/>
	<Point X="230" Y="183"/>
	<Point X="230" Y="182"/>
	<Point X="230" Y="181"/>
	<Point X="230" Y="180"/>
	<Point X="230" Y="179"/>
	<Point X="229" Y="179"/>
	<Point X="229" Y="177"/>
	<Point X="228" Y="177"/>
	<Point X="228" Y="176"/>
	<Point X="228" Y="175"/>
	<Point X="227" Y="174"/>
	<Point X="226" Y="172"/>
	<Point X="226" Y="171"/>
	<Point X="225" Y="171"/>
	<Point X="224" Y="170"/>
	<Point X="224" Y="169"/>
	<Point X="223" Y="168"/>
	<Point X="223" Y="167"/>
	<Point X="222" Y="167"/>
	<Point X="221" Y="166"/>
	<Point X="220" Y="165"/>
	<Point X="219" Y="164"/>
	<Point X="218" Y="163"/>
	<Point X="217" Y="162"/>
	<Point X="216" Y="161"/>
	<Point X="215" Y="161"/>
	<Point X="215" Y="160"/>
	<Point X="214" Y="160"/>
	<Point X="214" Y="159"/>
	<Point X="213" Y="159"/>
	<Point X="212" Y="159"/>
	<Point X="212" Y="158"/>
	<Point X="211" Y="158"/>
	<Point X="210" Y="158"/>
	<Point X="209" Y="157"/>
	<Point X="208" Y="157"/>
	<Point X="207" Y="157"/>
</Gesture>
