<?xml version="1.0" ?>
<Gesture Name="delete_mark02" Subject="03" Number="02" NumPts="206">
	<Point X="159" Y="142"/>
	<Point X="160" Y="142"/>
	<Point X="161" Y="142"/>
	<Point X="161" Y="143"/>
	<Point X="161" Y="144"/>
	<Point X="162" Y="144"/>
	<Point X="162" Y="145"/>
	<Point X="163" Y="146"/>
	<Point X="164" Y="146"/>
	<Point X="164" Y="148"/>
	<Point X="165" Y="148"/>
	<Point X="165" Y="149"/>
	<Point X="166" Y="150"/>
	<Point X="168" Y="152"/>
	<Point X="169" Y="153"/>
	<Point X="170" Y="154"/>
	<Point X="173" Y="156"/>
	<Point X="174" Y="157"/>
	<Point X="176" Y="159"/>
	<Point X="178" Y="160"/>
	<Point X="181" Y="163"/>
	<Point X="184" Y="165"/>
	<Point X="184" Y="166"/>
	<Point X="187" Y="168"/>
	<Point X="189" Y="169"/>
	<Point X="192" Y="171"/>
	<Point X="195" Y="174"/>
	<Point X="197" Y="175"/>
	<Point X="200" Y="177"/>
	<Point X="204" Y="180"/>
	<Point X="206" Y="181"/>
	<Point X="210" Y="184"/>
	<Point X="211" Y="185"/>
	<Point X="215" Y="187"/>
	<Point X="218" Y="189"/>
	<Point X="221" Y="191"/>
	<Point X="224" Y="193"/>
	<Point X="227" Y="195"/>
	<Point X="229" Y="196"/>
	<Point X="231" Y="197"/>
	<Point X="235" Y="200"/>
	<Point X="239" Y="202"/>
	<Point X="241" Y="203"/>
	<Point X="243" Y="205"/>
	<Point X="246" Y="207"/>
	<Point X="248" Y="208"/>
	<Point X="249" Y="209"/>
	<Point X="251" Y="211"/>
	<Point X="254" Y="212"/>
	<Point X="258" Y="214"/>
	<Point X="260" Y="216"/>
	<Point X="262" Y="217"/>
	<Point X="264" Y="219"/>
	<Point X="266" Y="220"/>
	<Point X="267" Y="221"/>
	<Point X="269" Y="223"/>
	<Point X="271" Y="223"/>
	<Point X="272" Y="224"/>
	<Point X="274" Y="225"/>
	<Point X="275" Y="226"/>
	<Point X="276" Y="227"/>
	<Point X="278" Y="228"/>
	<Point X="279" Y="229"/>
	<Point X="280" Y="229"/>
	<Point X="282" Y="230"/>
	<Point X="282" Y="231"/>
	<Point X="283" Y="231"/>
	<Point X="284" Y="232"/>
	<Point X="285" Y="232"/>
	<Point X="286" Y="233"/>
	<Point X="287" Y="233"/>
	<Point X="287" Y="234"/>
	<Point X="288" Y="235"/>
	<Point X="288" Y="236"/>
	<Point X="287" Y="236"/>
	<Point X="286" Y="236"/>
	<Point X="285" Y="236"/>
	<Point X="284" Y="236"/>
	<Point X="284" Y="237"/>
	<Point X="283" Y="237"/>
	<Point X="282" Y="237"/>
	<Point X="279" Y="237"/>
	<Point X="278" Y="237"/>
	<Point X="275" Y="238"/>
	<Point X="274" Y="238"/>
	<Point X="271" Y="239"/>
	<Point X="268" Y="239"/>
	<Point X="266" Y="239"/>
	<Point X="265" Y="239"/>
	<Point X="263" Y="239"/>
	<Point X="260" Y="239"/>
	<Point X="258" Y="240"/>
	<Point X="255" Y="240"/>
	<Point X="252" Y="240"/>
	<Point X="249" Y="240"/>
	<Point X="246" Y="240"/>
	<Point X="244" Y="240"/>
	<Point X="241" Y="240"/>
	<Point X="239" Y="240"/>
	<Point X="235" Y="240"/>
	<Point X="230" Y="240"/>
	<Point X="227" Y="240"/>
	<Point X="224" Y="240"/>
	<Point X="221" Y="240"/>
	<Point X="217" Y="239"/>
	<Point X="215" Y="239"/>
	<Point X="210" Y="238"/>
	<Point X="207" Y="238"/>
	<Point X="204" Y="238"/>
	<Point X="201" Y="238"/>
	<Point X="198" Y="238"/>
	<Point X="195" Y="238"/>
	<Point X="192" Y="238"/>
	<Point X="188" Y="238"/>
	<Point X="185" Y="237"/>
	<Point X="183" Y="237"/>
	<Point X="181" Y="237"/>
	<Point X="178" Y="237"/>
	<Point X="176" Y="237"/>
	<Point X="172" Y="237"/>
	<Point X="170" Y="237"/>
	<Point X="168" Y="237"/>
	<Point X="167" Y="236"/>
	<Point X="165" Y="236"/>
	<Point X="163" Y="236"/>
	<Point X="162" Y="236"/>
	<Point X="160" Y="236"/>
	<Point X="159" Y="236"/>
	<Point X="158" Y="236"/>
	<Point X="156" Y="236"/>
	<Point X="155" Y="236"/>
	<Point X="154" Y="235"/>
	<Point X="153" Y="235"/>
	<Point X="152" Y="235"/>
	<Point X="152" Y="234"/>
	<Point X="152" Y="233"/>
	<Point X="153" Y="233"/>
	<Point X="153" Y="232"/>
	<Point X="154" Y="232"/>
	<Point X="154" Y="231"/>
	<Point X="155" Y="231"/>
	<Point X="155" Y="230"/>
	<Point X="156" Y="230"/>
	<Point X="157" Y="228"/>
	<Point X="158" Y="227"/>
	<Point X="159" Y="227"/>
	<Point X="159" Y="226"/>
	<Point X="160" Y="224"/>
	<Point X="162" Y="223"/>
	<Point X="163" Y="222"/>
	<Point X="164" Y="220"/>
	<Point X="167" Y="218"/>
	<Point X="169" Y="216"/>
	<Point X="171" Y="215"/>
	<Point X="172" Y="214"/>
	<Point X="174" Y="212"/>
	<Point X="175" Y="211"/>
	<Point X="178" Y="210"/>
	<Point X="179" Y="208"/>
	<Point X="182" Y="206"/>
	<Point X="184" Y="204"/>
	<Point X="186" Y="202"/>
	<Point X="188" Y="201"/>
	<Point X="190" Y="199"/>
	<Point X="194" Y="197"/>
	<Point X="196" Y="194"/>
	<Point X="200" Y="192"/>
	<Point X="201" Y="190"/>
	<Point X="203" Y="189"/>
	<Point X="206" Y="186"/>
	<Point X="208" Y="184"/>
	<Point X="212" Y="180"/>
	<Point X="217" Y="174"/>
	<Point X="220" Y="171"/>
	<Point X="222" Y="169"/>
	<Point X="224" Y="166"/>
	<Point X="225" Y="165"/>
	<Point X="226" Y="163"/>
	<Point X="228" Y="162"/>
	<Point X="229" Y="160"/>
	<Point X="230" Y="159"/>
	<Point X="231" Y="157"/>
	<Point X="233" Y="155"/>
	<Point X="234" Y="153"/>
	<Point X="235" Y="152"/>
	<Point X="235" Y="151"/>
	<Point X="236" Y="149"/>
	<Point X="237" Y="148"/>
	<Point X="237" Y="146"/>
	<Point X="238" Y="145"/>
	<Point X="239" Y="144"/>
	<Point X="240" Y="142"/>
	<Point X="240" Y="141"/>
	<Point X="240" Y="140"/>
	<Point X="241" Y="139"/>
	<Point X="241" Y="138"/>
	<Point X="242" Y="138"/>
	<Point X="242" Y="136"/>
	<Point X="242" Y="135"/>
	<Point X="243" Y="135"/>
	<Point X="243" Y="134"/>
	<Point X="244" Y="133"/>
	<Point X="244" Y="132"/>
	<Point X="244" Y="131"/>
	<Point X="245" Y="130"/>
	<Point X="245" Y="129"/>
</Gesture>
