<?xml version="1.0" ?>
<Gesture Name="delete_mark04" Subject="03" Number="04" NumPts="214">
	<Point X="135" Y="141"/>
	<Point X="135" Y="142"/>
	<Point X="136" Y="142"/>
	<Point X="136" Y="143"/>
	<Point X="137" Y="144"/>
	<Point X="137" Y="145"/>
	<Point X="138" Y="145"/>
	<Point X="138" Y="146"/>
	<Point X="140" Y="147"/>
	<Point X="140" Y="148"/>
	<Point X="142" Y="150"/>
	<Point X="143" Y="151"/>
	<Point X="146" Y="154"/>
	<Point X="147" Y="155"/>
	<Point X="149" Y="157"/>
	<Point X="151" Y="158"/>
	<Point X="153" Y="159"/>
	<Point X="154" Y="160"/>
	<Point X="158" Y="163"/>
	<Point X="160" Y="164"/>
	<Point X="163" Y="166"/>
	<Point X="166" Y="168"/>
	<Point X="168" Y="169"/>
	<Point X="170" Y="171"/>
	<Point X="175" Y="174"/>
	<Point X="178" Y="175"/>
	<Point X="180" Y="177"/>
	<Point X="182" Y="179"/>
	<Point X="185" Y="180"/>
	<Point X="189" Y="183"/>
	<Point X="193" Y="185"/>
	<Point X="196" Y="186"/>
	<Point X="199" Y="189"/>
	<Point X="202" Y="190"/>
	<Point X="205" Y="192"/>
	<Point X="207" Y="193"/>
	<Point X="211" Y="195"/>
	<Point X="213" Y="197"/>
	<Point X="215" Y="199"/>
	<Point X="217" Y="200"/>
	<Point X="220" Y="202"/>
	<Point X="222" Y="204"/>
	<Point X="223" Y="205"/>
	<Point X="225" Y="206"/>
	<Point X="228" Y="208"/>
	<Point X="229" Y="209"/>
	<Point X="230" Y="210"/>
	<Point X="232" Y="211"/>
	<Point X="233" Y="213"/>
	<Point X="234" Y="214"/>
	<Point X="236" Y="215"/>
	<Point X="236" Y="216"/>
	<Point X="238" Y="218"/>
	<Point X="239" Y="219"/>
	<Point X="240" Y="220"/>
	<Point X="241" Y="220"/>
	<Point X="241" Y="221"/>
	<Point X="243" Y="222"/>
	<Point X="244" Y="223"/>
	<Point X="244" Y="224"/>
	<Point X="245" Y="226"/>
	<Point X="247" Y="227"/>
	<Point X="248" Y="228"/>
	<Point X="249" Y="228"/>
	<Point X="249" Y="229"/>
	<Point X="251" Y="230"/>
	<Point X="252" Y="231"/>
	<Point X="253" Y="232"/>
	<Point X="254" Y="232"/>
	<Point X="254" Y="233"/>
	<Point X="255" Y="233"/>
	<Point X="255" Y="234"/>
	<Point X="256" Y="234"/>
	<Point X="256" Y="235"/>
	<Point X="255" Y="235"/>
	<Point X="254" Y="235"/>
	<Point X="253" Y="235"/>
	<Point X="252" Y="236"/>
	<Point X="251" Y="236"/>
	<Point X="250" Y="236"/>
	<Point X="249" Y="236"/>
	<Point X="246" Y="237"/>
	<Point X="245" Y="237"/>
	<Point X="244" Y="237"/>
	<Point X="242" Y="238"/>
	<Point X="240" Y="238"/>
	<Point X="238" Y="238"/>
	<Point X="236" Y="238"/>
	<Point X="234" Y="238"/>
	<Point X="232" Y="238"/>
	<Point X="230" Y="238"/>
	<Point X="227" Y="238"/>
	<Point X="226" Y="239"/>
	<Point X="221" Y="239"/>
	<Point X="220" Y="239"/>
	<Point X="217" Y="239"/>
	<Point X="215" Y="239"/>
	<Point X="211" Y="239"/>
	<Point X="209" Y="239"/>
	<Point X="206" Y="239"/>
	<Point X="204" Y="239"/>
	<Point X="201" Y="238"/>
	<Point X="197" Y="238"/>
	<Point X="194" Y="238"/>
	<Point X="191" Y="238"/>
	<Point X="188" Y="238"/>
	<Point X="185" Y="237"/>
	<Point X="182" Y="237"/>
	<Point X="180" Y="237"/>
	<Point X="177" Y="236"/>
	<Point X="175" Y="236"/>
	<Point X="173" Y="236"/>
	<Point X="171" Y="236"/>
	<Point X="168" Y="235"/>
	<Point X="166" Y="235"/>
	<Point X="164" Y="234"/>
	<Point X="162" Y="234"/>
	<Point X="161" Y="234"/>
	<Point X="160" Y="234"/>
	<Point X="158" Y="233"/>
	<Point X="156" Y="233"/>
	<Point X="154" Y="232"/>
	<Point X="153" Y="232"/>
	<Point X="152" Y="232"/>
	<Point X="152" Y="231"/>
	<Point X="151" Y="231"/>
	<Point X="151" Y="230"/>
	<Point X="151" Y="229"/>
	<Point X="152" Y="229"/>
	<Point X="152" Y="228"/>
	<Point X="152" Y="227"/>
	<Point X="152" Y="226"/>
	<Point X="153" Y="225"/>
	<Point X="153" Y="224"/>
	<Point X="154" Y="224"/>
	<Point X="154" Y="223"/>
	<Point X="154" Y="222"/>
	<Point X="154" Y="221"/>
	<Point X="155" Y="221"/>
	<Point X="156" Y="220"/>
	<Point X="156" Y="219"/>
	<Point X="157" Y="218"/>
	<Point X="157" Y="217"/>
	<Point X="158" Y="217"/>
	<Point X="158" Y="216"/>
	<Point X="159" Y="215"/>
	<Point X="160" Y="215"/>
	<Point X="160" Y="214"/>
	<Point X="161" Y="212"/>
	<Point X="162" Y="211"/>
	<Point X="163" Y="209"/>
	<Point X="164" Y="209"/>
	<Point X="164" Y="208"/>
	<Point X="165" Y="207"/>
	<Point X="166" Y="206"/>
	<Point X="166" Y="205"/>
	<Point X="168" Y="203"/>
	<Point X="169" Y="202"/>
	<Point X="170" Y="200"/>
	<Point X="172" Y="199"/>
	<Point X="173" Y="197"/>
	<Point X="174" Y="195"/>
	<Point X="175" Y="194"/>
	<Point X="176" Y="193"/>
	<Point X="178" Y="191"/>
	<Point X="179" Y="189"/>
	<Point X="181" Y="188"/>
	<Point X="182" Y="186"/>
	<Point X="184" Y="184"/>
	<Point X="185" Y="182"/>
	<Point X="187" Y="181"/>
	<Point X="190" Y="179"/>
	<Point X="192" Y="177"/>
	<Point X="194" Y="175"/>
	<Point X="196" Y="173"/>
	<Point X="198" Y="172"/>
	<Point X="199" Y="170"/>
	<Point X="201" Y="169"/>
	<Point X="203" Y="168"/>
	<Point X="206" Y="166"/>
	<Point X="208" Y="164"/>
	<Point X="209" Y="164"/>
	<Point X="212" Y="162"/>
	<Point X="213" Y="161"/>
	<Point X="215" Y="160"/>
	<Point X="216" Y="159"/>
	<Point X="218" Y="158"/>
	<Point X="220" Y="157"/>
	<Point X="221" Y="156"/>
	<Point X="223" Y="155"/>
	<Point X="224" Y="154"/>
	<Point X="225" Y="153"/>
	<Point X="225" Y="152"/>
	<Point X="227" Y="151"/>
	<Point X="228" Y="151"/>
	<Point X="228" Y="150"/>
	<Point X="229" Y="149"/>
	<Point X="230" Y="148"/>
	<Point X="231" Y="148"/>
	<Point X="231" Y="147"/>
	<Point X="232" Y="147"/>
	<Point X="232" Y="146"/>
	<Point X="233" Y="146"/>
	<Point X="233" Y="145"/>
	<Point X="233" Y="144"/>
	<Point X="234" Y="144"/>
	<Point X="234" Y="143"/>
	<Point X="235" Y="143"/>
	<Point X="235" Y="142"/>
	<Point X="236" Y="142"/>
	<Point X="236" Y="141"/>
	<Point X="236" Y="140"/>
	<Point X="237" Y="140"/>
	<Point X="237" Y="139"/>
</Gesture>
