<?xml version="1.0" ?>
<Gesture Name="delete_mark06" Subject="03" Number="06" NumPts="179">
	<Point X="122" Y="128"/>
	<Point X="122" Y="129"/>
	<Point X="123" Y="129"/>
	<Point X="124" Y="130"/>
	<Point X="125" Y="131"/>
	<Point X="126" Y="132"/>
	<Point X="126" Y="133"/>
	<Point X="128" Y="133"/>
	<Point X="129" Y="134"/>
	<Point X="130" Y="135"/>
	<Point X="132" Y="137"/>
	<Point X="133" Y="138"/>
	<Point X="135" Y="139"/>
	<Point X="137" Y="141"/>
	<Point X="141" Y="144"/>
	<Point X="144" Y="146"/>
	<Point X="146" Y="148"/>
	<Point X="148" Y="149"/>
	<Point X="150" Y="152"/>
	<Point X="152" Y="154"/>
	<Point X="157" Y="156"/>
	<Point X="161" Y="159"/>
	<Point X="163" Y="161"/>
	<Point X="166" Y="163"/>
	<Point X="169" Y="165"/>
	<Point X="173" Y="168"/>
	<Point X="175" Y="170"/>
	<Point X="178" Y="172"/>
	<Point X="182" Y="174"/>
	<Point X="185" Y="176"/>
	<Point X="190" Y="179"/>
	<Point X="192" Y="180"/>
	<Point X="195" Y="182"/>
	<Point X="198" Y="184"/>
	<Point X="201" Y="186"/>
	<Point X="203" Y="187"/>
	<Point X="208" Y="190"/>
	<Point X="210" Y="191"/>
	<Point X="212" Y="193"/>
	<Point X="214" Y="194"/>
	<Point X="216" Y="194"/>
	<Point X="218" Y="196"/>
	<Point X="220" Y="197"/>
	<Point X="222" Y="198"/>
	<Point X="224" Y="200"/>
	<Point X="225" Y="200"/>
	<Point X="226" Y="201"/>
	<Point X="228" Y="201"/>
	<Point X="229" Y="203"/>
	<Point X="230" Y="204"/>
	<Point X="231" Y="204"/>
	<Point X="232" Y="205"/>
	<Point X="233" Y="205"/>
	<Point X="233" Y="206"/>
	<Point X="234" Y="207"/>
	<Point X="235" Y="208"/>
	<Point X="236" Y="208"/>
	<Point X="236" Y="209"/>
	<Point X="237" Y="209"/>
	<Point X="237" Y="210"/>
	<Point X="238" Y="211"/>
	<Point X="239" Y="212"/>
	<Point X="240" Y="213"/>
	<Point X="241" Y="213"/>
	<Point X="241" Y="214"/>
	<Point X="240" Y="214"/>
	<Point X="239" Y="214"/>
	<Point X="239" Y="215"/>
	<Point X="238" Y="215"/>
	<Point X="237" Y="215"/>
	<Point X="236" Y="215"/>
	<Point X="234" Y="215"/>
	<Point X="232" Y="215"/>
	<Point X="230" Y="215"/>
	<Point X="228" Y="216"/>
	<Point X="225" Y="216"/>
	<Point X="223" Y="216"/>
	<Point X="222" Y="216"/>
	<Point X="220" Y="216"/>
	<Point X="218" Y="216"/>
	<Point X="215" Y="216"/>
	<Point X="213" Y="216"/>
	<Point X="209" Y="215"/>
	<Point X="206" Y="215"/>
	<Point X="204" Y="215"/>
	<Point X="202" Y="214"/>
	<Point X="199" Y="214"/>
	<Point X="197" Y="214"/>
	<Point X="193" Y="213"/>
	<Point X="190" Y="212"/>
	<Point X="187" Y="212"/>
	<Point X="185" Y="211"/>
	<Point X="182" Y="210"/>
	<Point X="181" Y="210"/>
	<Point X="177" Y="210"/>
	<Point X="175" Y="209"/>
	<Point X="173" Y="208"/>
	<Point X="170" Y="208"/>
	<Point X="168" Y="207"/>
	<Point X="167" Y="207"/>
	<Point X="164" Y="207"/>
	<Point X="163" Y="206"/>
	<Point X="161" Y="205"/>
	<Point X="160" Y="205"/>
	<Point X="158" Y="205"/>
	<Point X="157" Y="204"/>
	<Point X="156" Y="204"/>
	<Point X="155" Y="204"/>
	<Point X="154" Y="204"/>
	<Point X="153" Y="203"/>
	<Point X="152" Y="203"/>
	<Point X="151" Y="203"/>
	<Point X="151" Y="202"/>
	<Point X="150" Y="202"/>
	<Point X="150" Y="201"/>
	<Point X="151" Y="201"/>
	<Point X="151" Y="200"/>
	<Point X="151" Y="199"/>
	<Point X="152" Y="199"/>
	<Point X="152" Y="198"/>
	<Point X="153" Y="197"/>
	<Point X="154" Y="197"/>
	<Point X="155" Y="196"/>
	<Point X="156" Y="196"/>
	<Point X="156" Y="195"/>
	<Point X="157" Y="195"/>
	<Point X="158" Y="194"/>
	<Point X="160" Y="193"/>
	<Point X="161" Y="192"/>
	<Point X="162" Y="192"/>
	<Point X="164" Y="191"/>
	<Point X="165" Y="190"/>
	<Point X="166" Y="189"/>
	<Point X="169" Y="188"/>
	<Point X="170" Y="188"/>
	<Point X="171" Y="187"/>
	<Point X="172" Y="187"/>
	<Point X="175" Y="186"/>
	<Point X="176" Y="185"/>
	<Point X="177" Y="184"/>
	<Point X="180" Y="183"/>
	<Point X="182" Y="182"/>
	<Point X="183" Y="182"/>
	<Point X="185" Y="181"/>
	<Point X="188" Y="179"/>
	<Point X="190" Y="179"/>
	<Point X="194" Y="177"/>
	<Point X="197" Y="176"/>
	<Point X="199" Y="175"/>
	<Point X="202" Y="173"/>
	<Point X="205" Y="172"/>
	<Point X="207" Y="171"/>
	<Point X="210" Y="170"/>
	<Point X="212" Y="168"/>
	<Point X="215" Y="167"/>
	<Point X="218" Y="166"/>
	<Point X="220" Y="164"/>
	<Point X="222" Y="163"/>
	<Point X="224" Y="162"/>
	<Point X="226" Y="161"/>
	<Point X="228" Y="159"/>
	<Point X="230" Y="158"/>
	<Point X="232" Y="156"/>
	<Point X="233" Y="155"/>
	<Point X="234" Y="154"/>
	<Point X="235" Y="153"/>
	<Point X="237" Y="151"/>
	<Point X="238" Y="150"/>
	<Point X="239" Y="149"/>
	<Point X="239" Y="148"/>
	<Point X="240" Y="147"/>
	<Point X="241" Y="147"/>
	<Point X="241" Y="146"/>
	<Point X="242" Y="146"/>
	<Point X="242" Y="144"/>
	<Point X="243" Y="144"/>
	<Point X="243" Y="143"/>
	<Point X="244" Y="143"/>
	<Point X="244" Y="142"/>
</Gesture>
