<?xml version="1.0" ?>
<Gesture Name="delete_mark08" Subject="03" Number="08" NumPts="197">
	<Point X="139" Y="123"/>
	<Point X="140" Y="123"/>
	<Point X="140" Y="124"/>
	<Point X="140" Y="125"/>
	<Point X="141" Y="125"/>
	<Point X="141" Y="126"/>
	<Point X="142" Y="127"/>
	<Point X="143" Y="128"/>
	<Point X="144" Y="129"/>
	<Point X="145" Y="129"/>
	<Point X="146" Y="130"/>
	<Point X="148" Y="132"/>
	<Point X="149" Y="134"/>
	<Point X="151" Y="135"/>
	<Point X="152" Y="137"/>
	<Point X="154" Y="138"/>
	<Point X="156" Y="140"/>
	<Point X="158" Y="141"/>
	<Point X="160" Y="144"/>
	<Point X="162" Y="145"/>
	<Point X="164" Y="146"/>
	<Point X="166" Y="148"/>
	<Point X="168" Y="150"/>
	<Point X="171" Y="152"/>
	<Point X="173" Y="154"/>
	<Point X="176" Y="157"/>
	<Point X="179" Y="158"/>
	<Point X="182" Y="160"/>
	<Point X="184" Y="162"/>
	<Point X="186" Y="164"/>
	<Point X="191" Y="166"/>
	<Point X="192" Y="167"/>
	<Point X="195" Y="170"/>
	<Point X="198" Y="172"/>
	<Point X="201" Y="173"/>
	<Point X="204" Y="175"/>
	<Point X="206" Y="177"/>
	<Point X="208" Y="179"/>
	<Point X="211" Y="180"/>
	<Point X="215" Y="182"/>
	<Point X="218" Y="184"/>
	<Point X="222" Y="187"/>
	<Point X="225" Y="188"/>
	<Point X="227" Y="190"/>
	<Point X="230" Y="191"/>
	<Point X="232" Y="192"/>
	<Point X="235" Y="194"/>
	<Point X="238" Y="195"/>
	<Point X="240" Y="197"/>
	<Point X="242" Y="197"/>
	<Point X="245" Y="199"/>
	<Point X="247" Y="200"/>
	<Point X="248" Y="201"/>
	<Point X="250" Y="202"/>
	<Point X="252" Y="203"/>
	<Point X="254" Y="204"/>
	<Point X="255" Y="204"/>
	<Point X="257" Y="206"/>
	<Point X="259" Y="207"/>
	<Point X="260" Y="207"/>
	<Point X="261" Y="208"/>
	<Point X="263" Y="209"/>
	<Point X="264" Y="209"/>
	<Point X="265" Y="210"/>
	<Point X="266" Y="210"/>
	<Point X="267" Y="211"/>
	<Point X="268" Y="211"/>
	<Point X="269" Y="211"/>
	<Point X="269" Y="212"/>
	<Point X="270" Y="212"/>
	<Point X="271" Y="213"/>
	<Point X="272" Y="213"/>
	<Point X="271" Y="213"/>
	<Point X="270" Y="214"/>
	<Point X="269" Y="214"/>
	<Point X="268" Y="214"/>
	<Point X="267" Y="214"/>
	<Point X="266" Y="214"/>
	<Point X="264" Y="214"/>
	<Point X="262" Y="214"/>
	<Point X="260" Y="214"/>
	<Point X="258" Y="214"/>
	<Point X="257" Y="214"/>
	<Point X="255" Y="214"/>
	<Point X="253" Y="214"/>
	<Point X="251" Y="214"/>
	<Point X="249" Y="214"/>
	<Point X="246" Y="214"/>
	<Point X="244" Y="214"/>
	<Point X="243" Y="214"/>
	<Point X="240" Y="214"/>
	<Point X="238" Y="214"/>
	<Point X="236" Y="214"/>
	<Point X="233" Y="214"/>
	<Point X="230" Y="214"/>
	<Point X="228" Y="214"/>
	<Point X="226" Y="214"/>
	<Point X="224" Y="214"/>
	<Point X="220" Y="213"/>
	<Point X="218" Y="213"/>
	<Point X="215" Y="213"/>
	<Point X="212" Y="213"/>
	<Point X="210" Y="213"/>
	<Point X="208" Y="212"/>
	<Point X="205" Y="212"/>
	<Point X="202" Y="212"/>
	<Point X="200" Y="212"/>
	<Point X="198" Y="212"/>
	<Point X="196" Y="212"/>
	<Point X="194" Y="212"/>
	<Point X="191" Y="212"/>
	<Point X="190" Y="211"/>
	<Point X="188" Y="211"/>
	<Point X="186" Y="211"/>
	<Point X="183" Y="210"/>
	<Point X="182" Y="210"/>
	<Point X="180" Y="210"/>
	<Point X="177" Y="210"/>
	<Point X="175" Y="210"/>
	<Point X="174" Y="210"/>
	<Point X="172" Y="209"/>
	<Point X="170" Y="209"/>
	<Point X="168" Y="209"/>
	<Point X="167" Y="209"/>
	<Point X="166" Y="209"/>
	<Point X="166" Y="208"/>
	<Point X="164" Y="208"/>
	<Point X="163" Y="207"/>
	<Point X="162" Y="207"/>
	<Point X="161" Y="207"/>
	<Point X="161" Y="206"/>
	<Point X="162" Y="206"/>
	<Point X="162" Y="205"/>
	<Point X="163" Y="205"/>
	<Point X="163" Y="204"/>
	<Point X="163" Y="203"/>
	<Point X="164" Y="203"/>
	<Point X="165" Y="202"/>
	<Point X="166" Y="202"/>
	<Point X="167" Y="201"/>
	<Point X="168" Y="200"/>
	<Point X="169" Y="199"/>
	<Point X="170" Y="199"/>
	<Point X="172" Y="198"/>
	<Point X="174" Y="197"/>
	<Point X="175" Y="197"/>
	<Point X="176" Y="195"/>
	<Point X="177" Y="195"/>
	<Point X="178" Y="194"/>
	<Point X="180" Y="194"/>
	<Point X="182" Y="193"/>
	<Point X="183" Y="192"/>
	<Point X="186" Y="191"/>
	<Point X="188" Y="190"/>
	<Point X="190" Y="188"/>
	<Point X="192" Y="187"/>
	<Point X="195" Y="186"/>
	<Point X="198" Y="184"/>
	<Point X="201" Y="183"/>
	<Point X="204" Y="181"/>
	<Point X="206" Y="180"/>
	<Point X="210" Y="178"/>
	<Point X="213" Y="176"/>
	<Point X="216" Y="174"/>
	<Point X="224" Y="168"/>
	<Point X="228" Y="165"/>
	<Point X="231" Y="163"/>
	<Point X="232" Y="163"/>
	<Point X="233" Y="161"/>
	<Point X="235" Y="160"/>
	<Point X="236" Y="158"/>
	<Point X="238" Y="156"/>
	<Point X="240" Y="155"/>
	<Point X="241" Y="153"/>
	<Point X="242" Y="152"/>
	<Point X="244" Y="149"/>
	<Point X="245" Y="148"/>
	<Point X="246" Y="147"/>
	<Point X="247" Y="146"/>
	<Point X="247" Y="145"/>
	<Point X="248" Y="144"/>
	<Point X="249" Y="143"/>
	<Point X="250" Y="143"/>
	<Point X="250" Y="142"/>
	<Point X="250" Y="141"/>
	<Point X="251" Y="140"/>
	<Point X="251" Y="139"/>
	<Point X="252" Y="139"/>
	<Point X="252" Y="138"/>
	<Point X="252" Y="137"/>
	<Point X="253" Y="137"/>
	<Point X="254" Y="136"/>
	<Point X="254" Y="135"/>
	<Point X="255" Y="134"/>
	<Point X="255" Y="133"/>
	<Point X="255" Y="132"/>
	<Point X="256" Y="132"/>
</Gesture>
