<?xml version="1.0" ?>
<Gesture Name="delete_mark03" Subject="03" Number="03" NumPts="227">
	<Point X="134" Y="137"/>
	<Point X="135" Y="137"/>
	<Point X="135" Y="138"/>
	<Point X="136" Y="138"/>
	<Point X="137" Y="138"/>
	<Point X="137" Y="139"/>
	<Point X="138" Y="139"/>
	<Point X="138" Y="140"/>
	<Point X="139" Y="140"/>
	<Point X="140" Y="140"/>
	<Point X="141" Y="142"/>
	<Point X="143" Y="143"/>
	<Point X="144" Y="144"/>
	<Point X="146" Y="145"/>
	<Point X="147" Y="146"/>
	<Point X="150" Y="147"/>
	<Point X="151" Y="148"/>
	<Point X="153" Y="150"/>
	<Point X="155" Y="151"/>
	<Point X="158" Y="152"/>
	<Point X="160" Y="153"/>
	<Point X="162" Y="154"/>
	<Point X="163" Y="155"/>
	<Point X="165" Y="156"/>
	<Point X="167" Y="157"/>
	<Point X="169" Y="159"/>
	<Point X="172" Y="161"/>
	<Point X="175" Y="162"/>
	<Point X="178" Y="164"/>
	<Point X="180" Y="165"/>
	<Point X="184" Y="167"/>
	<Point X="185" Y="168"/>
	<Point X="189" Y="169"/>
	<Point X="190" Y="171"/>
	<Point X="194" Y="173"/>
	<Point X="195" Y="174"/>
	<Point X="199" Y="176"/>
	<Point X="200" Y="177"/>
	<Point X="203" Y="180"/>
	<Point X="205" Y="181"/>
	<Point X="208" Y="182"/>
	<Point X="210" Y="184"/>
	<Point X="213" Y="187"/>
	<Point X="215" Y="188"/>
	<Point X="216" Y="188"/>
	<Point X="218" Y="190"/>
	<Point X="219" Y="191"/>
	<Point X="222" Y="193"/>
	<Point X="224" Y="194"/>
	<Point X="226" Y="195"/>
	<Point X="228" Y="197"/>
	<Point X="230" Y="198"/>
	<Point X="231" Y="199"/>
	<Point X="233" Y="201"/>
	<Point X="234" Y="202"/>
	<Point X="235" Y="203"/>
	<Point X="239" Y="205"/>
	<Point X="240" Y="207"/>
	<Point X="241" Y="207"/>
	<Point X="243" Y="208"/>
	<Point X="244" Y="209"/>
	<Point X="245" Y="210"/>
	<Point X="246" Y="211"/>
	<Point X="248" Y="212"/>
	<Point X="248" Y="213"/>
	<Point X="249" Y="213"/>
	<Point X="250" Y="214"/>
	<Point X="252" Y="215"/>
	<Point X="252" Y="216"/>
	<Point X="253" Y="216"/>
	<Point X="254" Y="217"/>
	<Point X="255" Y="217"/>
	<Point X="256" Y="218"/>
	<Point X="257" Y="218"/>
	<Point X="258" Y="219"/>
	<Point X="259" Y="220"/>
	<Point X="260" Y="221"/>
	<Point X="261" Y="222"/>
	<Point X="262" Y="222"/>
	<Point X="263" Y="223"/>
	<Point X="264" Y="224"/>
	<Point X="265" Y="224"/>
	<Point X="266" Y="225"/>
	<Point X="267" Y="225"/>
	<Point X="267" Y="226"/>
	<Point X="267" Y="227"/>
	<Point X="266" Y="227"/>
	<Point X="266" Y="228"/>
	<Point X="265" Y="228"/>
	<Point X="264" Y="228"/>
	<Point X="263" Y="228"/>
	<Point X="262" Y="229"/>
	<Point X="261" Y="229"/>
	<Point X="260" Y="229"/>
	<Point X="259" Y="229"/>
	<Point X="257" Y="229"/>
	<Point X="256" Y="230"/>
	<Point X="253" Y="230"/>
	<Point X="251" Y="230"/>
	<Point X="250" Y="230"/>
	<Point X="247" Y="230"/>
	<Point X="245" Y="231"/>
	<Point X="243" Y="231"/>
	<Point X="241" Y="232"/>
	<Point X="240" Y="232"/>
	<Point X="237" Y="232"/>
	<Point X="235" Y="232"/>
	<Point X="233" Y="233"/>
	<Point X="230" Y="233"/>
	<Point X="227" Y="233"/>
	<Point X="225" Y="233"/>
	<Point X="221" Y="234"/>
	<Point X="218" Y="234"/>
	<Point X="217" Y="235"/>
	<Point X="214" Y="235"/>
	<Point X="212" Y="235"/>
	<Point X="210" Y="235"/>
	<Point X="206" Y="235"/>
	<Point X="204" Y="236"/>
	<Point X="203" Y="236"/>
	<Point X="201" Y="236"/>
	<Point X="200" Y="236"/>
	<Point X="197" Y="236"/>
	<Point X="194" Y="237"/>
	<Point X="192" Y="237"/>
	<Point X="191" Y="237"/>
	<Point X="190" Y="237"/>
	<Point X="188" Y="237"/>
	<Point X="186" Y="237"/>
	<Point X="184" Y="237"/>
	<Point X="182" Y="237"/>
	<Point X="181" Y="237"/>
	<Point X="180" Y="237"/>
	<Point X="179" Y="237"/>
	<Point X="177" Y="237"/>
	<Point X="177" Y="236"/>
	<Point X="176" Y="236"/>
	<Point X="174" Y="235"/>
	<Point X="173" Y="235"/>
	<Point X="172" Y="235"/>
	<Point X="171" Y="235"/>
	<Point X="171" Y="234"/>
	<Point X="170" Y="234"/>
	<Point X="170" Y="233"/>
	<Point X="170" Y="232"/>
	<Point X="170" Y="231"/>
	<Point X="170" Y="230"/>
	<Point X="170" Y="229"/>
	<Point X="170" Y="228"/>
	<Point X="170" Y="227"/>
	<Point X="170" Y="226"/>
	<Point X="170" Y="225"/>
	<Point X="170" Y="224"/>
	<Point X="170" Y="223"/>
	<Point X="171" Y="222"/>
	<Point X="171" Y="221"/>
	<Point X="171" Y="220"/>
	<Point X="172" Y="219"/>
	<Point X="172" Y="218"/>
	<Point X="173" Y="217"/>
	<Point X="173" Y="216"/>
	<Point X="174" Y="214"/>
	<Point X="175" Y="213"/>
	<Point X="176" Y="212"/>
	<Point X="176" Y="210"/>
	<Point X="177" Y="209"/>
	<Point X="177" Y="208"/>
	<Point X="179" Y="206"/>
	<Point X="180" Y="205"/>
	<Point X="180" Y="204"/>
	<Point X="181" Y="202"/>
	<Point X="182" Y="201"/>
	<Point X="183" Y="198"/>
	<Point X="184" Y="197"/>
	<Point X="185" Y="196"/>
	<Point X="186" Y="195"/>
	<Point X="188" Y="193"/>
	<Point X="188" Y="192"/>
	<Point X="190" Y="190"/>
	<Point X="191" Y="189"/>
	<Point X="192" Y="187"/>
	<Point X="194" Y="185"/>
	<Point X="195" Y="184"/>
	<Point X="196" Y="181"/>
	<Point X="198" Y="180"/>
	<Point X="199" Y="178"/>
	<Point X="201" Y="177"/>
	<Point X="203" Y="174"/>
	<Point X="205" Y="172"/>
	<Point X="209" Y="167"/>
	<Point X="210" Y="165"/>
	<Point X="212" Y="163"/>
	<Point X="213" Y="162"/>
	<Point X="214" Y="161"/>
	<Point X="215" Y="159"/>
	<Point X="215" Y="158"/>
	<Point X="217" Y="157"/>
	<Point X="218" Y="155"/>
	<Point X="219" Y="154"/>
	<Point X="220" Y="153"/>
	<Point X="221" Y="151"/>
	<Point X="222" Y="150"/>
	<Point X="222" Y="149"/>
	<Point X="223" Y="148"/>
	<Point X="223" Y="147"/>
	<Point X="225" Y="146"/>
	<Point X="225" Y="145"/>
	<Point X="226" Y="144"/>
	<Point X="227" Y="143"/>
	<Point X="227" Y="142"/>
	<Point X="228" Y="141"/>
	<Point X="229" Y="139"/>
	<Point X="230" Y="138"/>
	<Point X="230" Y="137"/>
	<Point X="231" Y="137"/>
	<Point X="231" Y="136"/>
	<Point X="231" Y="135"/>
	<Point X="231" Y="134"/>
	<Point X="232" Y="134"/>
	<Point X="232" Y="133"/>
	<Point X="233" Y="133"/>
	<Point X="233" Y="132"/>
	<Point X="234" Y="131"/>
	<Point X="234" Y="130"/>
	<Point X="234" Y="129"/>
	<Point X="235" Y="129"/>
	<Point X="235" Y="128"/>
</Gesture>
