<?xml version="1.0" ?>
<Gesture Name="delete_mark05" Subject="03" Number="05" NumPts="216">
	<Point X="115" Y="130"/>
	<Point X="116" Y="130"/>
	<Point X="116" Y="131"/>
	<Point X="117" Y="131"/>
	<Point X="117" Y="132"/>
	<Point X="118" Y="133"/>
	<Point X="119" Y="133"/>
	<Point X="120" Y="134"/>
	<Point X="121" Y="135"/>
	<Point X="122" Y="136"/>
	<Point X="123" Y="136"/>
	<Point X="125" Y="138"/>
	<Point X="127" Y="139"/>
	<Point X="129" Y="140"/>
	<Point X="130" Y="141"/>
	<Point X="132" Y="142"/>
	<Point X="135" Y="144"/>
	<Point X="137" Y="145"/>
	<Point X="139" Y="146"/>
	<Point X="141" Y="147"/>
	<Point X="143" Y="148"/>
	<Point X="144" Y="149"/>
	<Point X="146" Y="150"/>
	<Point X="148" Y="151"/>
	<Point X="151" Y="153"/>
	<Point X="155" Y="155"/>
	<Point X="157" Y="156"/>
	<Point X="159" Y="158"/>
	<Point X="160" Y="158"/>
	<Point X="164" Y="160"/>
	<Point X="166" Y="162"/>
	<Point X="169" Y="163"/>
	<Point X="173" Y="165"/>
	<Point X="176" Y="167"/>
	<Point X="179" Y="169"/>
	<Point X="182" Y="170"/>
	<Point X="184" Y="171"/>
	<Point X="188" Y="173"/>
	<Point X="190" Y="175"/>
	<Point X="194" Y="177"/>
	<Point X="196" Y="178"/>
	<Point X="196" Y="179"/>
	<Point X="199" Y="180"/>
	<Point X="201" Y="182"/>
	<Point X="204" Y="183"/>
	<Point X="206" Y="185"/>
	<Point X="207" Y="186"/>
	<Point X="209" Y="186"/>
	<Point X="210" Y="187"/>
	<Point X="211" Y="187"/>
	<Point X="212" Y="189"/>
	<Point X="213" Y="189"/>
	<Point X="214" Y="190"/>
	<Point X="215" Y="190"/>
	<Point X="215" Y="191"/>
	<Point X="216" Y="191"/>
	<Point X="217" Y="192"/>
	<Point X="217" Y="193"/>
	<Point X="218" Y="193"/>
	<Point X="218" Y="194"/>
	<Point X="219" Y="194"/>
	<Point X="219" Y="195"/>
	<Point X="220" Y="195"/>
	<Point X="220" Y="196"/>
	<Point X="220" Y="197"/>
	<Point X="220" Y="198"/>
	<Point X="219" Y="198"/>
	<Point X="219" Y="199"/>
	<Point X="218" Y="199"/>
	<Point X="218" Y="200"/>
	<Point X="217" Y="200"/>
	<Point X="217" Y="201"/>
	<Point X="216" Y="201"/>
	<Point X="215" Y="201"/>
	<Point X="213" Y="202"/>
	<Point X="212" Y="202"/>
	<Point X="211" Y="202"/>
	<Point X="209" Y="202"/>
	<Point X="208" Y="203"/>
	<Point X="207" Y="203"/>
	<Point X="206" Y="203"/>
	<Point X="204" Y="203"/>
	<Point X="203" Y="203"/>
	<Point X="200" Y="204"/>
	<Point X="199" Y="204"/>
	<Point X="197" Y="205"/>
	<Point X="195" Y="205"/>
	<Point X="193" Y="205"/>
	<Point X="192" Y="205"/>
	<Point X="190" Y="206"/>
	<Point X="188" Y="206"/>
	<Point X="187" Y="206"/>
	<Point X="183" Y="207"/>
	<Point X="181" Y="207"/>
	<Point X="179" Y="208"/>
	<Point X="178" Y="208"/>
	<Point X="175" Y="208"/>
	<Point X="173" Y="208"/>
	<Point X="170" Y="209"/>
	<Point X="168" Y="209"/>
	<Point X="166" Y="209"/>
	<Point X="164" Y="210"/>
	<Point X="162" Y="210"/>
	<Point X="159" Y="210"/>
	<Point X="156" Y="210"/>
	<Point X="155" Y="210"/>
	<Point X="152" Y="210"/>
	<Point X="149" Y="210"/>
	<Point X="146" Y="210"/>
	<Point X="143" Y="210"/>
	<Point X="141" Y="211"/>
	<Point X="140" Y="211"/>
	<Point X="138" Y="211"/>
	<Point X="136" Y="211"/>
	<Point X="134" Y="211"/>
	<Point X="132" Y="211"/>
	<Point X="131" Y="211"/>
	<Point X="129" Y="211"/>
	<Point X="127" Y="211"/>
	<Point X="126" Y="211"/>
	<Point X="124" Y="211"/>
	<Point X="122" Y="211"/>
	<Point X="121" Y="211"/>
	<Point X="120" Y="211"/>
	<Point X="119" Y="211"/>
	<Point X="118" Y="211"/>
	<Point X="118" Y="210"/>
	<Point X="117" Y="210"/>
	<Point X="116" Y="210"/>
	<Point X="115" Y="210"/>
	<Point X="115" Y="209"/>
	<Point X="115" Y="208"/>
	<Point X="115" Y="207"/>
	<Point X="115" Y="206"/>
	<Point X="115" Y="205"/>
	<Point X="115" Y="204"/>
	<Point X="116" Y="204"/>
	<Point X="116" Y="203"/>
	<Point X="116" Y="202"/>
	<Point X="116" Y="201"/>
	<Point X="117" Y="201"/>
	<Point X="117" Y="200"/>
	<Point X="117" Y="199"/>
	<Point X="117" Y="198"/>
	<Point X="118" Y="198"/>
	<Point X="118" Y="197"/>
	<Point X="118" Y="196"/>
	<Point X="119" Y="195"/>
	<Point X="119" Y="194"/>
	<Point X="120" Y="193"/>
	<Point X="121" Y="192"/>
	<Point X="121" Y="191"/>
	<Point X="122" Y="191"/>
	<Point X="122" Y="190"/>
	<Point X="123" Y="189"/>
	<Point X="125" Y="187"/>
	<Point X="126" Y="186"/>
	<Point X="127" Y="184"/>
	<Point X="129" Y="184"/>
	<Point X="130" Y="182"/>
	<Point X="131" Y="180"/>
	<Point X="133" Y="180"/>
	<Point X="134" Y="178"/>
	<Point X="135" Y="177"/>
	<Point X="137" Y="176"/>
	<Point X="138" Y="175"/>
	<Point X="140" Y="173"/>
	<Point X="142" Y="172"/>
	<Point X="145" Y="170"/>
	<Point X="147" Y="169"/>
	<Point X="148" Y="168"/>
	<Point X="149" Y="168"/>
	<Point X="151" Y="166"/>
	<Point X="153" Y="165"/>
	<Point X="155" Y="165"/>
	<Point X="156" Y="164"/>
	<Point X="158" Y="163"/>
	<Point X="161" Y="162"/>
	<Point X="162" Y="161"/>
	<Point X="165" Y="159"/>
	<Point X="168" Y="158"/>
	<Point X="170" Y="158"/>
	<Point X="172" Y="156"/>
	<Point X="174" Y="156"/>
	<Point X="175" Y="155"/>
	<Point X="177" Y="154"/>
	<Point X="178" Y="154"/>
	<Point X="180" Y="152"/>
	<Point X="182" Y="152"/>
	<Point X="182" Y="151"/>
	<Point X="184" Y="150"/>
	<Point X="186" Y="148"/>
	<Point X="188" Y="147"/>
	<Point X="188" Y="146"/>
	<Point X="189" Y="146"/>
	<Point X="190" Y="145"/>
	<Point X="191" Y="144"/>
	<Point X="192" Y="143"/>
	<Point X="192" Y="142"/>
	<Point X="193" Y="142"/>
	<Point X="194" Y="142"/>
	<Point X="194" Y="141"/>
	<Point X="195" Y="141"/>
	<Point X="195" Y="140"/>
	<Point X="196" Y="139"/>
	<Point X="197" Y="139"/>
	<Point X="197" Y="138"/>
	<Point X="198" Y="138"/>
	<Point X="198" Y="137"/>
	<Point X="199" Y="137"/>
	<Point X="199" Y="136"/>
	<Point X="200" Y="136"/>
	<Point X="200" Y="135"/>
	<Point X="201" Y="135"/>
	<Point X="201" Y="134"/>
	<Point X="202" Y="134"/>
</Gesture>
