<?xml version="1.0" ?>
<Gesture Name="left_sq_bracket04" Subject="03" Number="04" NumPts="157">
	<Point X="159" Y="135"/>
	<Point X="158" Y="135"/>
	<Point X="157" Y="135"/>
	<Point X="156" Y="135"/>
	<Point X="155" Y="134"/>
	<Point X="154" Y="134"/>
	<Point X="153" Y="134"/>
	<Point X="152" Y="134"/>
	<Point X="151" Y="134"/>
	<Point X="150" Y="134"/>
	<Point X="149" Y="134"/>
	<Point X="148" Y="134"/>
	<Point X="147" Y="134"/>
	<Point X="146" Y="134"/>
	<Point X="145" Y="134"/>
	<Point X="144" Y="134"/>
	<Point X="143" Y="134"/>
	<Point X="142" Y="134"/>
	<Point X="141" Y="134"/>
	<Point X="140" Y="134"/>
	<Point X="139" Y="134"/>
	<Point X="138" Y="134"/>
	<Point X="137" Y="134"/>
	<Point X="136" Y="134"/>
	<Point X="134" Y="134"/>
	<Point X="133" Y="134"/>
	<Point X="131" Y="134"/>
	<Point X="130" Y="134"/>
	<Point X="129" Y="134"/>
	<Point X="127" Y="134"/>
	<Point X="126" Y="134"/>
	<Point X="125" Y="134"/>
	<Point X="124" Y="134"/>
	<Point X="123" Y="134"/>
	<Point X="122" Y="135"/>
	<Point X="121" Y="135"/>
	<Point X="120" Y="135"/>
	<Point X="119" Y="135"/>
	<Point X="118" Y="135"/>
	<Point X="118" Y="136"/>
	<Point X="117" Y="136"/>
	<Point X="116" Y="136"/>
	<Point X="115" Y="136"/>
	<Point X="114" Y="137"/>
	<Point X="113" Y="137"/>
	<Point X="113" Y="138"/>
	<Point X="113" Y="139"/>
	<Point X="113" Y="140"/>
	<Point X="113" Y="141"/>
	<Point X="113" Y="142"/>
	<Point X="113" Y="143"/>
	<Point X="113" Y="144"/>
	<Point X="113" Y="145"/>
	<Point X="113" Y="146"/>
	<Point X="113" Y="147"/>
	<Point X="113" Y="148"/>
	<Point X="113" Y="149"/>
	<Point X="113" Y="150"/>
	<Point X="113" Y="151"/>
	<Point X="114" Y="152"/>
	<Point X="114" Y="153"/>
	<Point X="114" Y="155"/>
	<Point X="114" Y="156"/>
	<Point X="115" Y="157"/>
	<Point X="115" Y="159"/>
	<Point X="116" Y="161"/>
	<Point X="116" Y="163"/>
	<Point X="116" Y="165"/>
	<Point X="117" Y="167"/>
	<Point X="117" Y="168"/>
	<Point X="117" Y="170"/>
	<Point X="117" Y="171"/>
	<Point X="117" Y="173"/>
	<Point X="118" Y="176"/>
	<Point X="119" Y="178"/>
	<Point X="119" Y="179"/>
	<Point X="119" Y="181"/>
	<Point X="119" Y="183"/>
	<Point X="120" Y="185"/>
	<Point X="120" Y="186"/>
	<Point X="120" Y="189"/>
	<Point X="121" Y="190"/>
	<Point X="121" Y="193"/>
	<Point X="121" Y="194"/>
	<Point X="121" Y="195"/>
	<Point X="122" Y="197"/>
	<Point X="122" Y="199"/>
	<Point X="123" Y="200"/>
	<Point X="123" Y="203"/>
	<Point X="123" Y="204"/>
	<Point X="124" Y="206"/>
	<Point X="124" Y="207"/>
	<Point X="124" Y="208"/>
	<Point X="124" Y="210"/>
	<Point X="124" Y="211"/>
	<Point X="125" Y="212"/>
	<Point X="125" Y="214"/>
	<Point X="126" Y="215"/>
	<Point X="126" Y="216"/>
	<Point X="126" Y="218"/>
	<Point X="126" Y="219"/>
	<Point X="126" Y="220"/>
	<Point X="126" Y="222"/>
	<Point X="126" Y="223"/>
	<Point X="126" Y="224"/>
	<Point X="126" Y="225"/>
	<Point X="126" Y="226"/>
	<Point X="126" Y="227"/>
	<Point X="126" Y="228"/>
	<Point X="126" Y="229"/>
	<Point X="126" Y="230"/>
	<Point X="126" Y="231"/>
	<Point X="127" Y="232"/>
	<Point X="127" Y="233"/>
	<Point X="127" Y="234"/>
	<Point X="127" Y="235"/>
	<Point X="127" Y="236"/>
	<Point X="127" Y="237"/>
	<Point X="128" Y="237"/>
	<Point X="128" Y="238"/>
	<Point X="129" Y="238"/>
	<Point X="130" Y="238"/>
	<Point X="130" Y="239"/>
	<Point X="131" Y="239"/>
	<Point X="132" Y="239"/>
	<Point X="133" Y="240"/>
	<Point X="134" Y="240"/>
	<Point X="135" Y="240"/>
	<Point X="137" Y="240"/>
	<Point X="139" Y="241"/>
	<Point X="140" Y="241"/>
	<Point X="141" Y="241"/>
	<Point X="143" Y="242"/>
	<Point X="144" Y="243"/>
	<Point X="146" Y="243"/>
	<Point X="148" Y="243"/>
	<Point X="149" Y="243"/>
	<Point X="150" Y="243"/>
	<Point X="151" Y="243"/>
	<Point X="153" Y="244"/>
	<Point X="154" Y="244"/>
	<Point X="155" Y="244"/>
	<Point X="156" Y="244"/>
	<Point X="157" Y="244"/>
	<Point X="158" Y="244"/>
	<Point X="159" Y="244"/>
	<Point X="160" Y="244"/>
	<Point X="161" Y="244"/>
	<Point X="162" Y="244"/>
	<Point X="163" Y="243"/>
	<Point X="164" Y="243"/>
	<Point X="164" Y="242"/>
	<Point X="165" Y="242"/>
	<Point X="165" Y="241"/>
	<Point X="166" Y="240"/>
	<Point X="167" Y="239"/>
	<Point X="167" Y="238"/>
</Gesture>
