<?xml version="1.0" ?>
<Gesture Name="left_sq_bracket09" Subject="03" Number="09" NumPts="146">
	<Point X="145" Y="142"/>
	<Point X="144" Y="142"/>
	<Point X="143" Y="142"/>
	<Point X="142" Y="142"/>
	<Point X="141" Y="142"/>
	<Point X="140" Y="142"/>
	<Point X="139" Y="142"/>
	<Point X="139" Y="141"/>
	<Point X="138" Y="141"/>
	<Point X="137" Y="141"/>
	<Point X="135" Y="141"/>
	<Point X="134" Y="141"/>
	<Point X="133" Y="141"/>
	<Point X="132" Y="141"/>
	<Point X="130" Y="141"/>
	<Point X="129" Y="141"/>
	<Point X="128" Y="141"/>
	<Point X="126" Y="140"/>
	<Point X="125" Y="140"/>
	<Point X="123" Y="140"/>
	<Point X="120" Y="139"/>
	<Point X="119" Y="139"/>
	<Point X="116" Y="139"/>
	<Point X="115" Y="139"/>
	<Point X="114" Y="139"/>
	<Point X="112" Y="139"/>
	<Point X="111" Y="139"/>
	<Point X="109" Y="139"/>
	<Point X="108" Y="139"/>
	<Point X="106" Y="138"/>
	<Point X="105" Y="138"/>
	<Point X="104" Y="138"/>
	<Point X="103" Y="138"/>
	<Point X="102" Y="138"/>
	<Point X="101" Y="138"/>
	<Point X="100" Y="138"/>
	<Point X="99" Y="138"/>
	<Point X="98" Y="138"/>
	<Point X="98" Y="139"/>
	<Point X="97" Y="139"/>
	<Point X="97" Y="140"/>
	<Point X="97" Y="141"/>
	<Point X="97" Y="142"/>
	<Point X="97" Y="143"/>
	<Point X="97" Y="144"/>
	<Point X="97" Y="145"/>
	<Point X="97" Y="146"/>
	<Point X="97" Y="147"/>
	<Point X="97" Y="148"/>
	<Point X="97" Y="149"/>
	<Point X="97" Y="151"/>
	<Point X="97" Y="152"/>
	<Point X="97" Y="154"/>
	<Point X="97" Y="155"/>
	<Point X="98" Y="156"/>
	<Point X="98" Y="158"/>
	<Point X="98" Y="159"/>
	<Point X="98" Y="161"/>
	<Point X="98" Y="162"/>
	<Point X="98" Y="163"/>
	<Point X="98" Y="165"/>
	<Point X="98" Y="167"/>
	<Point X="98" Y="169"/>
	<Point X="98" Y="171"/>
	<Point X="98" Y="174"/>
	<Point X="98" Y="176"/>
	<Point X="98" Y="177"/>
	<Point X="98" Y="179"/>
	<Point X="98" Y="182"/>
	<Point X="98" Y="183"/>
	<Point X="98" Y="185"/>
	<Point X="99" Y="188"/>
	<Point X="99" Y="190"/>
	<Point X="99" Y="192"/>
	<Point X="99" Y="193"/>
	<Point X="99" Y="196"/>
	<Point X="99" Y="197"/>
	<Point X="99" Y="199"/>
	<Point X="99" Y="201"/>
	<Point X="100" Y="202"/>
	<Point X="100" Y="204"/>
	<Point X="100" Y="206"/>
	<Point X="100" Y="208"/>
	<Point X="100" Y="209"/>
	<Point X="100" Y="210"/>
	<Point X="100" Y="212"/>
	<Point X="100" Y="213"/>
	<Point X="100" Y="214"/>
	<Point X="100" Y="217"/>
	<Point X="100" Y="218"/>
	<Point X="100" Y="220"/>
	<Point X="100" Y="221"/>
	<Point X="100" Y="222"/>
	<Point X="100" Y="223"/>
	<Point X="100" Y="224"/>
	<Point X="100" Y="225"/>
	<Point X="100" Y="226"/>
	<Point X="100" Y="227"/>
	<Point X="100" Y="228"/>
	<Point X="100" Y="229"/>
	<Point X="100" Y="230"/>
	<Point X="100" Y="231"/>
	<Point X="100" Y="232"/>
	<Point X="100" Y="233"/>
	<Point X="100" Y="234"/>
	<Point X="100" Y="235"/>
	<Point X="100" Y="237"/>
	<Point X="100" Y="238"/>
	<Point X="100" Y="239"/>
	<Point X="99" Y="239"/>
	<Point X="99" Y="240"/>
	<Point X="99" Y="241"/>
	<Point X="99" Y="242"/>
	<Point X="99" Y="243"/>
	<Point X="99" Y="244"/>
	<Point X="99" Y="245"/>
	<Point X="99" Y="246"/>
	<Point X="99" Y="247"/>
	<Point X="98" Y="247"/>
	<Point X="98" Y="248"/>
	<Point X="98" Y="249"/>
	<Point X="98" Y="250"/>
	<Point X="99" Y="250"/>
	<Point X="100" Y="250"/>
	<Point X="101" Y="250"/>
	<Point X="102" Y="251"/>
	<Point X="103" Y="251"/>
	<Point X="104" Y="251"/>
	<Point X="106" Y="251"/>
	<Point X="108" Y="252"/>
	<Point X="110" Y="252"/>
	<Point X="112" Y="253"/>
	<Point X="114" Y="253"/>
	<Point X="115" Y="253"/>
	<Point X="116" Y="253"/>
	<Point X="118" Y="253"/>
	<Point X="119" Y="253"/>
	<Point X="120" Y="253"/>
	<Point X="121" Y="253"/>
	<Point X="122" Y="253"/>
	<Point X="123" Y="253"/>
	<Point X="124" Y="253"/>
	<Point X="125" Y="253"/>
	<Point X="126" Y="253"/>
	<Point X="126" Y="252"/>
	<Point X="126" Y="251"/>
</Gesture>
