<?xml version="1.0" ?>
<Gesture Name="left_curly_brace07" Subject="03" Number="07" NumPts="178">
	<Point X="136" Y="108"/>
	<Point X="135" Y="108"/>
	<Point X="134" Y="108"/>
	<Point X="133" Y="108"/>
	<Point X="132" Y="108"/>
	<Point X="131" Y="108"/>
	<Point X="130" Y="108"/>
	<Point X="129" Y="108"/>
	<Point X="128" Y="108"/>
	<Point X="127" Y="108"/>
	<Point X="126" Y="108"/>
	<Point X="125" Y="108"/>
	<Point X="124" Y="108"/>
	<Point X="123" Y="108"/>
	<Point X="121" Y="108"/>
	<Point X="120" Y="108"/>
	<Point X="119" Y="108"/>
	<Point X="119" Y="109"/>
	<Point X="117" Y="109"/>
	<Point X="116" Y="109"/>
	<Point X="116" Y="110"/>
	<Point X="116" Y="111"/>
	<Point X="115" Y="111"/>
	<Point X="114" Y="112"/>
	<Point X="114" Y="113"/>
	<Point X="113" Y="113"/>
	<Point X="113" Y="114"/>
	<Point X="113" Y="115"/>
	<Point X="113" Y="116"/>
	<Point X="112" Y="117"/>
	<Point X="112" Y="118"/>
	<Point X="112" Y="119"/>
	<Point X="112" Y="120"/>
	<Point X="112" Y="121"/>
	<Point X="112" Y="122"/>
	<Point X="112" Y="123"/>
	<Point X="112" Y="124"/>
	<Point X="112" Y="125"/>
	<Point X="113" Y="125"/>
	<Point X="113" Y="127"/>
	<Point X="113" Y="128"/>
	<Point X="114" Y="129"/>
	<Point X="115" Y="131"/>
	<Point X="115" Y="132"/>
	<Point X="116" Y="133"/>
	<Point X="116" Y="134"/>
	<Point X="117" Y="135"/>
	<Point X="117" Y="136"/>
	<Point X="118" Y="136"/>
	<Point X="119" Y="137"/>
	<Point X="119" Y="138"/>
	<Point X="120" Y="138"/>
	<Point X="121" Y="140"/>
	<Point X="121" Y="141"/>
	<Point X="122" Y="141"/>
	<Point X="123" Y="142"/>
	<Point X="123" Y="143"/>
	<Point X="124" Y="144"/>
	<Point X="124" Y="145"/>
	<Point X="125" Y="145"/>
	<Point X="125" Y="146"/>
	<Point X="125" Y="147"/>
	<Point X="125" Y="148"/>
	<Point X="125" Y="149"/>
	<Point X="125" Y="150"/>
	<Point X="125" Y="151"/>
	<Point X="125" Y="152"/>
	<Point X="125" Y="153"/>
	<Point X="124" Y="153"/>
	<Point X="124" Y="154"/>
	<Point X="123" Y="154"/>
	<Point X="123" Y="155"/>
	<Point X="122" Y="156"/>
	<Point X="121" Y="156"/>
	<Point X="120" Y="156"/>
	<Point X="120" Y="157"/>
	<Point X="119" Y="157"/>
	<Point X="118" Y="157"/>
	<Point X="117" Y="157"/>
	<Point X="116" Y="158"/>
	<Point X="115" Y="158"/>
	<Point X="114" Y="158"/>
	<Point X="113" Y="158"/>
	<Point X="112" Y="159"/>
	<Point X="111" Y="159"/>
	<Point X="110" Y="159"/>
	<Point X="109" Y="160"/>
	<Point X="108" Y="160"/>
	<Point X="107" Y="160"/>
	<Point X="106" Y="160"/>
	<Point X="105" Y="160"/>
	<Point X="104" Y="160"/>
	<Point X="103" Y="160"/>
	<Point X="102" Y="160"/>
	<Point X="101" Y="160"/>
	<Point X="100" Y="160"/>
	<Point X="99" Y="160"/>
	<Point X="99" Y="159"/>
	<Point X="100" Y="159"/>
	<Point X="100" Y="158"/>
	<Point X="101" Y="158"/>
	<Point X="102" Y="158"/>
	<Point X="103" Y="158"/>
	<Point X="103" Y="157"/>
	<Point X="104" Y="157"/>
	<Point X="105" Y="157"/>
	<Point X="107" Y="157"/>
	<Point X="108" Y="157"/>
	<Point X="109" Y="157"/>
	<Point X="111" Y="157"/>
	<Point X="112" Y="157"/>
	<Point X="113" Y="157"/>
	<Point X="116" Y="157"/>
	<Point X="117" Y="157"/>
	<Point X="119" Y="157"/>
	<Point X="120" Y="157"/>
	<Point X="122" Y="157"/>
	<Point X="124" Y="157"/>
	<Point X="125" Y="157"/>
	<Point X="127" Y="157"/>
	<Point X="127" Y="158"/>
	<Point X="128" Y="158"/>
	<Point X="128" Y="159"/>
	<Point X="128" Y="160"/>
	<Point X="129" Y="160"/>
	<Point X="129" Y="161"/>
	<Point X="129" Y="162"/>
	<Point X="129" Y="163"/>
	<Point X="129" Y="164"/>
	<Point X="129" Y="165"/>
	<Point X="129" Y="166"/>
	<Point X="129" Y="167"/>
	<Point X="129" Y="168"/>
	<Point X="129" Y="169"/>
	<Point X="129" Y="170"/>
	<Point X="129" Y="171"/>
	<Point X="129" Y="172"/>
	<Point X="129" Y="173"/>
	<Point X="128" Y="173"/>
	<Point X="128" Y="174"/>
	<Point X="128" Y="175"/>
	<Point X="128" Y="176"/>
	<Point X="128" Y="177"/>
	<Point X="128" Y="178"/>
	<Point X="128" Y="179"/>
	<Point X="128" Y="180"/>
	<Point X="128" Y="181"/>
	<Point X="129" Y="181"/>
	<Point X="129" Y="182"/>
	<Point X="129" Y="183"/>
	<Point X="129" Y="184"/>
	<Point X="129" Y="185"/>
	<Point X="130" Y="185"/>
	<Point X="130" Y="186"/>
	<Point X="131" Y="186"/>
	<Point X="131" Y="187"/>
	<Point X="132" Y="188"/>
	<Point X="132" Y="189"/>
	<Point X="133" Y="190"/>
	<Point X="134" Y="191"/>
	<Point X="135" Y="192"/>
	<Point X="136" Y="193"/>
	<Point X="137" Y="193"/>
	<Point X="137" Y="194"/>
	<Point X="138" Y="194"/>
	<Point X="139" Y="194"/>
	<Point X="140" Y="195"/>
	<Point X="141" Y="195"/>
	<Point X="142" Y="195"/>
	<Point X="143" Y="195"/>
	<Point X="144" Y="195"/>
	<Point X="145" Y="196"/>
	<Point X="146" Y="196"/>
	<Point X="147" Y="196"/>
	<Point X="147" Y="195"/>
	<Point X="148" Y="195"/>
	<Point X="148" Y="194"/>
	<Point X="149" Y="194"/>
</Gesture>
