<?xml version="1.0" ?>
<Gesture Name="left_curly_brace05" Subject="03" Number="05" NumPts="177">
	<Point X="156" Y="117"/>
	<Point X="156" Y="116"/>
	<Point X="155" Y="116"/>
	<Point X="154" Y="116"/>
	<Point X="153" Y="116"/>
	<Point X="152" Y="116"/>
	<Point X="152" Y="115"/>
	<Point X="151" Y="115"/>
	<Point X="150" Y="115"/>
	<Point X="149" Y="115"/>
	<Point X="148" Y="115"/>
	<Point X="147" Y="115"/>
	<Point X="146" Y="115"/>
	<Point X="145" Y="115"/>
	<Point X="144" Y="115"/>
	<Point X="143" Y="115"/>
	<Point X="142" Y="115"/>
	<Point X="141" Y="115"/>
	<Point X="140" Y="115"/>
	<Point X="139" Y="115"/>
	<Point X="138" Y="115"/>
	<Point X="138" Y="116"/>
	<Point X="137" Y="116"/>
	<Point X="136" Y="116"/>
	<Point X="135" Y="117"/>
	<Point X="134" Y="117"/>
	<Point X="133" Y="117"/>
	<Point X="133" Y="118"/>
	<Point X="133" Y="119"/>
	<Point X="132" Y="119"/>
	<Point X="132" Y="120"/>
	<Point X="131" Y="120"/>
	<Point X="131" Y="121"/>
	<Point X="130" Y="122"/>
	<Point X="130" Y="123"/>
	<Point X="129" Y="124"/>
	<Point X="129" Y="125"/>
	<Point X="129" Y="126"/>
	<Point X="129" Y="127"/>
	<Point X="129" Y="128"/>
	<Point X="129" Y="129"/>
	<Point X="129" Y="130"/>
	<Point X="129" Y="131"/>
	<Point X="129" Y="132"/>
	<Point X="129" Y="133"/>
	<Point X="129" Y="134"/>
	<Point X="129" Y="135"/>
	<Point X="129" Y="136"/>
	<Point X="129" Y="137"/>
	<Point X="129" Y="138"/>
	<Point X="130" Y="138"/>
	<Point X="130" Y="139"/>
	<Point X="130" Y="140"/>
	<Point X="130" Y="141"/>
	<Point X="131" Y="141"/>
	<Point X="131" Y="142"/>
	<Point X="131" Y="143"/>
	<Point X="131" Y="144"/>
	<Point X="131" Y="145"/>
	<Point X="131" Y="146"/>
	<Point X="131" Y="147"/>
	<Point X="131" Y="148"/>
	<Point X="131" Y="149"/>
	<Point X="130" Y="149"/>
	<Point X="129" Y="149"/>
	<Point X="129" Y="150"/>
	<Point X="128" Y="150"/>
	<Point X="127" Y="150"/>
	<Point X="126" Y="150"/>
	<Point X="125" Y="150"/>
	<Point X="124" Y="150"/>
	<Point X="123" Y="150"/>
	<Point X="122" Y="150"/>
	<Point X="121" Y="151"/>
	<Point X="120" Y="151"/>
	<Point X="119" Y="151"/>
	<Point X="118" Y="151"/>
	<Point X="117" Y="151"/>
	<Point X="116" Y="151"/>
	<Point X="115" Y="151"/>
	<Point X="114" Y="151"/>
	<Point X="113" Y="151"/>
	<Point X="112" Y="151"/>
	<Point X="111" Y="151"/>
	<Point X="110" Y="151"/>
	<Point X="109" Y="151"/>
	<Point X="108" Y="151"/>
	<Point X="107" Y="151"/>
	<Point X="106" Y="151"/>
	<Point X="105" Y="151"/>
	<Point X="105" Y="150"/>
	<Point X="104" Y="150"/>
	<Point X="103" Y="150"/>
	<Point X="102" Y="150"/>
	<Point X="103" Y="150"/>
	<Point X="104" Y="150"/>
	<Point X="105" Y="150"/>
	<Point X="106" Y="150"/>
	<Point X="107" Y="150"/>
	<Point X="108" Y="150"/>
	<Point X="109" Y="150"/>
	<Point X="111" Y="150"/>
	<Point X="112" Y="150"/>
	<Point X="113" Y="150"/>
	<Point X="114" Y="150"/>
	<Point X="116" Y="150"/>
	<Point X="117" Y="150"/>
	<Point X="120" Y="150"/>
	<Point X="121" Y="150"/>
	<Point X="123" Y="150"/>
	<Point X="124" Y="150"/>
	<Point X="126" Y="150"/>
	<Point X="128" Y="150"/>
	<Point X="129" Y="150"/>
	<Point X="131" Y="150"/>
	<Point X="131" Y="151"/>
	<Point X="132" Y="151"/>
	<Point X="133" Y="151"/>
	<Point X="133" Y="152"/>
	<Point X="134" Y="152"/>
	<Point X="134" Y="153"/>
	<Point X="135" Y="153"/>
	<Point X="135" Y="154"/>
	<Point X="136" Y="154"/>
	<Point X="136" Y="155"/>
	<Point X="136" Y="156"/>
	<Point X="136" Y="157"/>
	<Point X="137" Y="158"/>
	<Point X="137" Y="159"/>
	<Point X="137" Y="160"/>
	<Point X="137" Y="161"/>
	<Point X="137" Y="162"/>
	<Point X="137" Y="163"/>
	<Point X="137" Y="164"/>
	<Point X="137" Y="165"/>
	<Point X="137" Y="166"/>
	<Point X="137" Y="167"/>
	<Point X="137" Y="168"/>
	<Point X="137" Y="169"/>
	<Point X="136" Y="169"/>
	<Point X="136" Y="170"/>
	<Point X="136" Y="171"/>
	<Point X="136" Y="172"/>
	<Point X="136" Y="173"/>
	<Point X="136" Y="174"/>
	<Point X="136" Y="175"/>
	<Point X="136" Y="176"/>
	<Point X="136" Y="177"/>
	<Point X="136" Y="178"/>
	<Point X="136" Y="179"/>
	<Point X="136" Y="180"/>
	<Point X="137" Y="180"/>
	<Point X="137" Y="181"/>
	<Point X="137" Y="182"/>
	<Point X="138" Y="182"/>
	<Point X="138" Y="183"/>
	<Point X="138" Y="184"/>
	<Point X="139" Y="185"/>
	<Point X="140" Y="185"/>
	<Point X="140" Y="186"/>
	<Point X="141" Y="187"/>
	<Point X="142" Y="188"/>
	<Point X="142" Y="189"/>
	<Point X="143" Y="189"/>
	<Point X="144" Y="190"/>
	<Point X="145" Y="190"/>
	<Point X="146" Y="191"/>
	<Point X="147" Y="191"/>
	<Point X="148" Y="191"/>
	<Point X="148" Y="192"/>
	<Point X="149" Y="192"/>
	<Point X="150" Y="192"/>
	<Point X="151" Y="192"/>
	<Point X="152" Y="192"/>
	<Point X="153" Y="192"/>
	<Point X="153" Y="191"/>
	<Point X="153" Y="190"/>
</Gesture>
