<?xml version="1.0" ?>
<Gesture Name="left_curly_brace06" Subject="03" Number="06" NumPts="187">
	<Point X="135" Y="107"/>
	<Point X="134" Y="107"/>
	<Point X="133" Y="107"/>
	<Point X="132" Y="107"/>
	<Point X="131" Y="107"/>
	<Point X="130" Y="107"/>
	<Point X="129" Y="107"/>
	<Point X="128" Y="107"/>
	<Point X="127" Y="107"/>
	<Point X="127" Y="108"/>
	<Point X="126" Y="108"/>
	<Point X="125" Y="108"/>
	<Point X="125" Y="109"/>
	<Point X="124" Y="109"/>
	<Point X="124" Y="110"/>
	<Point X="124" Y="111"/>
	<Point X="123" Y="111"/>
	<Point X="123" Y="112"/>
	<Point X="123" Y="113"/>
	<Point X="123" Y="114"/>
	<Point X="122" Y="115"/>
	<Point X="122" Y="116"/>
	<Point X="122" Y="117"/>
	<Point X="121" Y="117"/>
	<Point X="121" Y="118"/>
	<Point X="121" Y="119"/>
	<Point X="121" Y="120"/>
	<Point X="121" Y="121"/>
	<Point X="121" Y="122"/>
	<Point X="121" Y="123"/>
	<Point X="121" Y="124"/>
	<Point X="121" Y="125"/>
	<Point X="121" Y="126"/>
	<Point X="121" Y="127"/>
	<Point X="122" Y="128"/>
	<Point X="122" Y="129"/>
	<Point X="123" Y="129"/>
	<Point X="123" Y="130"/>
	<Point X="123" Y="131"/>
	<Point X="123" Y="132"/>
	<Point X="123" Y="133"/>
	<Point X="123" Y="134"/>
	<Point X="124" Y="135"/>
	<Point X="124" Y="136"/>
	<Point X="124" Y="137"/>
	<Point X="124" Y="138"/>
	<Point X="124" Y="139"/>
	<Point X="124" Y="140"/>
	<Point X="124" Y="141"/>
	<Point X="124" Y="142"/>
	<Point X="124" Y="143"/>
	<Point X="124" Y="144"/>
	<Point X="124" Y="145"/>
	<Point X="124" Y="146"/>
	<Point X="123" Y="146"/>
	<Point X="123" Y="147"/>
	<Point X="123" Y="148"/>
	<Point X="122" Y="148"/>
	<Point X="122" Y="149"/>
	<Point X="121" Y="149"/>
	<Point X="120" Y="149"/>
	<Point X="120" Y="150"/>
	<Point X="119" Y="150"/>
	<Point X="118" Y="150"/>
	<Point X="117" Y="151"/>
	<Point X="116" Y="151"/>
	<Point X="115" Y="151"/>
	<Point X="114" Y="152"/>
	<Point X="113" Y="152"/>
	<Point X="112" Y="152"/>
	<Point X="111" Y="152"/>
	<Point X="110" Y="152"/>
	<Point X="109" Y="152"/>
	<Point X="108" Y="152"/>
	<Point X="107" Y="152"/>
	<Point X="106" Y="152"/>
	<Point X="105" Y="152"/>
	<Point X="104" Y="152"/>
	<Point X="103" Y="152"/>
	<Point X="102" Y="152"/>
	<Point X="101" Y="152"/>
	<Point X="100" Y="152"/>
	<Point X="99" Y="152"/>
	<Point X="98" Y="152"/>
	<Point X="97" Y="152"/>
	<Point X="96" Y="152"/>
	<Point X="95" Y="152"/>
	<Point X="94" Y="152"/>
	<Point X="93" Y="152"/>
	<Point X="92" Y="152"/>
	<Point X="91" Y="152"/>
	<Point X="90" Y="152"/>
	<Point X="89" Y="152"/>
	<Point X="88" Y="152"/>
	<Point X="87" Y="152"/>
	<Point X="87" Y="151"/>
	<Point X="86" Y="151"/>
	<Point X="85" Y="151"/>
	<Point X="84" Y="151"/>
	<Point X="83" Y="151"/>
	<Point X="83" Y="150"/>
	<Point X="82" Y="150"/>
	<Point X="83" Y="150"/>
	<Point X="84" Y="150"/>
	<Point X="85" Y="150"/>
	<Point X="86" Y="150"/>
	<Point X="87" Y="150"/>
	<Point X="88" Y="150"/>
	<Point X="89" Y="150"/>
	<Point X="90" Y="149"/>
	<Point X="91" Y="149"/>
	<Point X="93" Y="149"/>
	<Point X="95" Y="149"/>
	<Point X="98" Y="149"/>
	<Point X="100" Y="149"/>
	<Point X="102" Y="149"/>
	<Point X="104" Y="149"/>
	<Point X="106" Y="149"/>
	<Point X="108" Y="149"/>
	<Point X="109" Y="149"/>
	<Point X="112" Y="149"/>
	<Point X="113" Y="149"/>
	<Point X="116" Y="150"/>
	<Point X="117" Y="150"/>
	<Point X="118" Y="150"/>
	<Point X="119" Y="150"/>
	<Point X="120" Y="150"/>
	<Point X="121" Y="151"/>
	<Point X="121" Y="152"/>
	<Point X="122" Y="152"/>
	<Point X="122" Y="153"/>
	<Point X="123" Y="153"/>
	<Point X="123" Y="154"/>
	<Point X="123" Y="155"/>
	<Point X="123" Y="156"/>
	<Point X="123" Y="157"/>
	<Point X="123" Y="158"/>
	<Point X="123" Y="159"/>
	<Point X="123" Y="160"/>
	<Point X="123" Y="161"/>
	<Point X="123" Y="162"/>
	<Point X="123" Y="163"/>
	<Point X="123" Y="164"/>
	<Point X="123" Y="165"/>
	<Point X="123" Y="166"/>
	<Point X="123" Y="167"/>
	<Point X="123" Y="168"/>
	<Point X="123" Y="169"/>
	<Point X="123" Y="170"/>
	<Point X="123" Y="171"/>
	<Point X="123" Y="172"/>
	<Point X="123" Y="173"/>
	<Point X="123" Y="174"/>
	<Point X="123" Y="175"/>
	<Point X="123" Y="176"/>
	<Point X="123" Y="177"/>
	<Point X="123" Y="178"/>
	<Point X="123" Y="179"/>
	<Point X="124" Y="179"/>
	<Point X="124" Y="181"/>
	<Point X="124" Y="182"/>
	<Point X="125" Y="183"/>
	<Point X="126" Y="184"/>
	<Point X="127" Y="185"/>
	<Point X="127" Y="186"/>
	<Point X="128" Y="187"/>
	<Point X="129" Y="188"/>
	<Point X="130" Y="189"/>
	<Point X="131" Y="189"/>
	<Point X="131" Y="190"/>
	<Point X="132" Y="190"/>
	<Point X="133" Y="190"/>
	<Point X="133" Y="191"/>
	<Point X="134" Y="191"/>
	<Point X="135" Y="191"/>
	<Point X="136" Y="192"/>
	<Point X="137" Y="192"/>
	<Point X="137" Y="193"/>
	<Point X="138" Y="193"/>
	<Point X="139" Y="193"/>
	<Point X="140" Y="193"/>
	<Point X="141" Y="193"/>
	<Point X="142" Y="193"/>
	<Point X="142" Y="192"/>
	<Point X="143" Y="191"/>
	<Point X="144" Y="191"/>
	<Point X="144" Y="190"/>
</Gesture>
