<?xml version="1.0" ?>
<Gesture Name="left_sq_bracket05" Subject="03" Number="05" NumPts="141">
	<Point X="159" Y="132"/>
	<Point X="158" Y="132"/>
	<Point X="157" Y="132"/>
	<Point X="156" Y="132"/>
	<Point X="155" Y="132"/>
	<Point X="154" Y="132"/>
	<Point X="153" Y="132"/>
	<Point X="152" Y="132"/>
	<Point X="151" Y="131"/>
	<Point X="150" Y="131"/>
	<Point X="149" Y="131"/>
	<Point X="147" Y="131"/>
	<Point X="146" Y="131"/>
	<Point X="143" Y="130"/>
	<Point X="140" Y="130"/>
	<Point X="138" Y="129"/>
	<Point X="137" Y="129"/>
	<Point X="135" Y="129"/>
	<Point X="133" Y="129"/>
	<Point X="130" Y="129"/>
	<Point X="128" Y="128"/>
	<Point X="127" Y="128"/>
	<Point X="125" Y="128"/>
	<Point X="124" Y="128"/>
	<Point X="123" Y="128"/>
	<Point X="121" Y="128"/>
	<Point X="119" Y="128"/>
	<Point X="118" Y="128"/>
	<Point X="117" Y="128"/>
	<Point X="115" Y="128"/>
	<Point X="114" Y="128"/>
	<Point X="113" Y="128"/>
	<Point X="112" Y="128"/>
	<Point X="111" Y="128"/>
	<Point X="110" Y="128"/>
	<Point X="109" Y="128"/>
	<Point X="108" Y="128"/>
	<Point X="108" Y="129"/>
	<Point X="108" Y="130"/>
	<Point X="108" Y="131"/>
	<Point X="108" Y="132"/>
	<Point X="108" Y="133"/>
	<Point X="108" Y="134"/>
	<Point X="108" Y="135"/>
	<Point X="108" Y="136"/>
	<Point X="108" Y="137"/>
	<Point X="108" Y="138"/>
	<Point X="108" Y="140"/>
	<Point X="108" Y="141"/>
	<Point X="108" Y="142"/>
	<Point X="108" Y="143"/>
	<Point X="108" Y="145"/>
	<Point X="109" Y="146"/>
	<Point X="109" Y="148"/>
	<Point X="109" Y="150"/>
	<Point X="109" Y="152"/>
	<Point X="109" Y="153"/>
	<Point X="110" Y="156"/>
	<Point X="110" Y="157"/>
	<Point X="111" Y="160"/>
	<Point X="111" Y="161"/>
	<Point X="111" Y="164"/>
	<Point X="111" Y="166"/>
	<Point X="111" Y="167"/>
	<Point X="112" Y="170"/>
	<Point X="112" Y="172"/>
	<Point X="112" Y="173"/>
	<Point X="112" Y="176"/>
	<Point X="113" Y="179"/>
	<Point X="113" Y="181"/>
	<Point X="114" Y="183"/>
	<Point X="114" Y="184"/>
	<Point X="114" Y="187"/>
	<Point X="115" Y="190"/>
	<Point X="115" Y="191"/>
	<Point X="116" Y="196"/>
	<Point X="117" Y="200"/>
	<Point X="117" Y="202"/>
	<Point X="117" Y="203"/>
	<Point X="118" Y="205"/>
	<Point X="118" Y="207"/>
	<Point X="119" Y="208"/>
	<Point X="119" Y="211"/>
	<Point X="119" Y="212"/>
	<Point X="119" Y="214"/>
	<Point X="119" Y="215"/>
	<Point X="119" Y="216"/>
	<Point X="119" Y="219"/>
	<Point X="119" Y="220"/>
	<Point X="119" Y="221"/>
	<Point X="119" Y="222"/>
	<Point X="119" Y="223"/>
	<Point X="119" Y="224"/>
	<Point X="119" Y="225"/>
	<Point X="119" Y="226"/>
	<Point X="119" Y="227"/>
	<Point X="119" Y="228"/>
	<Point X="119" Y="229"/>
	<Point X="119" Y="230"/>
	<Point X="119" Y="231"/>
	<Point X="119" Y="232"/>
	<Point X="119" Y="233"/>
	<Point X="119" Y="234"/>
	<Point X="119" Y="235"/>
	<Point X="119" Y="236"/>
	<Point X="119" Y="237"/>
	<Point X="119" Y="238"/>
	<Point X="119" Y="239"/>
	<Point X="118" Y="239"/>
	<Point X="118" Y="240"/>
	<Point X="118" Y="241"/>
	<Point X="118" Y="242"/>
	<Point X="119" Y="242"/>
	<Point X="119" Y="243"/>
	<Point X="120" Y="243"/>
	<Point X="121" Y="243"/>
	<Point X="121" Y="244"/>
	<Point X="122" Y="244"/>
	<Point X="124" Y="244"/>
	<Point X="125" Y="244"/>
	<Point X="128" Y="244"/>
	<Point X="130" Y="244"/>
	<Point X="132" Y="245"/>
	<Point X="133" Y="245"/>
	<Point X="134" Y="245"/>
	<Point X="136" Y="245"/>
	<Point X="137" Y="245"/>
	<Point X="139" Y="245"/>
	<Point X="140" Y="245"/>
	<Point X="141" Y="245"/>
	<Point X="143" Y="245"/>
	<Point X="144" Y="245"/>
	<Point X="145" Y="245"/>
	<Point X="147" Y="245"/>
	<Point X="148" Y="245"/>
	<Point X="149" Y="245"/>
	<Point X="150" Y="245"/>
	<Point X="151" Y="245"/>
	<Point X="152" Y="245"/>
	<Point X="152" Y="244"/>
	<Point X="152" Y="243"/>
</Gesture>
