<?xml version="1.0" ?>
<Gesture Name="left_sq_bracket08" Subject="03" Number="08" NumPts="140">
	<Point X="150" Y="132"/>
	<Point X="149" Y="132"/>
	<Point X="148" Y="132"/>
	<Point X="147" Y="132"/>
	<Point X="146" Y="132"/>
	<Point X="145" Y="132"/>
	<Point X="144" Y="132"/>
	<Point X="143" Y="132"/>
	<Point X="142" Y="132"/>
	<Point X="141" Y="132"/>
	<Point X="139" Y="131"/>
	<Point X="138" Y="131"/>
	<Point X="136" Y="131"/>
	<Point X="134" Y="130"/>
	<Point X="133" Y="130"/>
	<Point X="130" Y="130"/>
	<Point X="128" Y="130"/>
	<Point X="125" Y="129"/>
	<Point X="124" Y="129"/>
	<Point X="122" Y="129"/>
	<Point X="120" Y="129"/>
	<Point X="118" Y="129"/>
	<Point X="117" Y="129"/>
	<Point X="114" Y="128"/>
	<Point X="113" Y="128"/>
	<Point X="111" Y="128"/>
	<Point X="110" Y="128"/>
	<Point X="108" Y="128"/>
	<Point X="107" Y="128"/>
	<Point X="105" Y="128"/>
	<Point X="103" Y="128"/>
	<Point X="102" Y="128"/>
	<Point X="101" Y="128"/>
	<Point X="100" Y="128"/>
	<Point X="99" Y="128"/>
	<Point X="98" Y="128"/>
	<Point X="97" Y="128"/>
	<Point X="96" Y="128"/>
	<Point X="95" Y="128"/>
	<Point X="95" Y="129"/>
	<Point X="95" Y="130"/>
	<Point X="95" Y="131"/>
	<Point X="95" Y="132"/>
	<Point X="95" Y="133"/>
	<Point X="95" Y="134"/>
	<Point X="95" Y="135"/>
	<Point X="95" Y="136"/>
	<Point X="95" Y="137"/>
	<Point X="95" Y="138"/>
	<Point X="95" Y="139"/>
	<Point X="95" Y="141"/>
	<Point X="95" Y="142"/>
	<Point X="96" Y="143"/>
	<Point X="96" Y="144"/>
	<Point X="96" Y="146"/>
	<Point X="96" Y="147"/>
	<Point X="97" Y="149"/>
	<Point X="97" Y="151"/>
	<Point X="98" Y="153"/>
	<Point X="98" Y="154"/>
	<Point X="99" Y="156"/>
	<Point X="99" Y="158"/>
	<Point X="100" Y="160"/>
	<Point X="101" Y="163"/>
	<Point X="101" Y="164"/>
	<Point X="101" Y="167"/>
	<Point X="102" Y="169"/>
	<Point X="102" Y="171"/>
	<Point X="102" Y="172"/>
	<Point X="103" Y="175"/>
	<Point X="103" Y="177"/>
	<Point X="104" Y="180"/>
	<Point X="104" Y="182"/>
	<Point X="105" Y="183"/>
	<Point X="105" Y="186"/>
	<Point X="105" Y="188"/>
	<Point X="106" Y="190"/>
	<Point X="106" Y="191"/>
	<Point X="107" Y="194"/>
	<Point X="107" Y="196"/>
	<Point X="107" Y="197"/>
	<Point X="108" Y="200"/>
	<Point X="108" Y="203"/>
	<Point X="108" Y="204"/>
	<Point X="108" Y="206"/>
	<Point X="109" Y="208"/>
	<Point X="109" Y="209"/>
	<Point X="109" Y="211"/>
	<Point X="109" Y="213"/>
	<Point X="109" Y="214"/>
	<Point X="109" Y="216"/>
	<Point X="109" Y="217"/>
	<Point X="109" Y="218"/>
	<Point X="109" Y="219"/>
	<Point X="109" Y="221"/>
	<Point X="109" Y="222"/>
	<Point X="109" Y="223"/>
	<Point X="109" Y="224"/>
	<Point X="109" Y="225"/>
	<Point X="109" Y="226"/>
	<Point X="109" Y="227"/>
	<Point X="109" Y="228"/>
	<Point X="109" Y="229"/>
	<Point X="109" Y="230"/>
	<Point X="109" Y="231"/>
	<Point X="109" Y="232"/>
	<Point X="109" Y="233"/>
	<Point X="109" Y="234"/>
	<Point X="109" Y="235"/>
	<Point X="109" Y="236"/>
	<Point X="109" Y="237"/>
	<Point X="109" Y="238"/>
	<Point X="109" Y="239"/>
	<Point X="109" Y="240"/>
	<Point X="109" Y="241"/>
	<Point X="109" Y="242"/>
	<Point X="110" Y="242"/>
	<Point X="111" Y="243"/>
	<Point X="112" Y="243"/>
	<Point X="113" Y="243"/>
	<Point X="114" Y="243"/>
	<Point X="116" Y="244"/>
	<Point X="117" Y="244"/>
	<Point X="118" Y="244"/>
	<Point X="120" Y="245"/>
	<Point X="121" Y="245"/>
	<Point X="123" Y="245"/>
	<Point X="125" Y="246"/>
	<Point X="127" Y="246"/>
	<Point X="129" Y="246"/>
	<Point X="132" Y="247"/>
	<Point X="134" Y="247"/>
	<Point X="136" Y="247"/>
	<Point X="137" Y="247"/>
	<Point X="138" Y="247"/>
	<Point X="139" Y="247"/>
	<Point X="139" Y="246"/>
	<Point X="140" Y="246"/>
	<Point X="140" Y="245"/>
	<Point X="140" Y="244"/>
</Gesture>
