<?xml version="1.0" ?>
<Gesture Name="left_curly_brace10" Subject="03" Number="10" NumPts="178">
	<Point X="136" Y="110"/>
	<Point X="136" Y="109"/>
	<Point X="135" Y="109"/>
	<Point X="134" Y="109"/>
	<Point X="133" Y="109"/>
	<Point X="132" Y="109"/>
	<Point X="131" Y="109"/>
	<Point X="129" Y="109"/>
	<Point X="129" Y="108"/>
	<Point X="128" Y="108"/>
	<Point X="127" Y="108"/>
	<Point X="125" Y="108"/>
	<Point X="124" Y="108"/>
	<Point X="123" Y="108"/>
	<Point X="122" Y="108"/>
	<Point X="121" Y="108"/>
	<Point X="120" Y="108"/>
	<Point X="119" Y="108"/>
	<Point X="118" Y="108"/>
	<Point X="117" Y="108"/>
	<Point X="117" Y="109"/>
	<Point X="116" Y="109"/>
	<Point X="115" Y="109"/>
	<Point X="115" Y="110"/>
	<Point X="114" Y="110"/>
	<Point X="114" Y="111"/>
	<Point X="113" Y="111"/>
	<Point X="113" Y="112"/>
	<Point X="112" Y="112"/>
	<Point X="112" Y="113"/>
	<Point X="112" Y="114"/>
	<Point X="112" Y="115"/>
	<Point X="112" Y="116"/>
	<Point X="112" Y="117"/>
	<Point X="112" Y="118"/>
	<Point X="112" Y="119"/>
	<Point X="112" Y="120"/>
	<Point X="112" Y="121"/>
	<Point X="112" Y="123"/>
	<Point X="112" Y="124"/>
	<Point X="112" Y="125"/>
	<Point X="112" Y="127"/>
	<Point X="112" Y="128"/>
	<Point X="112" Y="129"/>
	<Point X="112" Y="130"/>
	<Point X="112" Y="131"/>
	<Point X="112" Y="133"/>
	<Point X="112" Y="134"/>
	<Point X="112" Y="135"/>
	<Point X="112" Y="136"/>
	<Point X="113" Y="137"/>
	<Point X="113" Y="138"/>
	<Point X="113" Y="140"/>
	<Point X="113" Y="141"/>
	<Point X="113" Y="142"/>
	<Point X="113" Y="144"/>
	<Point X="113" Y="145"/>
	<Point X="113" Y="146"/>
	<Point X="114" Y="147"/>
	<Point X="114" Y="148"/>
	<Point X="114" Y="149"/>
	<Point X="114" Y="150"/>
	<Point X="114" Y="151"/>
	<Point X="114" Y="152"/>
	<Point X="113" Y="152"/>
	<Point X="112" Y="152"/>
	<Point X="112" Y="153"/>
	<Point X="111" Y="153"/>
	<Point X="110" Y="153"/>
	<Point X="109" Y="153"/>
	<Point X="108" Y="153"/>
	<Point X="107" Y="153"/>
	<Point X="107" Y="154"/>
	<Point X="105" Y="154"/>
	<Point X="104" Y="154"/>
	<Point X="103" Y="154"/>
	<Point X="102" Y="154"/>
	<Point X="101" Y="154"/>
	<Point X="100" Y="154"/>
	<Point X="99" Y="154"/>
	<Point X="98" Y="154"/>
	<Point X="97" Y="155"/>
	<Point X="96" Y="155"/>
	<Point X="95" Y="155"/>
	<Point X="94" Y="155"/>
	<Point X="93" Y="155"/>
	<Point X="92" Y="155"/>
	<Point X="91" Y="155"/>
	<Point X="90" Y="155"/>
	<Point X="89" Y="155"/>
	<Point X="88" Y="155"/>
	<Point X="87" Y="155"/>
	<Point X="86" Y="155"/>
	<Point X="85" Y="155"/>
	<Point X="84" Y="155"/>
	<Point X="83" Y="155"/>
	<Point X="84" Y="155"/>
	<Point X="85" Y="155"/>
	<Point X="86" Y="155"/>
	<Point X="87" Y="155"/>
	<Point X="88" Y="155"/>
	<Point X="89" Y="154"/>
	<Point X="90" Y="154"/>
	<Point X="91" Y="154"/>
	<Point X="92" Y="154"/>
	<Point X="93" Y="154"/>
	<Point X="94" Y="154"/>
	<Point X="96" Y="154"/>
	<Point X="98" Y="154"/>
	<Point X="101" Y="154"/>
	<Point X="102" Y="155"/>
	<Point X="104" Y="155"/>
	<Point X="105" Y="155"/>
	<Point X="106" Y="155"/>
	<Point X="107" Y="156"/>
	<Point X="108" Y="156"/>
	<Point X="109" Y="156"/>
	<Point X="110" Y="157"/>
	<Point X="111" Y="157"/>
	<Point X="111" Y="158"/>
	<Point X="112" Y="158"/>
	<Point X="112" Y="159"/>
	<Point X="112" Y="160"/>
	<Point X="113" Y="160"/>
	<Point X="113" Y="161"/>
	<Point X="113" Y="162"/>
	<Point X="113" Y="163"/>
	<Point X="113" Y="164"/>
	<Point X="113" Y="165"/>
	<Point X="113" Y="166"/>
	<Point X="113" Y="167"/>
	<Point X="113" Y="168"/>
	<Point X="113" Y="169"/>
	<Point X="113" Y="170"/>
	<Point X="113" Y="171"/>
	<Point X="114" Y="171"/>
	<Point X="114" Y="173"/>
	<Point X="114" Y="174"/>
	<Point X="114" Y="175"/>
	<Point X="114" Y="176"/>
	<Point X="114" Y="177"/>
	<Point X="115" Y="178"/>
	<Point X="115" Y="179"/>
	<Point X="115" Y="180"/>
	<Point X="115" Y="181"/>
	<Point X="116" Y="182"/>
	<Point X="116" Y="183"/>
	<Point X="116" Y="184"/>
	<Point X="116" Y="185"/>
	<Point X="117" Y="185"/>
	<Point X="117" Y="186"/>
	<Point X="117" Y="187"/>
	<Point X="118" Y="187"/>
	<Point X="119" Y="189"/>
	<Point X="119" Y="190"/>
	<Point X="120" Y="190"/>
	<Point X="120" Y="191"/>
	<Point X="121" Y="191"/>
	<Point X="122" Y="192"/>
	<Point X="123" Y="193"/>
	<Point X="124" Y="194"/>
	<Point X="125" Y="194"/>
	<Point X="125" Y="195"/>
	<Point X="126" Y="195"/>
	<Point X="127" Y="195"/>
	<Point X="128" Y="196"/>
	<Point X="129" Y="197"/>
	<Point X="131" Y="197"/>
	<Point X="132" Y="198"/>
	<Point X="133" Y="198"/>
	<Point X="134" Y="198"/>
	<Point X="135" Y="198"/>
	<Point X="136" Y="198"/>
	<Point X="137" Y="198"/>
	<Point X="138" Y="198"/>
	<Point X="139" Y="198"/>
	<Point X="140" Y="198"/>
	<Point X="140" Y="197"/>
</Gesture>
