<?xml version="1.0" ?>
<Gesture Name="left_curly_brace02" Subject="03" Number="02" NumPts="188">
	<Point X="177" Y="132"/>
	<Point X="177" Y="131"/>
	<Point X="176" Y="131"/>
	<Point X="175" Y="131"/>
	<Point X="174" Y="131"/>
	<Point X="174" Y="130"/>
	<Point X="173" Y="130"/>
	<Point X="172" Y="130"/>
	<Point X="171" Y="130"/>
	<Point X="170" Y="130"/>
	<Point X="169" Y="130"/>
	<Point X="168" Y="130"/>
	<Point X="167" Y="130"/>
	<Point X="166" Y="130"/>
	<Point X="165" Y="130"/>
	<Point X="164" Y="130"/>
	<Point X="164" Y="131"/>
	<Point X="163" Y="131"/>
	<Point X="162" Y="131"/>
	<Point X="162" Y="132"/>
	<Point X="161" Y="132"/>
	<Point X="160" Y="133"/>
	<Point X="159" Y="133"/>
	<Point X="158" Y="134"/>
	<Point X="158" Y="135"/>
	<Point X="157" Y="135"/>
	<Point X="157" Y="136"/>
	<Point X="156" Y="137"/>
	<Point X="156" Y="138"/>
	<Point X="156" Y="139"/>
	<Point X="156" Y="140"/>
	<Point X="155" Y="140"/>
	<Point X="155" Y="141"/>
	<Point X="155" Y="142"/>
	<Point X="155" Y="144"/>
	<Point X="155" Y="145"/>
	<Point X="155" Y="146"/>
	<Point X="155" Y="148"/>
	<Point X="155" Y="149"/>
	<Point X="155" Y="150"/>
	<Point X="155" Y="151"/>
	<Point X="155" Y="152"/>
	<Point X="156" Y="152"/>
	<Point X="156" Y="153"/>
	<Point X="156" Y="154"/>
	<Point X="156" Y="155"/>
	<Point X="156" Y="156"/>
	<Point X="156" Y="157"/>
	<Point X="157" Y="157"/>
	<Point X="157" Y="158"/>
	<Point X="157" Y="159"/>
	<Point X="157" Y="160"/>
	<Point X="157" Y="161"/>
	<Point X="157" Y="162"/>
	<Point X="157" Y="163"/>
	<Point X="157" Y="164"/>
	<Point X="157" Y="165"/>
	<Point X="157" Y="166"/>
	<Point X="157" Y="167"/>
	<Point X="157" Y="168"/>
	<Point X="156" Y="168"/>
	<Point X="156" Y="169"/>
	<Point X="155" Y="169"/>
	<Point X="154" Y="169"/>
	<Point X="153" Y="169"/>
	<Point X="152" Y="169"/>
	<Point X="151" Y="169"/>
	<Point X="150" Y="169"/>
	<Point X="149" Y="169"/>
	<Point X="148" Y="169"/>
	<Point X="146" Y="169"/>
	<Point X="145" Y="169"/>
	<Point X="144" Y="169"/>
	<Point X="142" Y="169"/>
	<Point X="141" Y="169"/>
	<Point X="140" Y="169"/>
	<Point X="139" Y="169"/>
	<Point X="138" Y="169"/>
	<Point X="137" Y="169"/>
	<Point X="136" Y="169"/>
	<Point X="134" Y="169"/>
	<Point X="133" Y="169"/>
	<Point X="131" Y="169"/>
	<Point X="129" Y="169"/>
	<Point X="128" Y="169"/>
	<Point X="127" Y="169"/>
	<Point X="126" Y="169"/>
	<Point X="125" Y="169"/>
	<Point X="124" Y="169"/>
	<Point X="123" Y="169"/>
	<Point X="122" Y="169"/>
	<Point X="121" Y="169"/>
	<Point X="122" Y="169"/>
	<Point X="123" Y="169"/>
	<Point X="124" Y="169"/>
	<Point X="124" Y="168"/>
	<Point X="125" Y="168"/>
	<Point X="126" Y="168"/>
	<Point X="127" Y="168"/>
	<Point X="128" Y="168"/>
	<Point X="129" Y="168"/>
	<Point X="130" Y="168"/>
	<Point X="132" Y="168"/>
	<Point X="133" Y="168"/>
	<Point X="134" Y="168"/>
	<Point X="136" Y="168"/>
	<Point X="137" Y="168"/>
	<Point X="139" Y="168"/>
	<Point X="141" Y="168"/>
	<Point X="142" Y="168"/>
	<Point X="144" Y="169"/>
	<Point X="145" Y="169"/>
	<Point X="146" Y="169"/>
	<Point X="147" Y="169"/>
	<Point X="148" Y="169"/>
	<Point X="148" Y="170"/>
	<Point X="149" Y="170"/>
	<Point X="150" Y="170"/>
	<Point X="150" Y="171"/>
	<Point X="150" Y="172"/>
	<Point X="150" Y="173"/>
	<Point X="150" Y="174"/>
	<Point X="150" Y="175"/>
	<Point X="150" Y="176"/>
	<Point X="149" Y="177"/>
	<Point X="149" Y="178"/>
	<Point X="149" Y="179"/>
	<Point X="148" Y="179"/>
	<Point X="148" Y="180"/>
	<Point X="148" Y="181"/>
	<Point X="147" Y="182"/>
	<Point X="147" Y="183"/>
	<Point X="146" Y="183"/>
	<Point X="146" Y="184"/>
	<Point X="146" Y="185"/>
	<Point X="146" Y="186"/>
	<Point X="146" Y="187"/>
	<Point X="145" Y="187"/>
	<Point X="145" Y="188"/>
	<Point X="145" Y="189"/>
	<Point X="145" Y="190"/>
	<Point X="145" Y="192"/>
	<Point X="145" Y="193"/>
	<Point X="145" Y="194"/>
	<Point X="145" Y="195"/>
	<Point X="145" Y="196"/>
	<Point X="145" Y="198"/>
	<Point X="145" Y="199"/>
	<Point X="145" Y="200"/>
	<Point X="145" Y="201"/>
	<Point X="145" Y="202"/>
	<Point X="145" Y="203"/>
	<Point X="146" Y="204"/>
	<Point X="146" Y="205"/>
	<Point X="146" Y="206"/>
	<Point X="147" Y="206"/>
	<Point X="147" Y="207"/>
	<Point X="148" Y="207"/>
	<Point X="148" Y="208"/>
	<Point X="149" Y="208"/>
	<Point X="149" Y="209"/>
	<Point X="150" Y="210"/>
	<Point X="150" Y="211"/>
	<Point X="151" Y="211"/>
	<Point X="152" Y="211"/>
	<Point X="152" Y="212"/>
	<Point X="153" Y="212"/>
	<Point X="154" Y="213"/>
	<Point X="155" Y="214"/>
	<Point X="156" Y="214"/>
	<Point X="157" Y="214"/>
	<Point X="158" Y="215"/>
	<Point X="160" Y="215"/>
	<Point X="161" Y="215"/>
	<Point X="162" Y="215"/>
	<Point X="163" Y="215"/>
	<Point X="164" Y="215"/>
	<Point X="165" Y="215"/>
	<Point X="166" Y="215"/>
	<Point X="167" Y="215"/>
	<Point X="168" Y="215"/>
	<Point X="169" Y="215"/>
	<Point X="169" Y="214"/>
	<Point X="170" Y="214"/>
	<Point X="170" Y="213"/>
	<Point X="170" Y="212"/>
	<Point X="170" Y="211"/>
	<Point X="171" Y="211"/>
</Gesture>
