<?xml version="1.0" ?>
<Gesture Name="left_curly_brace08" Subject="03" Number="08" NumPts="186">
	<Point X="142" Y="120"/>
	<Point X="141" Y="120"/>
	<Point X="141" Y="119"/>
	<Point X="140" Y="119"/>
	<Point X="139" Y="119"/>
	<Point X="138" Y="119"/>
	<Point X="137" Y="119"/>
	<Point X="136" Y="119"/>
	<Point X="135" Y="119"/>
	<Point X="134" Y="119"/>
	<Point X="133" Y="119"/>
	<Point X="132" Y="119"/>
	<Point X="132" Y="120"/>
	<Point X="131" Y="120"/>
	<Point X="131" Y="121"/>
	<Point X="131" Y="122"/>
	<Point X="130" Y="123"/>
	<Point X="130" Y="124"/>
	<Point X="129" Y="124"/>
	<Point X="129" Y="125"/>
	<Point X="129" Y="126"/>
	<Point X="129" Y="127"/>
	<Point X="129" Y="129"/>
	<Point X="129" Y="130"/>
	<Point X="128" Y="131"/>
	<Point X="128" Y="132"/>
	<Point X="128" Y="133"/>
	<Point X="128" Y="134"/>
	<Point X="128" Y="135"/>
	<Point X="128" Y="136"/>
	<Point X="128" Y="137"/>
	<Point X="129" Y="138"/>
	<Point X="129" Y="140"/>
	<Point X="129" Y="141"/>
	<Point X="129" Y="142"/>
	<Point X="129" Y="143"/>
	<Point X="130" Y="144"/>
	<Point X="130" Y="145"/>
	<Point X="130" Y="146"/>
	<Point X="131" Y="146"/>
	<Point X="131" Y="147"/>
	<Point X="131" Y="149"/>
	<Point X="131" Y="150"/>
	<Point X="131" Y="151"/>
	<Point X="131" Y="152"/>
	<Point X="132" Y="153"/>
	<Point X="132" Y="154"/>
	<Point X="132" Y="155"/>
	<Point X="132" Y="156"/>
	<Point X="132" Y="157"/>
	<Point X="132" Y="158"/>
	<Point X="132" Y="159"/>
	<Point X="132" Y="160"/>
	<Point X="132" Y="161"/>
	<Point X="131" Y="161"/>
	<Point X="131" Y="162"/>
	<Point X="130" Y="162"/>
	<Point X="130" Y="163"/>
	<Point X="129" Y="164"/>
	<Point X="128" Y="164"/>
	<Point X="128" Y="165"/>
	<Point X="127" Y="165"/>
	<Point X="126" Y="166"/>
	<Point X="125" Y="166"/>
	<Point X="124" Y="166"/>
	<Point X="123" Y="167"/>
	<Point X="121" Y="167"/>
	<Point X="121" Y="168"/>
	<Point X="120" Y="168"/>
	<Point X="119" Y="168"/>
	<Point X="118" Y="168"/>
	<Point X="117" Y="168"/>
	<Point X="116" Y="169"/>
	<Point X="115" Y="169"/>
	<Point X="114" Y="169"/>
	<Point X="113" Y="169"/>
	<Point X="112" Y="169"/>
	<Point X="111" Y="169"/>
	<Point X="111" Y="170"/>
	<Point X="109" Y="170"/>
	<Point X="108" Y="170"/>
	<Point X="107" Y="170"/>
	<Point X="106" Y="170"/>
	<Point X="105" Y="170"/>
	<Point X="104" Y="170"/>
	<Point X="103" Y="170"/>
	<Point X="102" Y="170"/>
	<Point X="101" Y="170"/>
	<Point X="100" Y="170"/>
	<Point X="99" Y="170"/>
	<Point X="98" Y="170"/>
	<Point X="97" Y="170"/>
	<Point X="96" Y="170"/>
	<Point X="97" Y="170"/>
	<Point X="98" Y="170"/>
	<Point X="99" Y="170"/>
	<Point X="100" Y="170"/>
	<Point X="101" Y="170"/>
	<Point X="102" Y="170"/>
	<Point X="103" Y="170"/>
	<Point X="104" Y="170"/>
	<Point X="105" Y="170"/>
	<Point X="106" Y="170"/>
	<Point X="107" Y="170"/>
	<Point X="109" Y="170"/>
	<Point X="111" Y="169"/>
	<Point X="112" Y="169"/>
	<Point X="115" Y="169"/>
	<Point X="116" Y="169"/>
	<Point X="119" Y="169"/>
	<Point X="121" Y="170"/>
	<Point X="123" Y="170"/>
	<Point X="124" Y="170"/>
	<Point X="127" Y="171"/>
	<Point X="128" Y="171"/>
	<Point X="129" Y="171"/>
	<Point X="130" Y="171"/>
	<Point X="131" Y="171"/>
	<Point X="132" Y="172"/>
	<Point X="133" Y="173"/>
	<Point X="134" Y="173"/>
	<Point X="134" Y="174"/>
	<Point X="134" Y="175"/>
	<Point X="134" Y="176"/>
	<Point X="134" Y="177"/>
	<Point X="134" Y="178"/>
	<Point X="134" Y="179"/>
	<Point X="134" Y="180"/>
	<Point X="134" Y="181"/>
	<Point X="134" Y="182"/>
	<Point X="133" Y="182"/>
	<Point X="133" Y="183"/>
	<Point X="133" Y="184"/>
	<Point X="133" Y="185"/>
	<Point X="132" Y="185"/>
	<Point X="132" Y="186"/>
	<Point X="132" Y="187"/>
	<Point X="132" Y="188"/>
	<Point X="132" Y="189"/>
	<Point X="132" Y="190"/>
	<Point X="132" Y="191"/>
	<Point X="132" Y="192"/>
	<Point X="132" Y="193"/>
	<Point X="131" Y="194"/>
	<Point X="131" Y="195"/>
	<Point X="131" Y="196"/>
	<Point X="131" Y="197"/>
	<Point X="131" Y="198"/>
	<Point X="131" Y="199"/>
	<Point X="131" Y="200"/>
	<Point X="131" Y="202"/>
	<Point X="132" Y="202"/>
	<Point X="132" Y="203"/>
	<Point X="132" Y="204"/>
	<Point X="132" Y="206"/>
	<Point X="133" Y="207"/>
	<Point X="133" Y="208"/>
	<Point X="134" Y="210"/>
	<Point X="134" Y="211"/>
	<Point X="135" Y="212"/>
	<Point X="136" Y="212"/>
	<Point X="136" Y="214"/>
	<Point X="137" Y="214"/>
	<Point X="138" Y="215"/>
	<Point X="139" Y="216"/>
	<Point X="140" Y="216"/>
	<Point X="141" Y="217"/>
	<Point X="142" Y="218"/>
	<Point X="143" Y="218"/>
	<Point X="145" Y="219"/>
	<Point X="146" Y="219"/>
	<Point X="150" Y="220"/>
	<Point X="151" Y="220"/>
	<Point X="152" Y="220"/>
	<Point X="153" Y="220"/>
	<Point X="154" Y="220"/>
	<Point X="155" Y="220"/>
	<Point X="156" Y="220"/>
	<Point X="157" Y="220"/>
	<Point X="158" Y="220"/>
	<Point X="158" Y="219"/>
	<Point X="159" Y="219"/>
	<Point X="159" Y="218"/>
	<Point X="160" Y="218"/>
	<Point X="160" Y="217"/>
	<Point X="160" Y="216"/>
</Gesture>
