<?xml version="1.0" ?>
<Gesture Name="left_sq_bracket06" Subject="03" Number="06" NumPts="149">
	<Point X="152" Y="136"/>
	<Point X="151" Y="136"/>
	<Point X="150" Y="136"/>
	<Point X="149" Y="136"/>
	<Point X="148" Y="136"/>
	<Point X="147" Y="136"/>
	<Point X="146" Y="136"/>
	<Point X="145" Y="136"/>
	<Point X="144" Y="136"/>
	<Point X="143" Y="136"/>
	<Point X="142" Y="136"/>
	<Point X="141" Y="135"/>
	<Point X="139" Y="135"/>
	<Point X="138" Y="135"/>
	<Point X="136" Y="135"/>
	<Point X="135" Y="135"/>
	<Point X="134" Y="135"/>
	<Point X="132" Y="135"/>
	<Point X="131" Y="134"/>
	<Point X="129" Y="134"/>
	<Point X="128" Y="134"/>
	<Point X="127" Y="134"/>
	<Point X="125" Y="134"/>
	<Point X="124" Y="134"/>
	<Point X="123" Y="134"/>
	<Point X="121" Y="134"/>
	<Point X="120" Y="134"/>
	<Point X="119" Y="134"/>
	<Point X="118" Y="134"/>
	<Point X="117" Y="134"/>
	<Point X="116" Y="134"/>
	<Point X="115" Y="134"/>
	<Point X="115" Y="135"/>
	<Point X="114" Y="135"/>
	<Point X="113" Y="135"/>
	<Point X="113" Y="136"/>
	<Point X="113" Y="137"/>
	<Point X="113" Y="138"/>
	<Point X="112" Y="138"/>
	<Point X="112" Y="139"/>
	<Point X="112" Y="140"/>
	<Point X="112" Y="141"/>
	<Point X="112" Y="142"/>
	<Point X="111" Y="142"/>
	<Point X="111" Y="143"/>
	<Point X="111" Y="144"/>
	<Point X="111" Y="145"/>
	<Point X="111" Y="146"/>
	<Point X="111" Y="148"/>
	<Point X="111" Y="149"/>
	<Point X="111" Y="150"/>
	<Point X="111" Y="152"/>
	<Point X="111" Y="154"/>
	<Point X="111" Y="156"/>
	<Point X="111" Y="157"/>
	<Point X="111" Y="158"/>
	<Point X="112" Y="160"/>
	<Point X="112" Y="161"/>
	<Point X="112" Y="163"/>
	<Point X="112" Y="165"/>
	<Point X="112" Y="167"/>
	<Point X="113" Y="170"/>
	<Point X="113" Y="171"/>
	<Point X="113" Y="173"/>
	<Point X="113" Y="176"/>
	<Point X="114" Y="178"/>
	<Point X="115" Y="180"/>
	<Point X="115" Y="182"/>
	<Point X="115" Y="183"/>
	<Point X="115" Y="186"/>
	<Point X="116" Y="187"/>
	<Point X="116" Y="189"/>
	<Point X="116" Y="191"/>
	<Point X="116" Y="192"/>
	<Point X="117" Y="194"/>
	<Point X="117" Y="195"/>
	<Point X="117" Y="197"/>
	<Point X="117" Y="199"/>
	<Point X="118" Y="201"/>
	<Point X="118" Y="203"/>
	<Point X="119" Y="205"/>
	<Point X="119" Y="206"/>
	<Point X="119" Y="208"/>
	<Point X="119" Y="210"/>
	<Point X="119" Y="213"/>
	<Point X="120" Y="214"/>
	<Point X="120" Y="216"/>
	<Point X="120" Y="217"/>
	<Point X="120" Y="218"/>
	<Point X="120" Y="219"/>
	<Point X="120" Y="220"/>
	<Point X="120" Y="221"/>
	<Point X="120" Y="222"/>
	<Point X="120" Y="223"/>
	<Point X="120" Y="224"/>
	<Point X="120" Y="225"/>
	<Point X="120" Y="226"/>
	<Point X="120" Y="227"/>
	<Point X="120" Y="229"/>
	<Point X="120" Y="230"/>
	<Point X="120" Y="231"/>
	<Point X="120" Y="232"/>
	<Point X="120" Y="233"/>
	<Point X="120" Y="234"/>
	<Point X="120" Y="235"/>
	<Point X="120" Y="236"/>
	<Point X="120" Y="237"/>
	<Point X="120" Y="238"/>
	<Point X="120" Y="239"/>
	<Point X="120" Y="240"/>
	<Point X="120" Y="241"/>
	<Point X="120" Y="242"/>
	<Point X="120" Y="243"/>
	<Point X="120" Y="244"/>
	<Point X="120" Y="245"/>
	<Point X="120" Y="246"/>
	<Point X="121" Y="246"/>
	<Point X="121" Y="247"/>
	<Point X="121" Y="248"/>
	<Point X="122" Y="248"/>
	<Point X="123" Y="248"/>
	<Point X="124" Y="249"/>
	<Point X="125" Y="249"/>
	<Point X="126" Y="249"/>
	<Point X="126" Y="250"/>
	<Point X="127" Y="250"/>
	<Point X="128" Y="250"/>
	<Point X="129" Y="250"/>
	<Point X="131" Y="250"/>
	<Point X="132" Y="250"/>
	<Point X="133" Y="250"/>
	<Point X="135" Y="250"/>
	<Point X="136" Y="250"/>
	<Point X="138" Y="250"/>
	<Point X="140" Y="250"/>
	<Point X="141" Y="250"/>
	<Point X="142" Y="250"/>
	<Point X="143" Y="250"/>
	<Point X="145" Y="250"/>
	<Point X="146" Y="250"/>
	<Point X="147" Y="250"/>
	<Point X="148" Y="250"/>
	<Point X="149" Y="250"/>
	<Point X="150" Y="250"/>
	<Point X="151" Y="250"/>
	<Point X="152" Y="250"/>
	<Point X="152" Y="249"/>
	<Point X="152" Y="248"/>
	<Point X="153" Y="247"/>
</Gesture>
