<?xml version="1.0" ?>
<Gesture Name="left_curly_brace03" Subject="03" Number="03" NumPts="181">
	<Point X="169" Y="129"/>
	<Point X="168" Y="129"/>
	<Point X="167" Y="129"/>
	<Point X="167" Y="128"/>
	<Point X="166" Y="128"/>
	<Point X="165" Y="128"/>
	<Point X="164" Y="128"/>
	<Point X="164" Y="127"/>
	<Point X="163" Y="127"/>
	<Point X="162" Y="127"/>
	<Point X="161" Y="127"/>
	<Point X="160" Y="127"/>
	<Point X="159" Y="127"/>
	<Point X="158" Y="127"/>
	<Point X="157" Y="127"/>
	<Point X="156" Y="127"/>
	<Point X="155" Y="127"/>
	<Point X="154" Y="127"/>
	<Point X="153" Y="127"/>
	<Point X="152" Y="127"/>
	<Point X="151" Y="128"/>
	<Point X="150" Y="128"/>
	<Point X="150" Y="129"/>
	<Point X="149" Y="129"/>
	<Point X="149" Y="130"/>
	<Point X="148" Y="130"/>
	<Point X="148" Y="131"/>
	<Point X="147" Y="132"/>
	<Point X="146" Y="132"/>
	<Point X="146" Y="133"/>
	<Point X="146" Y="134"/>
	<Point X="146" Y="135"/>
	<Point X="145" Y="135"/>
	<Point X="145" Y="136"/>
	<Point X="145" Y="137"/>
	<Point X="145" Y="138"/>
	<Point X="145" Y="140"/>
	<Point X="144" Y="141"/>
	<Point X="144" Y="142"/>
	<Point X="144" Y="144"/>
	<Point X="144" Y="145"/>
	<Point X="144" Y="146"/>
	<Point X="145" Y="146"/>
	<Point X="145" Y="147"/>
	<Point X="145" Y="148"/>
	<Point X="145" Y="149"/>
	<Point X="146" Y="150"/>
	<Point X="146" Y="151"/>
	<Point X="146" Y="152"/>
	<Point X="147" Y="153"/>
	<Point X="147" Y="154"/>
	<Point X="148" Y="154"/>
	<Point X="148" Y="155"/>
	<Point X="148" Y="156"/>
	<Point X="149" Y="157"/>
	<Point X="149" Y="158"/>
	<Point X="149" Y="159"/>
	<Point X="149" Y="160"/>
	<Point X="150" Y="160"/>
	<Point X="150" Y="161"/>
	<Point X="150" Y="162"/>
	<Point X="149" Y="162"/>
	<Point X="149" Y="163"/>
	<Point X="148" Y="163"/>
	<Point X="148" Y="164"/>
	<Point X="147" Y="164"/>
	<Point X="146" Y="164"/>
	<Point X="145" Y="164"/>
	<Point X="144" Y="164"/>
	<Point X="143" Y="164"/>
	<Point X="142" Y="164"/>
	<Point X="141" Y="165"/>
	<Point X="140" Y="165"/>
	<Point X="139" Y="165"/>
	<Point X="138" Y="165"/>
	<Point X="137" Y="165"/>
	<Point X="136" Y="165"/>
	<Point X="135" Y="165"/>
	<Point X="134" Y="165"/>
	<Point X="133" Y="165"/>
	<Point X="132" Y="165"/>
	<Point X="131" Y="165"/>
	<Point X="130" Y="165"/>
	<Point X="129" Y="165"/>
	<Point X="128" Y="165"/>
	<Point X="127" Y="165"/>
	<Point X="126" Y="165"/>
	<Point X="125" Y="165"/>
	<Point X="124" Y="165"/>
	<Point X="123" Y="165"/>
	<Point X="122" Y="165"/>
	<Point X="121" Y="166"/>
	<Point X="120" Y="166"/>
	<Point X="119" Y="166"/>
	<Point X="118" Y="166"/>
	<Point X="119" Y="166"/>
	<Point X="120" Y="166"/>
	<Point X="121" Y="166"/>
	<Point X="122" Y="166"/>
	<Point X="123" Y="166"/>
	<Point X="124" Y="166"/>
	<Point X="125" Y="166"/>
	<Point X="126" Y="166"/>
	<Point X="127" Y="166"/>
	<Point X="128" Y="166"/>
	<Point X="129" Y="166"/>
	<Point X="130" Y="166"/>
	<Point X="132" Y="166"/>
	<Point X="133" Y="166"/>
	<Point X="134" Y="166"/>
	<Point X="136" Y="166"/>
	<Point X="137" Y="166"/>
	<Point X="139" Y="166"/>
	<Point X="140" Y="166"/>
	<Point X="141" Y="166"/>
	<Point X="142" Y="167"/>
	<Point X="143" Y="167"/>
	<Point X="144" Y="167"/>
	<Point X="144" Y="168"/>
	<Point X="145" Y="168"/>
	<Point X="145" Y="169"/>
	<Point X="145" Y="170"/>
	<Point X="146" Y="170"/>
	<Point X="146" Y="171"/>
	<Point X="146" Y="172"/>
	<Point X="146" Y="173"/>
	<Point X="147" Y="173"/>
	<Point X="147" Y="174"/>
	<Point X="147" Y="175"/>
	<Point X="147" Y="176"/>
	<Point X="148" Y="177"/>
	<Point X="148" Y="178"/>
	<Point X="148" Y="179"/>
	<Point X="148" Y="180"/>
	<Point X="148" Y="181"/>
	<Point X="148" Y="182"/>
	<Point X="148" Y="183"/>
	<Point X="148" Y="184"/>
	<Point X="148" Y="185"/>
	<Point X="148" Y="186"/>
	<Point X="148" Y="187"/>
	<Point X="148" Y="188"/>
	<Point X="148" Y="189"/>
	<Point X="148" Y="190"/>
	<Point X="148" Y="191"/>
	<Point X="148" Y="192"/>
	<Point X="148" Y="193"/>
	<Point X="148" Y="194"/>
	<Point X="148" Y="195"/>
	<Point X="148" Y="196"/>
	<Point X="149" Y="197"/>
	<Point X="149" Y="198"/>
	<Point X="150" Y="199"/>
	<Point X="150" Y="200"/>
	<Point X="150" Y="201"/>
	<Point X="151" Y="201"/>
	<Point X="152" Y="202"/>
	<Point X="152" Y="203"/>
	<Point X="153" Y="203"/>
	<Point X="154" Y="204"/>
	<Point X="154" Y="205"/>
	<Point X="155" Y="205"/>
	<Point X="156" Y="206"/>
	<Point X="157" Y="206"/>
	<Point X="157" Y="207"/>
	<Point X="158" Y="207"/>
	<Point X="159" Y="207"/>
	<Point X="160" Y="207"/>
	<Point X="161" Y="208"/>
	<Point X="162" Y="208"/>
	<Point X="163" Y="208"/>
	<Point X="164" Y="208"/>
	<Point X="165" Y="208"/>
	<Point X="166" Y="208"/>
	<Point X="167" Y="208"/>
	<Point X="168" Y="208"/>
	<Point X="168" Y="207"/>
	<Point X="168" Y="206"/>
	<Point X="169" Y="206"/>
	<Point X="169" Y="205"/>
	<Point X="169" Y="204"/>
</Gesture>
