<?xml version="1.0" ?>
<Gesture Name="left_sq_bracket10" Subject="03" Number="10" NumPts="129">
	<Point X="126" Y="144"/>
	<Point X="125" Y="144"/>
	<Point X="125" Y="143"/>
	<Point X="124" Y="143"/>
	<Point X="123" Y="143"/>
	<Point X="122" Y="143"/>
	<Point X="121" Y="143"/>
	<Point X="120" Y="143"/>
	<Point X="119" Y="143"/>
	<Point X="118" Y="143"/>
	<Point X="117" Y="143"/>
	<Point X="116" Y="143"/>
	<Point X="115" Y="143"/>
	<Point X="114" Y="143"/>
	<Point X="113" Y="143"/>
	<Point X="112" Y="143"/>
	<Point X="111" Y="143"/>
	<Point X="109" Y="143"/>
	<Point X="108" Y="143"/>
	<Point X="106" Y="143"/>
	<Point X="105" Y="143"/>
	<Point X="104" Y="143"/>
	<Point X="103" Y="143"/>
	<Point X="102" Y="143"/>
	<Point X="100" Y="143"/>
	<Point X="99" Y="143"/>
	<Point X="98" Y="143"/>
	<Point X="97" Y="143"/>
	<Point X="96" Y="143"/>
	<Point X="95" Y="143"/>
	<Point X="94" Y="143"/>
	<Point X="93" Y="143"/>
	<Point X="92" Y="143"/>
	<Point X="91" Y="143"/>
	<Point X="90" Y="143"/>
	<Point X="90" Y="144"/>
	<Point X="90" Y="145"/>
	<Point X="90" Y="146"/>
	<Point X="90" Y="147"/>
	<Point X="90" Y="148"/>
	<Point X="90" Y="149"/>
	<Point X="90" Y="150"/>
	<Point X="90" Y="151"/>
	<Point X="90" Y="152"/>
	<Point X="91" Y="153"/>
	<Point X="91" Y="154"/>
	<Point X="91" Y="156"/>
	<Point X="91" Y="157"/>
	<Point X="92" Y="158"/>
	<Point X="92" Y="159"/>
	<Point X="92" Y="160"/>
	<Point X="93" Y="162"/>
	<Point X="93" Y="164"/>
	<Point X="93" Y="165"/>
	<Point X="94" Y="167"/>
	<Point X="94" Y="169"/>
	<Point X="94" Y="170"/>
	<Point X="95" Y="171"/>
	<Point X="95" Y="173"/>
	<Point X="95" Y="175"/>
	<Point X="95" Y="176"/>
	<Point X="96" Y="178"/>
	<Point X="97" Y="181"/>
	<Point X="97" Y="183"/>
	<Point X="97" Y="186"/>
	<Point X="97" Y="188"/>
	<Point X="98" Y="190"/>
	<Point X="98" Y="192"/>
	<Point X="98" Y="193"/>
	<Point X="98" Y="195"/>
	<Point X="98" Y="197"/>
	<Point X="99" Y="199"/>
	<Point X="99" Y="201"/>
	<Point X="99" Y="203"/>
	<Point X="100" Y="206"/>
	<Point X="100" Y="207"/>
	<Point X="101" Y="209"/>
	<Point X="101" Y="211"/>
	<Point X="101" Y="212"/>
	<Point X="101" Y="214"/>
	<Point X="101" Y="217"/>
	<Point X="102" Y="219"/>
	<Point X="102" Y="221"/>
	<Point X="102" Y="222"/>
	<Point X="102" Y="224"/>
	<Point X="102" Y="225"/>
	<Point X="102" Y="228"/>
	<Point X="103" Y="229"/>
	<Point X="103" Y="231"/>
	<Point X="103" Y="232"/>
	<Point X="103" Y="234"/>
	<Point X="103" Y="235"/>
	<Point X="103" Y="236"/>
	<Point X="103" Y="237"/>
	<Point X="104" Y="239"/>
	<Point X="104" Y="240"/>
	<Point X="104" Y="241"/>
	<Point X="104" Y="242"/>
	<Point X="104" Y="243"/>
	<Point X="104" Y="244"/>
	<Point X="104" Y="245"/>
	<Point X="104" Y="246"/>
	<Point X="104" Y="247"/>
	<Point X="104" Y="248"/>
	<Point X="104" Y="249"/>
	<Point X="104" Y="250"/>
	<Point X="105" Y="250"/>
	<Point X="106" Y="250"/>
	<Point X="107" Y="250"/>
	<Point X="108" Y="250"/>
	<Point X="109" Y="250"/>
	<Point X="111" Y="250"/>
	<Point X="112" Y="251"/>
	<Point X="113" Y="251"/>
	<Point X="114" Y="251"/>
	<Point X="116" Y="251"/>
	<Point X="118" Y="251"/>
	<Point X="119" Y="251"/>
	<Point X="121" Y="252"/>
	<Point X="123" Y="252"/>
	<Point X="125" Y="252"/>
	<Point X="127" Y="252"/>
	<Point X="128" Y="252"/>
	<Point X="129" Y="253"/>
	<Point X="131" Y="253"/>
	<Point X="132" Y="253"/>
	<Point X="133" Y="253"/>
	<Point X="134" Y="253"/>
	<Point X="135" Y="253"/>
</Gesture>
