<?xml version="1.0" ?>
<Gesture Name="pigtail05" Subject="03" Number="05" NumPts="165">
	<Point X="114" Y="235"/>
	<Point X="113" Y="235"/>
	<Point X="114" Y="235"/>
	<Point X="114" Y="234"/>
	<Point X="115" Y="234"/>
	<Point X="116" Y="234"/>
	<Point X="117" Y="234"/>
	<Point X="117" Y="233"/>
	<Point X="118" Y="233"/>
	<Point X="119" Y="233"/>
	<Point X="119" Y="232"/>
	<Point X="120" Y="232"/>
	<Point X="121" Y="232"/>
	<Point X="122" Y="231"/>
	<Point X="124" Y="231"/>
	<Point X="125" Y="230"/>
	<Point X="126" Y="230"/>
	<Point X="128" Y="229"/>
	<Point X="130" Y="229"/>
	<Point X="132" Y="229"/>
	<Point X="133" Y="229"/>
	<Point X="135" Y="228"/>
	<Point X="136" Y="228"/>
	<Point X="139" Y="228"/>
	<Point X="141" Y="227"/>
	<Point X="143" Y="227"/>
	<Point X="145" Y="226"/>
	<Point X="146" Y="226"/>
	<Point X="148" Y="226"/>
	<Point X="152" Y="225"/>
	<Point X="154" Y="224"/>
	<Point X="156" Y="223"/>
	<Point X="158" Y="223"/>
	<Point X="160" Y="222"/>
	<Point X="161" Y="221"/>
	<Point X="163" Y="221"/>
	<Point X="166" Y="220"/>
	<Point X="167" Y="220"/>
	<Point X="171" Y="218"/>
	<Point X="172" Y="218"/>
	<Point X="174" Y="217"/>
	<Point X="176" Y="217"/>
	<Point X="178" Y="216"/>
	<Point X="180" Y="215"/>
	<Point X="183" Y="214"/>
	<Point X="185" Y="213"/>
	<Point X="187" Y="212"/>
	<Point X="189" Y="211"/>
	<Point X="191" Y="210"/>
	<Point X="192" Y="209"/>
	<Point X="194" Y="208"/>
	<Point X="195" Y="207"/>
	<Point X="197" Y="206"/>
	<Point X="197" Y="205"/>
	<Point X="199" Y="203"/>
	<Point X="200" Y="202"/>
	<Point X="201" Y="201"/>
	<Point X="202" Y="200"/>
	<Point X="202" Y="199"/>
	<Point X="203" Y="198"/>
	<Point X="203" Y="196"/>
	<Point X="203" Y="195"/>
	<Point X="203" Y="194"/>
	<Point X="204" Y="194"/>
	<Point X="204" Y="193"/>
	<Point X="204" Y="192"/>
	<Point X="204" Y="191"/>
	<Point X="204" Y="190"/>
	<Point X="204" Y="189"/>
	<Point X="204" Y="188"/>
	<Point X="203" Y="188"/>
	<Point X="203" Y="187"/>
	<Point X="203" Y="186"/>
	<Point X="202" Y="186"/>
	<Point X="202" Y="185"/>
	<Point X="201" Y="185"/>
	<Point X="201" Y="184"/>
	<Point X="200" Y="184"/>
	<Point X="199" Y="184"/>
	<Point X="198" Y="183"/>
	<Point X="197" Y="183"/>
	<Point X="196" Y="183"/>
	<Point X="195" Y="183"/>
	<Point X="194" Y="183"/>
	<Point X="193" Y="183"/>
	<Point X="192" Y="183"/>
	<Point X="190" Y="183"/>
	<Point X="189" Y="183"/>
	<Point X="188" Y="183"/>
	<Point X="186" Y="183"/>
	<Point X="185" Y="183"/>
	<Point X="184" Y="184"/>
	<Point X="182" Y="184"/>
	<Point X="181" Y="185"/>
	<Point X="180" Y="186"/>
	<Point X="179" Y="186"/>
	<Point X="178" Y="187"/>
	<Point X="176" Y="188"/>
	<Point X="174" Y="189"/>
	<Point X="174" Y="190"/>
	<Point X="172" Y="191"/>
	<Point X="171" Y="191"/>
	<Point X="170" Y="193"/>
	<Point X="169" Y="194"/>
	<Point X="167" Y="195"/>
	<Point X="166" Y="197"/>
	<Point X="165" Y="199"/>
	<Point X="164" Y="200"/>
	<Point X="163" Y="201"/>
	<Point X="162" Y="203"/>
	<Point X="162" Y="204"/>
	<Point X="161" Y="206"/>
	<Point X="161" Y="207"/>
	<Point X="160" Y="208"/>
	<Point X="160" Y="210"/>
	<Point X="160" Y="211"/>
	<Point X="160" Y="212"/>
	<Point X="160" Y="214"/>
	<Point X="160" Y="215"/>
	<Point X="161" Y="215"/>
	<Point X="161" Y="216"/>
	<Point X="162" Y="217"/>
	<Point X="162" Y="218"/>
	<Point X="164" Y="219"/>
	<Point X="165" Y="219"/>
	<Point X="166" Y="220"/>
	<Point X="169" Y="220"/>
	<Point X="170" Y="221"/>
	<Point X="174" Y="221"/>
	<Point X="177" Y="221"/>
	<Point X="180" Y="221"/>
	<Point X="181" Y="221"/>
	<Point X="185" Y="221"/>
	<Point X="187" Y="221"/>
	<Point X="189" Y="221"/>
	<Point X="191" Y="221"/>
	<Point X="194" Y="221"/>
	<Point X="196" Y="221"/>
	<Point X="197" Y="221"/>
	<Point X="200" Y="221"/>
	<Point X="203" Y="221"/>
	<Point X="206" Y="221"/>
	<Point X="208" Y="221"/>
	<Point X="212" Y="221"/>
	<Point X="215" Y="221"/>
	<Point X="217" Y="221"/>
	<Point X="220" Y="221"/>
	<Point X="222" Y="221"/>
	<Point X="224" Y="221"/>
	<Point X="227" Y="221"/>
	<Point X="229" Y="221"/>
	<Point X="231" Y="221"/>
	<Point X="233" Y="220"/>
	<Point X="234" Y="220"/>
	<Point X="236" Y="220"/>
	<Point X="237" Y="220"/>
	<Point X="239" Y="220"/>
	<Point X="240" Y="220"/>
	<Point X="241" Y="220"/>
	<Point X="242" Y="220"/>
	<Point X="243" Y="220"/>
	<Point X="244" Y="220"/>
	<Point X="244" Y="219"/>
	<Point X="245" Y="219"/>
	<Point X="246" Y="219"/>
</Gesture>
