<?xml version="1.0" ?>
<Gesture Name="pigtail07" Subject="03" Number="07" NumPts="187">
	<Point X="114" Y="227"/>
	<Point X="115" Y="227"/>
	<Point X="115" Y="226"/>
	<Point X="116" Y="226"/>
	<Point X="117" Y="226"/>
	<Point X="118" Y="226"/>
	<Point X="119" Y="225"/>
	<Point X="120" Y="225"/>
	<Point X="120" Y="224"/>
	<Point X="121" Y="224"/>
	<Point X="122" Y="224"/>
	<Point X="123" Y="223"/>
	<Point X="124" Y="223"/>
	<Point X="125" Y="223"/>
	<Point X="127" Y="222"/>
	<Point X="129" Y="222"/>
	<Point X="131" Y="222"/>
	<Point X="132" Y="221"/>
	<Point X="134" Y="221"/>
	<Point X="137" Y="220"/>
	<Point X="140" Y="220"/>
	<Point X="141" Y="219"/>
	<Point X="146" Y="218"/>
	<Point X="149" Y="218"/>
	<Point X="153" Y="216"/>
	<Point X="155" Y="216"/>
	<Point X="159" Y="216"/>
	<Point X="164" Y="214"/>
	<Point X="166" Y="214"/>
	<Point X="170" Y="213"/>
	<Point X="173" Y="212"/>
	<Point X="175" Y="211"/>
	<Point X="177" Y="211"/>
	<Point X="178" Y="210"/>
	<Point X="180" Y="209"/>
	<Point X="182" Y="208"/>
	<Point X="184" Y="208"/>
	<Point X="186" Y="206"/>
	<Point X="189" Y="205"/>
	<Point X="190" Y="205"/>
	<Point X="192" Y="204"/>
	<Point X="193" Y="203"/>
	<Point X="194" Y="202"/>
	<Point X="196" Y="202"/>
	<Point X="197" Y="201"/>
	<Point X="199" Y="200"/>
	<Point X="201" Y="199"/>
	<Point X="202" Y="198"/>
	<Point X="203" Y="197"/>
	<Point X="204" Y="197"/>
	<Point X="205" Y="196"/>
	<Point X="206" Y="195"/>
	<Point X="207" Y="194"/>
	<Point X="208" Y="194"/>
	<Point X="208" Y="193"/>
	<Point X="209" Y="192"/>
	<Point X="210" Y="191"/>
	<Point X="210" Y="190"/>
	<Point X="210" Y="189"/>
	<Point X="211" Y="189"/>
	<Point X="211" Y="188"/>
	<Point X="212" Y="187"/>
	<Point X="212" Y="186"/>
	<Point X="212" Y="185"/>
	<Point X="212" Y="184"/>
	<Point X="212" Y="183"/>
	<Point X="212" Y="182"/>
	<Point X="212" Y="181"/>
	<Point X="212" Y="180"/>
	<Point X="212" Y="179"/>
	<Point X="211" Y="179"/>
	<Point X="210" Y="178"/>
	<Point X="209" Y="178"/>
	<Point X="209" Y="177"/>
	<Point X="208" Y="177"/>
	<Point X="207" Y="177"/>
	<Point X="206" Y="177"/>
	<Point X="205" Y="177"/>
	<Point X="204" Y="177"/>
	<Point X="203" Y="177"/>
	<Point X="202" Y="177"/>
	<Point X="201" Y="177"/>
	<Point X="200" Y="177"/>
	<Point X="199" Y="177"/>
	<Point X="198" Y="177"/>
	<Point X="197" Y="177"/>
	<Point X="196" Y="177"/>
	<Point X="195" Y="177"/>
	<Point X="193" Y="177"/>
	<Point X="192" Y="177"/>
	<Point X="192" Y="178"/>
	<Point X="191" Y="178"/>
	<Point X="189" Y="178"/>
	<Point X="188" Y="179"/>
	<Point X="187" Y="179"/>
	<Point X="185" Y="180"/>
	<Point X="184" Y="181"/>
	<Point X="183" Y="182"/>
	<Point X="181" Y="182"/>
	<Point X="180" Y="183"/>
	<Point X="178" Y="185"/>
	<Point X="177" Y="185"/>
	<Point X="176" Y="186"/>
	<Point X="175" Y="186"/>
	<Point X="174" Y="187"/>
	<Point X="173" Y="189"/>
	<Point X="172" Y="189"/>
	<Point X="171" Y="190"/>
	<Point X="170" Y="191"/>
	<Point X="170" Y="193"/>
	<Point X="169" Y="194"/>
	<Point X="168" Y="195"/>
	<Point X="167" Y="197"/>
	<Point X="167" Y="198"/>
	<Point X="166" Y="198"/>
	<Point X="166" Y="199"/>
	<Point X="166" Y="201"/>
	<Point X="166" Y="202"/>
	<Point X="165" Y="203"/>
	<Point X="165" Y="205"/>
	<Point X="165" Y="206"/>
	<Point X="165" Y="207"/>
	<Point X="165" Y="208"/>
	<Point X="165" Y="209"/>
	<Point X="165" Y="210"/>
	<Point X="165" Y="211"/>
	<Point X="166" Y="212"/>
	<Point X="166" Y="214"/>
	<Point X="167" Y="215"/>
	<Point X="167" Y="216"/>
	<Point X="168" Y="217"/>
	<Point X="169" Y="218"/>
	<Point X="170" Y="219"/>
	<Point X="171" Y="220"/>
	<Point X="172" Y="221"/>
	<Point X="172" Y="222"/>
	<Point X="174" Y="222"/>
	<Point X="175" Y="223"/>
	<Point X="176" Y="223"/>
	<Point X="177" Y="224"/>
	<Point X="179" Y="224"/>
	<Point X="180" Y="224"/>
	<Point X="181" Y="224"/>
	<Point X="183" Y="225"/>
	<Point X="184" Y="225"/>
	<Point X="187" Y="225"/>
	<Point X="190" Y="225"/>
	<Point X="191" Y="225"/>
	<Point X="192" Y="226"/>
	<Point X="194" Y="226"/>
	<Point X="196" Y="226"/>
	<Point X="197" Y="226"/>
	<Point X="199" Y="226"/>
	<Point X="202" Y="226"/>
	<Point X="205" Y="226"/>
	<Point X="207" Y="226"/>
	<Point X="209" Y="226"/>
	<Point X="210" Y="226"/>
	<Point X="213" Y="226"/>
	<Point X="218" Y="226"/>
	<Point X="220" Y="226"/>
	<Point X="221" Y="226"/>
	<Point X="226" Y="226"/>
	<Point X="227" Y="226"/>
	<Point X="230" Y="226"/>
	<Point X="233" Y="226"/>
	<Point X="236" Y="226"/>
	<Point X="239" Y="226"/>
	<Point X="241" Y="226"/>
	<Point X="244" Y="226"/>
	<Point X="245" Y="226"/>
	<Point X="248" Y="226"/>
	<Point X="249" Y="226"/>
	<Point X="251" Y="225"/>
	<Point X="253" Y="225"/>
	<Point X="255" Y="224"/>
	<Point X="256" Y="224"/>
	<Point X="258" Y="224"/>
	<Point X="259" Y="224"/>
	<Point X="260" Y="224"/>
	<Point X="262" Y="224"/>
	<Point X="262" Y="223"/>
	<Point X="263" Y="223"/>
	<Point X="264" Y="223"/>
	<Point X="265" Y="223"/>
	<Point X="266" Y="223"/>
	<Point X="267" Y="223"/>
</Gesture>
