<?xml version="1.0" ?>
<Gesture Name="pigtail06" Subject="03" Number="06" NumPts="179">
	<Point X="120" Y="222"/>
	<Point X="121" Y="222"/>
	<Point X="122" Y="222"/>
	<Point X="123" Y="222"/>
	<Point X="124" Y="222"/>
	<Point X="125" Y="222"/>
	<Point X="126" Y="222"/>
	<Point X="127" Y="221"/>
	<Point X="128" Y="221"/>
	<Point X="129" Y="221"/>
	<Point X="130" Y="220"/>
	<Point X="132" Y="220"/>
	<Point X="133" Y="220"/>
	<Point X="136" Y="220"/>
	<Point X="137" Y="219"/>
	<Point X="140" Y="219"/>
	<Point X="141" Y="219"/>
	<Point X="143" Y="218"/>
	<Point X="146" Y="218"/>
	<Point X="149" Y="218"/>
	<Point X="152" Y="217"/>
	<Point X="154" Y="216"/>
	<Point X="157" Y="216"/>
	<Point X="160" Y="216"/>
	<Point X="162" Y="215"/>
	<Point X="165" Y="214"/>
	<Point X="169" Y="214"/>
	<Point X="173" Y="212"/>
	<Point X="176" Y="211"/>
	<Point X="177" Y="211"/>
	<Point X="181" Y="210"/>
	<Point X="183" Y="210"/>
	<Point X="185" Y="209"/>
	<Point X="188" Y="208"/>
	<Point X="192" Y="207"/>
	<Point X="194" Y="206"/>
	<Point X="196" Y="206"/>
	<Point X="199" Y="204"/>
	<Point X="200" Y="204"/>
	<Point X="202" Y="203"/>
	<Point X="203" Y="202"/>
	<Point X="205" Y="201"/>
	<Point X="207" Y="200"/>
	<Point X="208" Y="200"/>
	<Point X="208" Y="199"/>
	<Point X="209" Y="198"/>
	<Point X="211" Y="197"/>
	<Point X="211" Y="196"/>
	<Point X="212" Y="196"/>
	<Point X="212" Y="195"/>
	<Point X="213" Y="194"/>
	<Point X="213" Y="193"/>
	<Point X="213" Y="192"/>
	<Point X="213" Y="191"/>
	<Point X="213" Y="190"/>
	<Point X="213" Y="188"/>
	<Point X="213" Y="187"/>
	<Point X="213" Y="186"/>
	<Point X="213" Y="185"/>
	<Point X="213" Y="184"/>
	<Point X="213" Y="183"/>
	<Point X="213" Y="182"/>
	<Point X="212" Y="181"/>
	<Point X="212" Y="180"/>
	<Point X="212" Y="179"/>
	<Point X="211" Y="179"/>
	<Point X="211" Y="178"/>
	<Point X="210" Y="177"/>
	<Point X="209" Y="176"/>
	<Point X="208" Y="175"/>
	<Point X="207" Y="175"/>
	<Point X="206" Y="174"/>
	<Point X="205" Y="174"/>
	<Point X="205" Y="173"/>
	<Point X="204" Y="173"/>
	<Point X="203" Y="172"/>
	<Point X="202" Y="172"/>
	<Point X="198" Y="171"/>
	<Point X="197" Y="171"/>
	<Point X="196" Y="171"/>
	<Point X="195" Y="171"/>
	<Point X="194" Y="171"/>
	<Point X="192" Y="171"/>
	<Point X="191" Y="171"/>
	<Point X="190" Y="171"/>
	<Point X="188" Y="171"/>
	<Point X="187" Y="171"/>
	<Point X="185" Y="171"/>
	<Point X="184" Y="171"/>
	<Point X="183" Y="171"/>
	<Point X="182" Y="171"/>
	<Point X="181" Y="172"/>
	<Point X="179" Y="172"/>
	<Point X="178" Y="173"/>
	<Point X="177" Y="174"/>
	<Point X="176" Y="174"/>
	<Point X="175" Y="175"/>
	<Point X="173" Y="176"/>
	<Point X="172" Y="177"/>
	<Point X="171" Y="178"/>
	<Point X="170" Y="179"/>
	<Point X="169" Y="179"/>
	<Point X="169" Y="180"/>
	<Point X="168" Y="181"/>
	<Point X="167" Y="183"/>
	<Point X="166" Y="184"/>
	<Point X="166" Y="185"/>
	<Point X="166" Y="186"/>
	<Point X="165" Y="187"/>
	<Point X="165" Y="188"/>
	<Point X="165" Y="190"/>
	<Point X="165" Y="192"/>
	<Point X="165" Y="193"/>
	<Point X="165" Y="194"/>
	<Point X="165" Y="196"/>
	<Point X="165" Y="197"/>
	<Point X="165" Y="198"/>
	<Point X="165" Y="199"/>
	<Point X="166" Y="200"/>
	<Point X="166" Y="201"/>
	<Point X="167" Y="203"/>
	<Point X="167" Y="204"/>
	<Point X="169" Y="205"/>
	<Point X="170" Y="207"/>
	<Point X="171" Y="207"/>
	<Point X="173" Y="208"/>
	<Point X="173" Y="209"/>
	<Point X="175" Y="210"/>
	<Point X="177" Y="211"/>
	<Point X="179" Y="212"/>
	<Point X="180" Y="212"/>
	<Point X="182" Y="213"/>
	<Point X="185" Y="213"/>
	<Point X="187" Y="213"/>
	<Point X="189" Y="213"/>
	<Point X="192" Y="214"/>
	<Point X="194" Y="214"/>
	<Point X="198" Y="214"/>
	<Point X="199" Y="214"/>
	<Point X="201" Y="214"/>
	<Point X="202" Y="214"/>
	<Point X="204" Y="214"/>
	<Point X="206" Y="214"/>
	<Point X="208" Y="214"/>
	<Point X="211" Y="213"/>
	<Point X="213" Y="213"/>
	<Point X="214" Y="213"/>
	<Point X="216" Y="213"/>
	<Point X="219" Y="213"/>
	<Point X="222" Y="213"/>
	<Point X="225" Y="213"/>
	<Point X="227" Y="213"/>
	<Point X="230" Y="213"/>
	<Point X="232" Y="212"/>
	<Point X="233" Y="212"/>
	<Point X="237" Y="212"/>
	<Point X="238" Y="212"/>
	<Point X="241" Y="211"/>
	<Point X="242" Y="211"/>
	<Point X="244" Y="211"/>
	<Point X="246" Y="211"/>
	<Point X="248" Y="211"/>
	<Point X="249" Y="211"/>
	<Point X="251" Y="211"/>
	<Point X="253" Y="210"/>
	<Point X="254" Y="210"/>
	<Point X="255" Y="210"/>
	<Point X="257" Y="210"/>
	<Point X="258" Y="210"/>
	<Point X="259" Y="210"/>
	<Point X="260" Y="209"/>
	<Point X="261" Y="209"/>
	<Point X="262" Y="209"/>
	<Point X="263" Y="209"/>
	<Point X="264" Y="209"/>
	<Point X="265" Y="209"/>
	<Point X="266" Y="209"/>
	<Point X="266" Y="208"/>
	<Point X="267" Y="208"/>
</Gesture>
