<?xml version="1.0" ?>
<Gesture Name="pigtail04" Subject="03" Number="04" NumPts="159">
	<Point X="105" Y="235"/>
	<Point X="106" Y="235"/>
	<Point X="107" Y="235"/>
	<Point X="107" Y="234"/>
	<Point X="108" Y="234"/>
	<Point X="109" Y="234"/>
	<Point X="109" Y="233"/>
	<Point X="110" Y="233"/>
	<Point X="111" Y="233"/>
	<Point X="112" Y="232"/>
	<Point X="113" Y="232"/>
	<Point X="114" Y="232"/>
	<Point X="115" Y="231"/>
	<Point X="117" Y="231"/>
	<Point X="118" Y="230"/>
	<Point X="121" Y="229"/>
	<Point X="125" Y="228"/>
	<Point X="127" Y="228"/>
	<Point X="130" Y="227"/>
	<Point X="133" Y="226"/>
	<Point X="136" Y="226"/>
	<Point X="139" Y="225"/>
	<Point X="141" Y="224"/>
	<Point X="143" Y="224"/>
	<Point X="146" Y="223"/>
	<Point X="149" Y="222"/>
	<Point X="152" Y="221"/>
	<Point X="154" Y="221"/>
	<Point X="157" Y="219"/>
	<Point X="159" Y="219"/>
	<Point X="161" Y="218"/>
	<Point X="164" Y="216"/>
	<Point X="165" Y="216"/>
	<Point X="168" Y="215"/>
	<Point X="169" Y="214"/>
	<Point X="171" Y="213"/>
	<Point X="172" Y="212"/>
	<Point X="174" Y="211"/>
	<Point X="175" Y="211"/>
	<Point X="176" Y="210"/>
	<Point X="178" Y="208"/>
	<Point X="179" Y="207"/>
	<Point X="180" Y="207"/>
	<Point X="180" Y="206"/>
	<Point X="181" Y="205"/>
	<Point X="182" Y="204"/>
	<Point X="183" Y="202"/>
	<Point X="184" Y="200"/>
	<Point X="184" Y="199"/>
	<Point X="184" Y="198"/>
	<Point X="185" Y="197"/>
	<Point X="185" Y="196"/>
	<Point X="185" Y="195"/>
	<Point X="185" Y="194"/>
	<Point X="185" Y="193"/>
	<Point X="185" Y="192"/>
	<Point X="185" Y="191"/>
	<Point X="185" Y="190"/>
	<Point X="185" Y="189"/>
	<Point X="184" Y="188"/>
	<Point X="184" Y="187"/>
	<Point X="184" Y="186"/>
	<Point X="183" Y="186"/>
	<Point X="183" Y="185"/>
	<Point X="183" Y="184"/>
	<Point X="182" Y="184"/>
	<Point X="182" Y="183"/>
	<Point X="181" Y="183"/>
	<Point X="180" Y="183"/>
	<Point X="179" Y="183"/>
	<Point X="178" Y="183"/>
	<Point X="178" Y="182"/>
	<Point X="177" Y="182"/>
	<Point X="176" Y="182"/>
	<Point X="175" Y="182"/>
	<Point X="173" Y="182"/>
	<Point X="172" Y="182"/>
	<Point X="171" Y="182"/>
	<Point X="170" Y="182"/>
	<Point X="168" Y="182"/>
	<Point X="167" Y="183"/>
	<Point X="166" Y="183"/>
	<Point X="165" Y="184"/>
	<Point X="164" Y="184"/>
	<Point X="163" Y="186"/>
	<Point X="162" Y="187"/>
	<Point X="160" Y="188"/>
	<Point X="159" Y="189"/>
	<Point X="158" Y="190"/>
	<Point X="157" Y="191"/>
	<Point X="156" Y="192"/>
	<Point X="155" Y="194"/>
	<Point X="154" Y="196"/>
	<Point X="154" Y="197"/>
	<Point X="154" Y="198"/>
	<Point X="153" Y="199"/>
	<Point X="152" Y="200"/>
	<Point X="152" Y="202"/>
	<Point X="152" Y="203"/>
	<Point X="152" Y="204"/>
	<Point X="152" Y="206"/>
	<Point X="152" Y="207"/>
	<Point X="152" Y="208"/>
	<Point X="152" Y="209"/>
	<Point X="153" Y="210"/>
	<Point X="154" Y="211"/>
	<Point X="154" Y="212"/>
	<Point X="155" Y="212"/>
	<Point X="156" Y="213"/>
	<Point X="157" Y="213"/>
	<Point X="158" Y="214"/>
	<Point X="159" Y="215"/>
	<Point X="160" Y="215"/>
	<Point X="162" Y="216"/>
	<Point X="164" Y="216"/>
	<Point X="167" Y="217"/>
	<Point X="168" Y="217"/>
	<Point X="171" Y="218"/>
	<Point X="174" Y="218"/>
	<Point X="177" Y="218"/>
	<Point X="180" Y="219"/>
	<Point X="182" Y="219"/>
	<Point X="185" Y="219"/>
	<Point X="186" Y="219"/>
	<Point X="189" Y="219"/>
	<Point X="191" Y="219"/>
	<Point X="193" Y="219"/>
	<Point X="196" Y="219"/>
	<Point X="199" Y="219"/>
	<Point X="200" Y="219"/>
	<Point X="203" Y="219"/>
	<Point X="206" Y="219"/>
	<Point X="208" Y="219"/>
	<Point X="211" Y="219"/>
	<Point X="214" Y="219"/>
	<Point X="216" Y="219"/>
	<Point X="218" Y="219"/>
	<Point X="220" Y="219"/>
	<Point X="222" Y="219"/>
	<Point X="224" Y="219"/>
	<Point X="228" Y="219"/>
	<Point X="230" Y="219"/>
	<Point X="232" Y="219"/>
	<Point X="233" Y="219"/>
	<Point X="235" Y="219"/>
	<Point X="237" Y="218"/>
	<Point X="238" Y="218"/>
	<Point X="241" Y="218"/>
	<Point X="242" Y="218"/>
	<Point X="243" Y="218"/>
	<Point X="245" Y="218"/>
	<Point X="246" Y="217"/>
	<Point X="247" Y="217"/>
	<Point X="248" Y="217"/>
	<Point X="249" Y="217"/>
	<Point X="249" Y="216"/>
	<Point X="250" Y="216"/>
	<Point X="251" Y="216"/>
	<Point X="252" Y="216"/>
</Gesture>
