<?xml version="1.0" ?>
<Gesture Name="pigtail02" Subject="03" Number="02" NumPts="159">
	<Point X="105" Y="230"/>
	<Point X="106" Y="230"/>
	<Point X="107" Y="230"/>
	<Point X="108" Y="230"/>
	<Point X="109" Y="230"/>
	<Point X="110" Y="230"/>
	<Point X="111" Y="229"/>
	<Point X="112" Y="229"/>
	<Point X="113" Y="229"/>
	<Point X="114" Y="229"/>
	<Point X="115" Y="228"/>
	<Point X="116" Y="228"/>
	<Point X="118" Y="227"/>
	<Point X="119" Y="227"/>
	<Point X="120" Y="227"/>
	<Point X="123" Y="227"/>
	<Point X="124" Y="226"/>
	<Point X="128" Y="226"/>
	<Point X="129" Y="226"/>
	<Point X="131" Y="225"/>
	<Point X="133" Y="224"/>
	<Point X="136" Y="224"/>
	<Point X="138" Y="224"/>
	<Point X="140" Y="223"/>
	<Point X="142" Y="223"/>
	<Point X="145" Y="222"/>
	<Point X="147" Y="221"/>
	<Point X="150" Y="221"/>
	<Point X="154" Y="219"/>
	<Point X="156" Y="219"/>
	<Point X="158" Y="219"/>
	<Point X="160" Y="218"/>
	<Point X="161" Y="218"/>
	<Point X="164" Y="216"/>
	<Point X="166" Y="216"/>
	<Point X="168" Y="215"/>
	<Point X="170" Y="214"/>
	<Point X="172" Y="214"/>
	<Point X="173" Y="213"/>
	<Point X="174" Y="212"/>
	<Point X="176" Y="211"/>
	<Point X="177" Y="211"/>
	<Point X="178" Y="209"/>
	<Point X="180" Y="208"/>
	<Point X="181" Y="208"/>
	<Point X="182" Y="207"/>
	<Point X="184" Y="206"/>
	<Point X="185" Y="205"/>
	<Point X="186" Y="204"/>
	<Point X="187" Y="203"/>
	<Point X="188" Y="202"/>
	<Point X="189" Y="201"/>
	<Point X="190" Y="200"/>
	<Point X="190" Y="199"/>
	<Point X="191" Y="198"/>
	<Point X="192" Y="198"/>
	<Point X="192" Y="196"/>
	<Point X="193" Y="195"/>
	<Point X="193" Y="194"/>
	<Point X="194" Y="194"/>
	<Point X="194" Y="193"/>
	<Point X="194" Y="191"/>
	<Point X="194" Y="190"/>
	<Point X="195" Y="190"/>
	<Point X="195" Y="188"/>
	<Point X="195" Y="187"/>
	<Point X="196" Y="186"/>
	<Point X="196" Y="185"/>
	<Point X="196" Y="184"/>
	<Point X="196" Y="183"/>
	<Point X="196" Y="182"/>
	<Point X="196" Y="181"/>
	<Point X="196" Y="180"/>
	<Point X="196" Y="179"/>
	<Point X="195" Y="179"/>
	<Point X="195" Y="178"/>
	<Point X="194" Y="178"/>
	<Point X="194" Y="177"/>
	<Point X="194" Y="176"/>
	<Point X="193" Y="176"/>
	<Point X="193" Y="175"/>
	<Point X="192" Y="175"/>
	<Point X="191" Y="175"/>
	<Point X="190" Y="175"/>
	<Point X="189" Y="174"/>
	<Point X="188" Y="174"/>
	<Point X="187" Y="174"/>
	<Point X="186" Y="174"/>
	<Point X="185" Y="174"/>
	<Point X="184" Y="174"/>
	<Point X="183" Y="174"/>
	<Point X="182" Y="174"/>
	<Point X="181" Y="174"/>
	<Point X="180" Y="174"/>
	<Point X="179" Y="174"/>
	<Point X="178" Y="175"/>
	<Point X="177" Y="175"/>
	<Point X="177" Y="176"/>
	<Point X="176" Y="176"/>
	<Point X="175" Y="177"/>
	<Point X="174" Y="178"/>
	<Point X="173" Y="179"/>
	<Point X="172" Y="179"/>
	<Point X="171" Y="181"/>
	<Point X="171" Y="182"/>
	<Point X="169" Y="184"/>
	<Point X="168" Y="186"/>
	<Point X="167" Y="188"/>
	<Point X="167" Y="190"/>
	<Point X="166" Y="191"/>
	<Point X="165" Y="192"/>
	<Point X="165" Y="194"/>
	<Point X="165" Y="195"/>
	<Point X="165" Y="196"/>
	<Point X="165" Y="198"/>
	<Point X="165" Y="199"/>
	<Point X="165" Y="200"/>
	<Point X="165" Y="201"/>
	<Point X="165" Y="203"/>
	<Point X="165" Y="204"/>
	<Point X="166" Y="204"/>
	<Point X="167" Y="206"/>
	<Point X="167" Y="207"/>
	<Point X="168" Y="208"/>
	<Point X="169" Y="209"/>
	<Point X="170" Y="210"/>
	<Point X="172" Y="211"/>
	<Point X="174" Y="212"/>
	<Point X="176" Y="213"/>
	<Point X="179" Y="214"/>
	<Point X="182" Y="215"/>
	<Point X="184" Y="215"/>
	<Point X="186" Y="216"/>
	<Point X="187" Y="216"/>
	<Point X="189" Y="216"/>
	<Point X="193" Y="217"/>
	<Point X="195" Y="217"/>
	<Point X="196" Y="217"/>
	<Point X="197" Y="217"/>
	<Point X="198" Y="217"/>
	<Point X="200" Y="217"/>
	<Point X="201" Y="217"/>
	<Point X="203" Y="217"/>
	<Point X="204" Y="217"/>
	<Point X="206" Y="217"/>
	<Point X="207" Y="217"/>
	<Point X="208" Y="217"/>
	<Point X="209" Y="217"/>
	<Point X="210" Y="217"/>
	<Point X="211" Y="217"/>
	<Point X="212" Y="216"/>
	<Point X="213" Y="216"/>
	<Point X="214" Y="216"/>
	<Point X="214" Y="215"/>
	<Point X="215" Y="215"/>
	<Point X="216" Y="215"/>
	<Point X="217" Y="215"/>
	<Point X="218" Y="214"/>
	<Point X="219" Y="214"/>
</Gesture>
