<?xml version="1.0" ?>
<Gesture Name="pigtail10" Subject="03" Number="10" NumPts="189">
	<Point X="106" Y="240"/>
	<Point X="107" Y="240"/>
	<Point X="108" Y="240"/>
	<Point X="109" Y="240"/>
	<Point X="110" Y="240"/>
	<Point X="110" Y="239"/>
	<Point X="111" Y="239"/>
	<Point X="112" Y="239"/>
	<Point X="113" Y="239"/>
	<Point X="114" Y="239"/>
	<Point X="115" Y="239"/>
	<Point X="116" Y="239"/>
	<Point X="118" Y="239"/>
	<Point X="120" Y="239"/>
	<Point X="123" Y="238"/>
	<Point X="124" Y="238"/>
	<Point X="127" Y="238"/>
	<Point X="129" Y="238"/>
	<Point X="133" Y="237"/>
	<Point X="136" Y="237"/>
	<Point X="138" Y="237"/>
	<Point X="143" Y="237"/>
	<Point X="146" Y="236"/>
	<Point X="149" Y="235"/>
	<Point X="153" Y="234"/>
	<Point X="155" Y="234"/>
	<Point X="161" Y="233"/>
	<Point X="162" Y="233"/>
	<Point X="166" Y="232"/>
	<Point X="169" Y="232"/>
	<Point X="172" Y="231"/>
	<Point X="176" Y="230"/>
	<Point X="178" Y="229"/>
	<Point X="182" Y="229"/>
	<Point X="184" Y="228"/>
	<Point X="188" Y="227"/>
	<Point X="189" Y="227"/>
	<Point X="192" Y="226"/>
	<Point X="194" Y="225"/>
	<Point X="196" Y="225"/>
	<Point X="199" Y="224"/>
	<Point X="201" Y="223"/>
	<Point X="202" Y="222"/>
	<Point X="203" Y="221"/>
	<Point X="205" Y="221"/>
	<Point X="206" Y="220"/>
	<Point X="208" Y="219"/>
	<Point X="209" Y="219"/>
	<Point X="210" Y="217"/>
	<Point X="211" Y="217"/>
	<Point X="212" Y="216"/>
	<Point X="213" Y="215"/>
	<Point X="214" Y="215"/>
	<Point X="214" Y="214"/>
	<Point X="215" Y="214"/>
	<Point X="215" Y="213"/>
	<Point X="216" Y="212"/>
	<Point X="216" Y="211"/>
	<Point X="217" Y="210"/>
	<Point X="217" Y="209"/>
	<Point X="217" Y="208"/>
	<Point X="217" Y="207"/>
	<Point X="217" Y="206"/>
	<Point X="217" Y="205"/>
	<Point X="217" Y="204"/>
	<Point X="217" Y="203"/>
	<Point X="217" Y="202"/>
	<Point X="217" Y="201"/>
	<Point X="216" Y="200"/>
	<Point X="216" Y="199"/>
	<Point X="216" Y="198"/>
	<Point X="216" Y="197"/>
	<Point X="215" Y="197"/>
	<Point X="215" Y="196"/>
	<Point X="215" Y="195"/>
	<Point X="214" Y="195"/>
	<Point X="214" Y="194"/>
	<Point X="213" Y="194"/>
	<Point X="212" Y="193"/>
	<Point X="212" Y="192"/>
	<Point X="211" Y="192"/>
	<Point X="210" Y="192"/>
	<Point X="209" Y="192"/>
	<Point X="208" Y="191"/>
	<Point X="207" Y="191"/>
	<Point X="206" Y="191"/>
	<Point X="205" Y="191"/>
	<Point X="204" Y="191"/>
	<Point X="203" Y="191"/>
	<Point X="202" Y="191"/>
	<Point X="201" Y="191"/>
	<Point X="200" Y="191"/>
	<Point X="199" Y="191"/>
	<Point X="198" Y="192"/>
	<Point X="197" Y="192"/>
	<Point X="196" Y="192"/>
	<Point X="195" Y="192"/>
	<Point X="193" Y="193"/>
	<Point X="192" Y="194"/>
	<Point X="191" Y="194"/>
	<Point X="190" Y="195"/>
	<Point X="189" Y="195"/>
	<Point X="188" Y="195"/>
	<Point X="187" Y="196"/>
	<Point X="186" Y="196"/>
	<Point X="185" Y="197"/>
	<Point X="183" Y="198"/>
	<Point X="182" Y="199"/>
	<Point X="181" Y="200"/>
	<Point X="180" Y="200"/>
	<Point X="179" Y="201"/>
	<Point X="178" Y="201"/>
	<Point X="178" Y="202"/>
	<Point X="177" Y="203"/>
	<Point X="176" Y="203"/>
	<Point X="175" Y="204"/>
	<Point X="174" Y="205"/>
	<Point X="173" Y="205"/>
	<Point X="172" Y="207"/>
	<Point X="171" Y="207"/>
	<Point X="171" Y="208"/>
	<Point X="170" Y="209"/>
	<Point X="170" Y="211"/>
	<Point X="169" Y="211"/>
	<Point X="169" Y="212"/>
	<Point X="168" Y="213"/>
	<Point X="168" Y="214"/>
	<Point X="167" Y="215"/>
	<Point X="167" Y="216"/>
	<Point X="167" Y="217"/>
	<Point X="167" Y="218"/>
	<Point X="167" Y="219"/>
	<Point X="167" Y="220"/>
	<Point X="167" Y="221"/>
	<Point X="167" Y="222"/>
	<Point X="167" Y="223"/>
	<Point X="167" Y="224"/>
	<Point X="167" Y="225"/>
	<Point X="168" Y="226"/>
	<Point X="169" Y="226"/>
	<Point X="169" Y="227"/>
	<Point X="170" Y="228"/>
	<Point X="170" Y="229"/>
	<Point X="171" Y="229"/>
	<Point X="172" Y="230"/>
	<Point X="173" Y="230"/>
	<Point X="174" Y="231"/>
	<Point X="175" Y="231"/>
	<Point X="176" Y="232"/>
	<Point X="177" Y="232"/>
	<Point X="178" Y="232"/>
	<Point X="179" Y="232"/>
	<Point X="181" Y="232"/>
	<Point X="183" Y="232"/>
	<Point X="185" Y="232"/>
	<Point X="188" Y="233"/>
	<Point X="189" Y="233"/>
	<Point X="192" Y="233"/>
	<Point X="194" Y="233"/>
	<Point X="197" Y="233"/>
	<Point X="199" Y="233"/>
	<Point X="201" Y="233"/>
	<Point X="205" Y="233"/>
	<Point X="207" Y="233"/>
	<Point X="210" Y="233"/>
	<Point X="212" Y="233"/>
	<Point X="213" Y="233"/>
	<Point X="215" Y="233"/>
	<Point X="219" Y="233"/>
	<Point X="221" Y="233"/>
	<Point X="224" Y="233"/>
	<Point X="226" Y="233"/>
	<Point X="229" Y="233"/>
	<Point X="231" Y="233"/>
	<Point X="234" Y="233"/>
	<Point X="235" Y="232"/>
	<Point X="237" Y="232"/>
	<Point X="239" Y="232"/>
	<Point X="242" Y="232"/>
	<Point X="243" Y="232"/>
	<Point X="244" Y="231"/>
	<Point X="245" Y="231"/>
	<Point X="246" Y="230"/>
	<Point X="247" Y="230"/>
	<Point X="248" Y="230"/>
	<Point X="249" Y="230"/>
	<Point X="250" Y="229"/>
	<Point X="251" Y="229"/>
	<Point X="252" Y="229"/>
</Gesture>
