<?xml version="1.0" ?>
<Gesture Name="pigtail03" Subject="03" Number="03" NumPts="186">
	<Point X="97" Y="226"/>
	<Point X="97" Y="227"/>
	<Point X="96" Y="227"/>
	<Point X="97" Y="227"/>
	<Point X="98" Y="227"/>
	<Point X="99" Y="227"/>
	<Point X="100" Y="227"/>
	<Point X="101" Y="227"/>
	<Point X="102" Y="227"/>
	<Point X="103" Y="226"/>
	<Point X="104" Y="226"/>
	<Point X="105" Y="226"/>
	<Point X="106" Y="225"/>
	<Point X="107" Y="225"/>
	<Point X="109" Y="225"/>
	<Point X="110" Y="224"/>
	<Point X="111" Y="224"/>
	<Point X="114" Y="223"/>
	<Point X="116" Y="223"/>
	<Point X="117" Y="223"/>
	<Point X="120" Y="222"/>
	<Point X="123" Y="221"/>
	<Point X="126" Y="220"/>
	<Point X="129" Y="220"/>
	<Point X="131" Y="220"/>
	<Point X="134" Y="219"/>
	<Point X="136" Y="218"/>
	<Point X="138" Y="218"/>
	<Point X="141" Y="217"/>
	<Point X="145" Y="217"/>
	<Point X="148" Y="215"/>
	<Point X="150" Y="215"/>
	<Point X="152" Y="214"/>
	<Point X="154" Y="214"/>
	<Point X="156" Y="212"/>
	<Point X="159" Y="212"/>
	<Point X="160" Y="211"/>
	<Point X="161" Y="211"/>
	<Point X="163" Y="210"/>
	<Point X="165" Y="210"/>
	<Point X="166" Y="209"/>
	<Point X="168" Y="208"/>
	<Point X="169" Y="207"/>
	<Point X="170" Y="206"/>
	<Point X="171" Y="206"/>
	<Point X="172" Y="205"/>
	<Point X="173" Y="204"/>
	<Point X="174" Y="204"/>
	<Point X="175" Y="203"/>
	<Point X="175" Y="202"/>
	<Point X="176" Y="201"/>
	<Point X="178" Y="200"/>
	<Point X="178" Y="199"/>
	<Point X="179" Y="198"/>
	<Point X="180" Y="197"/>
	<Point X="181" Y="195"/>
	<Point X="182" Y="195"/>
	<Point X="182" Y="194"/>
	<Point X="183" Y="193"/>
	<Point X="183" Y="192"/>
	<Point X="184" Y="191"/>
	<Point X="184" Y="190"/>
	<Point X="184" Y="189"/>
	<Point X="185" Y="189"/>
	<Point X="185" Y="187"/>
	<Point X="186" Y="186"/>
	<Point X="186" Y="185"/>
	<Point X="186" Y="184"/>
	<Point X="186" Y="183"/>
	<Point X="186" Y="182"/>
	<Point X="186" Y="181"/>
	<Point X="186" Y="180"/>
	<Point X="186" Y="179"/>
	<Point X="186" Y="178"/>
	<Point X="185" Y="178"/>
	<Point X="185" Y="177"/>
	<Point X="184" Y="177"/>
	<Point X="184" Y="176"/>
	<Point X="183" Y="176"/>
	<Point X="183" Y="175"/>
	<Point X="182" Y="175"/>
	<Point X="181" Y="174"/>
	<Point X="180" Y="174"/>
	<Point X="179" Y="174"/>
	<Point X="178" Y="173"/>
	<Point X="176" Y="173"/>
	<Point X="175" Y="173"/>
	<Point X="174" Y="173"/>
	<Point X="173" Y="173"/>
	<Point X="172" Y="173"/>
	<Point X="171" Y="172"/>
	<Point X="170" Y="172"/>
	<Point X="169" Y="172"/>
	<Point X="168" Y="172"/>
	<Point X="167" Y="172"/>
	<Point X="166" Y="172"/>
	<Point X="165" Y="172"/>
	<Point X="163" Y="173"/>
	<Point X="162" Y="173"/>
	<Point X="161" Y="173"/>
	<Point X="160" Y="174"/>
	<Point X="159" Y="174"/>
	<Point X="158" Y="174"/>
	<Point X="157" Y="175"/>
	<Point X="156" Y="175"/>
	<Point X="155" Y="176"/>
	<Point X="154" Y="177"/>
	<Point X="153" Y="178"/>
	<Point X="151" Y="179"/>
	<Point X="151" Y="180"/>
	<Point X="150" Y="181"/>
	<Point X="149" Y="182"/>
	<Point X="148" Y="183"/>
	<Point X="147" Y="185"/>
	<Point X="146" Y="186"/>
	<Point X="146" Y="187"/>
	<Point X="145" Y="189"/>
	<Point X="145" Y="190"/>
	<Point X="144" Y="191"/>
	<Point X="144" Y="192"/>
	<Point X="143" Y="194"/>
	<Point X="143" Y="195"/>
	<Point X="143" Y="196"/>
	<Point X="143" Y="197"/>
	<Point X="143" Y="198"/>
	<Point X="143" Y="199"/>
	<Point X="143" Y="200"/>
	<Point X="143" Y="202"/>
	<Point X="143" Y="203"/>
	<Point X="143" Y="204"/>
	<Point X="144" Y="204"/>
	<Point X="144" Y="205"/>
	<Point X="145" Y="206"/>
	<Point X="146" Y="207"/>
	<Point X="147" Y="208"/>
	<Point X="148" Y="210"/>
	<Point X="149" Y="210"/>
	<Point X="151" Y="211"/>
	<Point X="153" Y="212"/>
	<Point X="156" Y="214"/>
	<Point X="158" Y="215"/>
	<Point X="161" Y="215"/>
	<Point X="164" Y="217"/>
	<Point X="169" Y="217"/>
	<Point X="173" Y="218"/>
	<Point X="176" Y="219"/>
	<Point X="179" Y="219"/>
	<Point X="181" Y="219"/>
	<Point X="184" Y="219"/>
	<Point X="187" Y="219"/>
	<Point X="189" Y="219"/>
	<Point X="193" Y="219"/>
	<Point X="197" Y="219"/>
	<Point X="199" Y="219"/>
	<Point X="204" Y="219"/>
	<Point X="206" Y="219"/>
	<Point X="210" Y="219"/>
	<Point X="213" Y="219"/>
	<Point X="217" Y="219"/>
	<Point X="220" Y="219"/>
	<Point X="224" Y="219"/>
	<Point X="228" Y="219"/>
	<Point X="230" Y="219"/>
	<Point X="232" Y="219"/>
	<Point X="235" Y="219"/>
	<Point X="237" Y="219"/>
	<Point X="239" Y="219"/>
	<Point X="242" Y="219"/>
	<Point X="244" Y="219"/>
	<Point X="246" Y="219"/>
	<Point X="248" Y="219"/>
	<Point X="249" Y="219"/>
	<Point X="251" Y="219"/>
	<Point X="252" Y="218"/>
	<Point X="253" Y="218"/>
	<Point X="254" Y="218"/>
	<Point X="255" Y="218"/>
	<Point X="256" Y="218"/>
	<Point X="257" Y="217"/>
	<Point X="258" Y="217"/>
	<Point X="259" Y="217"/>
	<Point X="259" Y="216"/>
	<Point X="260" Y="216"/>
	<Point X="261" Y="216"/>
	<Point X="262" Y="216"/>
	<Point X="263" Y="216"/>
</Gesture>
