<?xml version="1.0" ?>
<Gesture Name="rectangle04" Subject="03" Number="04" NumPts="240">
	<Point X="123" Y="157"/>
	<Point X="123" Y="158"/>
	<Point X="123" Y="159"/>
	<Point X="123" Y="160"/>
	<Point X="123" Y="161"/>
	<Point X="123" Y="162"/>
	<Point X="123" Y="163"/>
	<Point X="123" Y="164"/>
	<Point X="122" Y="165"/>
	<Point X="122" Y="166"/>
	<Point X="122" Y="167"/>
	<Point X="122" Y="169"/>
	<Point X="122" Y="170"/>
	<Point X="122" Y="171"/>
	<Point X="122" Y="172"/>
	<Point X="122" Y="173"/>
	<Point X="122" Y="174"/>
	<Point X="122" Y="175"/>
	<Point X="122" Y="177"/>
	<Point X="122" Y="178"/>
	<Point X="122" Y="179"/>
	<Point X="123" Y="181"/>
	<Point X="123" Y="182"/>
	<Point X="123" Y="183"/>
	<Point X="124" Y="183"/>
	<Point X="124" Y="185"/>
	<Point X="124" Y="186"/>
	<Point X="124" Y="187"/>
	<Point X="124" Y="188"/>
	<Point X="124" Y="189"/>
	<Point X="124" Y="190"/>
	<Point X="125" Y="192"/>
	<Point X="125" Y="193"/>
	<Point X="125" Y="194"/>
	<Point X="125" Y="195"/>
	<Point X="125" Y="196"/>
	<Point X="125" Y="197"/>
	<Point X="125" Y="198"/>
	<Point X="126" Y="199"/>
	<Point X="126" Y="200"/>
	<Point X="126" Y="201"/>
	<Point X="126" Y="202"/>
	<Point X="126" Y="203"/>
	<Point X="126" Y="204"/>
	<Point X="126" Y="205"/>
	<Point X="126" Y="206"/>
	<Point X="126" Y="207"/>
	<Point X="126" Y="208"/>
	<Point X="126" Y="209"/>
	<Point X="126" Y="210"/>
	<Point X="126" Y="211"/>
	<Point X="126" Y="212"/>
	<Point X="126" Y="213"/>
	<Point X="126" Y="214"/>
	<Point X="126" Y="215"/>
	<Point X="126" Y="216"/>
	<Point X="126" Y="217"/>
	<Point X="126" Y="218"/>
	<Point X="127" Y="218"/>
	<Point X="128" Y="219"/>
	<Point X="129" Y="219"/>
	<Point X="130" Y="219"/>
	<Point X="132" Y="219"/>
	<Point X="134" Y="220"/>
	<Point X="135" Y="220"/>
	<Point X="137" Y="220"/>
	<Point X="138" Y="220"/>
	<Point X="139" Y="221"/>
	<Point X="141" Y="221"/>
	<Point X="143" Y="221"/>
	<Point X="145" Y="221"/>
	<Point X="147" Y="221"/>
	<Point X="148" Y="222"/>
	<Point X="149" Y="222"/>
	<Point X="152" Y="222"/>
	<Point X="155" Y="223"/>
	<Point X="157" Y="223"/>
	<Point X="160" Y="223"/>
	<Point X="162" Y="223"/>
	<Point X="163" Y="223"/>
	<Point X="166" Y="223"/>
	<Point X="168" Y="223"/>
	<Point X="170" Y="224"/>
	<Point X="173" Y="224"/>
	<Point X="177" Y="224"/>
	<Point X="179" Y="224"/>
	<Point X="181" Y="224"/>
	<Point X="182" Y="224"/>
	<Point X="185" Y="224"/>
	<Point X="188" Y="224"/>
	<Point X="190" Y="224"/>
	<Point X="192" Y="224"/>
	<Point X="193" Y="224"/>
	<Point X="195" Y="224"/>
	<Point X="198" Y="224"/>
	<Point X="200" Y="224"/>
	<Point X="202" Y="224"/>
	<Point X="203" Y="224"/>
	<Point X="205" Y="224"/>
	<Point X="206" Y="224"/>
	<Point X="207" Y="224"/>
	<Point X="208" Y="224"/>
	<Point X="210" Y="224"/>
	<Point X="211" Y="224"/>
	<Point X="212" Y="224"/>
	<Point X="213" Y="224"/>
	<Point X="214" Y="223"/>
	<Point X="215" Y="223"/>
	<Point X="216" Y="223"/>
	<Point X="217" Y="223"/>
	<Point X="217" Y="222"/>
	<Point X="217" Y="221"/>
	<Point X="218" Y="221"/>
	<Point X="218" Y="220"/>
	<Point X="218" Y="219"/>
	<Point X="218" Y="218"/>
	<Point X="218" Y="217"/>
	<Point X="219" Y="217"/>
	<Point X="219" Y="216"/>
	<Point X="219" Y="215"/>
	<Point X="219" Y="214"/>
	<Point X="219" Y="213"/>
	<Point X="219" Y="212"/>
	<Point X="219" Y="211"/>
	<Point X="219" Y="210"/>
	<Point X="219" Y="209"/>
	<Point X="219" Y="208"/>
	<Point X="219" Y="207"/>
	<Point X="220" Y="206"/>
	<Point X="220" Y="205"/>
	<Point X="220" Y="204"/>
	<Point X="220" Y="203"/>
	<Point X="220" Y="202"/>
	<Point X="220" Y="201"/>
	<Point X="220" Y="200"/>
	<Point X="220" Y="199"/>
	<Point X="220" Y="198"/>
	<Point X="220" Y="197"/>
	<Point X="220" Y="196"/>
	<Point X="220" Y="195"/>
	<Point X="220" Y="194"/>
	<Point X="220" Y="193"/>
	<Point X="220" Y="192"/>
	<Point X="220" Y="191"/>
	<Point X="220" Y="190"/>
	<Point X="220" Y="189"/>
	<Point X="220" Y="188"/>
	<Point X="220" Y="186"/>
	<Point X="220" Y="185"/>
	<Point X="220" Y="184"/>
	<Point X="220" Y="183"/>
	<Point X="220" Y="182"/>
	<Point X="220" Y="181"/>
	<Point X="220" Y="180"/>
	<Point X="221" Y="180"/>
	<Point X="221" Y="178"/>
	<Point X="221" Y="177"/>
	<Point X="221" Y="176"/>
	<Point X="221" Y="175"/>
	<Point X="221" Y="174"/>
	<Point X="221" Y="173"/>
	<Point X="221" Y="172"/>
	<Point X="221" Y="170"/>
	<Point X="221" Y="169"/>
	<Point X="221" Y="168"/>
	<Point X="221" Y="167"/>
	<Point X="221" Y="166"/>
	<Point X="222" Y="165"/>
	<Point X="222" Y="164"/>
	<Point X="222" Y="163"/>
	<Point X="222" Y="162"/>
	<Point X="222" Y="161"/>
	<Point X="222" Y="160"/>
	<Point X="222" Y="159"/>
	<Point X="221" Y="159"/>
	<Point X="221" Y="158"/>
	<Point X="221" Y="157"/>
	<Point X="220" Y="157"/>
	<Point X="219" Y="157"/>
	<Point X="218" Y="157"/>
	<Point X="217" Y="157"/>
	<Point X="216" Y="157"/>
	<Point X="215" Y="157"/>
	<Point X="214" Y="156"/>
	<Point X="213" Y="156"/>
	<Point X="212" Y="156"/>
	<Point X="211" Y="156"/>
	<Point X="210" Y="156"/>
	<Point X="209" Y="156"/>
	<Point X="206" Y="155"/>
	<Point X="205" Y="155"/>
	<Point X="202" Y="155"/>
	<Point X="201" Y="154"/>
	<Point X="199" Y="154"/>
	<Point X="196" Y="153"/>
	<Point X="194" Y="153"/>
	<Point X="190" Y="152"/>
	<Point X="187" Y="152"/>
	<Point X="184" Y="151"/>
	<Point X="182" Y="151"/>
	<Point X="180" Y="150"/>
	<Point X="179" Y="150"/>
	<Point X="176" Y="150"/>
	<Point X="172" Y="150"/>
	<Point X="170" Y="150"/>
	<Point X="168" Y="149"/>
	<Point X="166" Y="149"/>
	<Point X="163" Y="149"/>
	<Point X="161" Y="148"/>
	<Point X="158" Y="148"/>
	<Point X="155" Y="148"/>
	<Point X="154" Y="148"/>
	<Point X="152" Y="148"/>
	<Point X="151" Y="148"/>
	<Point X="149" Y="148"/>
	<Point X="147" Y="148"/>
	<Point X="146" Y="148"/>
	<Point X="144" Y="148"/>
	<Point X="142" Y="148"/>
	<Point X="141" Y="147"/>
	<Point X="139" Y="147"/>
	<Point X="138" Y="147"/>
	<Point X="137" Y="147"/>
	<Point X="136" Y="147"/>
	<Point X="134" Y="147"/>
	<Point X="133" Y="147"/>
	<Point X="132" Y="147"/>
	<Point X="131" Y="147"/>
	<Point X="130" Y="147"/>
	<Point X="129" Y="147"/>
	<Point X="128" Y="147"/>
	<Point X="127" Y="147"/>
	<Point X="126" Y="147"/>
	<Point X="125" Y="147"/>
	<Point X="125" Y="148"/>
	<Point X="124" Y="148"/>
	<Point X="123" Y="148"/>
	<Point X="122" Y="148"/>
	<Point X="122" Y="149"/>
	<Point X="121" Y="149"/>
</Gesture>
