<?xml version="1.0" ?>
<Gesture Name="rectangle03" Subject="03" Number="03" NumPts="266">
	<Point X="108" Y="148"/>
	<Point X="108" Y="149"/>
	<Point X="108" Y="150"/>
	<Point X="108" Y="151"/>
	<Point X="108" Y="152"/>
	<Point X="108" Y="153"/>
	<Point X="108" Y="154"/>
	<Point X="108" Y="155"/>
	<Point X="108" Y="156"/>
	<Point X="108" Y="157"/>
	<Point X="108" Y="158"/>
	<Point X="108" Y="159"/>
	<Point X="108" Y="160"/>
	<Point X="108" Y="161"/>
	<Point X="108" Y="162"/>
	<Point X="107" Y="163"/>
	<Point X="107" Y="164"/>
	<Point X="107" Y="165"/>
	<Point X="107" Y="166"/>
	<Point X="107" Y="167"/>
	<Point X="107" Y="168"/>
	<Point X="107" Y="170"/>
	<Point X="107" Y="172"/>
	<Point X="108" Y="174"/>
	<Point X="108" Y="175"/>
	<Point X="108" Y="176"/>
	<Point X="108" Y="178"/>
	<Point X="108" Y="179"/>
	<Point X="108" Y="181"/>
	<Point X="109" Y="183"/>
	<Point X="109" Y="184"/>
	<Point X="109" Y="185"/>
	<Point X="110" Y="186"/>
	<Point X="110" Y="187"/>
	<Point X="110" Y="189"/>
	<Point X="110" Y="191"/>
	<Point X="110" Y="193"/>
	<Point X="110" Y="194"/>
	<Point X="110" Y="195"/>
	<Point X="110" Y="196"/>
	<Point X="110" Y="197"/>
	<Point X="111" Y="198"/>
	<Point X="111" Y="199"/>
	<Point X="111" Y="200"/>
	<Point X="111" Y="202"/>
	<Point X="111" Y="203"/>
	<Point X="111" Y="204"/>
	<Point X="111" Y="205"/>
	<Point X="111" Y="206"/>
	<Point X="111" Y="207"/>
	<Point X="111" Y="208"/>
	<Point X="111" Y="209"/>
	<Point X="111" Y="210"/>
	<Point X="111" Y="211"/>
	<Point X="111" Y="212"/>
	<Point X="111" Y="213"/>
	<Point X="111" Y="214"/>
	<Point X="111" Y="215"/>
	<Point X="111" Y="216"/>
	<Point X="111" Y="217"/>
	<Point X="111" Y="218"/>
	<Point X="111" Y="219"/>
	<Point X="111" Y="220"/>
	<Point X="111" Y="221"/>
	<Point X="111" Y="222"/>
	<Point X="111" Y="223"/>
	<Point X="111" Y="224"/>
	<Point X="112" Y="224"/>
	<Point X="113" Y="224"/>
	<Point X="114" Y="224"/>
	<Point X="115" Y="224"/>
	<Point X="116" Y="224"/>
	<Point X="116" Y="225"/>
	<Point X="117" Y="225"/>
	<Point X="118" Y="225"/>
	<Point X="119" Y="225"/>
	<Point X="120" Y="225"/>
	<Point X="121" Y="225"/>
	<Point X="122" Y="225"/>
	<Point X="124" Y="226"/>
	<Point X="127" Y="226"/>
	<Point X="128" Y="226"/>
	<Point X="129" Y="226"/>
	<Point X="132" Y="226"/>
	<Point X="133" Y="226"/>
	<Point X="135" Y="226"/>
	<Point X="136" Y="226"/>
	<Point X="139" Y="226"/>
	<Point X="141" Y="226"/>
	<Point X="143" Y="226"/>
	<Point X="145" Y="226"/>
	<Point X="146" Y="226"/>
	<Point X="149" Y="226"/>
	<Point X="151" Y="226"/>
	<Point X="152" Y="226"/>
	<Point X="155" Y="226"/>
	<Point X="157" Y="226"/>
	<Point X="158" Y="225"/>
	<Point X="160" Y="225"/>
	<Point X="164" Y="225"/>
	<Point X="165" Y="225"/>
	<Point X="168" Y="225"/>
	<Point X="169" Y="225"/>
	<Point X="171" Y="225"/>
	<Point X="172" Y="225"/>
	<Point X="174" Y="225"/>
	<Point X="176" Y="224"/>
	<Point X="178" Y="224"/>
	<Point X="180" Y="224"/>
	<Point X="182" Y="224"/>
	<Point X="183" Y="224"/>
	<Point X="185" Y="224"/>
	<Point X="188" Y="224"/>
	<Point X="190" Y="224"/>
	<Point X="191" Y="224"/>
	<Point X="193" Y="224"/>
	<Point X="195" Y="224"/>
	<Point X="197" Y="224"/>
	<Point X="199" Y="224"/>
	<Point X="201" Y="223"/>
	<Point X="202" Y="223"/>
	<Point X="205" Y="223"/>
	<Point X="206" Y="223"/>
	<Point X="208" Y="223"/>
	<Point X="210" Y="223"/>
	<Point X="211" Y="223"/>
	<Point X="213" Y="222"/>
	<Point X="214" Y="222"/>
	<Point X="216" Y="222"/>
	<Point X="217" Y="222"/>
	<Point X="218" Y="222"/>
	<Point X="219" Y="221"/>
	<Point X="220" Y="221"/>
	<Point X="221" Y="221"/>
	<Point X="222" Y="220"/>
	<Point X="223" Y="220"/>
	<Point X="224" Y="220"/>
	<Point X="225" Y="220"/>
	<Point X="225" Y="219"/>
	<Point X="225" Y="218"/>
	<Point X="225" Y="217"/>
	<Point X="225" Y="216"/>
	<Point X="225" Y="215"/>
	<Point X="225" Y="214"/>
	<Point X="224" Y="214"/>
	<Point X="224" Y="213"/>
	<Point X="224" Y="212"/>
	<Point X="224" Y="211"/>
	<Point X="224" Y="210"/>
	<Point X="224" Y="209"/>
	<Point X="224" Y="208"/>
	<Point X="224" Y="207"/>
	<Point X="224" Y="206"/>
	<Point X="223" Y="206"/>
	<Point X="223" Y="204"/>
	<Point X="223" Y="203"/>
	<Point X="223" Y="202"/>
	<Point X="222" Y="202"/>
	<Point X="222" Y="200"/>
	<Point X="222" Y="198"/>
	<Point X="222" Y="197"/>
	<Point X="222" Y="196"/>
	<Point X="222" Y="195"/>
	<Point X="221" Y="194"/>
	<Point X="221" Y="193"/>
	<Point X="221" Y="192"/>
	<Point X="221" Y="191"/>
	<Point X="221" Y="190"/>
	<Point X="220" Y="189"/>
	<Point X="220" Y="187"/>
	<Point X="220" Y="186"/>
	<Point X="220" Y="185"/>
	<Point X="219" Y="182"/>
	<Point X="219" Y="181"/>
	<Point X="218" Y="181"/>
	<Point X="218" Y="179"/>
	<Point X="218" Y="178"/>
	<Point X="218" Y="177"/>
	<Point X="218" Y="176"/>
	<Point X="218" Y="175"/>
	<Point X="217" Y="174"/>
	<Point X="217" Y="173"/>
	<Point X="217" Y="171"/>
	<Point X="216" Y="169"/>
	<Point X="216" Y="168"/>
	<Point X="216" Y="167"/>
	<Point X="216" Y="166"/>
	<Point X="215" Y="165"/>
	<Point X="215" Y="164"/>
	<Point X="215" Y="163"/>
	<Point X="214" Y="163"/>
	<Point X="214" Y="162"/>
	<Point X="214" Y="161"/>
	<Point X="214" Y="160"/>
	<Point X="214" Y="159"/>
	<Point X="214" Y="158"/>
	<Point X="213" Y="158"/>
	<Point X="213" Y="157"/>
	<Point X="213" Y="156"/>
	<Point X="212" Y="156"/>
	<Point X="211" Y="156"/>
	<Point X="210" Y="156"/>
	<Point X="209" Y="156"/>
	<Point X="208" Y="156"/>
	<Point X="207" Y="156"/>
	<Point X="206" Y="156"/>
	<Point X="205" Y="156"/>
	<Point X="204" Y="156"/>
	<Point X="203" Y="155"/>
	<Point X="201" Y="155"/>
	<Point X="200" Y="154"/>
	<Point X="199" Y="154"/>
	<Point X="197" Y="154"/>
	<Point X="194" Y="154"/>
	<Point X="193" Y="153"/>
	<Point X="190" Y="153"/>
	<Point X="189" Y="153"/>
	<Point X="187" Y="153"/>
	<Point X="186" Y="152"/>
	<Point X="183" Y="152"/>
	<Point X="181" Y="152"/>
	<Point X="179" Y="152"/>
	<Point X="178" Y="152"/>
	<Point X="176" Y="152"/>
	<Point X="175" Y="152"/>
	<Point X="173" Y="151"/>
	<Point X="171" Y="151"/>
	<Point X="169" Y="151"/>
	<Point X="168" Y="151"/>
	<Point X="165" Y="150"/>
	<Point X="164" Y="150"/>
	<Point X="162" Y="150"/>
	<Point X="161" Y="150"/>
	<Point X="159" Y="150"/>
	<Point X="156" Y="150"/>
	<Point X="155" Y="150"/>
	<Point X="153" Y="150"/>
	<Point X="151" Y="149"/>
	<Point X="150" Y="149"/>
	<Point X="148" Y="149"/>
	<Point X="146" Y="149"/>
	<Point X="145" Y="149"/>
	<Point X="143" Y="149"/>
	<Point X="141" Y="149"/>
	<Point X="137" Y="149"/>
	<Point X="136" Y="149"/>
	<Point X="133" Y="149"/>
	<Point X="132" Y="149"/>
	<Point X="131" Y="149"/>
	<Point X="130" Y="149"/>
	<Point X="129" Y="149"/>
	<Point X="128" Y="149"/>
	<Point X="126" Y="149"/>
	<Point X="124" Y="149"/>
	<Point X="123" Y="149"/>
	<Point X="122" Y="149"/>
	<Point X="121" Y="149"/>
	<Point X="120" Y="149"/>
	<Point X="119" Y="149"/>
	<Point X="118" Y="149"/>
	<Point X="118" Y="150"/>
	<Point X="117" Y="150"/>
	<Point X="116" Y="150"/>
	<Point X="115" Y="150"/>
	<Point X="114" Y="150"/>
	<Point X="113" Y="150"/>
</Gesture>
