<?xml version="1.0" ?>
<Gesture Name="rectangle01" Subject="03" Number="01" NumPts="362">
	<Point X="89" Y="163"/>
	<Point X="89" Y="164"/>
	<Point X="89" Y="165"/>
	<Point X="89" Y="166"/>
	<Point X="89" Y="167"/>
	<Point X="89" Y="168"/>
	<Point X="89" Y="169"/>
	<Point X="89" Y="170"/>
	<Point X="89" Y="171"/>
	<Point X="89" Y="172"/>
	<Point X="89" Y="173"/>
	<Point X="89" Y="174"/>
	<Point X="89" Y="176"/>
	<Point X="89" Y="177"/>
	<Point X="89" Y="179"/>
	<Point X="89" Y="180"/>
	<Point X="89" Y="181"/>
	<Point X="89" Y="183"/>
	<Point X="90" Y="183"/>
	<Point X="90" Y="185"/>
	<Point X="90" Y="187"/>
	<Point X="90" Y="188"/>
	<Point X="90" Y="189"/>
	<Point X="90" Y="191"/>
	<Point X="90" Y="193"/>
	<Point X="90" Y="194"/>
	<Point X="91" Y="196"/>
	<Point X="91" Y="197"/>
	<Point X="91" Y="198"/>
	<Point X="91" Y="199"/>
	<Point X="91" Y="201"/>
	<Point X="92" Y="202"/>
	<Point X="92" Y="203"/>
	<Point X="92" Y="205"/>
	<Point X="93" Y="206"/>
	<Point X="93" Y="207"/>
	<Point X="93" Y="208"/>
	<Point X="93" Y="209"/>
	<Point X="93" Y="211"/>
	<Point X="93" Y="212"/>
	<Point X="93" Y="213"/>
	<Point X="93" Y="214"/>
	<Point X="93" Y="215"/>
	<Point X="94" Y="216"/>
	<Point X="94" Y="217"/>
	<Point X="94" Y="218"/>
	<Point X="94" Y="219"/>
	<Point X="94" Y="220"/>
	<Point X="94" Y="221"/>
	<Point X="94" Y="222"/>
	<Point X="94" Y="223"/>
	<Point X="94" Y="224"/>
	<Point X="94" Y="226"/>
	<Point X="94" Y="227"/>
	<Point X="94" Y="228"/>
	<Point X="94" Y="229"/>
	<Point X="94" Y="230"/>
	<Point X="94" Y="232"/>
	<Point X="94" Y="233"/>
	<Point X="94" Y="234"/>
	<Point X="94" Y="235"/>
	<Point X="94" Y="236"/>
	<Point X="94" Y="237"/>
	<Point X="94" Y="238"/>
	<Point X="94" Y="239"/>
	<Point X="94" Y="240"/>
	<Point X="94" Y="241"/>
	<Point X="94" Y="242"/>
	<Point X="95" Y="242"/>
	<Point X="96" Y="242"/>
	<Point X="97" Y="242"/>
	<Point X="98" Y="242"/>
	<Point X="99" Y="242"/>
	<Point X="100" Y="242"/>
	<Point X="101" Y="242"/>
	<Point X="102" Y="242"/>
	<Point X="103" Y="242"/>
	<Point X="104" Y="242"/>
	<Point X="105" Y="242"/>
	<Point X="106" Y="242"/>
	<Point X="107" Y="242"/>
	<Point X="108" Y="242"/>
	<Point X="109" Y="242"/>
	<Point X="111" Y="242"/>
	<Point X="112" Y="242"/>
	<Point X="114" Y="242"/>
	<Point X="115" Y="242"/>
	<Point X="117" Y="242"/>
	<Point X="118" Y="242"/>
	<Point X="120" Y="242"/>
	<Point X="122" Y="242"/>
	<Point X="124" Y="242"/>
	<Point X="126" Y="242"/>
	<Point X="129" Y="243"/>
	<Point X="130" Y="243"/>
	<Point X="134" Y="243"/>
	<Point X="136" Y="243"/>
	<Point X="139" Y="243"/>
	<Point X="141" Y="243"/>
	<Point X="144" Y="243"/>
	<Point X="148" Y="244"/>
	<Point X="149" Y="244"/>
	<Point X="153" Y="244"/>
	<Point X="155" Y="244"/>
	<Point X="157" Y="244"/>
	<Point X="159" Y="244"/>
	<Point X="161" Y="244"/>
	<Point X="162" Y="244"/>
	<Point X="164" Y="244"/>
	<Point X="165" Y="244"/>
	<Point X="167" Y="245"/>
	<Point X="169" Y="245"/>
	<Point X="171" Y="245"/>
	<Point X="173" Y="245"/>
	<Point X="174" Y="245"/>
	<Point X="176" Y="245"/>
	<Point X="178" Y="245"/>
	<Point X="180" Y="245"/>
	<Point X="181" Y="245"/>
	<Point X="182" Y="245"/>
	<Point X="184" Y="245"/>
	<Point X="186" Y="245"/>
	<Point X="187" Y="245"/>
	<Point X="190" Y="246"/>
	<Point X="193" Y="246"/>
	<Point X="196" Y="246"/>
	<Point X="198" Y="246"/>
	<Point X="200" Y="246"/>
	<Point X="202" Y="247"/>
	<Point X="204" Y="247"/>
	<Point X="206" Y="247"/>
	<Point X="207" Y="248"/>
	<Point X="210" Y="248"/>
	<Point X="213" Y="248"/>
	<Point X="214" Y="248"/>
	<Point X="216" Y="249"/>
	<Point X="218" Y="249"/>
	<Point X="219" Y="249"/>
	<Point X="222" Y="249"/>
	<Point X="224" Y="249"/>
	<Point X="226" Y="250"/>
	<Point X="227" Y="250"/>
	<Point X="229" Y="250"/>
	<Point X="231" Y="250"/>
	<Point X="232" Y="250"/>
	<Point X="233" Y="250"/>
	<Point X="234" Y="250"/>
	<Point X="235" Y="250"/>
	<Point X="236" Y="250"/>
	<Point X="237" Y="250"/>
	<Point X="238" Y="250"/>
	<Point X="239" Y="250"/>
	<Point X="239" Y="249"/>
	<Point X="240" Y="249"/>
	<Point X="241" Y="248"/>
	<Point X="241" Y="247"/>
	<Point X="241" Y="246"/>
	<Point X="242" Y="246"/>
	<Point X="242" Y="245"/>
	<Point X="242" Y="244"/>
	<Point X="242" Y="243"/>
	<Point X="242" Y="242"/>
	<Point X="242" Y="241"/>
	<Point X="243" Y="241"/>
	<Point X="243" Y="240"/>
	<Point X="243" Y="239"/>
	<Point X="243" Y="238"/>
	<Point X="243" Y="237"/>
	<Point X="243" Y="236"/>
	<Point X="244" Y="236"/>
	<Point X="244" Y="235"/>
	<Point X="244" Y="234"/>
	<Point X="244" Y="233"/>
	<Point X="244" Y="232"/>
	<Point X="244" Y="231"/>
	<Point X="244" Y="229"/>
	<Point X="244" Y="228"/>
	<Point X="244" Y="227"/>
	<Point X="244" Y="225"/>
	<Point X="244" Y="224"/>
	<Point X="244" Y="223"/>
	<Point X="244" Y="221"/>
	<Point X="244" Y="220"/>
	<Point X="244" Y="219"/>
	<Point X="244" Y="218"/>
	<Point X="243" Y="216"/>
	<Point X="243" Y="215"/>
	<Point X="243" Y="214"/>
	<Point X="243" Y="213"/>
	<Point X="243" Y="211"/>
	<Point X="243" Y="210"/>
	<Point X="242" Y="208"/>
	<Point X="242" Y="207"/>
	<Point X="242" Y="206"/>
	<Point X="242" Y="204"/>
	<Point X="242" Y="203"/>
	<Point X="242" Y="202"/>
	<Point X="242" Y="200"/>
	<Point X="241" Y="199"/>
	<Point X="241" Y="198"/>
	<Point X="241" Y="197"/>
	<Point X="240" Y="196"/>
	<Point X="240" Y="194"/>
	<Point X="240" Y="192"/>
	<Point X="240" Y="191"/>
	<Point X="240" Y="190"/>
	<Point X="239" Y="189"/>
	<Point X="239" Y="188"/>
	<Point X="239" Y="187"/>
	<Point X="239" Y="185"/>
	<Point X="239" Y="184"/>
	<Point X="239" Y="183"/>
	<Point X="238" Y="183"/>
	<Point X="238" Y="182"/>
	<Point X="238" Y="181"/>
	<Point X="238" Y="179"/>
	<Point X="238" Y="178"/>
	<Point X="238" Y="177"/>
	<Point X="238" Y="176"/>
	<Point X="238" Y="175"/>
	<Point X="237" Y="175"/>
	<Point X="237" Y="174"/>
	<Point X="237" Y="173"/>
	<Point X="237" Y="172"/>
	<Point X="236" Y="171"/>
	<Point X="236" Y="170"/>
	<Point X="236" Y="169"/>
	<Point X="236" Y="168"/>
	<Point X="236" Y="167"/>
	<Point X="236" Y="166"/>
	<Point X="235" Y="166"/>
	<Point X="235" Y="165"/>
	<Point X="235" Y="164"/>
	<Point X="235" Y="163"/>
	<Point X="235" Y="162"/>
	<Point X="234" Y="162"/>
	<Point X="234" Y="161"/>
	<Point X="233" Y="161"/>
	<Point X="232" Y="161"/>
	<Point X="232" Y="160"/>
	<Point X="231" Y="160"/>
	<Point X="231" Y="159"/>
	<Point X="230" Y="159"/>
	<Point X="229" Y="159"/>
	<Point X="228" Y="159"/>
	<Point X="227" Y="159"/>
	<Point X="226" Y="158"/>
	<Point X="225" Y="158"/>
	<Point X="224" Y="158"/>
	<Point X="223" Y="158"/>
	<Point X="222" Y="158"/>
	<Point X="221" Y="157"/>
	<Point X="220" Y="157"/>
	<Point X="219" Y="157"/>
	<Point X="218" Y="157"/>
	<Point X="216" Y="157"/>
	<Point X="215" Y="157"/>
	<Point X="214" Y="156"/>
	<Point X="213" Y="156"/>
	<Point X="212" Y="156"/>
	<Point X="211" Y="155"/>
	<Point X="210" Y="155"/>
	<Point X="209" Y="155"/>
	<Point X="207" Y="155"/>
	<Point X="206" Y="155"/>
	<Point X="205" Y="155"/>
	<Point X="203" Y="155"/>
	<Point X="202" Y="154"/>
	<Point X="200" Y="154"/>
	<Point X="199" Y="154"/>
	<Point X="197" Y="154"/>
	<Point X="196" Y="154"/>
	<Point X="194" Y="153"/>
	<Point X="193" Y="153"/>
	<Point X="190" Y="153"/>
	<Point X="189" Y="153"/>
	<Point X="188" Y="152"/>
	<Point X="186" Y="152"/>
	<Point X="185" Y="152"/>
	<Point X="182" Y="151"/>
	<Point X="180" Y="151"/>
	<Point X="179" Y="151"/>
	<Point X="177" Y="151"/>
	<Point X="175" Y="151"/>
	<Point X="174" Y="151"/>
	<Point X="172" Y="151"/>
	<Point X="170" Y="151"/>
	<Point X="169" Y="150"/>
	<Point X="167" Y="150"/>
	<Point X="165" Y="150"/>
	<Point X="164" Y="150"/>
	<Point X="163" Y="150"/>
	<Point X="162" Y="150"/>
	<Point X="159" Y="150"/>
	<Point X="158" Y="150"/>
	<Point X="156" Y="150"/>
	<Point X="155" Y="150"/>
	<Point X="154" Y="150"/>
	<Point X="153" Y="150"/>
	<Point X="152" Y="150"/>
	<Point X="150" Y="150"/>
	<Point X="148" Y="150"/>
	<Point X="147" Y="150"/>
	<Point X="146" Y="150"/>
	<Point X="145" Y="150"/>
	<Point X="144" Y="150"/>
	<Point X="142" Y="150"/>
	<Point X="141" Y="150"/>
	<Point X="140" Y="150"/>
	<Point X="139" Y="150"/>
	<Point X="138" Y="150"/>
	<Point X="137" Y="150"/>
	<Point X="136" Y="150"/>
	<Point X="135" Y="151"/>
	<Point X="134" Y="151"/>
	<Point X="133" Y="151"/>
	<Point X="132" Y="151"/>
	<Point X="131" Y="151"/>
	<Point X="130" Y="151"/>
	<Point X="129" Y="151"/>
	<Point X="128" Y="151"/>
	<Point X="127" Y="151"/>
	<Point X="126" Y="151"/>
	<Point X="125" Y="152"/>
	<Point X="124" Y="152"/>
	<Point X="123" Y="152"/>
	<Point X="122" Y="152"/>
	<Point X="122" Y="153"/>
	<Point X="121" Y="153"/>
	<Point X="120" Y="153"/>
	<Point X="119" Y="153"/>
	<Point X="118" Y="153"/>
	<Point X="117" Y="153"/>
	<Point X="116" Y="153"/>
	<Point X="115" Y="153"/>
	<Point X="114" Y="153"/>
	<Point X="113" Y="153"/>
	<Point X="113" Y="154"/>
	<Point X="112" Y="154"/>
	<Point X="111" Y="154"/>
	<Point X="110" Y="154"/>
	<Point X="109" Y="154"/>
	<Point X="108" Y="154"/>
	<Point X="107" Y="154"/>
	<Point X="106" Y="154"/>
	<Point X="106" Y="155"/>
	<Point X="105" Y="155"/>
	<Point X="104" Y="155"/>
	<Point X="103" Y="155"/>
	<Point X="102" Y="155"/>
	<Point X="101" Y="155"/>
	<Point X="100" Y="155"/>
	<Point X="99" Y="155"/>
	<Point X="98" Y="155"/>
	<Point X="97" Y="155"/>
	<Point X="96" Y="155"/>
	<Point X="95" Y="155"/>
	<Point X="94" Y="155"/>
	<Point X="93" Y="155"/>
	<Point X="92" Y="155"/>
	<Point X="91" Y="155"/>
	<Point X="90" Y="155"/>
</Gesture>
