<?xml version="1.0" ?>
<Gesture Name="rectangle05" Subject="03" Number="05" NumPts="266">
	<Point X="122" Y="171"/>
	<Point X="121" Y="171"/>
	<Point X="121" Y="172"/>
	<Point X="121" Y="173"/>
	<Point X="121" Y="174"/>
	<Point X="121" Y="175"/>
	<Point X="121" Y="176"/>
	<Point X="121" Y="177"/>
	<Point X="121" Y="178"/>
	<Point X="121" Y="179"/>
	<Point X="121" Y="180"/>
	<Point X="121" Y="181"/>
	<Point X="121" Y="183"/>
	<Point X="121" Y="184"/>
	<Point X="121" Y="185"/>
	<Point X="121" Y="186"/>
	<Point X="121" Y="187"/>
	<Point X="121" Y="188"/>
	<Point X="121" Y="190"/>
	<Point X="121" Y="191"/>
	<Point X="121" Y="192"/>
	<Point X="122" Y="193"/>
	<Point X="122" Y="194"/>
	<Point X="122" Y="196"/>
	<Point X="122" Y="197"/>
	<Point X="122" Y="198"/>
	<Point X="123" Y="200"/>
	<Point X="123" Y="201"/>
	<Point X="124" Y="203"/>
	<Point X="124" Y="204"/>
	<Point X="124" Y="205"/>
	<Point X="124" Y="206"/>
	<Point X="124" Y="208"/>
	<Point X="124" Y="209"/>
	<Point X="125" Y="210"/>
	<Point X="125" Y="212"/>
	<Point X="125" Y="213"/>
	<Point X="125" Y="214"/>
	<Point X="125" Y="215"/>
	<Point X="125" Y="216"/>
	<Point X="125" Y="217"/>
	<Point X="125" Y="218"/>
	<Point X="126" Y="219"/>
	<Point X="126" Y="220"/>
	<Point X="126" Y="221"/>
	<Point X="126" Y="222"/>
	<Point X="126" Y="223"/>
	<Point X="126" Y="224"/>
	<Point X="126" Y="225"/>
	<Point X="126" Y="226"/>
	<Point X="126" Y="227"/>
	<Point X="126" Y="228"/>
	<Point X="127" Y="228"/>
	<Point X="127" Y="229"/>
	<Point X="128" Y="229"/>
	<Point X="129" Y="229"/>
	<Point X="130" Y="229"/>
	<Point X="131" Y="229"/>
	<Point X="132" Y="229"/>
	<Point X="133" Y="229"/>
	<Point X="134" Y="229"/>
	<Point X="136" Y="229"/>
	<Point X="138" Y="229"/>
	<Point X="139" Y="229"/>
	<Point X="141" Y="229"/>
	<Point X="142" Y="229"/>
	<Point X="145" Y="230"/>
	<Point X="147" Y="230"/>
	<Point X="150" Y="230"/>
	<Point X="151" Y="230"/>
	<Point X="153" Y="230"/>
	<Point X="155" Y="230"/>
	<Point X="157" Y="231"/>
	<Point X="160" Y="232"/>
	<Point X="163" Y="232"/>
	<Point X="165" Y="232"/>
	<Point X="167" Y="232"/>
	<Point X="169" Y="233"/>
	<Point X="172" Y="233"/>
	<Point X="175" Y="233"/>
	<Point X="177" Y="233"/>
	<Point X="179" Y="234"/>
	<Point X="180" Y="234"/>
	<Point X="183" Y="235"/>
	<Point X="185" Y="235"/>
	<Point X="188" Y="235"/>
	<Point X="189" Y="235"/>
	<Point X="190" Y="235"/>
	<Point X="192" Y="235"/>
	<Point X="193" Y="235"/>
	<Point X="195" Y="235"/>
	<Point X="197" Y="235"/>
	<Point X="199" Y="235"/>
	<Point X="200" Y="235"/>
	<Point X="201" Y="235"/>
	<Point X="203" Y="235"/>
	<Point X="204" Y="235"/>
	<Point X="205" Y="235"/>
	<Point X="206" Y="235"/>
	<Point X="207" Y="235"/>
	<Point X="209" Y="235"/>
	<Point X="210" Y="235"/>
	<Point X="211" Y="235"/>
	<Point X="213" Y="235"/>
	<Point X="214" Y="235"/>
	<Point X="215" Y="235"/>
	<Point X="216" Y="235"/>
	<Point X="217" Y="235"/>
	<Point X="218" Y="235"/>
	<Point X="219" Y="235"/>
	<Point X="220" Y="235"/>
	<Point X="221" Y="235"/>
	<Point X="222" Y="235"/>
	<Point X="223" Y="235"/>
	<Point X="224" Y="235"/>
	<Point X="225" Y="235"/>
	<Point X="226" Y="235"/>
	<Point X="226" Y="234"/>
	<Point X="227" Y="234"/>
	<Point X="228" Y="234"/>
	<Point X="228" Y="233"/>
	<Point X="229" Y="233"/>
	<Point X="230" Y="233"/>
	<Point X="230" Y="232"/>
	<Point X="231" Y="232"/>
	<Point X="232" Y="232"/>
	<Point X="232" Y="231"/>
	<Point X="232" Y="230"/>
	<Point X="232" Y="229"/>
	<Point X="232" Y="228"/>
	<Point X="233" Y="227"/>
	<Point X="233" Y="226"/>
	<Point X="233" Y="225"/>
	<Point X="233" Y="224"/>
	<Point X="233" Y="223"/>
	<Point X="233" Y="222"/>
	<Point X="233" Y="221"/>
	<Point X="233" Y="220"/>
	<Point X="233" Y="219"/>
	<Point X="233" Y="218"/>
	<Point X="233" Y="217"/>
	<Point X="233" Y="216"/>
	<Point X="233" Y="215"/>
	<Point X="233" Y="214"/>
	<Point X="233" Y="213"/>
	<Point X="233" Y="212"/>
	<Point X="233" Y="211"/>
	<Point X="232" Y="210"/>
	<Point X="232" Y="209"/>
	<Point X="232" Y="208"/>
	<Point X="232" Y="207"/>
	<Point X="232" Y="206"/>
	<Point X="232" Y="204"/>
	<Point X="232" Y="203"/>
	<Point X="232" Y="202"/>
	<Point X="232" Y="200"/>
	<Point X="231" Y="199"/>
	<Point X="231" Y="198"/>
	<Point X="231" Y="196"/>
	<Point X="231" Y="195"/>
	<Point X="231" Y="194"/>
	<Point X="230" Y="194"/>
	<Point X="230" Y="192"/>
	<Point X="230" Y="191"/>
	<Point X="230" Y="189"/>
	<Point X="230" Y="188"/>
	<Point X="230" Y="187"/>
	<Point X="230" Y="186"/>
	<Point X="230" Y="185"/>
	<Point X="230" Y="184"/>
	<Point X="229" Y="184"/>
	<Point X="229" Y="183"/>
	<Point X="229" Y="182"/>
	<Point X="229" Y="181"/>
	<Point X="229" Y="180"/>
	<Point X="229" Y="179"/>
	<Point X="229" Y="178"/>
	<Point X="229" Y="177"/>
	<Point X="228" Y="176"/>
	<Point X="228" Y="175"/>
	<Point X="228" Y="174"/>
	<Point X="228" Y="173"/>
	<Point X="228" Y="172"/>
	<Point X="227" Y="172"/>
	<Point X="227" Y="171"/>
	<Point X="226" Y="171"/>
	<Point X="225" Y="171"/>
	<Point X="224" Y="171"/>
	<Point X="223" Y="171"/>
	<Point X="222" Y="171"/>
	<Point X="221" Y="171"/>
	<Point X="220" Y="171"/>
	<Point X="219" Y="171"/>
	<Point X="218" Y="171"/>
	<Point X="217" Y="170"/>
	<Point X="216" Y="170"/>
	<Point X="214" Y="170"/>
	<Point X="213" Y="170"/>
	<Point X="212" Y="170"/>
	<Point X="211" Y="169"/>
	<Point X="210" Y="169"/>
	<Point X="207" Y="169"/>
	<Point X="206" Y="168"/>
	<Point X="205" Y="168"/>
	<Point X="203" Y="167"/>
	<Point X="201" Y="167"/>
	<Point X="199" Y="167"/>
	<Point X="197" Y="166"/>
	<Point X="195" Y="166"/>
	<Point X="193" Y="166"/>
	<Point X="192" Y="165"/>
	<Point X="190" Y="165"/>
	<Point X="188" Y="164"/>
	<Point X="186" Y="164"/>
	<Point X="185" Y="164"/>
	<Point X="183" Y="163"/>
	<Point X="181" Y="163"/>
	<Point X="180" Y="163"/>
	<Point X="178" Y="163"/>
	<Point X="177" Y="163"/>
	<Point X="174" Y="162"/>
	<Point X="172" Y="162"/>
	<Point X="171" Y="162"/>
	<Point X="170" Y="162"/>
	<Point X="169" Y="162"/>
	<Point X="167" Y="162"/>
	<Point X="166" Y="162"/>
	<Point X="165" Y="162"/>
	<Point X="164" Y="162"/>
	<Point X="162" Y="162"/>
	<Point X="161" Y="162"/>
	<Point X="160" Y="162"/>
	<Point X="159" Y="162"/>
	<Point X="158" Y="162"/>
	<Point X="157" Y="162"/>
	<Point X="156" Y="162"/>
	<Point X="154" Y="162"/>
	<Point X="153" Y="162"/>
	<Point X="152" Y="162"/>
	<Point X="151" Y="162"/>
	<Point X="150" Y="162"/>
	<Point X="149" Y="162"/>
	<Point X="148" Y="162"/>
	<Point X="147" Y="162"/>
	<Point X="146" Y="162"/>
	<Point X="145" Y="163"/>
	<Point X="144" Y="163"/>
	<Point X="143" Y="163"/>
	<Point X="142" Y="163"/>
	<Point X="141" Y="163"/>
	<Point X="140" Y="163"/>
	<Point X="139" Y="163"/>
	<Point X="138" Y="163"/>
	<Point X="137" Y="163"/>
	<Point X="136" Y="163"/>
	<Point X="135" Y="163"/>
	<Point X="134" Y="163"/>
	<Point X="133" Y="163"/>
	<Point X="133" Y="164"/>
	<Point X="132" Y="164"/>
	<Point X="131" Y="164"/>
	<Point X="130" Y="164"/>
	<Point X="129" Y="164"/>
	<Point X="128" Y="164"/>
	<Point X="128" Y="165"/>
	<Point X="127" Y="165"/>
</Gesture>
