<?xml version="1.0" ?>
<Gesture Name="rectangle02" Subject="03" Number="02" NumPts="188">
	<Point X="89" Y="163"/>
	<Point X="89" Y="164"/>
	<Point X="89" Y="165"/>
	<Point X="89" Y="166"/>
	<Point X="89" Y="167"/>
	<Point X="89" Y="168"/>
	<Point X="89" Y="169"/>
	<Point X="89" Y="170"/>
	<Point X="89" Y="171"/>
	<Point X="89" Y="172"/>
	<Point X="89" Y="173"/>
	<Point X="89" Y="174"/>
	<Point X="89" Y="175"/>
	<Point X="89" Y="176"/>
	<Point X="89" Y="178"/>
	<Point X="89" Y="179"/>
	<Point X="89" Y="180"/>
	<Point X="89" Y="181"/>
	<Point X="89" Y="183"/>
	<Point X="89" Y="185"/>
	<Point X="89" Y="187"/>
	<Point X="89" Y="188"/>
	<Point X="89" Y="190"/>
	<Point X="89" Y="191"/>
	<Point X="89" Y="193"/>
	<Point X="89" Y="194"/>
	<Point X="89" Y="196"/>
	<Point X="89" Y="198"/>
	<Point X="90" Y="199"/>
	<Point X="90" Y="200"/>
	<Point X="90" Y="202"/>
	<Point X="90" Y="203"/>
	<Point X="91" Y="205"/>
	<Point X="91" Y="206"/>
	<Point X="91" Y="208"/>
	<Point X="91" Y="209"/>
	<Point X="91" Y="210"/>
	<Point X="91" Y="211"/>
	<Point X="92" Y="212"/>
	<Point X="92" Y="214"/>
	<Point X="92" Y="215"/>
	<Point X="92" Y="216"/>
	<Point X="92" Y="217"/>
	<Point X="92" Y="218"/>
	<Point X="92" Y="219"/>
	<Point X="92" Y="220"/>
	<Point X="93" Y="220"/>
	<Point X="93" Y="221"/>
	<Point X="94" Y="221"/>
	<Point X="95" Y="221"/>
	<Point X="96" Y="221"/>
	<Point X="97" Y="221"/>
	<Point X="99" Y="221"/>
	<Point X="100" Y="221"/>
	<Point X="101" Y="221"/>
	<Point X="102" Y="222"/>
	<Point X="103" Y="222"/>
	<Point X="104" Y="222"/>
	<Point X="107" Y="223"/>
	<Point X="109" Y="223"/>
	<Point X="111" Y="223"/>
	<Point X="113" Y="223"/>
	<Point X="117" Y="224"/>
	<Point X="119" Y="225"/>
	<Point X="121" Y="225"/>
	<Point X="125" Y="225"/>
	<Point X="128" Y="225"/>
	<Point X="129" Y="225"/>
	<Point X="132" Y="226"/>
	<Point X="136" Y="226"/>
	<Point X="139" Y="227"/>
	<Point X="141" Y="227"/>
	<Point X="144" Y="227"/>
	<Point X="145" Y="227"/>
	<Point X="148" Y="227"/>
	<Point X="152" Y="227"/>
	<Point X="154" Y="227"/>
	<Point X="156" Y="227"/>
	<Point X="159" Y="227"/>
	<Point X="162" Y="227"/>
	<Point X="165" Y="227"/>
	<Point X="167" Y="228"/>
	<Point X="169" Y="228"/>
	<Point X="172" Y="228"/>
	<Point X="173" Y="228"/>
	<Point X="175" Y="228"/>
	<Point X="176" Y="228"/>
	<Point X="178" Y="228"/>
	<Point X="179" Y="228"/>
	<Point X="180" Y="228"/>
	<Point X="181" Y="228"/>
	<Point X="182" Y="228"/>
	<Point X="183" Y="227"/>
	<Point X="184" Y="227"/>
	<Point X="185" Y="227"/>
	<Point X="186" Y="227"/>
	<Point X="187" Y="227"/>
	<Point X="187" Y="226"/>
	<Point X="188" Y="225"/>
	<Point X="188" Y="224"/>
	<Point X="188" Y="223"/>
	<Point X="188" Y="222"/>
	<Point X="188" Y="221"/>
	<Point X="188" Y="220"/>
	<Point X="188" Y="219"/>
	<Point X="188" Y="218"/>
	<Point X="189" Y="218"/>
	<Point X="189" Y="217"/>
	<Point X="189" Y="215"/>
	<Point X="189" Y="214"/>
	<Point X="189" Y="213"/>
	<Point X="189" Y="212"/>
	<Point X="189" Y="211"/>
	<Point X="189" Y="210"/>
	<Point X="189" Y="208"/>
	<Point X="189" Y="207"/>
	<Point X="189" Y="205"/>
	<Point X="189" Y="203"/>
	<Point X="189" Y="202"/>
	<Point X="189" Y="199"/>
	<Point X="189" Y="198"/>
	<Point X="189" Y="194"/>
	<Point X="188" Y="193"/>
	<Point X="188" Y="191"/>
	<Point X="188" Y="189"/>
	<Point X="188" Y="187"/>
	<Point X="188" Y="184"/>
	<Point X="188" Y="183"/>
	<Point X="188" Y="181"/>
	<Point X="188" Y="179"/>
	<Point X="187" Y="178"/>
	<Point X="187" Y="175"/>
	<Point X="187" Y="173"/>
	<Point X="187" Y="171"/>
	<Point X="187" Y="170"/>
	<Point X="187" Y="169"/>
	<Point X="187" Y="167"/>
	<Point X="186" Y="166"/>
	<Point X="186" Y="165"/>
	<Point X="186" Y="164"/>
	<Point X="186" Y="163"/>
	<Point X="185" Y="163"/>
	<Point X="185" Y="162"/>
	<Point X="185" Y="161"/>
	<Point X="185" Y="160"/>
	<Point X="185" Y="159"/>
	<Point X="184" Y="159"/>
	<Point X="183" Y="159"/>
	<Point X="182" Y="159"/>
	<Point X="181" Y="159"/>
	<Point X="180" Y="159"/>
	<Point X="179" Y="159"/>
	<Point X="178" Y="159"/>
	<Point X="177" Y="159"/>
	<Point X="175" Y="158"/>
	<Point X="174" Y="158"/>
	<Point X="171" Y="158"/>
	<Point X="168" Y="158"/>
	<Point X="166" Y="158"/>
	<Point X="164" Y="158"/>
	<Point X="161" Y="157"/>
	<Point X="158" Y="156"/>
	<Point X="155" Y="156"/>
	<Point X="152" Y="156"/>
	<Point X="149" Y="156"/>
	<Point X="146" Y="155"/>
	<Point X="143" Y="155"/>
	<Point X="140" Y="155"/>
	<Point X="136" Y="154"/>
	<Point X="135" Y="154"/>
	<Point X="132" Y="153"/>
	<Point X="129" Y="153"/>
	<Point X="126" Y="152"/>
	<Point X="124" Y="152"/>
	<Point X="122" Y="151"/>
	<Point X="120" Y="151"/>
	<Point X="119" Y="151"/>
	<Point X="116" Y="151"/>
	<Point X="114" Y="150"/>
	<Point X="112" Y="150"/>
	<Point X="111" Y="150"/>
	<Point X="110" Y="150"/>
	<Point X="108" Y="150"/>
	<Point X="107" Y="150"/>
	<Point X="106" Y="150"/>
	<Point X="105" Y="150"/>
	<Point X="104" Y="150"/>
	<Point X="103" Y="150"/>
</Gesture>
