<?xml version="1.0" ?>
<Gesture Name="rectangle07" Subject="03" Number="07" NumPts="219">
	<Point X="131" Y="184"/>
	<Point X="131" Y="185"/>
	<Point X="131" Y="186"/>
	<Point X="131" Y="187"/>
	<Point X="131" Y="188"/>
	<Point X="131" Y="189"/>
	<Point X="131" Y="190"/>
	<Point X="131" Y="191"/>
	<Point X="131" Y="192"/>
	<Point X="131" Y="193"/>
	<Point X="131" Y="194"/>
	<Point X="131" Y="195"/>
	<Point X="131" Y="196"/>
	<Point X="131" Y="197"/>
	<Point X="131" Y="198"/>
	<Point X="131" Y="199"/>
	<Point X="131" Y="200"/>
	<Point X="131" Y="201"/>
	<Point X="131" Y="202"/>
	<Point X="131" Y="203"/>
	<Point X="131" Y="204"/>
	<Point X="131" Y="205"/>
	<Point X="131" Y="206"/>
	<Point X="131" Y="207"/>
	<Point X="131" Y="208"/>
	<Point X="131" Y="211"/>
	<Point X="131" Y="212"/>
	<Point X="131" Y="213"/>
	<Point X="131" Y="214"/>
	<Point X="131" Y="216"/>
	<Point X="132" Y="216"/>
	<Point X="132" Y="218"/>
	<Point X="132" Y="219"/>
	<Point X="132" Y="220"/>
	<Point X="132" Y="221"/>
	<Point X="133" Y="223"/>
	<Point X="133" Y="224"/>
	<Point X="133" Y="225"/>
	<Point X="133" Y="226"/>
	<Point X="133" Y="227"/>
	<Point X="133" Y="228"/>
	<Point X="133" Y="229"/>
	<Point X="133" Y="230"/>
	<Point X="133" Y="231"/>
	<Point X="133" Y="232"/>
	<Point X="134" Y="233"/>
	<Point X="134" Y="234"/>
	<Point X="134" Y="235"/>
	<Point X="134" Y="236"/>
	<Point X="134" Y="237"/>
	<Point X="134" Y="238"/>
	<Point X="134" Y="239"/>
	<Point X="134" Y="240"/>
	<Point X="134" Y="241"/>
	<Point X="134" Y="242"/>
	<Point X="134" Y="243"/>
	<Point X="135" Y="243"/>
	<Point X="136" Y="243"/>
	<Point X="137" Y="243"/>
	<Point X="138" Y="243"/>
	<Point X="139" Y="243"/>
	<Point X="141" Y="243"/>
	<Point X="143" Y="243"/>
	<Point X="145" Y="243"/>
	<Point X="145" Y="244"/>
	<Point X="146" Y="244"/>
	<Point X="150" Y="244"/>
	<Point X="153" Y="244"/>
	<Point X="155" Y="244"/>
	<Point X="156" Y="244"/>
	<Point X="160" Y="244"/>
	<Point X="162" Y="244"/>
	<Point X="165" Y="245"/>
	<Point X="166" Y="245"/>
	<Point X="170" Y="245"/>
	<Point X="173" Y="245"/>
	<Point X="175" Y="245"/>
	<Point X="177" Y="245"/>
	<Point X="180" Y="245"/>
	<Point X="183" Y="245"/>
	<Point X="185" Y="245"/>
	<Point X="188" Y="245"/>
	<Point X="191" Y="244"/>
	<Point X="192" Y="244"/>
	<Point X="195" Y="244"/>
	<Point X="197" Y="244"/>
	<Point X="199" Y="244"/>
	<Point X="202" Y="244"/>
	<Point X="203" Y="243"/>
	<Point X="205" Y="243"/>
	<Point X="206" Y="243"/>
	<Point X="209" Y="243"/>
	<Point X="210" Y="243"/>
	<Point X="212" Y="243"/>
	<Point X="213" Y="243"/>
	<Point X="214" Y="243"/>
	<Point X="215" Y="243"/>
	<Point X="216" Y="243"/>
	<Point X="217" Y="243"/>
	<Point X="217" Y="242"/>
	<Point X="218" Y="242"/>
	<Point X="219" Y="242"/>
	<Point X="220" Y="242"/>
	<Point X="220" Y="241"/>
	<Point X="221" Y="241"/>
	<Point X="221" Y="240"/>
	<Point X="221" Y="239"/>
	<Point X="221" Y="238"/>
	<Point X="222" Y="237"/>
	<Point X="222" Y="236"/>
	<Point X="222" Y="235"/>
	<Point X="222" Y="234"/>
	<Point X="222" Y="233"/>
	<Point X="222" Y="232"/>
	<Point X="222" Y="231"/>
	<Point X="222" Y="230"/>
	<Point X="222" Y="229"/>
	<Point X="222" Y="228"/>
	<Point X="222" Y="227"/>
	<Point X="222" Y="226"/>
	<Point X="222" Y="225"/>
	<Point X="222" Y="224"/>
	<Point X="222" Y="223"/>
	<Point X="222" Y="222"/>
	<Point X="222" Y="221"/>
	<Point X="222" Y="220"/>
	<Point X="222" Y="219"/>
	<Point X="222" Y="218"/>
	<Point X="222" Y="217"/>
	<Point X="222" Y="216"/>
	<Point X="222" Y="215"/>
	<Point X="222" Y="214"/>
	<Point X="222" Y="212"/>
	<Point X="222" Y="211"/>
	<Point X="221" Y="210"/>
	<Point X="221" Y="209"/>
	<Point X="221" Y="208"/>
	<Point X="221" Y="207"/>
	<Point X="221" Y="206"/>
	<Point X="221" Y="205"/>
	<Point X="221" Y="204"/>
	<Point X="221" Y="203"/>
	<Point X="221" Y="202"/>
	<Point X="221" Y="201"/>
	<Point X="221" Y="200"/>
	<Point X="221" Y="199"/>
	<Point X="221" Y="197"/>
	<Point X="221" Y="196"/>
	<Point X="221" Y="195"/>
	<Point X="221" Y="194"/>
	<Point X="221" Y="193"/>
	<Point X="221" Y="192"/>
	<Point X="220" Y="191"/>
	<Point X="220" Y="190"/>
	<Point X="220" Y="189"/>
	<Point X="220" Y="188"/>
	<Point X="220" Y="187"/>
	<Point X="220" Y="186"/>
	<Point X="220" Y="185"/>
	<Point X="220" Y="184"/>
	<Point X="220" Y="183"/>
	<Point X="219" Y="183"/>
	<Point X="218" Y="183"/>
	<Point X="217" Y="183"/>
	<Point X="216" Y="183"/>
	<Point X="215" Y="183"/>
	<Point X="215" Y="182"/>
	<Point X="214" Y="182"/>
	<Point X="213" Y="182"/>
	<Point X="212" Y="182"/>
	<Point X="211" Y="182"/>
	<Point X="210" Y="182"/>
	<Point X="209" Y="182"/>
	<Point X="208" Y="181"/>
	<Point X="207" Y="181"/>
	<Point X="205" Y="181"/>
	<Point X="204" Y="181"/>
	<Point X="203" Y="180"/>
	<Point X="201" Y="179"/>
	<Point X="200" Y="179"/>
	<Point X="199" Y="179"/>
	<Point X="197" Y="179"/>
	<Point X="194" Y="178"/>
	<Point X="193" Y="178"/>
	<Point X="191" Y="178"/>
	<Point X="189" Y="177"/>
	<Point X="188" Y="177"/>
	<Point X="186" Y="177"/>
	<Point X="184" Y="177"/>
	<Point X="183" Y="176"/>
	<Point X="180" Y="176"/>
	<Point X="179" Y="176"/>
	<Point X="177" Y="175"/>
	<Point X="176" Y="175"/>
	<Point X="174" Y="175"/>
	<Point X="172" Y="175"/>
	<Point X="170" Y="175"/>
	<Point X="168" Y="175"/>
	<Point X="167" Y="175"/>
	<Point X="166" Y="175"/>
	<Point X="164" Y="174"/>
	<Point X="162" Y="174"/>
	<Point X="161" Y="174"/>
	<Point X="159" Y="174"/>
	<Point X="158" Y="174"/>
	<Point X="157" Y="174"/>
	<Point X="155" Y="174"/>
	<Point X="154" Y="174"/>
	<Point X="153" Y="174"/>
	<Point X="152" Y="174"/>
	<Point X="150" Y="174"/>
	<Point X="149" Y="174"/>
	<Point X="148" Y="174"/>
	<Point X="147" Y="174"/>
	<Point X="146" Y="173"/>
	<Point X="145" Y="173"/>
	<Point X="144" Y="173"/>
	<Point X="143" Y="173"/>
	<Point X="142" Y="173"/>
</Gesture>
