<?xml version="1.0" ?>
<Gesture Name="rectangle09" Subject="03" Number="09" NumPts="242">
	<Point X="119" Y="194"/>
	<Point X="119" Y="195"/>
	<Point X="119" Y="196"/>
	<Point X="119" Y="197"/>
	<Point X="119" Y="198"/>
	<Point X="119" Y="199"/>
	<Point X="119" Y="200"/>
	<Point X="119" Y="201"/>
	<Point X="119" Y="202"/>
	<Point X="119" Y="203"/>
	<Point X="119" Y="204"/>
	<Point X="119" Y="205"/>
	<Point X="119" Y="206"/>
	<Point X="119" Y="207"/>
	<Point X="119" Y="208"/>
	<Point X="119" Y="209"/>
	<Point X="119" Y="210"/>
	<Point X="119" Y="211"/>
	<Point X="119" Y="212"/>
	<Point X="119" Y="213"/>
	<Point X="119" Y="214"/>
	<Point X="119" Y="215"/>
	<Point X="119" Y="216"/>
	<Point X="119" Y="217"/>
	<Point X="119" Y="218"/>
	<Point X="120" Y="218"/>
	<Point X="120" Y="219"/>
	<Point X="120" Y="220"/>
	<Point X="120" Y="221"/>
	<Point X="120" Y="222"/>
	<Point X="120" Y="223"/>
	<Point X="120" Y="224"/>
	<Point X="120" Y="225"/>
	<Point X="120" Y="226"/>
	<Point X="120" Y="227"/>
	<Point X="120" Y="228"/>
	<Point X="120" Y="229"/>
	<Point X="120" Y="230"/>
	<Point X="120" Y="231"/>
	<Point X="120" Y="232"/>
	<Point X="120" Y="233"/>
	<Point X="120" Y="234"/>
	<Point X="120" Y="235"/>
	<Point X="120" Y="236"/>
	<Point X="120" Y="237"/>
	<Point X="120" Y="238"/>
	<Point X="120" Y="239"/>
	<Point X="120" Y="240"/>
	<Point X="120" Y="241"/>
	<Point X="120" Y="242"/>
	<Point X="120" Y="243"/>
	<Point X="120" Y="244"/>
	<Point X="120" Y="245"/>
	<Point X="120" Y="246"/>
	<Point X="120" Y="247"/>
	<Point X="121" Y="248"/>
	<Point X="121" Y="249"/>
	<Point X="122" Y="249"/>
	<Point X="123" Y="249"/>
	<Point X="124" Y="249"/>
	<Point X="125" Y="249"/>
	<Point X="126" Y="249"/>
	<Point X="128" Y="249"/>
	<Point X="129" Y="249"/>
	<Point X="130" Y="249"/>
	<Point X="131" Y="249"/>
	<Point X="132" Y="250"/>
	<Point X="133" Y="250"/>
	<Point X="134" Y="250"/>
	<Point X="136" Y="250"/>
	<Point X="137" Y="250"/>
	<Point X="138" Y="250"/>
	<Point X="140" Y="251"/>
	<Point X="141" Y="251"/>
	<Point X="144" Y="251"/>
	<Point X="145" Y="251"/>
	<Point X="147" Y="251"/>
	<Point X="148" Y="251"/>
	<Point X="151" Y="251"/>
	<Point X="153" Y="251"/>
	<Point X="155" Y="251"/>
	<Point X="157" Y="251"/>
	<Point X="159" Y="251"/>
	<Point X="161" Y="252"/>
	<Point X="163" Y="252"/>
	<Point X="165" Y="252"/>
	<Point X="166" Y="252"/>
	<Point X="168" Y="252"/>
	<Point X="170" Y="252"/>
	<Point X="172" Y="252"/>
	<Point X="174" Y="252"/>
	<Point X="176" Y="252"/>
	<Point X="177" Y="252"/>
	<Point X="179" Y="252"/>
	<Point X="180" Y="252"/>
	<Point X="183" Y="252"/>
	<Point X="185" Y="252"/>
	<Point X="186" Y="252"/>
	<Point X="188" Y="252"/>
	<Point X="190" Y="252"/>
	<Point X="191" Y="252"/>
	<Point X="193" Y="252"/>
	<Point X="194" Y="252"/>
	<Point X="195" Y="252"/>
	<Point X="196" Y="252"/>
	<Point X="197" Y="252"/>
	<Point X="198" Y="252"/>
	<Point X="200" Y="252"/>
	<Point X="201" Y="252"/>
	<Point X="202" Y="251"/>
	<Point X="203" Y="251"/>
	<Point X="204" Y="251"/>
	<Point X="205" Y="251"/>
	<Point X="206" Y="251"/>
	<Point X="207" Y="251"/>
	<Point X="208" Y="251"/>
	<Point X="208" Y="250"/>
	<Point X="209" Y="250"/>
	<Point X="209" Y="249"/>
	<Point X="209" Y="248"/>
	<Point X="209" Y="247"/>
	<Point X="210" Y="247"/>
	<Point X="210" Y="246"/>
	<Point X="210" Y="245"/>
	<Point X="210" Y="244"/>
	<Point X="210" Y="243"/>
	<Point X="210" Y="242"/>
	<Point X="211" Y="241"/>
	<Point X="211" Y="240"/>
	<Point X="211" Y="239"/>
	<Point X="211" Y="238"/>
	<Point X="211" Y="237"/>
	<Point X="211" Y="236"/>
	<Point X="211" Y="235"/>
	<Point X="211" Y="234"/>
	<Point X="211" Y="233"/>
	<Point X="211" Y="232"/>
	<Point X="211" Y="231"/>
	<Point X="211" Y="230"/>
	<Point X="211" Y="229"/>
	<Point X="211" Y="228"/>
	<Point X="211" Y="227"/>
	<Point X="211" Y="226"/>
	<Point X="211" Y="225"/>
	<Point X="211" Y="224"/>
	<Point X="211" Y="223"/>
	<Point X="211" Y="222"/>
	<Point X="211" Y="221"/>
	<Point X="211" Y="220"/>
	<Point X="211" Y="219"/>
	<Point X="211" Y="218"/>
	<Point X="211" Y="217"/>
	<Point X="210" Y="216"/>
	<Point X="210" Y="215"/>
	<Point X="210" Y="214"/>
	<Point X="210" Y="213"/>
	<Point X="210" Y="212"/>
	<Point X="210" Y="211"/>
	<Point X="210" Y="210"/>
	<Point X="210" Y="209"/>
	<Point X="210" Y="208"/>
	<Point X="210" Y="207"/>
	<Point X="210" Y="206"/>
	<Point X="210" Y="205"/>
	<Point X="210" Y="204"/>
	<Point X="210" Y="203"/>
	<Point X="210" Y="202"/>
	<Point X="210" Y="201"/>
	<Point X="210" Y="200"/>
	<Point X="210" Y="199"/>
	<Point X="210" Y="198"/>
	<Point X="210" Y="197"/>
	<Point X="210" Y="196"/>
	<Point X="210" Y="195"/>
	<Point X="210" Y="194"/>
	<Point X="210" Y="193"/>
	<Point X="209" Y="193"/>
	<Point X="209" Y="192"/>
	<Point X="209" Y="191"/>
	<Point X="209" Y="190"/>
	<Point X="208" Y="190"/>
	<Point X="207" Y="190"/>
	<Point X="206" Y="190"/>
	<Point X="205" Y="190"/>
	<Point X="204" Y="190"/>
	<Point X="203" Y="190"/>
	<Point X="202" Y="190"/>
	<Point X="201" Y="190"/>
	<Point X="200" Y="190"/>
	<Point X="199" Y="190"/>
	<Point X="198" Y="190"/>
	<Point X="197" Y="190"/>
	<Point X="196" Y="190"/>
	<Point X="194" Y="190"/>
	<Point X="193" Y="190"/>
	<Point X="192" Y="189"/>
	<Point X="190" Y="189"/>
	<Point X="189" Y="189"/>
	<Point X="188" Y="189"/>
	<Point X="186" Y="189"/>
	<Point X="185" Y="189"/>
	<Point X="184" Y="188"/>
	<Point X="182" Y="188"/>
	<Point X="181" Y="188"/>
	<Point X="180" Y="187"/>
	<Point X="179" Y="187"/>
	<Point X="178" Y="187"/>
	<Point X="177" Y="187"/>
	<Point X="176" Y="187"/>
	<Point X="175" Y="187"/>
	<Point X="173" Y="186"/>
	<Point X="172" Y="186"/>
	<Point X="171" Y="186"/>
	<Point X="169" Y="186"/>
	<Point X="168" Y="186"/>
	<Point X="167" Y="186"/>
	<Point X="164" Y="185"/>
	<Point X="163" Y="185"/>
	<Point X="162" Y="185"/>
	<Point X="161" Y="185"/>
	<Point X="159" Y="185"/>
	<Point X="157" Y="185"/>
	<Point X="156" Y="185"/>
	<Point X="155" Y="185"/>
	<Point X="153" Y="185"/>
	<Point X="152" Y="185"/>
	<Point X="151" Y="185"/>
	<Point X="149" Y="185"/>
	<Point X="148" Y="185"/>
	<Point X="147" Y="185"/>
	<Point X="146" Y="185"/>
	<Point X="144" Y="185"/>
	<Point X="143" Y="185"/>
	<Point X="142" Y="185"/>
	<Point X="141" Y="185"/>
	<Point X="140" Y="185"/>
	<Point X="139" Y="185"/>
	<Point X="138" Y="185"/>
	<Point X="137" Y="185"/>
	<Point X="136" Y="185"/>
	<Point X="135" Y="185"/>
	<Point X="134" Y="185"/>
</Gesture>
