<?xml version="1.0" ?>
<Gesture Name="right_sq_bracket08" Subject="03" Number="08" NumPts="152">
	<Point X="135" Y="127"/>
	<Point X="136" Y="127"/>
	<Point X="136" Y="126"/>
	<Point X="137" Y="126"/>
	<Point X="138" Y="126"/>
	<Point X="139" Y="126"/>
	<Point X="140" Y="126"/>
	<Point X="141" Y="126"/>
	<Point X="142" Y="126"/>
	<Point X="143" Y="126"/>
	<Point X="144" Y="126"/>
	<Point X="145" Y="126"/>
	<Point X="146" Y="126"/>
	<Point X="147" Y="126"/>
	<Point X="148" Y="126"/>
	<Point X="149" Y="126"/>
	<Point X="150" Y="126"/>
	<Point X="151" Y="126"/>
	<Point X="152" Y="126"/>
	<Point X="153" Y="126"/>
	<Point X="154" Y="126"/>
	<Point X="155" Y="126"/>
	<Point X="156" Y="126"/>
	<Point X="158" Y="126"/>
	<Point X="159" Y="126"/>
	<Point X="160" Y="126"/>
	<Point X="161" Y="126"/>
	<Point X="162" Y="126"/>
	<Point X="163" Y="126"/>
	<Point X="164" Y="126"/>
	<Point X="166" Y="126"/>
	<Point X="167" Y="126"/>
	<Point X="168" Y="126"/>
	<Point X="169" Y="126"/>
	<Point X="170" Y="126"/>
	<Point X="171" Y="127"/>
	<Point X="172" Y="127"/>
	<Point X="173" Y="127"/>
	<Point X="174" Y="127"/>
	<Point X="175" Y="127"/>
	<Point X="176" Y="127"/>
	<Point X="177" Y="127"/>
	<Point X="177" Y="128"/>
	<Point X="178" Y="128"/>
	<Point X="178" Y="129"/>
	<Point X="179" Y="129"/>
	<Point X="179" Y="130"/>
	<Point X="179" Y="131"/>
	<Point X="179" Y="132"/>
	<Point X="179" Y="133"/>
	<Point X="180" Y="133"/>
	<Point X="180" Y="134"/>
	<Point X="180" Y="135"/>
	<Point X="181" Y="138"/>
	<Point X="181" Y="140"/>
	<Point X="182" Y="142"/>
	<Point X="183" Y="144"/>
	<Point X="183" Y="146"/>
	<Point X="184" Y="148"/>
	<Point X="184" Y="150"/>
	<Point X="185" Y="152"/>
	<Point X="185" Y="153"/>
	<Point X="186" Y="157"/>
	<Point X="187" Y="160"/>
	<Point X="187" Y="161"/>
	<Point X="188" Y="163"/>
	<Point X="188" Y="166"/>
	<Point X="189" Y="169"/>
	<Point X="190" Y="171"/>
	<Point X="190" Y="173"/>
	<Point X="190" Y="175"/>
	<Point X="191" Y="177"/>
	<Point X="191" Y="178"/>
	<Point X="192" Y="180"/>
	<Point X="192" Y="183"/>
	<Point X="192" Y="186"/>
	<Point X="193" Y="188"/>
	<Point X="193" Y="189"/>
	<Point X="193" Y="191"/>
	<Point X="194" Y="193"/>
	<Point X="194" Y="194"/>
	<Point X="194" Y="195"/>
	<Point X="195" Y="198"/>
	<Point X="195" Y="199"/>
	<Point X="195" Y="202"/>
	<Point X="195" Y="204"/>
	<Point X="196" Y="205"/>
	<Point X="196" Y="206"/>
	<Point X="196" Y="208"/>
	<Point X="196" Y="209"/>
	<Point X="196" Y="211"/>
	<Point X="196" Y="212"/>
	<Point X="196" Y="213"/>
	<Point X="196" Y="214"/>
	<Point X="197" Y="216"/>
	<Point X="197" Y="217"/>
	<Point X="197" Y="218"/>
	<Point X="197" Y="219"/>
	<Point X="197" Y="220"/>
	<Point X="197" Y="221"/>
	<Point X="197" Y="222"/>
	<Point X="197" Y="223"/>
	<Point X="197" Y="224"/>
	<Point X="197" Y="225"/>
	<Point X="197" Y="226"/>
	<Point X="197" Y="227"/>
	<Point X="197" Y="228"/>
	<Point X="197" Y="229"/>
	<Point X="197" Y="230"/>
	<Point X="196" Y="230"/>
	<Point X="196" Y="231"/>
	<Point X="196" Y="232"/>
	<Point X="195" Y="232"/>
	<Point X="195" Y="233"/>
	<Point X="194" Y="233"/>
	<Point X="193" Y="233"/>
	<Point X="192" Y="233"/>
	<Point X="192" Y="234"/>
	<Point X="191" Y="234"/>
	<Point X="190" Y="234"/>
	<Point X="189" Y="234"/>
	<Point X="188" Y="234"/>
	<Point X="187" Y="234"/>
	<Point X="186" Y="234"/>
	<Point X="185" Y="234"/>
	<Point X="184" Y="234"/>
	<Point X="183" Y="234"/>
	<Point X="182" Y="234"/>
	<Point X="181" Y="234"/>
	<Point X="179" Y="234"/>
	<Point X="178" Y="234"/>
	<Point X="176" Y="234"/>
	<Point X="175" Y="234"/>
	<Point X="174" Y="234"/>
	<Point X="172" Y="234"/>
	<Point X="171" Y="234"/>
	<Point X="169" Y="234"/>
	<Point X="168" Y="234"/>
	<Point X="167" Y="234"/>
	<Point X="166" Y="234"/>
	<Point X="165" Y="234"/>
	<Point X="164" Y="234"/>
	<Point X="163" Y="234"/>
	<Point X="162" Y="234"/>
	<Point X="161" Y="234"/>
	<Point X="160" Y="234"/>
	<Point X="159" Y="234"/>
	<Point X="158" Y="234"/>
	<Point X="157" Y="234"/>
	<Point X="156" Y="234"/>
	<Point X="155" Y="234"/>
	<Point X="154" Y="234"/>
</Gesture>
