<?xml version="1.0" ?>
<Gesture Name="right_sq_bracket04" Subject="03" Number="04" NumPts="137">
	<Point X="148" Y="129"/>
	<Point X="149" Y="129"/>
	<Point X="150" Y="129"/>
	<Point X="151" Y="129"/>
	<Point X="152" Y="129"/>
	<Point X="153" Y="129"/>
	<Point X="154" Y="129"/>
	<Point X="155" Y="129"/>
	<Point X="156" Y="129"/>
	<Point X="158" Y="129"/>
	<Point X="158" Y="128"/>
	<Point X="159" Y="128"/>
	<Point X="160" Y="128"/>
	<Point X="162" Y="128"/>
	<Point X="164" Y="128"/>
	<Point X="166" Y="128"/>
	<Point X="167" Y="127"/>
	<Point X="168" Y="127"/>
	<Point X="169" Y="127"/>
	<Point X="171" Y="127"/>
	<Point X="172" Y="127"/>
	<Point X="173" Y="127"/>
	<Point X="175" Y="127"/>
	<Point X="176" Y="126"/>
	<Point X="177" Y="126"/>
	<Point X="178" Y="126"/>
	<Point X="179" Y="126"/>
	<Point X="180" Y="126"/>
	<Point X="181" Y="125"/>
	<Point X="182" Y="125"/>
	<Point X="183" Y="125"/>
	<Point X="184" Y="125"/>
	<Point X="185" Y="125"/>
	<Point X="186" Y="125"/>
	<Point X="187" Y="126"/>
	<Point X="187" Y="127"/>
	<Point X="187" Y="128"/>
	<Point X="187" Y="129"/>
	<Point X="188" Y="129"/>
	<Point X="188" Y="131"/>
	<Point X="188" Y="132"/>
	<Point X="189" Y="133"/>
	<Point X="189" Y="134"/>
	<Point X="189" Y="136"/>
	<Point X="190" Y="139"/>
	<Point X="191" Y="140"/>
	<Point X="191" Y="142"/>
	<Point X="192" Y="143"/>
	<Point X="192" Y="146"/>
	<Point X="192" Y="147"/>
	<Point X="193" Y="150"/>
	<Point X="194" Y="152"/>
	<Point X="194" Y="155"/>
	<Point X="195" Y="157"/>
	<Point X="195" Y="158"/>
	<Point X="196" Y="161"/>
	<Point X="196" Y="163"/>
	<Point X="197" Y="166"/>
	<Point X="198" Y="169"/>
	<Point X="198" Y="171"/>
	<Point X="199" Y="172"/>
	<Point X="199" Y="175"/>
	<Point X="200" Y="178"/>
	<Point X="200" Y="180"/>
	<Point X="200" Y="182"/>
	<Point X="201" Y="185"/>
	<Point X="202" Y="188"/>
	<Point X="202" Y="190"/>
	<Point X="202" Y="192"/>
	<Point X="203" Y="194"/>
	<Point X="203" Y="197"/>
	<Point X="203" Y="198"/>
	<Point X="204" Y="201"/>
	<Point X="204" Y="203"/>
	<Point X="204" Y="205"/>
	<Point X="205" Y="208"/>
	<Point X="206" Y="210"/>
	<Point X="206" Y="211"/>
	<Point X="206" Y="213"/>
	<Point X="206" Y="214"/>
	<Point X="207" Y="216"/>
	<Point X="207" Y="217"/>
	<Point X="207" Y="219"/>
	<Point X="208" Y="221"/>
	<Point X="208" Y="222"/>
	<Point X="208" Y="223"/>
	<Point X="208" Y="224"/>
	<Point X="208" Y="225"/>
	<Point X="209" Y="225"/>
	<Point X="209" Y="226"/>
	<Point X="209" Y="227"/>
	<Point X="210" Y="228"/>
	<Point X="210" Y="229"/>
	<Point X="210" Y="230"/>
	<Point X="210" Y="231"/>
	<Point X="209" Y="231"/>
	<Point X="208" Y="231"/>
	<Point X="207" Y="231"/>
	<Point X="206" Y="231"/>
	<Point X="205" Y="231"/>
	<Point X="204" Y="231"/>
	<Point X="202" Y="231"/>
	<Point X="201" Y="231"/>
	<Point X="200" Y="231"/>
	<Point X="198" Y="231"/>
	<Point X="197" Y="231"/>
	<Point X="195" Y="231"/>
	<Point X="194" Y="231"/>
	<Point X="191" Y="231"/>
	<Point X="189" Y="231"/>
	<Point X="188" Y="231"/>
	<Point X="187" Y="231"/>
	<Point X="185" Y="231"/>
	<Point X="182" Y="230"/>
	<Point X="180" Y="230"/>
	<Point X="176" Y="230"/>
	<Point X="175" Y="230"/>
	<Point X="173" Y="230"/>
	<Point X="172" Y="230"/>
	<Point X="170" Y="230"/>
	<Point X="168" Y="230"/>
	<Point X="165" Y="230"/>
	<Point X="163" Y="230"/>
	<Point X="162" Y="230"/>
	<Point X="160" Y="230"/>
	<Point X="158" Y="230"/>
	<Point X="157" Y="230"/>
	<Point X="156" Y="230"/>
	<Point X="155" Y="230"/>
	<Point X="154" Y="230"/>
	<Point X="153" Y="230"/>
	<Point X="152" Y="230"/>
	<Point X="151" Y="230"/>
	<Point X="150" Y="230"/>
	<Point X="149" Y="230"/>
	<Point X="149" Y="229"/>
	<Point X="150" Y="229"/>
</Gesture>
