<?xml version="1.0" ?>
<Gesture Name="right_sq_bracket07" Subject="03" Number="07" NumPts="144">
	<Point X="135" Y="124"/>
	<Point X="136" Y="124"/>
	<Point X="136" Y="123"/>
	<Point X="137" Y="123"/>
	<Point X="138" Y="123"/>
	<Point X="139" Y="123"/>
	<Point X="140" Y="123"/>
	<Point X="141" Y="123"/>
	<Point X="142" Y="123"/>
	<Point X="143" Y="123"/>
	<Point X="144" Y="123"/>
	<Point X="145" Y="123"/>
	<Point X="146" Y="123"/>
	<Point X="147" Y="123"/>
	<Point X="148" Y="123"/>
	<Point X="149" Y="123"/>
	<Point X="150" Y="124"/>
	<Point X="151" Y="124"/>
	<Point X="153" Y="124"/>
	<Point X="154" Y="124"/>
	<Point X="156" Y="125"/>
	<Point X="158" Y="125"/>
	<Point X="160" Y="125"/>
	<Point X="162" Y="126"/>
	<Point X="163" Y="126"/>
	<Point X="165" Y="126"/>
	<Point X="166" Y="126"/>
	<Point X="167" Y="126"/>
	<Point X="169" Y="126"/>
	<Point X="170" Y="127"/>
	<Point X="172" Y="127"/>
	<Point X="174" Y="127"/>
	<Point X="176" Y="127"/>
	<Point X="177" Y="128"/>
	<Point X="178" Y="128"/>
	<Point X="180" Y="128"/>
	<Point X="181" Y="128"/>
	<Point X="182" Y="128"/>
	<Point X="183" Y="128"/>
	<Point X="184" Y="128"/>
	<Point X="185" Y="128"/>
	<Point X="185" Y="129"/>
	<Point X="186" Y="129"/>
	<Point X="186" Y="130"/>
	<Point X="187" Y="130"/>
	<Point X="187" Y="131"/>
	<Point X="188" Y="132"/>
	<Point X="188" Y="133"/>
	<Point X="188" Y="134"/>
	<Point X="188" Y="135"/>
	<Point X="188" Y="136"/>
	<Point X="189" Y="137"/>
	<Point X="189" Y="139"/>
	<Point X="189" Y="140"/>
	<Point X="190" Y="142"/>
	<Point X="190" Y="144"/>
	<Point X="191" Y="146"/>
	<Point X="191" Y="147"/>
	<Point X="192" Y="150"/>
	<Point X="192" Y="152"/>
	<Point X="192" Y="154"/>
	<Point X="193" Y="156"/>
	<Point X="193" Y="159"/>
	<Point X="193" Y="160"/>
	<Point X="194" Y="162"/>
	<Point X="194" Y="164"/>
	<Point X="195" Y="167"/>
	<Point X="195" Y="169"/>
	<Point X="195" Y="171"/>
	<Point X="195" Y="173"/>
	<Point X="196" Y="174"/>
	<Point X="196" Y="176"/>
	<Point X="196" Y="177"/>
	<Point X="196" Y="179"/>
	<Point X="197" Y="180"/>
	<Point X="197" Y="183"/>
	<Point X="197" Y="184"/>
	<Point X="197" Y="185"/>
	<Point X="198" Y="187"/>
	<Point X="198" Y="189"/>
	<Point X="199" Y="191"/>
	<Point X="199" Y="192"/>
	<Point X="199" Y="194"/>
	<Point X="199" Y="195"/>
	<Point X="199" Y="196"/>
	<Point X="199" Y="198"/>
	<Point X="200" Y="199"/>
	<Point X="200" Y="201"/>
	<Point X="200" Y="203"/>
	<Point X="200" Y="204"/>
	<Point X="200" Y="205"/>
	<Point X="201" Y="206"/>
	<Point X="201" Y="207"/>
	<Point X="201" Y="208"/>
	<Point X="201" Y="209"/>
	<Point X="201" Y="210"/>
	<Point X="201" Y="211"/>
	<Point X="201" Y="212"/>
	<Point X="201" Y="213"/>
	<Point X="201" Y="214"/>
	<Point X="201" Y="215"/>
	<Point X="201" Y="216"/>
	<Point X="201" Y="217"/>
	<Point X="201" Y="218"/>
	<Point X="201" Y="219"/>
	<Point X="200" Y="219"/>
	<Point X="199" Y="219"/>
	<Point X="198" Y="219"/>
	<Point X="197" Y="219"/>
	<Point X="196" Y="219"/>
	<Point X="195" Y="219"/>
	<Point X="194" Y="219"/>
	<Point X="193" Y="219"/>
	<Point X="192" Y="219"/>
	<Point X="191" Y="219"/>
	<Point X="190" Y="219"/>
	<Point X="187" Y="219"/>
	<Point X="185" Y="219"/>
	<Point X="184" Y="219"/>
	<Point X="181" Y="219"/>
	<Point X="180" Y="218"/>
	<Point X="175" Y="218"/>
	<Point X="173" Y="217"/>
	<Point X="170" Y="217"/>
	<Point X="168" Y="217"/>
	<Point X="166" Y="217"/>
	<Point X="163" Y="217"/>
	<Point X="160" Y="217"/>
	<Point X="158" Y="217"/>
	<Point X="156" Y="217"/>
	<Point X="154" Y="217"/>
	<Point X="152" Y="217"/>
	<Point X="150" Y="217"/>
	<Point X="148" Y="217"/>
	<Point X="146" Y="217"/>
	<Point X="144" Y="217"/>
	<Point X="143" Y="217"/>
	<Point X="142" Y="217"/>
	<Point X="140" Y="217"/>
	<Point X="139" Y="217"/>
	<Point X="138" Y="217"/>
	<Point X="137" Y="217"/>
	<Point X="136" Y="217"/>
	<Point X="135" Y="217"/>
</Gesture>
