<?xml version="1.0" ?>
<Gesture Name="right_curly_brace02" Subject="03" Number="02" NumPts="216">
	<Point X="139" Y="127"/>
	<Point X="140" Y="127"/>
	<Point X="141" Y="127"/>
	<Point X="141" Y="128"/>
	<Point X="142" Y="128"/>
	<Point X="143" Y="128"/>
	<Point X="144" Y="128"/>
	<Point X="144" Y="129"/>
	<Point X="145" Y="129"/>
	<Point X="146" Y="129"/>
	<Point X="146" Y="130"/>
	<Point X="147" Y="130"/>
	<Point X="147" Y="131"/>
	<Point X="148" Y="131"/>
	<Point X="148" Y="132"/>
	<Point X="149" Y="132"/>
	<Point X="150" Y="132"/>
	<Point X="150" Y="133"/>
	<Point X="151" Y="133"/>
	<Point X="151" Y="134"/>
	<Point X="152" Y="134"/>
	<Point X="152" Y="135"/>
	<Point X="153" Y="135"/>
	<Point X="153" Y="136"/>
	<Point X="154" Y="136"/>
	<Point X="154" Y="137"/>
	<Point X="155" Y="138"/>
	<Point X="155" Y="139"/>
	<Point X="155" Y="140"/>
	<Point X="156" Y="140"/>
	<Point X="156" Y="141"/>
	<Point X="156" Y="142"/>
	<Point X="157" Y="142"/>
	<Point X="157" Y="143"/>
	<Point X="158" Y="144"/>
	<Point X="158" Y="145"/>
	<Point X="158" Y="146"/>
	<Point X="158" Y="147"/>
	<Point X="159" Y="148"/>
	<Point X="159" Y="149"/>
	<Point X="159" Y="150"/>
	<Point X="159" Y="151"/>
	<Point X="159" Y="152"/>
	<Point X="159" Y="153"/>
	<Point X="159" Y="154"/>
	<Point X="159" Y="155"/>
	<Point X="159" Y="156"/>
	<Point X="159" Y="157"/>
	<Point X="158" Y="157"/>
	<Point X="158" Y="158"/>
	<Point X="158" Y="159"/>
	<Point X="158" Y="160"/>
	<Point X="158" Y="161"/>
	<Point X="157" Y="161"/>
	<Point X="157" Y="162"/>
	<Point X="157" Y="163"/>
	<Point X="157" Y="164"/>
	<Point X="157" Y="165"/>
	<Point X="156" Y="165"/>
	<Point X="156" Y="166"/>
	<Point X="156" Y="167"/>
	<Point X="156" Y="168"/>
	<Point X="156" Y="169"/>
	<Point X="156" Y="170"/>
	<Point X="156" Y="171"/>
	<Point X="156" Y="172"/>
	<Point X="156" Y="173"/>
	<Point X="156" Y="174"/>
	<Point X="157" Y="174"/>
	<Point X="157" Y="175"/>
	<Point X="157" Y="176"/>
	<Point X="158" Y="176"/>
	<Point X="158" Y="177"/>
	<Point X="159" Y="177"/>
	<Point X="159" Y="178"/>
	<Point X="160" Y="178"/>
	<Point X="161" Y="178"/>
	<Point X="161" Y="179"/>
	<Point X="162" Y="179"/>
	<Point X="163" Y="179"/>
	<Point X="164" Y="179"/>
	<Point X="164" Y="180"/>
	<Point X="165" Y="180"/>
	<Point X="166" Y="180"/>
	<Point X="167" Y="180"/>
	<Point X="168" Y="180"/>
	<Point X="169" Y="180"/>
	<Point X="170" Y="180"/>
	<Point X="171" Y="180"/>
	<Point X="172" Y="180"/>
	<Point X="173" Y="180"/>
	<Point X="175" Y="180"/>
	<Point X="176" Y="180"/>
	<Point X="177" Y="180"/>
	<Point X="179" Y="180"/>
	<Point X="180" Y="180"/>
	<Point X="181" Y="180"/>
	<Point X="183" Y="180"/>
	<Point X="184" Y="180"/>
	<Point X="185" Y="180"/>
	<Point X="186" Y="180"/>
	<Point X="187" Y="180"/>
	<Point X="188" Y="180"/>
	<Point X="189" Y="180"/>
	<Point X="190" Y="180"/>
	<Point X="191" Y="180"/>
	<Point X="192" Y="180"/>
	<Point X="193" Y="180"/>
	<Point X="194" Y="180"/>
	<Point X="195" Y="180"/>
	<Point X="194" Y="180"/>
	<Point X="193" Y="180"/>
	<Point X="192" Y="180"/>
	<Point X="192" Y="181"/>
	<Point X="191" Y="181"/>
	<Point X="190" Y="181"/>
	<Point X="189" Y="181"/>
	<Point X="188" Y="181"/>
	<Point X="187" Y="181"/>
	<Point X="186" Y="181"/>
	<Point X="185" Y="181"/>
	<Point X="184" Y="181"/>
	<Point X="183" Y="181"/>
	<Point X="182" Y="181"/>
	<Point X="181" Y="181"/>
	<Point X="180" Y="181"/>
	<Point X="179" Y="181"/>
	<Point X="177" Y="181"/>
	<Point X="176" Y="181"/>
	<Point X="175" Y="182"/>
	<Point X="174" Y="182"/>
	<Point X="173" Y="182"/>
	<Point X="172" Y="182"/>
	<Point X="172" Y="183"/>
	<Point X="171" Y="183"/>
	<Point X="171" Y="184"/>
	<Point X="170" Y="184"/>
	<Point X="170" Y="185"/>
	<Point X="170" Y="186"/>
	<Point X="170" Y="187"/>
	<Point X="170" Y="188"/>
	<Point X="170" Y="189"/>
	<Point X="170" Y="190"/>
	<Point X="171" Y="191"/>
	<Point X="171" Y="192"/>
	<Point X="172" Y="193"/>
	<Point X="173" Y="193"/>
	<Point X="173" Y="194"/>
	<Point X="174" Y="194"/>
	<Point X="174" Y="195"/>
	<Point X="175" Y="195"/>
	<Point X="176" Y="196"/>
	<Point X="176" Y="197"/>
	<Point X="177" Y="197"/>
	<Point X="177" Y="198"/>
	<Point X="178" Y="198"/>
	<Point X="179" Y="198"/>
	<Point X="179" Y="199"/>
	<Point X="180" Y="200"/>
	<Point X="180" Y="201"/>
	<Point X="180" Y="202"/>
	<Point X="181" Y="202"/>
	<Point X="181" Y="203"/>
	<Point X="181" Y="204"/>
	<Point X="182" Y="204"/>
	<Point X="182" Y="205"/>
	<Point X="182" Y="206"/>
	<Point X="183" Y="206"/>
	<Point X="183" Y="207"/>
	<Point X="183" Y="208"/>
	<Point X="183" Y="209"/>
	<Point X="183" Y="210"/>
	<Point X="183" Y="211"/>
	<Point X="182" Y="211"/>
	<Point X="182" Y="212"/>
	<Point X="182" Y="213"/>
	<Point X="181" Y="213"/>
	<Point X="181" Y="214"/>
	<Point X="180" Y="214"/>
	<Point X="180" Y="215"/>
	<Point X="179" Y="216"/>
	<Point X="179" Y="217"/>
	<Point X="178" Y="217"/>
	<Point X="178" Y="218"/>
	<Point X="177" Y="218"/>
	<Point X="176" Y="219"/>
	<Point X="175" Y="219"/>
	<Point X="175" Y="220"/>
	<Point X="174" Y="220"/>
	<Point X="173" Y="220"/>
	<Point X="172" Y="220"/>
	<Point X="172" Y="221"/>
	<Point X="171" Y="221"/>
	<Point X="171" Y="222"/>
	<Point X="170" Y="222"/>
	<Point X="169" Y="222"/>
	<Point X="168" Y="222"/>
	<Point X="167" Y="222"/>
	<Point X="166" Y="222"/>
	<Point X="165" Y="222"/>
	<Point X="164" Y="223"/>
	<Point X="163" Y="223"/>
	<Point X="162" Y="223"/>
	<Point X="161" Y="223"/>
	<Point X="160" Y="223"/>
	<Point X="159" Y="223"/>
	<Point X="158" Y="223"/>
	<Point X="157" Y="224"/>
	<Point X="156" Y="224"/>
	<Point X="155" Y="224"/>
	<Point X="154" Y="224"/>
	<Point X="153" Y="224"/>
	<Point X="152" Y="224"/>
	<Point X="151" Y="224"/>
	<Point X="150" Y="224"/>
	<Point X="150" Y="223"/>
</Gesture>
