<?xml version="1.0" ?>
<Gesture Name="right_sq_bracket06" Subject="03" Number="06" NumPts="133">
	<Point X="137" Y="124"/>
	<Point X="138" Y="124"/>
	<Point X="139" Y="124"/>
	<Point X="140" Y="124"/>
	<Point X="141" Y="124"/>
	<Point X="142" Y="124"/>
	<Point X="143" Y="124"/>
	<Point X="144" Y="124"/>
	<Point X="145" Y="124"/>
	<Point X="146" Y="124"/>
	<Point X="147" Y="124"/>
	<Point X="148" Y="124"/>
	<Point X="149" Y="124"/>
	<Point X="150" Y="124"/>
	<Point X="152" Y="124"/>
	<Point X="153" Y="124"/>
	<Point X="155" Y="124"/>
	<Point X="156" Y="124"/>
	<Point X="158" Y="124"/>
	<Point X="159" Y="124"/>
	<Point X="163" Y="124"/>
	<Point X="165" Y="124"/>
	<Point X="167" Y="124"/>
	<Point X="168" Y="124"/>
	<Point X="170" Y="124"/>
	<Point X="171" Y="124"/>
	<Point X="172" Y="124"/>
	<Point X="173" Y="124"/>
	<Point X="174" Y="124"/>
	<Point X="175" Y="124"/>
	<Point X="176" Y="124"/>
	<Point X="177" Y="124"/>
	<Point X="178" Y="124"/>
	<Point X="179" Y="124"/>
	<Point X="180" Y="124"/>
	<Point X="181" Y="125"/>
	<Point X="181" Y="126"/>
	<Point X="182" Y="127"/>
	<Point X="182" Y="128"/>
	<Point X="182" Y="129"/>
	<Point X="183" Y="129"/>
	<Point X="183" Y="131"/>
	<Point X="183" Y="132"/>
	<Point X="184" Y="133"/>
	<Point X="184" Y="135"/>
	<Point X="184" Y="136"/>
	<Point X="185" Y="139"/>
	<Point X="185" Y="140"/>
	<Point X="186" Y="142"/>
	<Point X="187" Y="144"/>
	<Point X="187" Y="146"/>
	<Point X="188" Y="148"/>
	<Point X="188" Y="151"/>
	<Point X="189" Y="153"/>
	<Point X="190" Y="155"/>
	<Point X="190" Y="156"/>
	<Point X="190" Y="159"/>
	<Point X="191" Y="161"/>
	<Point X="191" Y="163"/>
	<Point X="192" Y="166"/>
	<Point X="192" Y="168"/>
	<Point X="193" Y="172"/>
	<Point X="193" Y="174"/>
	<Point X="194" Y="176"/>
	<Point X="194" Y="179"/>
	<Point X="194" Y="181"/>
	<Point X="195" Y="182"/>
	<Point X="196" Y="184"/>
	<Point X="196" Y="187"/>
	<Point X="196" Y="188"/>
	<Point X="197" Y="190"/>
	<Point X="197" Y="192"/>
	<Point X="197" Y="194"/>
	<Point X="198" Y="195"/>
	<Point X="198" Y="198"/>
	<Point X="198" Y="199"/>
	<Point X="198" Y="201"/>
	<Point X="199" Y="202"/>
	<Point X="199" Y="203"/>
	<Point X="200" Y="205"/>
	<Point X="200" Y="206"/>
	<Point X="200" Y="208"/>
	<Point X="200" Y="210"/>
	<Point X="201" Y="211"/>
	<Point X="201" Y="212"/>
	<Point X="201" Y="214"/>
	<Point X="201" Y="215"/>
	<Point X="201" Y="216"/>
	<Point X="201" Y="217"/>
	<Point X="202" Y="218"/>
	<Point X="202" Y="219"/>
	<Point X="202" Y="220"/>
	<Point X="202" Y="221"/>
	<Point X="202" Y="222"/>
	<Point X="202" Y="223"/>
	<Point X="202" Y="224"/>
	<Point X="201" Y="224"/>
	<Point X="200" Y="224"/>
	<Point X="199" Y="224"/>
	<Point X="198" Y="224"/>
	<Point X="197" Y="224"/>
	<Point X="196" Y="224"/>
	<Point X="195" Y="224"/>
	<Point X="193" Y="224"/>
	<Point X="192" Y="224"/>
	<Point X="190" Y="224"/>
	<Point X="188" Y="224"/>
	<Point X="186" Y="224"/>
	<Point X="185" Y="224"/>
	<Point X="183" Y="224"/>
	<Point X="181" Y="224"/>
	<Point X="178" Y="225"/>
	<Point X="176" Y="225"/>
	<Point X="174" Y="225"/>
	<Point X="172" Y="225"/>
	<Point X="171" Y="225"/>
	<Point X="170" Y="225"/>
	<Point X="168" Y="226"/>
	<Point X="166" Y="226"/>
	<Point X="164" Y="226"/>
	<Point X="162" Y="226"/>
	<Point X="160" Y="226"/>
	<Point X="159" Y="226"/>
	<Point X="158" Y="226"/>
	<Point X="157" Y="226"/>
	<Point X="155" Y="226"/>
	<Point X="154" Y="226"/>
	<Point X="152" Y="226"/>
	<Point X="151" Y="226"/>
	<Point X="150" Y="226"/>
	<Point X="149" Y="226"/>
	<Point X="148" Y="226"/>
	<Point X="147" Y="226"/>
</Gesture>
