<?xml version="1.0" ?>
<Gesture Name="right_sq_bracket03" Subject="03" Number="03" NumPts="135">
	<Point X="149" Y="132"/>
	<Point X="150" Y="132"/>
	<Point X="151" Y="132"/>
	<Point X="152" Y="132"/>
	<Point X="153" Y="132"/>
	<Point X="154" Y="132"/>
	<Point X="155" Y="132"/>
	<Point X="156" Y="132"/>
	<Point X="157" Y="132"/>
	<Point X="158" Y="131"/>
	<Point X="159" Y="131"/>
	<Point X="160" Y="131"/>
	<Point X="161" Y="131"/>
	<Point X="162" Y="131"/>
	<Point X="163" Y="131"/>
	<Point X="164" Y="130"/>
	<Point X="165" Y="130"/>
	<Point X="167" Y="130"/>
	<Point X="168" Y="130"/>
	<Point X="169" Y="129"/>
	<Point X="171" Y="129"/>
	<Point X="172" Y="128"/>
	<Point X="173" Y="128"/>
	<Point X="175" Y="128"/>
	<Point X="176" Y="128"/>
	<Point X="178" Y="127"/>
	<Point X="179" Y="127"/>
	<Point X="180" Y="127"/>
	<Point X="180" Y="126"/>
	<Point X="181" Y="126"/>
	<Point X="182" Y="126"/>
	<Point X="183" Y="127"/>
	<Point X="184" Y="128"/>
	<Point X="184" Y="129"/>
	<Point X="184" Y="130"/>
	<Point X="184" Y="131"/>
	<Point X="185" Y="131"/>
	<Point X="185" Y="132"/>
	<Point X="185" Y="134"/>
	<Point X="186" Y="135"/>
	<Point X="187" Y="138"/>
	<Point X="187" Y="139"/>
	<Point X="188" Y="141"/>
	<Point X="188" Y="142"/>
	<Point X="189" Y="145"/>
	<Point X="189" Y="146"/>
	<Point X="190" Y="149"/>
	<Point X="190" Y="151"/>
	<Point X="192" Y="152"/>
	<Point X="192" Y="156"/>
	<Point X="193" Y="157"/>
	<Point X="194" Y="160"/>
	<Point X="195" Y="162"/>
	<Point X="196" Y="165"/>
	<Point X="197" Y="167"/>
	<Point X="197" Y="170"/>
	<Point X="199" Y="174"/>
	<Point X="199" Y="175"/>
	<Point X="200" Y="178"/>
	<Point X="201" Y="180"/>
	<Point X="202" Y="182"/>
	<Point X="202" Y="183"/>
	<Point X="203" Y="187"/>
	<Point X="204" Y="189"/>
	<Point X="205" Y="191"/>
	<Point X="205" Y="193"/>
	<Point X="205" Y="194"/>
	<Point X="206" Y="196"/>
	<Point X="206" Y="198"/>
	<Point X="207" Y="199"/>
	<Point X="208" Y="201"/>
	<Point X="208" Y="202"/>
	<Point X="208" Y="204"/>
	<Point X="209" Y="205"/>
	<Point X="209" Y="208"/>
	<Point X="209" Y="210"/>
	<Point X="209" Y="211"/>
	<Point X="210" Y="212"/>
	<Point X="210" Y="214"/>
	<Point X="211" Y="215"/>
	<Point X="211" Y="217"/>
	<Point X="211" Y="218"/>
	<Point X="211" Y="220"/>
	<Point X="211" Y="222"/>
	<Point X="212" Y="223"/>
	<Point X="212" Y="224"/>
	<Point X="212" Y="225"/>
	<Point X="212" Y="226"/>
	<Point X="212" Y="227"/>
	<Point X="212" Y="228"/>
	<Point X="212" Y="229"/>
	<Point X="212" Y="230"/>
	<Point X="212" Y="231"/>
	<Point X="212" Y="232"/>
	<Point X="212" Y="233"/>
	<Point X="212" Y="234"/>
	<Point X="211" Y="234"/>
	<Point X="210" Y="234"/>
	<Point X="209" Y="235"/>
	<Point X="208" Y="235"/>
	<Point X="207" Y="235"/>
	<Point X="205" Y="235"/>
	<Point X="203" Y="235"/>
	<Point X="201" Y="235"/>
	<Point X="198" Y="235"/>
	<Point X="197" Y="235"/>
	<Point X="196" Y="235"/>
	<Point X="193" Y="235"/>
	<Point X="191" Y="235"/>
	<Point X="188" Y="235"/>
	<Point X="187" Y="235"/>
	<Point X="183" Y="235"/>
	<Point X="180" Y="235"/>
	<Point X="178" Y="235"/>
	<Point X="175" Y="235"/>
	<Point X="172" Y="235"/>
	<Point X="169" Y="235"/>
	<Point X="168" Y="235"/>
	<Point X="165" Y="235"/>
	<Point X="163" Y="235"/>
	<Point X="161" Y="235"/>
	<Point X="160" Y="235"/>
	<Point X="159" Y="235"/>
	<Point X="157" Y="235"/>
	<Point X="156" Y="235"/>
	<Point X="155" Y="235"/>
	<Point X="154" Y="235"/>
	<Point X="152" Y="235"/>
	<Point X="151" Y="235"/>
	<Point X="150" Y="235"/>
	<Point X="149" Y="235"/>
	<Point X="148" Y="235"/>
	<Point X="147" Y="235"/>
	<Point X="146" Y="235"/>
	<Point X="147" Y="235"/>
</Gesture>
