<?xml version="1.0" ?>
<Gesture Name="right_curly_brace03" Subject="03" Number="03" NumPts="203">
	<Point X="131" Y="125"/>
	<Point X="132" Y="125"/>
	<Point X="133" Y="125"/>
	<Point X="134" Y="125"/>
	<Point X="135" Y="125"/>
	<Point X="136" Y="125"/>
	<Point X="137" Y="125"/>
	<Point X="138" Y="125"/>
	<Point X="139" Y="125"/>
	<Point X="140" Y="125"/>
	<Point X="141" Y="125"/>
	<Point X="142" Y="125"/>
	<Point X="142" Y="126"/>
	<Point X="143" Y="126"/>
	<Point X="144" Y="127"/>
	<Point X="145" Y="127"/>
	<Point X="146" Y="128"/>
	<Point X="147" Y="128"/>
	<Point X="147" Y="129"/>
	<Point X="148" Y="129"/>
	<Point X="148" Y="130"/>
	<Point X="148" Y="131"/>
	<Point X="149" Y="131"/>
	<Point X="149" Y="132"/>
	<Point X="150" Y="132"/>
	<Point X="150" Y="133"/>
	<Point X="150" Y="134"/>
	<Point X="150" Y="135"/>
	<Point X="151" Y="135"/>
	<Point X="151" Y="136"/>
	<Point X="151" Y="137"/>
	<Point X="151" Y="138"/>
	<Point X="151" Y="139"/>
	<Point X="151" Y="140"/>
	<Point X="151" Y="141"/>
	<Point X="151" Y="142"/>
	<Point X="151" Y="143"/>
	<Point X="151" Y="144"/>
	<Point X="151" Y="145"/>
	<Point X="151" Y="146"/>
	<Point X="151" Y="147"/>
	<Point X="151" Y="148"/>
	<Point X="150" Y="148"/>
	<Point X="150" Y="149"/>
	<Point X="150" Y="150"/>
	<Point X="150" Y="151"/>
	<Point X="150" Y="152"/>
	<Point X="149" Y="153"/>
	<Point X="149" Y="154"/>
	<Point X="149" Y="155"/>
	<Point X="148" Y="156"/>
	<Point X="148" Y="157"/>
	<Point X="148" Y="158"/>
	<Point X="148" Y="159"/>
	<Point X="148" Y="160"/>
	<Point X="148" Y="161"/>
	<Point X="148" Y="162"/>
	<Point X="149" Y="162"/>
	<Point X="150" Y="162"/>
	<Point X="151" Y="162"/>
	<Point X="151" Y="163"/>
	<Point X="152" Y="163"/>
	<Point X="153" Y="163"/>
	<Point X="154" Y="164"/>
	<Point X="155" Y="164"/>
	<Point X="156" Y="164"/>
	<Point X="157" Y="164"/>
	<Point X="158" Y="164"/>
	<Point X="159" Y="164"/>
	<Point X="160" Y="164"/>
	<Point X="161" Y="164"/>
	<Point X="162" Y="164"/>
	<Point X="163" Y="164"/>
	<Point X="164" Y="164"/>
	<Point X="166" Y="165"/>
	<Point X="167" Y="165"/>
	<Point X="168" Y="165"/>
	<Point X="169" Y="165"/>
	<Point X="170" Y="165"/>
	<Point X="171" Y="165"/>
	<Point X="172" Y="165"/>
	<Point X="173" Y="165"/>
	<Point X="174" Y="165"/>
	<Point X="175" Y="166"/>
	<Point X="176" Y="166"/>
	<Point X="177" Y="166"/>
	<Point X="178" Y="166"/>
	<Point X="179" Y="166"/>
	<Point X="180" Y="166"/>
	<Point X="180" Y="167"/>
	<Point X="181" Y="167"/>
	<Point X="181" Y="168"/>
	<Point X="182" Y="168"/>
	<Point X="183" Y="168"/>
	<Point X="184" Y="168"/>
	<Point X="185" Y="168"/>
	<Point X="185" Y="169"/>
	<Point X="186" Y="169"/>
	<Point X="187" Y="169"/>
	<Point X="186" Y="169"/>
	<Point X="185" Y="169"/>
	<Point X="184" Y="169"/>
	<Point X="183" Y="169"/>
	<Point X="182" Y="169"/>
	<Point X="181" Y="169"/>
	<Point X="180" Y="169"/>
	<Point X="179" Y="169"/>
	<Point X="178" Y="168"/>
	<Point X="177" Y="168"/>
	<Point X="176" Y="168"/>
	<Point X="175" Y="168"/>
	<Point X="174" Y="168"/>
	<Point X="172" Y="168"/>
	<Point X="171" Y="168"/>
	<Point X="170" Y="168"/>
	<Point X="169" Y="168"/>
	<Point X="168" Y="168"/>
	<Point X="167" Y="168"/>
	<Point X="166" Y="168"/>
	<Point X="165" Y="168"/>
	<Point X="164" Y="168"/>
	<Point X="163" Y="168"/>
	<Point X="162" Y="168"/>
	<Point X="161" Y="168"/>
	<Point X="160" Y="169"/>
	<Point X="159" Y="169"/>
	<Point X="159" Y="170"/>
	<Point X="158" Y="170"/>
	<Point X="158" Y="171"/>
	<Point X="158" Y="172"/>
	<Point X="158" Y="173"/>
	<Point X="158" Y="174"/>
	<Point X="158" Y="175"/>
	<Point X="158" Y="176"/>
	<Point X="158" Y="177"/>
	<Point X="159" Y="177"/>
	<Point X="159" Y="178"/>
	<Point X="159" Y="179"/>
	<Point X="160" Y="180"/>
	<Point X="160" Y="181"/>
	<Point X="161" Y="181"/>
	<Point X="161" Y="182"/>
	<Point X="162" Y="182"/>
	<Point X="162" Y="183"/>
	<Point X="163" Y="184"/>
	<Point X="163" Y="185"/>
	<Point X="164" Y="185"/>
	<Point X="164" Y="186"/>
	<Point X="165" Y="186"/>
	<Point X="166" Y="187"/>
	<Point X="166" Y="188"/>
	<Point X="167" Y="189"/>
	<Point X="168" Y="190"/>
	<Point X="168" Y="191"/>
	<Point X="169" Y="191"/>
	<Point X="169" Y="192"/>
	<Point X="170" Y="193"/>
	<Point X="171" Y="194"/>
	<Point X="171" Y="195"/>
	<Point X="172" Y="195"/>
	<Point X="172" Y="196"/>
	<Point X="172" Y="197"/>
	<Point X="172" Y="198"/>
	<Point X="173" Y="198"/>
	<Point X="173" Y="199"/>
	<Point X="174" Y="199"/>
	<Point X="174" Y="200"/>
	<Point X="174" Y="201"/>
	<Point X="174" Y="202"/>
	<Point X="174" Y="203"/>
	<Point X="174" Y="204"/>
	<Point X="174" Y="205"/>
	<Point X="174" Y="206"/>
	<Point X="173" Y="207"/>
	<Point X="172" Y="207"/>
	<Point X="172" Y="208"/>
	<Point X="172" Y="209"/>
	<Point X="171" Y="209"/>
	<Point X="170" Y="210"/>
	<Point X="169" Y="210"/>
	<Point X="168" Y="211"/>
	<Point X="167" Y="211"/>
	<Point X="166" Y="212"/>
	<Point X="165" Y="212"/>
	<Point X="164" Y="213"/>
	<Point X="163" Y="213"/>
	<Point X="162" Y="213"/>
	<Point X="162" Y="214"/>
	<Point X="161" Y="214"/>
	<Point X="160" Y="214"/>
	<Point X="159" Y="214"/>
	<Point X="158" Y="214"/>
	<Point X="157" Y="214"/>
	<Point X="156" Y="214"/>
	<Point X="155" Y="215"/>
	<Point X="154" Y="215"/>
	<Point X="153" Y="215"/>
	<Point X="152" Y="215"/>
	<Point X="151" Y="215"/>
	<Point X="150" Y="215"/>
	<Point X="149" Y="215"/>
	<Point X="148" Y="215"/>
	<Point X="147" Y="215"/>
</Gesture>
