<?xml version="1.0" ?>
<Gesture Name="right_sq_bracket05" Subject="03" Number="05" NumPts="144">
	<Point X="143" Y="119"/>
	<Point X="144" Y="119"/>
	<Point X="145" Y="119"/>
	<Point X="146" Y="119"/>
	<Point X="147" Y="119"/>
	<Point X="148" Y="119"/>
	<Point X="149" Y="119"/>
	<Point X="150" Y="119"/>
	<Point X="151" Y="119"/>
	<Point X="153" Y="119"/>
	<Point X="154" Y="119"/>
	<Point X="155" Y="119"/>
	<Point X="156" Y="119"/>
	<Point X="158" Y="119"/>
	<Point X="159" Y="120"/>
	<Point X="161" Y="120"/>
	<Point X="163" Y="120"/>
	<Point X="164" Y="120"/>
	<Point X="166" Y="120"/>
	<Point X="168" Y="121"/>
	<Point X="170" Y="121"/>
	<Point X="172" Y="122"/>
	<Point X="175" Y="122"/>
	<Point X="177" Y="122"/>
	<Point X="179" Y="122"/>
	<Point X="180" Y="123"/>
	<Point X="182" Y="123"/>
	<Point X="184" Y="123"/>
	<Point X="186" Y="123"/>
	<Point X="187" Y="123"/>
	<Point X="188" Y="124"/>
	<Point X="189" Y="124"/>
	<Point X="190" Y="124"/>
	<Point X="191" Y="125"/>
	<Point X="192" Y="125"/>
	<Point X="193" Y="125"/>
	<Point X="194" Y="125"/>
	<Point X="194" Y="126"/>
	<Point X="194" Y="127"/>
	<Point X="194" Y="128"/>
	<Point X="195" Y="129"/>
	<Point X="195" Y="130"/>
	<Point X="195" Y="131"/>
	<Point X="195" Y="132"/>
	<Point X="195" Y="133"/>
	<Point X="195" Y="134"/>
	<Point X="195" Y="135"/>
	<Point X="196" Y="135"/>
	<Point X="196" Y="136"/>
	<Point X="196" Y="138"/>
	<Point X="197" Y="139"/>
	<Point X="197" Y="140"/>
	<Point X="197" Y="142"/>
	<Point X="198" Y="145"/>
	<Point X="198" Y="146"/>
	<Point X="198" Y="147"/>
	<Point X="198" Y="149"/>
	<Point X="199" Y="151"/>
	<Point X="199" Y="152"/>
	<Point X="199" Y="155"/>
	<Point X="200" Y="159"/>
	<Point X="200" Y="160"/>
	<Point X="201" Y="162"/>
	<Point X="201" Y="164"/>
	<Point X="201" Y="166"/>
	<Point X="201" Y="168"/>
	<Point X="201" Y="172"/>
	<Point X="202" Y="174"/>
	<Point X="202" Y="175"/>
	<Point X="202" Y="178"/>
	<Point X="202" Y="179"/>
	<Point X="202" Y="181"/>
	<Point X="202" Y="184"/>
	<Point X="203" Y="185"/>
	<Point X="203" Y="187"/>
	<Point X="203" Y="188"/>
	<Point X="203" Y="190"/>
	<Point X="203" Y="191"/>
	<Point X="203" Y="192"/>
	<Point X="203" Y="194"/>
	<Point X="203" Y="196"/>
	<Point X="204" Y="197"/>
	<Point X="204" Y="200"/>
	<Point X="204" Y="201"/>
	<Point X="204" Y="202"/>
	<Point X="204" Y="204"/>
	<Point X="204" Y="206"/>
	<Point X="204" Y="207"/>
	<Point X="204" Y="208"/>
	<Point X="204" Y="209"/>
	<Point X="204" Y="210"/>
	<Point X="204" Y="211"/>
	<Point X="204" Y="212"/>
	<Point X="204" Y="213"/>
	<Point X="204" Y="214"/>
	<Point X="204" Y="215"/>
	<Point X="204" Y="216"/>
	<Point X="204" Y="217"/>
	<Point X="204" Y="218"/>
	<Point X="204" Y="219"/>
	<Point X="204" Y="220"/>
	<Point X="203" Y="220"/>
	<Point X="202" Y="220"/>
	<Point X="202" Y="221"/>
	<Point X="201" Y="221"/>
	<Point X="200" Y="221"/>
	<Point X="199" Y="221"/>
	<Point X="198" Y="221"/>
	<Point X="197" Y="221"/>
	<Point X="196" Y="222"/>
	<Point X="194" Y="222"/>
	<Point X="192" Y="222"/>
	<Point X="190" Y="222"/>
	<Point X="189" Y="222"/>
	<Point X="188" Y="222"/>
	<Point X="184" Y="222"/>
	<Point X="181" Y="222"/>
	<Point X="178" Y="222"/>
	<Point X="177" Y="222"/>
	<Point X="174" Y="222"/>
	<Point X="172" Y="222"/>
	<Point X="170" Y="222"/>
	<Point X="168" Y="222"/>
	<Point X="164" Y="222"/>
	<Point X="162" Y="222"/>
	<Point X="161" Y="222"/>
	<Point X="159" Y="222"/>
	<Point X="156" Y="222"/>
	<Point X="153" Y="222"/>
	<Point X="151" Y="222"/>
	<Point X="150" Y="222"/>
	<Point X="148" Y="222"/>
	<Point X="147" Y="222"/>
	<Point X="145" Y="222"/>
	<Point X="144" Y="223"/>
	<Point X="143" Y="223"/>
	<Point X="142" Y="223"/>
	<Point X="141" Y="223"/>
	<Point X="140" Y="223"/>
	<Point X="139" Y="223"/>
	<Point X="138" Y="223"/>
	<Point X="139" Y="223"/>
	<Point X="140" Y="223"/>
	<Point X="141" Y="223"/>
</Gesture>
