<?xml version="1.0" ?>
<Gesture Name="right_sq_bracket09" Subject="03" Number="09" NumPts="153">
	<Point X="142" Y="142"/>
	<Point X="143" Y="142"/>
	<Point X="144" Y="142"/>
	<Point X="145" Y="142"/>
	<Point X="146" Y="142"/>
	<Point X="146" Y="143"/>
	<Point X="147" Y="143"/>
	<Point X="148" Y="143"/>
	<Point X="149" Y="143"/>
	<Point X="150" Y="143"/>
	<Point X="151" Y="143"/>
	<Point X="152" Y="143"/>
	<Point X="154" Y="143"/>
	<Point X="155" Y="144"/>
	<Point X="157" Y="144"/>
	<Point X="158" Y="144"/>
	<Point X="159" Y="144"/>
	<Point X="161" Y="144"/>
	<Point X="162" Y="144"/>
	<Point X="164" Y="144"/>
	<Point X="166" Y="144"/>
	<Point X="168" Y="144"/>
	<Point X="169" Y="144"/>
	<Point X="170" Y="144"/>
	<Point X="172" Y="144"/>
	<Point X="175" Y="144"/>
	<Point X="176" Y="144"/>
	<Point X="178" Y="144"/>
	<Point X="180" Y="144"/>
	<Point X="181" Y="144"/>
	<Point X="183" Y="144"/>
	<Point X="185" Y="143"/>
	<Point X="186" Y="143"/>
	<Point X="187" Y="143"/>
	<Point X="188" Y="143"/>
	<Point X="189" Y="143"/>
	<Point X="190" Y="143"/>
	<Point X="191" Y="143"/>
	<Point X="192" Y="143"/>
	<Point X="193" Y="143"/>
	<Point X="194" Y="143"/>
	<Point X="194" Y="144"/>
	<Point X="194" Y="145"/>
	<Point X="194" Y="146"/>
	<Point X="194" Y="147"/>
	<Point X="194" Y="148"/>
	<Point X="195" Y="149"/>
	<Point X="195" Y="150"/>
	<Point X="195" Y="151"/>
	<Point X="195" Y="153"/>
	<Point X="196" Y="156"/>
	<Point X="196" Y="157"/>
	<Point X="197" Y="159"/>
	<Point X="197" Y="160"/>
	<Point X="197" Y="162"/>
	<Point X="198" Y="164"/>
	<Point X="199" Y="166"/>
	<Point X="199" Y="168"/>
	<Point X="199" Y="171"/>
	<Point X="199" Y="172"/>
	<Point X="200" Y="174"/>
	<Point X="200" Y="176"/>
	<Point X="200" Y="179"/>
	<Point X="201" Y="181"/>
	<Point X="202" Y="183"/>
	<Point X="202" Y="184"/>
	<Point X="202" Y="186"/>
	<Point X="202" Y="188"/>
	<Point X="203" Y="190"/>
	<Point X="203" Y="191"/>
	<Point X="204" Y="193"/>
	<Point X="204" Y="195"/>
	<Point X="204" Y="197"/>
	<Point X="204" Y="199"/>
	<Point X="205" Y="200"/>
	<Point X="205" Y="202"/>
	<Point X="205" Y="203"/>
	<Point X="205" Y="204"/>
	<Point X="206" Y="206"/>
	<Point X="206" Y="207"/>
	<Point X="206" Y="208"/>
	<Point X="206" Y="210"/>
	<Point X="206" Y="211"/>
	<Point X="207" Y="213"/>
	<Point X="207" Y="214"/>
	<Point X="208" Y="215"/>
	<Point X="208" Y="217"/>
	<Point X="208" Y="218"/>
	<Point X="208" Y="219"/>
	<Point X="209" Y="220"/>
	<Point X="209" Y="221"/>
	<Point X="209" Y="223"/>
	<Point X="209" Y="224"/>
	<Point X="210" Y="225"/>
	<Point X="211" Y="227"/>
	<Point X="211" Y="228"/>
	<Point X="211" Y="229"/>
	<Point X="211" Y="230"/>
	<Point X="211" Y="231"/>
	<Point X="211" Y="232"/>
	<Point X="212" Y="233"/>
	<Point X="212" Y="234"/>
	<Point X="212" Y="235"/>
	<Point X="212" Y="236"/>
	<Point X="212" Y="237"/>
	<Point X="212" Y="238"/>
	<Point X="212" Y="239"/>
	<Point X="211" Y="239"/>
	<Point X="211" Y="240"/>
	<Point X="210" Y="240"/>
	<Point X="209" Y="240"/>
	<Point X="208" Y="240"/>
	<Point X="208" Y="241"/>
	<Point X="207" Y="241"/>
	<Point X="205" Y="241"/>
	<Point X="204" Y="241"/>
	<Point X="203" Y="241"/>
	<Point X="202" Y="241"/>
	<Point X="201" Y="241"/>
	<Point X="200" Y="241"/>
	<Point X="198" Y="241"/>
	<Point X="197" Y="241"/>
	<Point X="195" Y="241"/>
	<Point X="193" Y="241"/>
	<Point X="191" Y="241"/>
	<Point X="190" Y="241"/>
	<Point X="188" Y="241"/>
	<Point X="186" Y="241"/>
	<Point X="184" Y="241"/>
	<Point X="182" Y="240"/>
	<Point X="180" Y="240"/>
	<Point X="177" Y="240"/>
	<Point X="176" Y="240"/>
	<Point X="174" Y="239"/>
	<Point X="172" Y="239"/>
	<Point X="170" Y="239"/>
	<Point X="168" Y="239"/>
	<Point X="167" Y="239"/>
	<Point X="165" Y="239"/>
	<Point X="164" Y="239"/>
	<Point X="162" Y="239"/>
	<Point X="161" Y="239"/>
	<Point X="160" Y="239"/>
	<Point X="158" Y="239"/>
	<Point X="157" Y="239"/>
	<Point X="156" Y="239"/>
	<Point X="155" Y="239"/>
	<Point X="154" Y="239"/>
	<Point X="153" Y="239"/>
	<Point X="153" Y="238"/>
	<Point X="152" Y="238"/>
	<Point X="151" Y="238"/>
	<Point X="150" Y="238"/>
</Gesture>
