<?xml version="1.0" ?>
<Gesture Name="right_sq_bracket01" Subject="03" Number="01" NumPts="188">
	<Point X="155" Y="129"/>
	<Point X="156" Y="129"/>
	<Point X="157" Y="129"/>
	<Point X="158" Y="129"/>
	<Point X="159" Y="129"/>
	<Point X="160" Y="129"/>
	<Point X="161" Y="129"/>
	<Point X="162" Y="129"/>
	<Point X="163" Y="129"/>
	<Point X="164" Y="129"/>
	<Point X="165" Y="129"/>
	<Point X="166" Y="129"/>
	<Point X="166" Y="130"/>
	<Point X="167" Y="130"/>
	<Point X="168" Y="130"/>
	<Point X="170" Y="130"/>
	<Point X="172" Y="131"/>
	<Point X="174" Y="131"/>
	<Point X="175" Y="131"/>
	<Point X="176" Y="131"/>
	<Point X="177" Y="131"/>
	<Point X="179" Y="131"/>
	<Point X="181" Y="131"/>
	<Point X="183" Y="131"/>
	<Point X="184" Y="131"/>
	<Point X="185" Y="132"/>
	<Point X="186" Y="132"/>
	<Point X="188" Y="132"/>
	<Point X="189" Y="132"/>
	<Point X="191" Y="132"/>
	<Point X="192" Y="132"/>
	<Point X="193" Y="132"/>
	<Point X="195" Y="132"/>
	<Point X="196" Y="132"/>
	<Point X="197" Y="132"/>
	<Point X="199" Y="132"/>
	<Point X="200" Y="132"/>
	<Point X="201" Y="133"/>
	<Point X="202" Y="133"/>
	<Point X="203" Y="133"/>
	<Point X="204" Y="133"/>
	<Point X="205" Y="133"/>
	<Point X="206" Y="134"/>
	<Point X="207" Y="134"/>
	<Point X="208" Y="134"/>
	<Point X="209" Y="134"/>
	<Point X="210" Y="134"/>
	<Point X="211" Y="134"/>
	<Point X="212" Y="135"/>
	<Point X="212" Y="136"/>
	<Point X="213" Y="136"/>
	<Point X="213" Y="137"/>
	<Point X="213" Y="138"/>
	<Point X="214" Y="139"/>
	<Point X="214" Y="140"/>
	<Point X="214" Y="141"/>
	<Point X="214" Y="142"/>
	<Point X="215" Y="143"/>
	<Point X="215" Y="144"/>
	<Point X="216" Y="145"/>
	<Point X="216" Y="146"/>
	<Point X="216" Y="147"/>
	<Point X="216" Y="148"/>
	<Point X="217" Y="150"/>
	<Point X="217" Y="151"/>
	<Point X="217" Y="153"/>
	<Point X="218" Y="154"/>
	<Point X="218" Y="156"/>
	<Point X="218" Y="157"/>
	<Point X="219" Y="158"/>
	<Point X="219" Y="159"/>
	<Point X="220" Y="161"/>
	<Point X="220" Y="163"/>
	<Point X="220" Y="164"/>
	<Point X="221" Y="167"/>
	<Point X="221" Y="168"/>
	<Point X="221" Y="169"/>
	<Point X="221" Y="171"/>
	<Point X="221" Y="173"/>
	<Point X="222" Y="175"/>
	<Point X="222" Y="176"/>
	<Point X="222" Y="178"/>
	<Point X="222" Y="179"/>
	<Point X="222" Y="181"/>
	<Point X="222" Y="182"/>
	<Point X="222" Y="185"/>
	<Point X="223" Y="186"/>
	<Point X="223" Y="187"/>
	<Point X="223" Y="189"/>
	<Point X="224" Y="190"/>
	<Point X="224" Y="192"/>
	<Point X="224" Y="193"/>
	<Point X="224" Y="196"/>
	<Point X="224" Y="197"/>
	<Point X="224" Y="199"/>
	<Point X="224" Y="200"/>
	<Point X="224" Y="202"/>
	<Point X="224" Y="203"/>
	<Point X="224" Y="205"/>
	<Point X="225" Y="207"/>
	<Point X="225" Y="210"/>
	<Point X="225" Y="211"/>
	<Point X="225" Y="213"/>
	<Point X="225" Y="214"/>
	<Point X="225" Y="215"/>
	<Point X="225" Y="217"/>
	<Point X="225" Y="218"/>
	<Point X="225" Y="219"/>
	<Point X="225" Y="220"/>
	<Point X="225" Y="221"/>
	<Point X="225" Y="222"/>
	<Point X="225" Y="223"/>
	<Point X="225" Y="224"/>
	<Point X="225" Y="225"/>
	<Point X="225" Y="226"/>
	<Point X="225" Y="227"/>
	<Point X="225" Y="228"/>
	<Point X="224" Y="228"/>
	<Point X="223" Y="228"/>
	<Point X="223" Y="229"/>
	<Point X="222" Y="229"/>
	<Point X="221" Y="229"/>
	<Point X="220" Y="230"/>
	<Point X="219" Y="230"/>
	<Point X="218" Y="230"/>
	<Point X="217" Y="231"/>
	<Point X="216" Y="231"/>
	<Point X="215" Y="231"/>
	<Point X="215" Y="232"/>
	<Point X="214" Y="232"/>
	<Point X="213" Y="232"/>
	<Point X="212" Y="233"/>
	<Point X="211" Y="233"/>
	<Point X="209" Y="233"/>
	<Point X="208" Y="233"/>
	<Point X="207" Y="234"/>
	<Point X="206" Y="234"/>
	<Point X="204" Y="234"/>
	<Point X="203" Y="234"/>
	<Point X="202" Y="234"/>
	<Point X="201" Y="234"/>
	<Point X="199" Y="235"/>
	<Point X="198" Y="235"/>
	<Point X="196" Y="235"/>
	<Point X="195" Y="235"/>
	<Point X="194" Y="235"/>
	<Point X="192" Y="235"/>
	<Point X="190" Y="235"/>
	<Point X="188" Y="235"/>
	<Point X="186" Y="235"/>
	<Point X="185" Y="235"/>
	<Point X="184" Y="235"/>
	<Point X="182" Y="235"/>
	<Point X="180" Y="235"/>
	<Point X="177" Y="235"/>
	<Point X="175" Y="234"/>
	<Point X="173" Y="234"/>
	<Point X="171" Y="234"/>
	<Point X="169" Y="234"/>
	<Point X="167" Y="233"/>
	<Point X="165" Y="233"/>
	<Point X="162" Y="232"/>
	<Point X="160" Y="232"/>
	<Point X="159" Y="232"/>
	<Point X="157" Y="231"/>
	<Point X="156" Y="231"/>
	<Point X="154" Y="230"/>
	<Point X="151" Y="230"/>
	<Point X="148" Y="229"/>
	<Point X="146" Y="229"/>
	<Point X="144" Y="229"/>
	<Point X="142" Y="229"/>
	<Point X="141" Y="228"/>
	<Point X="139" Y="228"/>
	<Point X="138" Y="228"/>
	<Point X="137" Y="228"/>
	<Point X="136" Y="228"/>
	<Point X="134" Y="228"/>
	<Point X="133" Y="228"/>
	<Point X="132" Y="228"/>
	<Point X="131" Y="228"/>
	<Point X="132" Y="228"/>
	<Point X="132" Y="227"/>
	<Point X="133" Y="227"/>
	<Point X="134" Y="227"/>
	<Point X="135" Y="227"/>
	<Point X="136" Y="227"/>
	<Point X="136" Y="226"/>
</Gesture>
