<?xml version="1.0" ?>
<Gesture Name="right_curly_brace07" Subject="03" Number="07" NumPts="225">
	<Point X="104" Y="123"/>
	<Point X="105" Y="123"/>
	<Point X="106" Y="123"/>
	<Point X="107" Y="123"/>
	<Point X="108" Y="123"/>
	<Point X="109" Y="123"/>
	<Point X="110" Y="123"/>
	<Point X="111" Y="123"/>
	<Point X="112" Y="123"/>
	<Point X="113" Y="123"/>
	<Point X="114" Y="123"/>
	<Point X="115" Y="124"/>
	<Point X="116" Y="124"/>
	<Point X="117" Y="124"/>
	<Point X="118" Y="124"/>
	<Point X="119" Y="124"/>
	<Point X="119" Y="125"/>
	<Point X="121" Y="125"/>
	<Point X="122" Y="125"/>
	<Point X="122" Y="126"/>
	<Point X="123" Y="126"/>
	<Point X="124" Y="127"/>
	<Point X="125" Y="127"/>
	<Point X="126" Y="127"/>
	<Point X="126" Y="128"/>
	<Point X="127" Y="128"/>
	<Point X="128" Y="128"/>
	<Point X="129" Y="129"/>
	<Point X="129" Y="130"/>
	<Point X="130" Y="130"/>
	<Point X="130" Y="131"/>
	<Point X="131" Y="131"/>
	<Point X="131" Y="132"/>
	<Point X="131" Y="133"/>
	<Point X="132" Y="133"/>
	<Point X="132" Y="134"/>
	<Point X="132" Y="135"/>
	<Point X="133" Y="135"/>
	<Point X="133" Y="136"/>
	<Point X="133" Y="137"/>
	<Point X="133" Y="138"/>
	<Point X="133" Y="139"/>
	<Point X="133" Y="140"/>
	<Point X="133" Y="141"/>
	<Point X="133" Y="142"/>
	<Point X="133" Y="143"/>
	<Point X="132" Y="144"/>
	<Point X="131" Y="145"/>
	<Point X="131" Y="146"/>
	<Point X="130" Y="147"/>
	<Point X="130" Y="148"/>
	<Point X="129" Y="148"/>
	<Point X="129" Y="149"/>
	<Point X="128" Y="149"/>
	<Point X="128" Y="150"/>
	<Point X="127" Y="151"/>
	<Point X="127" Y="152"/>
	<Point X="126" Y="153"/>
	<Point X="125" Y="154"/>
	<Point X="125" Y="155"/>
	<Point X="124" Y="155"/>
	<Point X="123" Y="156"/>
	<Point X="123" Y="157"/>
	<Point X="122" Y="158"/>
	<Point X="122" Y="159"/>
	<Point X="121" Y="160"/>
	<Point X="121" Y="161"/>
	<Point X="120" Y="162"/>
	<Point X="120" Y="163"/>
	<Point X="120" Y="164"/>
	<Point X="120" Y="165"/>
	<Point X="121" Y="165"/>
	<Point X="121" Y="166"/>
	<Point X="122" Y="166"/>
	<Point X="123" Y="166"/>
	<Point X="124" Y="166"/>
	<Point X="125" Y="166"/>
	<Point X="126" Y="166"/>
	<Point X="127" Y="167"/>
	<Point X="128" Y="167"/>
	<Point X="130" Y="167"/>
	<Point X="131" Y="167"/>
	<Point X="132" Y="168"/>
	<Point X="134" Y="168"/>
	<Point X="135" Y="168"/>
	<Point X="138" Y="168"/>
	<Point X="139" Y="168"/>
	<Point X="140" Y="168"/>
	<Point X="141" Y="168"/>
	<Point X="142" Y="168"/>
	<Point X="144" Y="169"/>
	<Point X="146" Y="169"/>
	<Point X="148" Y="169"/>
	<Point X="149" Y="169"/>
	<Point X="150" Y="169"/>
	<Point X="151" Y="169"/>
	<Point X="153" Y="169"/>
	<Point X="154" Y="169"/>
	<Point X="156" Y="169"/>
	<Point X="157" Y="169"/>
	<Point X="158" Y="169"/>
	<Point X="159" Y="169"/>
	<Point X="160" Y="169"/>
	<Point X="161" Y="169"/>
	<Point X="162" Y="169"/>
	<Point X="163" Y="169"/>
	<Point X="164" Y="169"/>
	<Point X="165" Y="169"/>
	<Point X="166" Y="169"/>
	<Point X="165" Y="169"/>
	<Point X="164" Y="169"/>
	<Point X="163" Y="169"/>
	<Point X="162" Y="169"/>
	<Point X="161" Y="169"/>
	<Point X="160" Y="169"/>
	<Point X="160" Y="170"/>
	<Point X="159" Y="170"/>
	<Point X="158" Y="170"/>
	<Point X="157" Y="170"/>
	<Point X="155" Y="170"/>
	<Point X="154" Y="170"/>
	<Point X="153" Y="170"/>
	<Point X="151" Y="170"/>
	<Point X="149" Y="170"/>
	<Point X="148" Y="170"/>
	<Point X="146" Y="170"/>
	<Point X="144" Y="170"/>
	<Point X="142" Y="170"/>
	<Point X="140" Y="170"/>
	<Point X="138" Y="170"/>
	<Point X="137" Y="170"/>
	<Point X="135" Y="170"/>
	<Point X="134" Y="170"/>
	<Point X="133" Y="170"/>
	<Point X="131" Y="170"/>
	<Point X="130" Y="170"/>
	<Point X="129" Y="170"/>
	<Point X="128" Y="170"/>
	<Point X="127" Y="170"/>
	<Point X="127" Y="171"/>
	<Point X="126" Y="171"/>
	<Point X="125" Y="171"/>
	<Point X="125" Y="172"/>
	<Point X="125" Y="173"/>
	<Point X="125" Y="174"/>
	<Point X="126" Y="174"/>
	<Point X="126" Y="175"/>
	<Point X="127" Y="175"/>
	<Point X="127" Y="176"/>
	<Point X="128" Y="176"/>
	<Point X="129" Y="177"/>
	<Point X="130" Y="177"/>
	<Point X="131" Y="178"/>
	<Point X="132" Y="178"/>
	<Point X="133" Y="178"/>
	<Point X="133" Y="179"/>
	<Point X="135" Y="180"/>
	<Point X="136" Y="180"/>
	<Point X="137" Y="181"/>
	<Point X="138" Y="181"/>
	<Point X="139" Y="182"/>
	<Point X="140" Y="182"/>
	<Point X="141" Y="183"/>
	<Point X="142" Y="184"/>
	<Point X="143" Y="185"/>
	<Point X="144" Y="185"/>
	<Point X="144" Y="186"/>
	<Point X="145" Y="186"/>
	<Point X="145" Y="187"/>
	<Point X="146" Y="188"/>
	<Point X="146" Y="189"/>
	<Point X="146" Y="190"/>
	<Point X="146" Y="191"/>
	<Point X="147" Y="191"/>
	<Point X="147" Y="192"/>
	<Point X="147" Y="193"/>
	<Point X="147" Y="194"/>
	<Point X="147" Y="195"/>
	<Point X="147" Y="196"/>
	<Point X="147" Y="197"/>
	<Point X="147" Y="198"/>
	<Point X="147" Y="199"/>
	<Point X="147" Y="200"/>
	<Point X="147" Y="201"/>
	<Point X="147" Y="202"/>
	<Point X="147" Y="203"/>
	<Point X="147" Y="204"/>
	<Point X="147" Y="205"/>
	<Point X="146" Y="205"/>
	<Point X="146" Y="206"/>
	<Point X="145" Y="206"/>
	<Point X="145" Y="207"/>
	<Point X="144" Y="207"/>
	<Point X="144" Y="208"/>
	<Point X="143" Y="208"/>
	<Point X="143" Y="209"/>
	<Point X="142" Y="209"/>
	<Point X="142" Y="210"/>
	<Point X="141" Y="210"/>
	<Point X="140" Y="210"/>
	<Point X="139" Y="211"/>
	<Point X="138" Y="211"/>
	<Point X="137" Y="212"/>
	<Point X="137" Y="213"/>
	<Point X="135" Y="213"/>
	<Point X="134" Y="213"/>
	<Point X="133" Y="213"/>
	<Point X="133" Y="214"/>
	<Point X="132" Y="214"/>
	<Point X="131" Y="214"/>
	<Point X="130" Y="214"/>
	<Point X="129" Y="214"/>
	<Point X="129" Y="215"/>
	<Point X="127" Y="215"/>
	<Point X="126" Y="215"/>
	<Point X="125" Y="215"/>
	<Point X="125" Y="216"/>
	<Point X="124" Y="216"/>
	<Point X="123" Y="216"/>
	<Point X="122" Y="216"/>
	<Point X="122" Y="217"/>
	<Point X="121" Y="217"/>
	<Point X="120" Y="217"/>
	<Point X="120" Y="216"/>
	<Point X="120" Y="215"/>
</Gesture>
