<?xml version="1.0" ?>
<Gesture Name="star05" Subject="03" Number="05" NumPts="230">
	<Point X="159" Y="249"/>
	<Point X="158" Y="248"/>
	<Point X="158" Y="247"/>
	<Point X="158" Y="246"/>
	<Point X="158" Y="245"/>
	<Point X="157" Y="244"/>
	<Point X="157" Y="243"/>
	<Point X="157" Y="242"/>
	<Point X="156" Y="241"/>
	<Point X="156" Y="240"/>
	<Point X="156" Y="238"/>
	<Point X="156" Y="237"/>
	<Point X="155" Y="236"/>
	<Point X="155" Y="234"/>
	<Point X="155" Y="233"/>
	<Point X="155" Y="231"/>
	<Point X="155" Y="230"/>
	<Point X="154" Y="228"/>
	<Point X="154" Y="227"/>
	<Point X="154" Y="226"/>
	<Point X="153" Y="224"/>
	<Point X="153" Y="221"/>
	<Point X="153" Y="220"/>
	<Point X="153" Y="218"/>
	<Point X="153" Y="217"/>
	<Point X="152" Y="215"/>
	<Point X="152" Y="213"/>
	<Point X="152" Y="211"/>
	<Point X="152" Y="210"/>
	<Point X="152" Y="208"/>
	<Point X="152" Y="206"/>
	<Point X="151" Y="205"/>
	<Point X="151" Y="203"/>
	<Point X="151" Y="201"/>
	<Point X="151" Y="199"/>
	<Point X="151" Y="197"/>
	<Point X="151" Y="195"/>
	<Point X="151" Y="193"/>
	<Point X="150" Y="191"/>
	<Point X="150" Y="190"/>
	<Point X="150" Y="189"/>
	<Point X="150" Y="187"/>
	<Point X="150" Y="185"/>
	<Point X="150" Y="183"/>
	<Point X="149" Y="182"/>
	<Point X="149" Y="181"/>
	<Point X="149" Y="180"/>
	<Point X="149" Y="179"/>
	<Point X="149" Y="178"/>
	<Point X="149" Y="176"/>
	<Point X="149" Y="175"/>
	<Point X="149" Y="173"/>
	<Point X="149" Y="172"/>
	<Point X="149" Y="171"/>
	<Point X="149" Y="170"/>
	<Point X="149" Y="169"/>
	<Point X="149" Y="168"/>
	<Point X="150" Y="168"/>
	<Point X="151" Y="168"/>
	<Point X="151" Y="167"/>
	<Point X="152" Y="167"/>
	<Point X="153" Y="168"/>
	<Point X="154" Y="169"/>
	<Point X="155" Y="169"/>
	<Point X="155" Y="170"/>
	<Point X="156" Y="171"/>
	<Point X="157" Y="172"/>
	<Point X="160" Y="175"/>
	<Point X="161" Y="176"/>
	<Point X="163" Y="177"/>
	<Point X="164" Y="179"/>
	<Point X="166" Y="181"/>
	<Point X="167" Y="182"/>
	<Point X="169" Y="184"/>
	<Point X="171" Y="187"/>
	<Point X="173" Y="190"/>
	<Point X="175" Y="191"/>
	<Point X="178" Y="196"/>
	<Point X="180" Y="198"/>
	<Point X="182" Y="200"/>
	<Point X="185" Y="204"/>
	<Point X="189" Y="209"/>
	<Point X="191" Y="211"/>
	<Point X="193" Y="214"/>
	<Point X="197" Y="218"/>
	<Point X="199" Y="221"/>
	<Point X="201" Y="224"/>
	<Point X="203" Y="226"/>
	<Point X="207" Y="230"/>
	<Point X="208" Y="232"/>
	<Point X="210" Y="235"/>
	<Point X="212" Y="238"/>
	<Point X="214" Y="240"/>
	<Point X="216" Y="242"/>
	<Point X="218" Y="244"/>
	<Point X="219" Y="246"/>
	<Point X="220" Y="247"/>
	<Point X="222" Y="250"/>
	<Point X="223" Y="251"/>
	<Point X="224" Y="252"/>
	<Point X="225" Y="253"/>
	<Point X="226" Y="254"/>
	<Point X="227" Y="255"/>
	<Point X="228" Y="256"/>
	<Point X="228" Y="257"/>
	<Point X="229" Y="258"/>
	<Point X="228" Y="258"/>
	<Point X="227" Y="258"/>
	<Point X="226" Y="257"/>
	<Point X="225" Y="256"/>
	<Point X="224" Y="256"/>
	<Point X="223" Y="256"/>
	<Point X="221" Y="255"/>
	<Point X="219" Y="254"/>
	<Point X="216" Y="253"/>
	<Point X="215" Y="252"/>
	<Point X="212" Y="251"/>
	<Point X="209" Y="250"/>
	<Point X="208" Y="249"/>
	<Point X="204" Y="248"/>
	<Point X="201" Y="247"/>
	<Point X="199" Y="246"/>
	<Point X="196" Y="244"/>
	<Point X="192" Y="243"/>
	<Point X="189" Y="242"/>
	<Point X="187" Y="240"/>
	<Point X="182" Y="238"/>
	<Point X="181" Y="238"/>
	<Point X="176" Y="236"/>
	<Point X="173" Y="234"/>
	<Point X="171" Y="233"/>
	<Point X="167" Y="231"/>
	<Point X="163" Y="229"/>
	<Point X="159" Y="227"/>
	<Point X="157" Y="225"/>
	<Point X="152" Y="223"/>
	<Point X="147" Y="220"/>
	<Point X="141" Y="217"/>
	<Point X="137" Y="215"/>
	<Point X="133" Y="213"/>
	<Point X="131" Y="211"/>
	<Point X="129" Y="210"/>
	<Point X="127" Y="209"/>
	<Point X="126" Y="208"/>
	<Point X="124" Y="207"/>
	<Point X="123" Y="206"/>
	<Point X="122" Y="205"/>
	<Point X="120" Y="204"/>
	<Point X="119" Y="203"/>
	<Point X="119" Y="202"/>
	<Point X="119" Y="201"/>
	<Point X="119" Y="200"/>
	<Point X="120" Y="200"/>
	<Point X="121" Y="200"/>
	<Point X="122" Y="200"/>
	<Point X="123" Y="200"/>
	<Point X="124" Y="200"/>
	<Point X="126" Y="200"/>
	<Point X="128" Y="200"/>
	<Point X="130" Y="200"/>
	<Point X="131" Y="200"/>
	<Point X="134" Y="200"/>
	<Point X="136" Y="200"/>
	<Point X="138" Y="200"/>
	<Point X="142" Y="201"/>
	<Point X="146" Y="201"/>
	<Point X="148" Y="202"/>
	<Point X="151" Y="202"/>
	<Point X="156" Y="202"/>
	<Point X="161" Y="203"/>
	<Point X="165" Y="203"/>
	<Point X="170" Y="204"/>
	<Point X="173" Y="204"/>
	<Point X="177" Y="204"/>
	<Point X="180" Y="204"/>
	<Point X="183" Y="204"/>
	<Point X="189" Y="204"/>
	<Point X="191" Y="204"/>
	<Point X="196" Y="204"/>
	<Point X="198" Y="204"/>
	<Point X="202" Y="204"/>
	<Point X="205" Y="204"/>
	<Point X="207" Y="204"/>
	<Point X="209" Y="204"/>
	<Point X="211" Y="204"/>
	<Point X="212" Y="204"/>
	<Point X="214" Y="204"/>
	<Point X="215" Y="204"/>
	<Point X="216" Y="204"/>
	<Point X="217" Y="203"/>
	<Point X="218" Y="203"/>
	<Point X="218" Y="202"/>
	<Point X="217" Y="202"/>
	<Point X="216" Y="202"/>
	<Point X="215" Y="202"/>
	<Point X="214" Y="202"/>
	<Point X="213" Y="202"/>
	<Point X="213" Y="203"/>
	<Point X="211" Y="203"/>
	<Point X="210" Y="204"/>
	<Point X="208" Y="205"/>
	<Point X="207" Y="206"/>
	<Point X="205" Y="207"/>
	<Point X="203" Y="208"/>
	<Point X="202" Y="210"/>
	<Point X="199" Y="211"/>
	<Point X="198" Y="213"/>
	<Point X="195" Y="215"/>
	<Point X="194" Y="215"/>
	<Point X="192" Y="217"/>
	<Point X="189" Y="219"/>
	<Point X="188" Y="220"/>
	<Point X="187" Y="221"/>
	<Point X="184" Y="222"/>
	<Point X="183" Y="224"/>
	<Point X="181" Y="224"/>
	<Point X="180" Y="226"/>
	<Point X="179" Y="227"/>
	<Point X="177" Y="228"/>
	<Point X="176" Y="228"/>
	<Point X="176" Y="229"/>
	<Point X="174" Y="231"/>
	<Point X="173" Y="232"/>
	<Point X="172" Y="233"/>
	<Point X="171" Y="233"/>
	<Point X="171" Y="234"/>
	<Point X="170" Y="235"/>
	<Point X="170" Y="234"/>
	<Point X="171" Y="234"/>
	<Point X="171" Y="233"/>
</Gesture>
