<?xml version="1.0" ?>
<Gesture Name="star08" Subject="03" Number="08" NumPts="217">
	<Point X="158" Y="250"/>
	<Point X="158" Y="249"/>
	<Point X="159" Y="248"/>
	<Point X="159" Y="247"/>
	<Point X="160" Y="247"/>
	<Point X="160" Y="246"/>
	<Point X="161" Y="245"/>
	<Point X="161" Y="244"/>
	<Point X="162" Y="243"/>
	<Point X="162" Y="242"/>
	<Point X="163" Y="241"/>
	<Point X="163" Y="240"/>
	<Point X="164" Y="239"/>
	<Point X="165" Y="238"/>
	<Point X="166" Y="236"/>
	<Point X="167" Y="234"/>
	<Point X="167" Y="233"/>
	<Point X="168" Y="231"/>
	<Point X="168" Y="230"/>
	<Point X="169" Y="229"/>
	<Point X="170" Y="227"/>
	<Point X="171" Y="226"/>
	<Point X="172" Y="224"/>
	<Point X="173" Y="223"/>
	<Point X="173" Y="221"/>
	<Point X="174" Y="220"/>
	<Point X="175" Y="219"/>
	<Point X="175" Y="218"/>
	<Point X="176" Y="216"/>
	<Point X="177" Y="214"/>
	<Point X="178" Y="212"/>
	<Point X="178" Y="211"/>
	<Point X="178" Y="210"/>
	<Point X="179" Y="208"/>
	<Point X="179" Y="207"/>
	<Point X="180" Y="204"/>
	<Point X="180" Y="203"/>
	<Point X="180" Y="201"/>
	<Point X="180" Y="200"/>
	<Point X="181" Y="199"/>
	<Point X="181" Y="197"/>
	<Point X="181" Y="196"/>
	<Point X="182" Y="195"/>
	<Point X="182" Y="193"/>
	<Point X="182" Y="192"/>
	<Point X="182" Y="190"/>
	<Point X="182" Y="189"/>
	<Point X="182" Y="188"/>
	<Point X="182" Y="187"/>
	<Point X="182" Y="185"/>
	<Point X="182" Y="184"/>
	<Point X="182" Y="183"/>
	<Point X="183" Y="183"/>
	<Point X="183" Y="182"/>
	<Point X="183" Y="183"/>
	<Point X="183" Y="184"/>
	<Point X="183" Y="185"/>
	<Point X="184" Y="186"/>
	<Point X="184" Y="187"/>
	<Point X="184" Y="188"/>
	<Point X="185" Y="190"/>
	<Point X="186" Y="192"/>
	<Point X="187" Y="196"/>
	<Point X="189" Y="200"/>
	<Point X="191" Y="205"/>
	<Point X="193" Y="209"/>
	<Point X="194" Y="212"/>
	<Point X="195" Y="214"/>
	<Point X="197" Y="218"/>
	<Point X="199" Y="223"/>
	<Point X="201" Y="227"/>
	<Point X="202" Y="229"/>
	<Point X="204" Y="233"/>
	<Point X="205" Y="236"/>
	<Point X="207" Y="239"/>
	<Point X="208" Y="242"/>
	<Point X="209" Y="244"/>
	<Point X="212" Y="249"/>
	<Point X="212" Y="250"/>
	<Point X="214" Y="253"/>
	<Point X="215" Y="254"/>
	<Point X="217" Y="258"/>
	<Point X="218" Y="260"/>
	<Point X="220" Y="262"/>
	<Point X="221" Y="264"/>
	<Point X="222" Y="266"/>
	<Point X="223" Y="267"/>
	<Point X="224" Y="268"/>
	<Point X="224" Y="269"/>
	<Point X="225" Y="271"/>
	<Point X="226" Y="272"/>
	<Point X="227" Y="272"/>
	<Point X="227" Y="273"/>
	<Point X="228" Y="274"/>
	<Point X="228" Y="275"/>
	<Point X="229" Y="275"/>
	<Point X="228" Y="275"/>
	<Point X="227" Y="275"/>
	<Point X="227" Y="274"/>
	<Point X="226" Y="274"/>
	<Point X="225" Y="273"/>
	<Point X="224" Y="272"/>
	<Point X="221" Y="270"/>
	<Point X="219" Y="269"/>
	<Point X="216" Y="267"/>
	<Point X="214" Y="266"/>
	<Point X="213" Y="264"/>
	<Point X="210" Y="263"/>
	<Point X="208" Y="261"/>
	<Point X="205" Y="260"/>
	<Point X="203" Y="258"/>
	<Point X="200" Y="257"/>
	<Point X="198" Y="255"/>
	<Point X="196" Y="253"/>
	<Point X="193" Y="251"/>
	<Point X="191" Y="250"/>
	<Point X="188" Y="248"/>
	<Point X="185" Y="246"/>
	<Point X="182" Y="244"/>
	<Point X="179" Y="242"/>
	<Point X="177" Y="240"/>
	<Point X="174" Y="238"/>
	<Point X="171" Y="236"/>
	<Point X="169" Y="234"/>
	<Point X="166" Y="232"/>
	<Point X="163" Y="231"/>
	<Point X="160" Y="227"/>
	<Point X="157" Y="226"/>
	<Point X="156" Y="225"/>
	<Point X="155" Y="223"/>
	<Point X="153" Y="222"/>
	<Point X="152" Y="221"/>
	<Point X="151" Y="221"/>
	<Point X="151" Y="220"/>
	<Point X="150" Y="219"/>
	<Point X="149" Y="219"/>
	<Point X="149" Y="218"/>
	<Point X="148" Y="218"/>
	<Point X="148" Y="217"/>
	<Point X="148" Y="216"/>
	<Point X="149" Y="216"/>
	<Point X="150" Y="216"/>
	<Point X="151" Y="216"/>
	<Point X="152" Y="216"/>
	<Point X="153" Y="216"/>
	<Point X="155" Y="216"/>
	<Point X="156" Y="217"/>
	<Point X="157" Y="217"/>
	<Point X="160" Y="218"/>
	<Point X="163" Y="219"/>
	<Point X="166" Y="220"/>
	<Point X="167" Y="220"/>
	<Point X="170" Y="221"/>
	<Point X="174" Y="222"/>
	<Point X="177" Y="223"/>
	<Point X="181" Y="223"/>
	<Point X="190" Y="224"/>
	<Point X="193" Y="224"/>
	<Point X="195" Y="224"/>
	<Point X="198" Y="224"/>
	<Point X="201" Y="224"/>
	<Point X="204" Y="224"/>
	<Point X="207" Y="224"/>
	<Point X="211" Y="223"/>
	<Point X="212" Y="223"/>
	<Point X="215" Y="223"/>
	<Point X="217" Y="222"/>
	<Point X="219" Y="221"/>
	<Point X="221" Y="221"/>
	<Point X="222" Y="220"/>
	<Point X="223" Y="220"/>
	<Point X="225" Y="219"/>
	<Point X="226" Y="219"/>
	<Point X="226" Y="218"/>
	<Point X="227" Y="218"/>
	<Point X="227" Y="217"/>
	<Point X="228" Y="217"/>
	<Point X="228" Y="216"/>
	<Point X="229" Y="216"/>
	<Point X="229" Y="215"/>
	<Point X="229" Y="214"/>
	<Point X="228" Y="214"/>
	<Point X="227" Y="214"/>
	<Point X="226" Y="214"/>
	<Point X="225" Y="214"/>
	<Point X="225" Y="215"/>
	<Point X="224" Y="215"/>
	<Point X="222" Y="216"/>
	<Point X="221" Y="217"/>
	<Point X="219" Y="218"/>
	<Point X="217" Y="220"/>
	<Point X="214" Y="222"/>
	<Point X="212" Y="224"/>
	<Point X="210" Y="225"/>
	<Point X="208" Y="227"/>
	<Point X="206" Y="228"/>
	<Point X="202" Y="231"/>
	<Point X="200" Y="232"/>
	<Point X="197" Y="234"/>
	<Point X="195" Y="235"/>
	<Point X="193" Y="237"/>
	<Point X="192" Y="238"/>
	<Point X="190" Y="239"/>
	<Point X="189" Y="241"/>
	<Point X="187" Y="242"/>
	<Point X="186" Y="243"/>
	<Point X="185" Y="244"/>
	<Point X="183" Y="245"/>
	<Point X="182" Y="246"/>
	<Point X="181" Y="247"/>
	<Point X="180" Y="248"/>
	<Point X="179" Y="248"/>
	<Point X="178" Y="250"/>
	<Point X="177" Y="250"/>
	<Point X="177" Y="251"/>
	<Point X="176" Y="251"/>
	<Point X="176" Y="252"/>
</Gesture>
