<?xml version="1.0" ?>
<Gesture Name="star01" Subject="03" Number="01" NumPts="212">
	<Point X="135" Y="259"/>
	<Point X="135" Y="258"/>
	<Point X="135" Y="257"/>
	<Point X="135" Y="256"/>
	<Point X="135" Y="255"/>
	<Point X="135" Y="254"/>
	<Point X="135" Y="253"/>
	<Point X="135" Y="252"/>
	<Point X="135" Y="251"/>
	<Point X="135" Y="250"/>
	<Point X="135" Y="249"/>
	<Point X="136" Y="248"/>
	<Point X="136" Y="246"/>
	<Point X="136" Y="244"/>
	<Point X="136" Y="242"/>
	<Point X="136" Y="240"/>
	<Point X="136" Y="238"/>
	<Point X="137" Y="236"/>
	<Point X="137" Y="234"/>
	<Point X="137" Y="232"/>
	<Point X="137" Y="231"/>
	<Point X="138" Y="229"/>
	<Point X="138" Y="226"/>
	<Point X="138" Y="223"/>
	<Point X="138" Y="221"/>
	<Point X="138" Y="219"/>
	<Point X="138" Y="217"/>
	<Point X="138" Y="215"/>
	<Point X="138" Y="213"/>
	<Point X="139" Y="211"/>
	<Point X="139" Y="208"/>
	<Point X="139" Y="205"/>
	<Point X="140" Y="203"/>
	<Point X="140" Y="202"/>
	<Point X="140" Y="200"/>
	<Point X="140" Y="197"/>
	<Point X="140" Y="192"/>
	<Point X="140" Y="189"/>
	<Point X="140" Y="188"/>
	<Point X="140" Y="186"/>
	<Point X="140" Y="185"/>
	<Point X="140" Y="182"/>
	<Point X="140" Y="181"/>
	<Point X="140" Y="179"/>
	<Point X="140" Y="178"/>
	<Point X="140" Y="176"/>
	<Point X="140" Y="174"/>
	<Point X="140" Y="173"/>
	<Point X="140" Y="172"/>
	<Point X="140" Y="171"/>
	<Point X="140" Y="170"/>
	<Point X="140" Y="168"/>
	<Point X="140" Y="167"/>
	<Point X="140" Y="166"/>
	<Point X="140" Y="165"/>
	<Point X="140" Y="164"/>
	<Point X="140" Y="163"/>
	<Point X="140" Y="162"/>
	<Point X="140" Y="163"/>
	<Point X="141" Y="164"/>
	<Point X="141" Y="165"/>
	<Point X="141" Y="166"/>
	<Point X="142" Y="166"/>
	<Point X="143" Y="168"/>
	<Point X="144" Y="171"/>
	<Point X="145" Y="172"/>
	<Point X="148" Y="177"/>
	<Point X="149" Y="180"/>
	<Point X="153" Y="186"/>
	<Point X="156" Y="189"/>
	<Point X="158" Y="192"/>
	<Point X="159" Y="193"/>
	<Point X="162" Y="197"/>
	<Point X="164" Y="200"/>
	<Point X="166" Y="203"/>
	<Point X="169" Y="208"/>
	<Point X="171" Y="212"/>
	<Point X="173" Y="213"/>
	<Point X="174" Y="217"/>
	<Point X="178" Y="221"/>
	<Point X="178" Y="223"/>
	<Point X="181" Y="226"/>
	<Point X="183" Y="229"/>
	<Point X="185" Y="233"/>
	<Point X="189" Y="237"/>
	<Point X="191" Y="239"/>
	<Point X="192" Y="242"/>
	<Point X="195" Y="245"/>
	<Point X="196" Y="247"/>
	<Point X="197" Y="248"/>
	<Point X="199" Y="251"/>
	<Point X="201" Y="254"/>
	<Point X="203" Y="257"/>
	<Point X="204" Y="259"/>
	<Point X="205" Y="261"/>
	<Point X="206" Y="262"/>
	<Point X="207" Y="263"/>
	<Point X="208" Y="265"/>
	<Point X="209" Y="267"/>
	<Point X="210" Y="268"/>
	<Point X="210" Y="270"/>
	<Point X="211" Y="271"/>
	<Point X="211" Y="272"/>
	<Point X="212" Y="272"/>
	<Point X="212" Y="273"/>
	<Point X="211" Y="273"/>
	<Point X="210" Y="273"/>
	<Point X="210" Y="272"/>
	<Point X="209" Y="272"/>
	<Point X="208" Y="271"/>
	<Point X="206" Y="271"/>
	<Point X="206" Y="270"/>
	<Point X="204" Y="269"/>
	<Point X="202" Y="268"/>
	<Point X="199" Y="265"/>
	<Point X="197" Y="264"/>
	<Point X="194" Y="262"/>
	<Point X="191" Y="260"/>
	<Point X="188" Y="258"/>
	<Point X="185" Y="256"/>
	<Point X="181" Y="253"/>
	<Point X="178" Y="251"/>
	<Point X="175" Y="250"/>
	<Point X="172" Y="248"/>
	<Point X="169" Y="245"/>
	<Point X="166" Y="243"/>
	<Point X="161" Y="239"/>
	<Point X="157" Y="237"/>
	<Point X="153" Y="235"/>
	<Point X="148" Y="231"/>
	<Point X="142" Y="227"/>
	<Point X="138" Y="224"/>
	<Point X="133" Y="221"/>
	<Point X="127" Y="217"/>
	<Point X="120" Y="212"/>
	<Point X="116" Y="210"/>
	<Point X="114" Y="208"/>
	<Point X="112" Y="206"/>
	<Point X="110" Y="205"/>
	<Point X="108" Y="204"/>
	<Point X="106" Y="202"/>
	<Point X="103" Y="200"/>
	<Point X="102" Y="199"/>
	<Point X="101" Y="198"/>
	<Point X="100" Y="198"/>
	<Point X="100" Y="197"/>
	<Point X="100" Y="196"/>
	<Point X="99" Y="196"/>
	<Point X="99" Y="195"/>
	<Point X="100" Y="195"/>
	<Point X="101" Y="195"/>
	<Point X="102" Y="195"/>
	<Point X="103" Y="195"/>
	<Point X="104" Y="195"/>
	<Point X="106" Y="195"/>
	<Point X="108" Y="195"/>
	<Point X="111" Y="195"/>
	<Point X="114" Y="195"/>
	<Point X="116" Y="195"/>
	<Point X="120" Y="196"/>
	<Point X="123" Y="197"/>
	<Point X="125" Y="197"/>
	<Point X="128" Y="197"/>
	<Point X="132" Y="198"/>
	<Point X="134" Y="199"/>
	<Point X="140" Y="199"/>
	<Point X="142" Y="200"/>
	<Point X="146" Y="201"/>
	<Point X="151" Y="201"/>
	<Point X="153" Y="202"/>
	<Point X="157" Y="203"/>
	<Point X="161" Y="203"/>
	<Point X="162" Y="203"/>
	<Point X="164" Y="203"/>
	<Point X="166" Y="204"/>
	<Point X="168" Y="204"/>
	<Point X="170" Y="204"/>
	<Point X="172" Y="204"/>
	<Point X="173" Y="204"/>
	<Point X="174" Y="205"/>
	<Point X="174" Y="206"/>
	<Point X="173" Y="207"/>
	<Point X="172" Y="208"/>
	<Point X="171" Y="208"/>
	<Point X="170" Y="209"/>
	<Point X="170" Y="210"/>
	<Point X="168" Y="211"/>
	<Point X="167" Y="212"/>
	<Point X="165" Y="214"/>
	<Point X="164" Y="215"/>
	<Point X="163" Y="216"/>
	<Point X="161" Y="218"/>
	<Point X="160" Y="220"/>
	<Point X="159" Y="220"/>
	<Point X="158" Y="222"/>
	<Point X="156" Y="223"/>
	<Point X="156" Y="224"/>
	<Point X="154" Y="226"/>
	<Point X="153" Y="227"/>
	<Point X="152" Y="228"/>
	<Point X="151" Y="230"/>
	<Point X="149" Y="231"/>
	<Point X="148" Y="232"/>
	<Point X="147" Y="234"/>
	<Point X="147" Y="235"/>
	<Point X="146" Y="235"/>
	<Point X="145" Y="236"/>
	<Point X="145" Y="237"/>
	<Point X="144" Y="237"/>
	<Point X="144" Y="238"/>
	<Point X="143" Y="239"/>
	<Point X="144" Y="239"/>
</Gesture>
