<?xml version="1.0" ?>
<Gesture Name="star02" Subject="03" Number="02" NumPts="205">
	<Point X="131" Y="246"/>
	<Point X="131" Y="245"/>
	<Point X="131" Y="244"/>
	<Point X="131" Y="243"/>
	<Point X="131" Y="242"/>
	<Point X="131" Y="241"/>
	<Point X="131" Y="240"/>
	<Point X="132" Y="240"/>
	<Point X="132" Y="239"/>
	<Point X="132" Y="237"/>
	<Point X="132" Y="236"/>
	<Point X="133" Y="235"/>
	<Point X="133" Y="234"/>
	<Point X="133" Y="233"/>
	<Point X="133" Y="232"/>
	<Point X="134" Y="231"/>
	<Point X="134" Y="230"/>
	<Point X="135" Y="228"/>
	<Point X="135" Y="227"/>
	<Point X="135" Y="226"/>
	<Point X="136" Y="224"/>
	<Point X="136" Y="221"/>
	<Point X="136" Y="220"/>
	<Point X="137" Y="219"/>
	<Point X="137" Y="217"/>
	<Point X="138" Y="216"/>
	<Point X="138" Y="214"/>
	<Point X="139" Y="212"/>
	<Point X="140" Y="210"/>
	<Point X="140" Y="208"/>
	<Point X="142" Y="206"/>
	<Point X="142" Y="204"/>
	<Point X="142" Y="203"/>
	<Point X="143" Y="201"/>
	<Point X="143" Y="199"/>
	<Point X="144" Y="198"/>
	<Point X="144" Y="196"/>
	<Point X="145" Y="195"/>
	<Point X="146" Y="194"/>
	<Point X="146" Y="192"/>
	<Point X="147" Y="191"/>
	<Point X="147" Y="190"/>
	<Point X="147" Y="188"/>
	<Point X="148" Y="187"/>
	<Point X="148" Y="186"/>
	<Point X="148" Y="185"/>
	<Point X="149" Y="184"/>
	<Point X="149" Y="183"/>
	<Point X="150" Y="181"/>
	<Point X="150" Y="180"/>
	<Point X="150" Y="179"/>
	<Point X="150" Y="178"/>
	<Point X="150" Y="177"/>
	<Point X="151" Y="177"/>
	<Point X="151" Y="176"/>
	<Point X="151" Y="175"/>
	<Point X="151" Y="176"/>
	<Point X="152" Y="176"/>
	<Point X="152" Y="178"/>
	<Point X="152" Y="179"/>
	<Point X="153" Y="181"/>
	<Point X="154" Y="182"/>
	<Point X="155" Y="185"/>
	<Point X="156" Y="187"/>
	<Point X="158" Y="192"/>
	<Point X="160" Y="195"/>
	<Point X="161" Y="197"/>
	<Point X="162" Y="199"/>
	<Point X="164" Y="202"/>
	<Point X="166" Y="206"/>
	<Point X="167" Y="209"/>
	<Point X="170" Y="213"/>
	<Point X="170" Y="215"/>
	<Point X="172" Y="217"/>
	<Point X="174" Y="220"/>
	<Point X="177" Y="224"/>
	<Point X="179" Y="228"/>
	<Point X="181" Y="231"/>
	<Point X="183" Y="233"/>
	<Point X="184" Y="236"/>
	<Point X="186" Y="239"/>
	<Point X="187" Y="239"/>
	<Point X="190" Y="244"/>
	<Point X="192" Y="246"/>
	<Point X="194" Y="248"/>
	<Point X="196" Y="250"/>
	<Point X="197" Y="251"/>
	<Point X="198" Y="253"/>
	<Point X="200" Y="255"/>
	<Point X="202" Y="256"/>
	<Point X="202" Y="257"/>
	<Point X="203" Y="258"/>
	<Point X="204" Y="259"/>
	<Point X="205" Y="260"/>
	<Point X="206" Y="260"/>
	<Point X="206" Y="261"/>
	<Point X="205" Y="261"/>
	<Point X="205" Y="260"/>
	<Point X="204" Y="260"/>
	<Point X="203" Y="259"/>
	<Point X="202" Y="258"/>
	<Point X="200" Y="257"/>
	<Point X="198" Y="255"/>
	<Point X="196" Y="254"/>
	<Point X="193" Y="252"/>
	<Point X="189" Y="248"/>
	<Point X="187" Y="247"/>
	<Point X="184" Y="245"/>
	<Point X="180" Y="243"/>
	<Point X="177" Y="241"/>
	<Point X="172" Y="238"/>
	<Point X="169" Y="236"/>
	<Point X="165" Y="233"/>
	<Point X="162" Y="231"/>
	<Point X="157" Y="228"/>
	<Point X="153" Y="225"/>
	<Point X="147" Y="221"/>
	<Point X="143" Y="219"/>
	<Point X="141" Y="217"/>
	<Point X="136" Y="214"/>
	<Point X="131" Y="211"/>
	<Point X="126" Y="207"/>
	<Point X="118" Y="202"/>
	<Point X="115" Y="201"/>
	<Point X="112" Y="200"/>
	<Point X="110" Y="198"/>
	<Point X="108" Y="196"/>
	<Point X="106" Y="195"/>
	<Point X="104" Y="194"/>
	<Point X="101" Y="192"/>
	<Point X="100" Y="191"/>
	<Point X="98" Y="189"/>
	<Point X="97" Y="189"/>
	<Point X="97" Y="188"/>
	<Point X="96" Y="188"/>
	<Point X="96" Y="187"/>
	<Point X="97" Y="187"/>
	<Point X="98" Y="188"/>
	<Point X="99" Y="188"/>
	<Point X="101" Y="189"/>
	<Point X="102" Y="189"/>
	<Point X="103" Y="190"/>
	<Point X="105" Y="191"/>
	<Point X="109" Y="192"/>
	<Point X="111" Y="194"/>
	<Point X="114" Y="195"/>
	<Point X="118" Y="196"/>
	<Point X="123" Y="197"/>
	<Point X="127" Y="199"/>
	<Point X="132" Y="200"/>
	<Point X="134" Y="201"/>
	<Point X="137" Y="202"/>
	<Point X="141" Y="203"/>
	<Point X="147" Y="204"/>
	<Point X="151" Y="206"/>
	<Point X="155" Y="206"/>
	<Point X="160" Y="207"/>
	<Point X="163" Y="208"/>
	<Point X="167" Y="208"/>
	<Point X="171" Y="210"/>
	<Point X="175" Y="211"/>
	<Point X="176" Y="211"/>
	<Point X="180" Y="211"/>
	<Point X="181" Y="212"/>
	<Point X="183" Y="212"/>
	<Point X="184" Y="212"/>
	<Point X="185" Y="212"/>
	<Point X="186" Y="212"/>
	<Point X="187" Y="212"/>
	<Point X="187" Y="213"/>
	<Point X="186" Y="213"/>
	<Point X="185" Y="213"/>
	<Point X="184" Y="213"/>
	<Point X="183" Y="214"/>
	<Point X="181" Y="214"/>
	<Point X="178" Y="215"/>
	<Point X="174" Y="216"/>
	<Point X="172" Y="216"/>
	<Point X="169" Y="217"/>
	<Point X="167" Y="218"/>
	<Point X="164" Y="219"/>
	<Point X="160" Y="219"/>
	<Point X="158" Y="220"/>
	<Point X="156" Y="221"/>
	<Point X="154" Y="222"/>
	<Point X="152" Y="223"/>
	<Point X="149" Y="224"/>
	<Point X="146" Y="225"/>
	<Point X="145" Y="226"/>
	<Point X="143" Y="226"/>
	<Point X="141" Y="227"/>
	<Point X="139" Y="227"/>
	<Point X="138" Y="228"/>
	<Point X="136" Y="229"/>
	<Point X="135" Y="229"/>
	<Point X="132" Y="230"/>
	<Point X="132" Y="231"/>
	<Point X="131" Y="231"/>
	<Point X="130" Y="231"/>
	<Point X="130" Y="232"/>
	<Point X="129" Y="232"/>
	<Point X="129" Y="233"/>
	<Point X="130" Y="233"/>
	<Point X="131" Y="233"/>
	<Point X="132" Y="233"/>
</Gesture>
