<?xml version="1.0" ?>
<Gesture Name="star04" Subject="03" Number="04" NumPts="201">
	<Point X="152" Y="244"/>
	<Point X="153" Y="244"/>
	<Point X="153" Y="243"/>
	<Point X="154" Y="242"/>
	<Point X="154" Y="241"/>
	<Point X="154" Y="240"/>
	<Point X="155" Y="239"/>
	<Point X="155" Y="238"/>
	<Point X="155" Y="237"/>
	<Point X="156" Y="236"/>
	<Point X="156" Y="235"/>
	<Point X="156" Y="234"/>
	<Point X="158" Y="231"/>
	<Point X="158" Y="230"/>
	<Point X="159" Y="229"/>
	<Point X="159" Y="228"/>
	<Point X="159" Y="227"/>
	<Point X="160" Y="226"/>
	<Point X="162" Y="222"/>
	<Point X="162" Y="221"/>
	<Point X="163" Y="219"/>
	<Point X="163" Y="217"/>
	<Point X="164" Y="216"/>
	<Point X="164" Y="213"/>
	<Point X="165" Y="213"/>
	<Point X="165" Y="212"/>
	<Point X="166" Y="209"/>
	<Point X="166" Y="208"/>
	<Point X="167" Y="206"/>
	<Point X="167" Y="205"/>
	<Point X="167" Y="202"/>
	<Point X="168" Y="200"/>
	<Point X="168" Y="199"/>
	<Point X="168" Y="198"/>
	<Point X="168" Y="195"/>
	<Point X="168" Y="194"/>
	<Point X="168" Y="192"/>
	<Point X="168" Y="191"/>
	<Point X="168" Y="190"/>
	<Point X="168" Y="188"/>
	<Point X="168" Y="186"/>
	<Point X="168" Y="185"/>
	<Point X="168" Y="183"/>
	<Point X="168" Y="182"/>
	<Point X="168" Y="181"/>
	<Point X="168" Y="180"/>
	<Point X="168" Y="179"/>
	<Point X="168" Y="178"/>
	<Point X="168" Y="177"/>
	<Point X="168" Y="176"/>
	<Point X="168" Y="175"/>
	<Point X="167" Y="174"/>
	<Point X="167" Y="173"/>
	<Point X="167" Y="174"/>
	<Point X="167" Y="175"/>
	<Point X="167" Y="176"/>
	<Point X="167" Y="177"/>
	<Point X="168" Y="177"/>
	<Point X="168" Y="180"/>
	<Point X="169" Y="182"/>
	<Point X="170" Y="185"/>
	<Point X="172" Y="189"/>
	<Point X="174" Y="193"/>
	<Point X="175" Y="196"/>
	<Point X="176" Y="199"/>
	<Point X="179" Y="203"/>
	<Point X="180" Y="207"/>
	<Point X="181" Y="209"/>
	<Point X="183" Y="211"/>
	<Point X="184" Y="214"/>
	<Point X="185" Y="216"/>
	<Point X="187" Y="218"/>
	<Point X="189" Y="222"/>
	<Point X="191" Y="224"/>
	<Point X="192" Y="226"/>
	<Point X="194" Y="229"/>
	<Point X="195" Y="231"/>
	<Point X="197" Y="233"/>
	<Point X="198" Y="234"/>
	<Point X="199" Y="235"/>
	<Point X="202" Y="238"/>
	<Point X="204" Y="241"/>
	<Point X="205" Y="242"/>
	<Point X="207" Y="243"/>
	<Point X="208" Y="244"/>
	<Point X="209" Y="245"/>
	<Point X="210" Y="246"/>
	<Point X="213" Y="248"/>
	<Point X="214" Y="249"/>
	<Point X="214" Y="250"/>
	<Point X="216" Y="251"/>
	<Point X="217" Y="252"/>
	<Point X="218" Y="252"/>
	<Point X="219" Y="254"/>
	<Point X="220" Y="254"/>
	<Point X="221" Y="254"/>
	<Point X="221" Y="255"/>
	<Point X="220" Y="255"/>
	<Point X="219" Y="255"/>
	<Point X="219" Y="254"/>
	<Point X="218" Y="254"/>
	<Point X="217" Y="253"/>
	<Point X="216" Y="253"/>
	<Point X="213" Y="251"/>
	<Point X="211" Y="251"/>
	<Point X="208" Y="249"/>
	<Point X="204" Y="247"/>
	<Point X="202" Y="246"/>
	<Point X="195" Y="243"/>
	<Point X="193" Y="242"/>
	<Point X="189" Y="240"/>
	<Point X="184" Y="237"/>
	<Point X="180" Y="235"/>
	<Point X="176" Y="233"/>
	<Point X="174" Y="232"/>
	<Point X="168" Y="229"/>
	<Point X="167" Y="227"/>
	<Point X="161" Y="225"/>
	<Point X="156" Y="222"/>
	<Point X="149" Y="218"/>
	<Point X="142" Y="215"/>
	<Point X="139" Y="213"/>
	<Point X="137" Y="212"/>
	<Point X="135" Y="211"/>
	<Point X="130" Y="208"/>
	<Point X="127" Y="206"/>
	<Point X="124" Y="205"/>
	<Point X="122" Y="204"/>
	<Point X="120" Y="203"/>
	<Point X="118" Y="202"/>
	<Point X="117" Y="201"/>
	<Point X="116" Y="200"/>
	<Point X="115" Y="199"/>
	<Point X="113" Y="198"/>
	<Point X="112" Y="197"/>
	<Point X="113" Y="197"/>
	<Point X="114" Y="197"/>
	<Point X="115" Y="197"/>
	<Point X="116" Y="198"/>
	<Point X="117" Y="198"/>
	<Point X="119" Y="199"/>
	<Point X="121" Y="199"/>
	<Point X="124" Y="200"/>
	<Point X="127" Y="202"/>
	<Point X="133" Y="203"/>
	<Point X="137" Y="204"/>
	<Point X="141" Y="205"/>
	<Point X="146" Y="206"/>
	<Point X="149" Y="207"/>
	<Point X="154" Y="208"/>
	<Point X="157" Y="208"/>
	<Point X="160" Y="208"/>
	<Point X="163" Y="209"/>
	<Point X="166" Y="209"/>
	<Point X="172" Y="210"/>
	<Point X="177" Y="210"/>
	<Point X="183" Y="210"/>
	<Point X="187" Y="210"/>
	<Point X="190" Y="210"/>
	<Point X="193" Y="210"/>
	<Point X="197" Y="210"/>
	<Point X="198" Y="210"/>
	<Point X="201" Y="210"/>
	<Point X="202" Y="210"/>
	<Point X="203" Y="210"/>
	<Point X="204" Y="210"/>
	<Point X="205" Y="210"/>
	<Point X="205" Y="209"/>
	<Point X="206" Y="209"/>
	<Point X="205" Y="209"/>
	<Point X="204" Y="209"/>
	<Point X="203" Y="209"/>
	<Point X="202" Y="209"/>
	<Point X="201" Y="209"/>
	<Point X="200" Y="209"/>
	<Point X="199" Y="209"/>
	<Point X="198" Y="209"/>
	<Point X="197" Y="209"/>
	<Point X="196" Y="210"/>
	<Point X="195" Y="210"/>
	<Point X="194" Y="210"/>
	<Point X="192" Y="212"/>
	<Point X="190" Y="212"/>
	<Point X="188" Y="214"/>
	<Point X="185" Y="215"/>
	<Point X="182" Y="217"/>
	<Point X="179" Y="219"/>
	<Point X="176" Y="221"/>
	<Point X="174" Y="223"/>
	<Point X="171" Y="224"/>
	<Point X="170" Y="225"/>
	<Point X="168" Y="227"/>
	<Point X="166" Y="228"/>
	<Point X="163" Y="230"/>
	<Point X="162" Y="231"/>
	<Point X="160" Y="232"/>
	<Point X="159" Y="233"/>
	<Point X="159" Y="234"/>
	<Point X="158" Y="234"/>
	<Point X="158" Y="235"/>
	<Point X="159" Y="235"/>
</Gesture>
