<?xml version="1.0" ?>
<Gesture Name="star06" Subject="03" Number="06" NumPts="252">
	<Point X="138" Y="248"/>
	<Point X="138" Y="247"/>
	<Point X="138" Y="246"/>
	<Point X="138" Y="245"/>
	<Point X="138" Y="244"/>
	<Point X="138" Y="243"/>
	<Point X="139" Y="243"/>
	<Point X="139" Y="241"/>
	<Point X="139" Y="240"/>
	<Point X="139" Y="239"/>
	<Point X="140" Y="239"/>
	<Point X="140" Y="237"/>
	<Point X="140" Y="235"/>
	<Point X="141" Y="234"/>
	<Point X="142" Y="232"/>
	<Point X="142" Y="231"/>
	<Point X="143" Y="229"/>
	<Point X="143" Y="228"/>
	<Point X="144" Y="225"/>
	<Point X="144" Y="224"/>
	<Point X="145" Y="222"/>
	<Point X="146" Y="220"/>
	<Point X="146" Y="218"/>
	<Point X="146" Y="217"/>
	<Point X="147" Y="214"/>
	<Point X="148" Y="212"/>
	<Point X="149" Y="210"/>
	<Point X="149" Y="208"/>
	<Point X="150" Y="206"/>
	<Point X="151" Y="204"/>
	<Point X="151" Y="202"/>
	<Point X="152" Y="199"/>
	<Point X="152" Y="197"/>
	<Point X="152" Y="195"/>
	<Point X="153" Y="193"/>
	<Point X="153" Y="192"/>
	<Point X="153" Y="190"/>
	<Point X="154" Y="188"/>
	<Point X="155" Y="185"/>
	<Point X="155" Y="184"/>
	<Point X="156" Y="181"/>
	<Point X="156" Y="180"/>
	<Point X="156" Y="179"/>
	<Point X="156" Y="178"/>
	<Point X="157" Y="176"/>
	<Point X="157" Y="175"/>
	<Point X="157" Y="173"/>
	<Point X="157" Y="171"/>
	<Point X="158" Y="171"/>
	<Point X="158" Y="170"/>
	<Point X="158" Y="169"/>
	<Point X="159" Y="169"/>
	<Point X="159" Y="168"/>
	<Point X="159" Y="167"/>
	<Point X="159" Y="166"/>
	<Point X="160" Y="166"/>
	<Point X="160" Y="167"/>
	<Point X="161" Y="168"/>
	<Point X="162" Y="169"/>
	<Point X="163" Y="170"/>
	<Point X="164" Y="171"/>
	<Point X="165" Y="173"/>
	<Point X="167" Y="176"/>
	<Point X="170" Y="179"/>
	<Point X="172" Y="181"/>
	<Point X="175" Y="184"/>
	<Point X="177" Y="186"/>
	<Point X="179" Y="189"/>
	<Point X="183" Y="193"/>
	<Point X="184" Y="195"/>
	<Point X="188" Y="199"/>
	<Point X="190" Y="202"/>
	<Point X="194" Y="206"/>
	<Point X="197" Y="209"/>
	<Point X="199" Y="212"/>
	<Point X="202" Y="214"/>
	<Point X="205" Y="218"/>
	<Point X="208" Y="221"/>
	<Point X="211" Y="224"/>
	<Point X="214" Y="227"/>
	<Point X="216" Y="230"/>
	<Point X="221" Y="235"/>
	<Point X="223" Y="237"/>
	<Point X="226" Y="240"/>
	<Point X="228" Y="242"/>
	<Point X="231" Y="245"/>
	<Point X="234" Y="249"/>
	<Point X="238" Y="253"/>
	<Point X="239" Y="253"/>
	<Point X="241" Y="256"/>
	<Point X="243" Y="259"/>
	<Point X="245" Y="261"/>
	<Point X="246" Y="262"/>
	<Point X="249" Y="265"/>
	<Point X="250" Y="266"/>
	<Point X="251" Y="267"/>
	<Point X="252" Y="269"/>
	<Point X="253" Y="269"/>
	<Point X="253" Y="270"/>
	<Point X="254" Y="271"/>
	<Point X="254" Y="272"/>
	<Point X="255" Y="272"/>
	<Point X="255" Y="273"/>
	<Point X="255" Y="274"/>
	<Point X="254" Y="275"/>
	<Point X="253" Y="275"/>
	<Point X="252" Y="275"/>
	<Point X="251" Y="275"/>
	<Point X="250" Y="275"/>
	<Point X="249" Y="275"/>
	<Point X="247" Y="275"/>
	<Point X="246" Y="275"/>
	<Point X="242" Y="274"/>
	<Point X="241" Y="273"/>
	<Point X="239" Y="273"/>
	<Point X="237" Y="273"/>
	<Point X="235" Y="272"/>
	<Point X="233" Y="272"/>
	<Point X="230" Y="271"/>
	<Point X="227" Y="270"/>
	<Point X="226" Y="270"/>
	<Point X="224" Y="269"/>
	<Point X="221" Y="268"/>
	<Point X="220" Y="267"/>
	<Point X="217" Y="267"/>
	<Point X="213" Y="265"/>
	<Point X="209" Y="263"/>
	<Point X="206" Y="262"/>
	<Point X="203" Y="260"/>
	<Point X="201" Y="260"/>
	<Point X="198" Y="258"/>
	<Point X="195" Y="256"/>
	<Point X="190" Y="254"/>
	<Point X="189" Y="253"/>
	<Point X="184" Y="251"/>
	<Point X="180" Y="248"/>
	<Point X="176" Y="246"/>
	<Point X="172" Y="245"/>
	<Point X="168" Y="243"/>
	<Point X="163" Y="239"/>
	<Point X="161" Y="238"/>
	<Point X="156" Y="236"/>
	<Point X="151" Y="232"/>
	<Point X="147" Y="230"/>
	<Point X="145" Y="229"/>
	<Point X="140" Y="226"/>
	<Point X="135" Y="223"/>
	<Point X="130" Y="220"/>
	<Point X="126" Y="218"/>
	<Point X="125" Y="217"/>
	<Point X="123" Y="216"/>
	<Point X="122" Y="215"/>
	<Point X="121" Y="214"/>
	<Point X="119" Y="212"/>
	<Point X="117" Y="211"/>
	<Point X="117" Y="210"/>
	<Point X="115" Y="209"/>
	<Point X="115" Y="208"/>
	<Point X="115" Y="207"/>
	<Point X="114" Y="207"/>
	<Point X="114" Y="206"/>
	<Point X="114" Y="205"/>
	<Point X="114" Y="204"/>
	<Point X="114" Y="203"/>
	<Point X="115" Y="203"/>
	<Point X="115" Y="202"/>
	<Point X="116" Y="202"/>
	<Point X="117" Y="202"/>
	<Point X="118" Y="202"/>
	<Point X="119" Y="201"/>
	<Point X="121" Y="201"/>
	<Point X="123" Y="201"/>
	<Point X="125" Y="201"/>
	<Point X="127" Y="201"/>
	<Point X="129" Y="201"/>
	<Point X="130" Y="201"/>
	<Point X="132" Y="201"/>
	<Point X="134" Y="201"/>
	<Point X="136" Y="201"/>
	<Point X="139" Y="201"/>
	<Point X="143" Y="201"/>
	<Point X="144" Y="201"/>
	<Point X="148" Y="201"/>
	<Point X="150" Y="201"/>
	<Point X="153" Y="201"/>
	<Point X="160" Y="202"/>
	<Point X="165" Y="202"/>
	<Point X="169" Y="202"/>
	<Point X="171" Y="202"/>
	<Point X="175" Y="202"/>
	<Point X="177" Y="202"/>
	<Point X="181" Y="202"/>
	<Point X="185" Y="202"/>
	<Point X="189" Y="202"/>
	<Point X="191" Y="202"/>
	<Point X="196" Y="202"/>
	<Point X="199" Y="202"/>
	<Point X="204" Y="202"/>
	<Point X="208" Y="202"/>
	<Point X="210" Y="202"/>
	<Point X="211" Y="202"/>
	<Point X="214" Y="202"/>
	<Point X="216" Y="202"/>
	<Point X="218" Y="202"/>
	<Point X="220" Y="202"/>
	<Point X="221" Y="202"/>
	<Point X="222" Y="202"/>
	<Point X="223" Y="202"/>
	<Point X="224" Y="202"/>
	<Point X="224" Y="201"/>
	<Point X="225" Y="201"/>
	<Point X="224" Y="201"/>
	<Point X="223" Y="201"/>
	<Point X="222" Y="201"/>
	<Point X="221" Y="201"/>
	<Point X="220" Y="202"/>
	<Point X="219" Y="202"/>
	<Point X="217" Y="203"/>
	<Point X="215" Y="204"/>
	<Point X="213" Y="205"/>
	<Point X="211" Y="206"/>
	<Point X="208" Y="208"/>
	<Point X="206" Y="209"/>
	<Point X="203" Y="211"/>
	<Point X="200" Y="212"/>
	<Point X="198" Y="214"/>
	<Point X="195" Y="215"/>
	<Point X="192" Y="217"/>
	<Point X="188" Y="219"/>
	<Point X="185" Y="221"/>
	<Point X="183" Y="222"/>
	<Point X="179" Y="225"/>
	<Point X="177" Y="226"/>
	<Point X="175" Y="227"/>
	<Point X="173" Y="228"/>
	<Point X="171" Y="230"/>
	<Point X="170" Y="230"/>
	<Point X="167" Y="232"/>
	<Point X="167" Y="233"/>
	<Point X="164" Y="234"/>
	<Point X="163" Y="235"/>
	<Point X="161" Y="235"/>
	<Point X="160" Y="237"/>
	<Point X="159" Y="237"/>
	<Point X="158" Y="238"/>
	<Point X="157" Y="238"/>
	<Point X="156" Y="239"/>
	<Point X="155" Y="239"/>
	<Point X="155" Y="240"/>
	<Point X="155" Y="239"/>
	<Point X="156" Y="239"/>
	<Point X="156" Y="238"/>
</Gesture>
