<?xml version="1.0" ?>
<Gesture Name="triangle10" Subject="03" Number="10" NumPts="142">
	<Point X="190" Y="169"/>
	<Point X="190" Y="170"/>
	<Point X="190" Y="171"/>
	<Point X="189" Y="171"/>
	<Point X="189" Y="172"/>
	<Point X="188" Y="172"/>
	<Point X="188" Y="173"/>
	<Point X="188" Y="174"/>
	<Point X="187" Y="174"/>
	<Point X="186" Y="175"/>
	<Point X="186" Y="176"/>
	<Point X="185" Y="176"/>
	<Point X="185" Y="177"/>
	<Point X="184" Y="178"/>
	<Point X="182" Y="180"/>
	<Point X="182" Y="181"/>
	<Point X="181" Y="182"/>
	<Point X="180" Y="184"/>
	<Point X="178" Y="185"/>
	<Point X="178" Y="186"/>
	<Point X="177" Y="187"/>
	<Point X="177" Y="188"/>
	<Point X="175" Y="190"/>
	<Point X="174" Y="191"/>
	<Point X="174" Y="192"/>
	<Point X="173" Y="192"/>
	<Point X="173" Y="193"/>
	<Point X="172" Y="194"/>
	<Point X="172" Y="195"/>
	<Point X="171" Y="195"/>
	<Point X="171" Y="197"/>
	<Point X="170" Y="197"/>
	<Point X="169" Y="198"/>
	<Point X="169" Y="199"/>
	<Point X="168" Y="199"/>
	<Point X="168" Y="201"/>
	<Point X="167" Y="201"/>
	<Point X="167" Y="202"/>
	<Point X="166" Y="203"/>
	<Point X="165" Y="203"/>
	<Point X="165" Y="204"/>
	<Point X="165" Y="205"/>
	<Point X="164" Y="205"/>
	<Point X="164" Y="206"/>
	<Point X="163" Y="207"/>
	<Point X="163" Y="208"/>
	<Point X="162" Y="208"/>
	<Point X="162" Y="209"/>
	<Point X="161" Y="209"/>
	<Point X="161" Y="210"/>
	<Point X="160" Y="210"/>
	<Point X="160" Y="211"/>
	<Point X="159" Y="211"/>
	<Point X="159" Y="212"/>
	<Point X="160" Y="212"/>
	<Point X="161" Y="212"/>
	<Point X="162" Y="213"/>
	<Point X="163" Y="213"/>
	<Point X="164" Y="213"/>
	<Point X="165" Y="213"/>
	<Point X="167" Y="213"/>
	<Point X="168" Y="213"/>
	<Point X="171" Y="214"/>
	<Point X="173" Y="214"/>
	<Point X="176" Y="214"/>
	<Point X="177" Y="214"/>
	<Point X="179" Y="214"/>
	<Point X="180" Y="214"/>
	<Point X="183" Y="214"/>
	<Point X="185" Y="214"/>
	<Point X="186" Y="215"/>
	<Point X="188" Y="215"/>
	<Point X="190" Y="215"/>
	<Point X="192" Y="215"/>
	<Point X="194" Y="215"/>
	<Point X="197" Y="215"/>
	<Point X="199" Y="215"/>
	<Point X="201" Y="215"/>
	<Point X="203" Y="215"/>
	<Point X="205" Y="215"/>
	<Point X="207" Y="215"/>
	<Point X="208" Y="215"/>
	<Point X="212" Y="216"/>
	<Point X="214" Y="216"/>
	<Point X="215" Y="216"/>
	<Point X="217" Y="216"/>
	<Point X="218" Y="216"/>
	<Point X="219" Y="216"/>
	<Point X="221" Y="216"/>
	<Point X="222" Y="216"/>
	<Point X="223" Y="216"/>
	<Point X="224" Y="216"/>
	<Point X="225" Y="217"/>
	<Point X="226" Y="217"/>
	<Point X="227" Y="217"/>
	<Point X="228" Y="217"/>
	<Point X="229" Y="217"/>
	<Point X="230" Y="217"/>
	<Point X="231" Y="217"/>
	<Point X="231" Y="216"/>
	<Point X="231" Y="215"/>
	<Point X="231" Y="214"/>
	<Point X="231" Y="213"/>
	<Point X="230" Y="212"/>
	<Point X="230" Y="211"/>
	<Point X="230" Y="210"/>
	<Point X="229" Y="210"/>
	<Point X="228" Y="209"/>
	<Point X="228" Y="208"/>
	<Point X="227" Y="207"/>
	<Point X="226" Y="206"/>
	<Point X="225" Y="205"/>
	<Point X="224" Y="204"/>
	<Point X="223" Y="203"/>
	<Point X="221" Y="202"/>
	<Point X="219" Y="200"/>
	<Point X="218" Y="199"/>
	<Point X="217" Y="198"/>
	<Point X="215" Y="197"/>
	<Point X="214" Y="196"/>
	<Point X="213" Y="195"/>
	<Point X="211" Y="194"/>
	<Point X="210" Y="193"/>
	<Point X="209" Y="192"/>
	<Point X="208" Y="191"/>
	<Point X="207" Y="190"/>
	<Point X="206" Y="190"/>
	<Point X="205" Y="189"/>
	<Point X="204" Y="188"/>
	<Point X="202" Y="186"/>
	<Point X="201" Y="186"/>
	<Point X="200" Y="185"/>
	<Point X="199" Y="184"/>
	<Point X="198" Y="184"/>
	<Point X="198" Y="183"/>
	<Point X="197" Y="182"/>
	<Point X="196" Y="181"/>
	<Point X="195" Y="181"/>
	<Point X="194" Y="181"/>
	<Point X="194" Y="180"/>
	<Point X="193" Y="180"/>
	<Point X="193" Y="179"/>
</Gesture>
