<?xml version="1.0" ?>
<Gesture Name="triangle05" Subject="03" Number="05" NumPts="175">
	<Point X="180" Y="159"/>
	<Point X="180" Y="160"/>
	<Point X="179" Y="160"/>
	<Point X="179" Y="161"/>
	<Point X="179" Y="162"/>
	<Point X="178" Y="162"/>
	<Point X="178" Y="163"/>
	<Point X="177" Y="164"/>
	<Point X="176" Y="165"/>
	<Point X="176" Y="166"/>
	<Point X="175" Y="166"/>
	<Point X="175" Y="168"/>
	<Point X="174" Y="168"/>
	<Point X="173" Y="170"/>
	<Point X="172" Y="171"/>
	<Point X="171" Y="172"/>
	<Point X="171" Y="174"/>
	<Point X="170" Y="175"/>
	<Point X="169" Y="176"/>
	<Point X="168" Y="178"/>
	<Point X="167" Y="179"/>
	<Point X="167" Y="180"/>
	<Point X="166" Y="181"/>
	<Point X="165" Y="182"/>
	<Point X="164" Y="183"/>
	<Point X="164" Y="184"/>
	<Point X="163" Y="185"/>
	<Point X="162" Y="186"/>
	<Point X="161" Y="187"/>
	<Point X="160" Y="188"/>
	<Point X="159" Y="190"/>
	<Point X="158" Y="191"/>
	<Point X="157" Y="192"/>
	<Point X="156" Y="192"/>
	<Point X="155" Y="194"/>
	<Point X="155" Y="195"/>
	<Point X="154" Y="196"/>
	<Point X="153" Y="196"/>
	<Point X="152" Y="198"/>
	<Point X="151" Y="199"/>
	<Point X="151" Y="200"/>
	<Point X="150" Y="200"/>
	<Point X="150" Y="201"/>
	<Point X="149" Y="202"/>
	<Point X="149" Y="203"/>
	<Point X="148" Y="204"/>
	<Point X="147" Y="204"/>
	<Point X="147" Y="205"/>
	<Point X="146" Y="206"/>
	<Point X="146" Y="207"/>
	<Point X="145" Y="207"/>
	<Point X="144" Y="208"/>
	<Point X="144" Y="209"/>
	<Point X="143" Y="209"/>
	<Point X="143" Y="210"/>
	<Point X="143" Y="211"/>
	<Point X="142" Y="211"/>
	<Point X="142" Y="212"/>
	<Point X="142" Y="213"/>
	<Point X="143" Y="213"/>
	<Point X="144" Y="213"/>
	<Point X="145" Y="213"/>
	<Point X="146" Y="214"/>
	<Point X="149" Y="214"/>
	<Point X="151" Y="215"/>
	<Point X="154" Y="215"/>
	<Point X="156" Y="216"/>
	<Point X="159" Y="216"/>
	<Point X="161" Y="216"/>
	<Point X="164" Y="216"/>
	<Point X="166" Y="216"/>
	<Point X="170" Y="217"/>
	<Point X="173" Y="218"/>
	<Point X="175" Y="218"/>
	<Point X="179" Y="218"/>
	<Point X="183" Y="219"/>
	<Point X="186" Y="219"/>
	<Point X="190" Y="220"/>
	<Point X="193" Y="220"/>
	<Point X="196" Y="220"/>
	<Point X="199" Y="220"/>
	<Point X="202" Y="221"/>
	<Point X="206" Y="221"/>
	<Point X="209" Y="222"/>
	<Point X="213" Y="222"/>
	<Point X="216" Y="222"/>
	<Point X="218" Y="222"/>
	<Point X="220" Y="222"/>
	<Point X="223" Y="223"/>
	<Point X="224" Y="223"/>
	<Point X="227" Y="223"/>
	<Point X="229" Y="224"/>
	<Point X="232" Y="224"/>
	<Point X="234" Y="224"/>
	<Point X="236" Y="224"/>
	<Point X="238" Y="224"/>
	<Point X="240" Y="225"/>
	<Point X="241" Y="225"/>
	<Point X="243" Y="225"/>
	<Point X="245" Y="225"/>
	<Point X="246" Y="225"/>
	<Point X="248" Y="225"/>
	<Point X="249" Y="226"/>
	<Point X="251" Y="226"/>
	<Point X="252" Y="226"/>
	<Point X="253" Y="227"/>
	<Point X="254" Y="227"/>
	<Point X="256" Y="227"/>
	<Point X="257" Y="227"/>
	<Point X="257" Y="226"/>
	<Point X="257" Y="225"/>
	<Point X="257" Y="224"/>
	<Point X="256" Y="224"/>
	<Point X="256" Y="223"/>
	<Point X="255" Y="222"/>
	<Point X="255" Y="221"/>
	<Point X="254" Y="221"/>
	<Point X="254" Y="220"/>
	<Point X="253" Y="220"/>
	<Point X="253" Y="219"/>
	<Point X="252" Y="219"/>
	<Point X="252" Y="217"/>
	<Point X="251" Y="217"/>
	<Point X="250" Y="216"/>
	<Point X="249" Y="215"/>
	<Point X="248" Y="213"/>
	<Point X="246" Y="213"/>
	<Point X="246" Y="212"/>
	<Point X="245" Y="211"/>
	<Point X="244" Y="211"/>
	<Point X="242" Y="209"/>
	<Point X="242" Y="208"/>
	<Point X="241" Y="207"/>
	<Point X="240" Y="206"/>
	<Point X="238" Y="205"/>
	<Point X="236" Y="203"/>
	<Point X="235" Y="202"/>
	<Point X="233" Y="201"/>
	<Point X="233" Y="200"/>
	<Point X="232" Y="199"/>
	<Point X="230" Y="198"/>
	<Point X="228" Y="196"/>
	<Point X="227" Y="195"/>
	<Point X="225" Y="194"/>
	<Point X="224" Y="192"/>
	<Point X="223" Y="191"/>
	<Point X="221" Y="190"/>
	<Point X="220" Y="189"/>
	<Point X="218" Y="187"/>
	<Point X="217" Y="187"/>
	<Point X="216" Y="186"/>
	<Point X="215" Y="185"/>
	<Point X="214" Y="184"/>
	<Point X="213" Y="184"/>
	<Point X="211" Y="182"/>
	<Point X="209" Y="182"/>
	<Point X="209" Y="180"/>
	<Point X="208" Y="180"/>
	<Point X="207" Y="179"/>
	<Point X="206" Y="179"/>
	<Point X="205" Y="178"/>
	<Point X="204" Y="177"/>
	<Point X="203" Y="176"/>
	<Point X="202" Y="175"/>
	<Point X="201" Y="175"/>
	<Point X="201" Y="174"/>
	<Point X="200" Y="174"/>
	<Point X="200" Y="173"/>
	<Point X="199" Y="173"/>
	<Point X="199" Y="172"/>
	<Point X="198" Y="172"/>
	<Point X="198" Y="171"/>
	<Point X="197" Y="171"/>
	<Point X="197" Y="170"/>
	<Point X="196" Y="170"/>
</Gesture>
