<?xml version="1.0" ?>
<Gesture Name="triangle02" Subject="03" Number="02" NumPts="187">
	<Point X="172" Y="142"/>
	<Point X="169" Y="146"/>
	<Point X="168" Y="146"/>
	<Point X="168" Y="147"/>
	<Point X="167" Y="148"/>
	<Point X="166" Y="149"/>
	<Point X="165" Y="150"/>
	<Point X="165" Y="151"/>
	<Point X="164" Y="151"/>
	<Point X="164" Y="152"/>
	<Point X="163" Y="153"/>
	<Point X="162" Y="154"/>
	<Point X="161" Y="155"/>
	<Point X="160" Y="156"/>
	<Point X="159" Y="158"/>
	<Point X="158" Y="159"/>
	<Point X="157" Y="160"/>
	<Point X="156" Y="162"/>
	<Point X="155" Y="163"/>
	<Point X="154" Y="164"/>
	<Point X="153" Y="165"/>
	<Point X="152" Y="166"/>
	<Point X="151" Y="167"/>
	<Point X="150" Y="168"/>
	<Point X="148" Y="170"/>
	<Point X="147" Y="171"/>
	<Point X="146" Y="172"/>
	<Point X="145" Y="173"/>
	<Point X="144" Y="174"/>
	<Point X="143" Y="175"/>
	<Point X="143" Y="176"/>
	<Point X="141" Y="178"/>
	<Point X="140" Y="179"/>
	<Point X="139" Y="180"/>
	<Point X="137" Y="182"/>
	<Point X="137" Y="183"/>
	<Point X="136" Y="184"/>
	<Point X="135" Y="186"/>
	<Point X="134" Y="187"/>
	<Point X="133" Y="188"/>
	<Point X="132" Y="189"/>
	<Point X="132" Y="190"/>
	<Point X="131" Y="192"/>
	<Point X="130" Y="193"/>
	<Point X="129" Y="193"/>
	<Point X="129" Y="195"/>
	<Point X="128" Y="196"/>
	<Point X="127" Y="197"/>
	<Point X="127" Y="198"/>
	<Point X="126" Y="199"/>
	<Point X="125" Y="200"/>
	<Point X="125" Y="201"/>
	<Point X="124" Y="202"/>
	<Point X="124" Y="203"/>
	<Point X="124" Y="204"/>
	<Point X="123" Y="204"/>
	<Point X="123" Y="205"/>
	<Point X="123" Y="206"/>
	<Point X="123" Y="207"/>
	<Point X="122" Y="208"/>
	<Point X="122" Y="209"/>
	<Point X="121" Y="210"/>
	<Point X="121" Y="211"/>
	<Point X="120" Y="211"/>
	<Point X="120" Y="212"/>
	<Point X="121" Y="212"/>
	<Point X="122" Y="212"/>
	<Point X="123" Y="212"/>
	<Point X="124" Y="212"/>
	<Point X="125" Y="212"/>
	<Point X="126" Y="212"/>
	<Point X="127" Y="212"/>
	<Point X="129" Y="213"/>
	<Point X="131" Y="213"/>
	<Point X="134" Y="213"/>
	<Point X="136" Y="213"/>
	<Point X="145" Y="215"/>
	<Point X="147" Y="215"/>
	<Point X="151" Y="215"/>
	<Point X="153" Y="216"/>
	<Point X="156" Y="216"/>
	<Point X="157" Y="216"/>
	<Point X="162" Y="217"/>
	<Point X="164" Y="218"/>
	<Point X="168" Y="218"/>
	<Point X="171" Y="218"/>
	<Point X="175" Y="219"/>
	<Point X="179" Y="219"/>
	<Point X="182" Y="220"/>
	<Point X="185" Y="220"/>
	<Point X="190" Y="220"/>
	<Point X="193" Y="221"/>
	<Point X="198" Y="221"/>
	<Point X="202" Y="222"/>
	<Point X="205" Y="222"/>
	<Point X="208" Y="222"/>
	<Point X="210" Y="222"/>
	<Point X="213" Y="222"/>
	<Point X="216" Y="222"/>
	<Point X="220" Y="223"/>
	<Point X="223" Y="223"/>
	<Point X="225" Y="223"/>
	<Point X="226" Y="223"/>
	<Point X="227" Y="223"/>
	<Point X="229" Y="223"/>
	<Point X="232" Y="223"/>
	<Point X="233" Y="223"/>
	<Point X="235" Y="223"/>
	<Point X="236" Y="223"/>
	<Point X="237" Y="223"/>
	<Point X="238" Y="223"/>
	<Point X="239" Y="223"/>
	<Point X="240" Y="223"/>
	<Point X="241" Y="223"/>
	<Point X="242" Y="223"/>
	<Point X="243" Y="223"/>
	<Point X="244" Y="223"/>
	<Point X="245" Y="223"/>
	<Point X="246" Y="223"/>
	<Point X="246" Y="222"/>
	<Point X="247" Y="222"/>
	<Point X="247" Y="221"/>
	<Point X="248" Y="221"/>
	<Point X="248" Y="220"/>
	<Point X="248" Y="219"/>
	<Point X="248" Y="218"/>
	<Point X="249" Y="218"/>
	<Point X="249" Y="217"/>
	<Point X="249" Y="216"/>
	<Point X="249" Y="215"/>
	<Point X="249" Y="214"/>
	<Point X="249" Y="213"/>
	<Point X="249" Y="212"/>
	<Point X="248" Y="212"/>
	<Point X="248" Y="211"/>
	<Point X="248" Y="210"/>
	<Point X="248" Y="209"/>
	<Point X="247" Y="209"/>
	<Point X="247" Y="208"/>
	<Point X="247" Y="207"/>
	<Point X="246" Y="206"/>
	<Point X="245" Y="205"/>
	<Point X="245" Y="204"/>
	<Point X="244" Y="204"/>
	<Point X="244" Y="203"/>
	<Point X="243" Y="202"/>
	<Point X="243" Y="200"/>
	<Point X="241" Y="200"/>
	<Point X="240" Y="198"/>
	<Point X="239" Y="196"/>
	<Point X="237" Y="194"/>
	<Point X="236" Y="192"/>
	<Point X="235" Y="191"/>
	<Point X="233" Y="190"/>
	<Point X="232" Y="188"/>
	<Point X="229" Y="185"/>
	<Point X="228" Y="183"/>
	<Point X="226" Y="181"/>
	<Point X="223" Y="179"/>
	<Point X="221" Y="177"/>
	<Point X="219" Y="175"/>
	<Point X="217" Y="174"/>
	<Point X="216" Y="172"/>
	<Point X="214" Y="171"/>
	<Point X="212" Y="169"/>
	<Point X="209" Y="167"/>
	<Point X="206" Y="165"/>
	<Point X="205" Y="164"/>
	<Point X="202" Y="161"/>
	<Point X="201" Y="160"/>
	<Point X="199" Y="158"/>
	<Point X="197" Y="158"/>
	<Point X="195" Y="156"/>
	<Point X="193" Y="155"/>
	<Point X="192" Y="154"/>
	<Point X="191" Y="153"/>
	<Point X="189" Y="152"/>
	<Point X="188" Y="151"/>
	<Point X="187" Y="150"/>
	<Point X="187" Y="149"/>
	<Point X="186" Y="149"/>
	<Point X="185" Y="149"/>
	<Point X="185" Y="148"/>
	<Point X="184" Y="148"/>
	<Point X="184" Y="147"/>
	<Point X="183" Y="147"/>
	<Point X="183" Y="146"/>
</Gesture>
