<?xml version="1.0" ?>
<Gesture Name="triangle01" Subject="03" Number="01" NumPts="217">
	<Point X="131" Y="262"/>
	<Point X="131" Y="261"/>
	<Point X="132" Y="260"/>
	<Point X="132" Y="259"/>
	<Point X="133" Y="259"/>
	<Point X="133" Y="258"/>
	<Point X="134" Y="257"/>
	<Point X="135" Y="256"/>
	<Point X="136" Y="256"/>
	<Point X="137" Y="254"/>
	<Point X="138" Y="253"/>
	<Point X="138" Y="252"/>
	<Point X="140" Y="251"/>
	<Point X="141" Y="249"/>
	<Point X="142" Y="248"/>
	<Point X="144" Y="245"/>
	<Point X="145" Y="244"/>
	<Point X="146" Y="243"/>
	<Point X="148" Y="241"/>
	<Point X="148" Y="240"/>
	<Point X="150" Y="239"/>
	<Point X="151" Y="236"/>
	<Point X="152" Y="235"/>
	<Point X="153" Y="233"/>
	<Point X="155" Y="230"/>
	<Point X="155" Y="229"/>
	<Point X="157" Y="226"/>
	<Point X="157" Y="224"/>
	<Point X="159" Y="223"/>
	<Point X="159" Y="222"/>
	<Point X="160" Y="219"/>
	<Point X="161" Y="217"/>
	<Point X="162" Y="216"/>
	<Point X="162" Y="215"/>
	<Point X="163" Y="213"/>
	<Point X="163" Y="212"/>
	<Point X="164" Y="211"/>
	<Point X="164" Y="210"/>
	<Point X="165" Y="209"/>
	<Point X="165" Y="207"/>
	<Point X="166" Y="206"/>
	<Point X="167" Y="205"/>
	<Point X="167" Y="204"/>
	<Point X="167" Y="203"/>
	<Point X="168" Y="202"/>
	<Point X="168" Y="201"/>
	<Point X="168" Y="200"/>
	<Point X="169" Y="200"/>
	<Point X="169" Y="199"/>
	<Point X="170" Y="199"/>
	<Point X="170" Y="200"/>
	<Point X="171" Y="200"/>
	<Point X="171" Y="201"/>
	<Point X="171" Y="202"/>
	<Point X="172" Y="204"/>
	<Point X="172" Y="205"/>
	<Point X="173" Y="207"/>
	<Point X="174" Y="210"/>
	<Point X="175" Y="212"/>
	<Point X="176" Y="215"/>
	<Point X="177" Y="217"/>
	<Point X="178" Y="218"/>
	<Point X="178" Y="221"/>
	<Point X="179" Y="223"/>
	<Point X="180" Y="225"/>
	<Point X="181" Y="227"/>
	<Point X="182" Y="230"/>
	<Point X="183" Y="232"/>
	<Point X="184" Y="234"/>
	<Point X="187" Y="238"/>
	<Point X="188" Y="241"/>
	<Point X="189" Y="244"/>
	<Point X="190" Y="246"/>
	<Point X="192" Y="250"/>
	<Point X="194" Y="255"/>
	<Point X="196" Y="258"/>
	<Point X="198" Y="262"/>
	<Point X="200" Y="265"/>
	<Point X="200" Y="266"/>
	<Point X="202" Y="269"/>
	<Point X="205" Y="272"/>
	<Point X="206" Y="274"/>
	<Point X="208" Y="276"/>
	<Point X="209" Y="278"/>
	<Point X="210" Y="280"/>
	<Point X="211" Y="281"/>
	<Point X="212" Y="282"/>
	<Point X="212" Y="283"/>
	<Point X="213" Y="285"/>
	<Point X="214" Y="285"/>
	<Point X="214" Y="286"/>
	<Point X="215" Y="286"/>
	<Point X="216" Y="286"/>
	<Point X="215" Y="286"/>
	<Point X="214" Y="285"/>
	<Point X="213" Y="284"/>
	<Point X="213" Y="283"/>
	<Point X="212" Y="282"/>
	<Point X="210" Y="281"/>
	<Point X="208" Y="279"/>
	<Point X="205" Y="278"/>
	<Point X="203" Y="275"/>
	<Point X="200" Y="273"/>
	<Point X="197" Y="272"/>
	<Point X="195" Y="269"/>
	<Point X="191" Y="267"/>
	<Point X="187" Y="264"/>
	<Point X="184" Y="262"/>
	<Point X="181" Y="260"/>
	<Point X="177" Y="257"/>
	<Point X="174" Y="255"/>
	<Point X="171" Y="253"/>
	<Point X="169" Y="250"/>
	<Point X="166" Y="250"/>
	<Point X="162" Y="246"/>
	<Point X="159" Y="244"/>
	<Point X="157" Y="242"/>
	<Point X="153" Y="239"/>
	<Point X="144" Y="233"/>
	<Point X="140" Y="230"/>
	<Point X="136" Y="227"/>
	<Point X="134" Y="226"/>
	<Point X="132" Y="224"/>
	<Point X="130" Y="222"/>
	<Point X="128" Y="221"/>
	<Point X="127" Y="220"/>
	<Point X="125" Y="219"/>
	<Point X="124" Y="218"/>
	<Point X="123" Y="217"/>
	<Point X="121" Y="215"/>
	<Point X="120" Y="215"/>
	<Point X="119" Y="214"/>
	<Point X="118" Y="214"/>
	<Point X="118" Y="213"/>
	<Point X="117" Y="213"/>
	<Point X="118" Y="213"/>
	<Point X="118" Y="214"/>
	<Point X="119" Y="214"/>
	<Point X="120" Y="215"/>
	<Point X="122" Y="216"/>
	<Point X="123" Y="217"/>
	<Point X="125" Y="218"/>
	<Point X="127" Y="219"/>
	<Point X="130" Y="220"/>
	<Point X="134" Y="221"/>
	<Point X="138" Y="222"/>
	<Point X="142" Y="223"/>
	<Point X="145" Y="224"/>
	<Point X="147" Y="224"/>
	<Point X="151" Y="225"/>
	<Point X="153" Y="226"/>
	<Point X="157" Y="226"/>
	<Point X="160" Y="227"/>
	<Point X="165" Y="228"/>
	<Point X="168" Y="228"/>
	<Point X="173" Y="228"/>
	<Point X="177" Y="229"/>
	<Point X="180" Y="229"/>
	<Point X="182" Y="229"/>
	<Point X="186" Y="229"/>
	<Point X="189" Y="229"/>
	<Point X="194" Y="229"/>
	<Point X="196" Y="228"/>
	<Point X="198" Y="228"/>
	<Point X="199" Y="228"/>
	<Point X="201" Y="227"/>
	<Point X="203" Y="227"/>
	<Point X="204" Y="227"/>
	<Point X="205" Y="226"/>
	<Point X="207" Y="225"/>
	<Point X="208" Y="225"/>
	<Point X="209" Y="224"/>
	<Point X="209" Y="223"/>
	<Point X="210" Y="223"/>
	<Point X="210" Y="222"/>
	<Point X="209" Y="222"/>
	<Point X="209" Y="221"/>
	<Point X="208" Y="221"/>
	<Point X="207" Y="221"/>
	<Point X="206" Y="221"/>
	<Point X="205" Y="222"/>
	<Point X="204" Y="222"/>
	<Point X="203" Y="223"/>
	<Point X="201" Y="223"/>
	<Point X="199" Y="225"/>
	<Point X="197" Y="226"/>
	<Point X="195" Y="228"/>
	<Point X="193" Y="230"/>
	<Point X="190" Y="231"/>
	<Point X="189" Y="233"/>
	<Point X="186" Y="236"/>
	<Point X="182" Y="238"/>
	<Point X="179" Y="241"/>
	<Point X="178" Y="243"/>
	<Point X="174" Y="245"/>
	<Point X="173" Y="246"/>
	<Point X="171" Y="247"/>
	<Point X="170" Y="248"/>
	<Point X="167" Y="251"/>
	<Point X="164" Y="252"/>
	<Point X="162" Y="253"/>
	<Point X="159" Y="255"/>
	<Point X="158" Y="256"/>
	<Point X="155" Y="258"/>
	<Point X="153" Y="259"/>
	<Point X="152" Y="259"/>
	<Point X="151" Y="261"/>
	<Point X="149" Y="262"/>
	<Point X="147" Y="262"/>
	<Point X="146" Y="263"/>
	<Point X="145" Y="263"/>
	<Point X="144" Y="263"/>
	<Point X="143" Y="264"/>
	<Point X="143" Y="265"/>
	<Point X="142" Y="265"/>
	<Point X="141" Y="265"/>
	<Point X="141" Y="264"/>
</Gesture>
