<?xml version="1.0" ?>
<Gesture Name="triangle03" Subject="03" Number="03" NumPts="194">
	<Point X="176" Y="144"/>
	<Point X="175" Y="144"/>
	<Point X="175" Y="145"/>
	<Point X="175" Y="146"/>
	<Point X="174" Y="147"/>
	<Point X="173" Y="147"/>
	<Point X="173" Y="148"/>
	<Point X="173" Y="149"/>
	<Point X="172" Y="149"/>
	<Point X="172" Y="150"/>
	<Point X="172" Y="151"/>
	<Point X="171" Y="152"/>
	<Point X="170" Y="153"/>
	<Point X="169" Y="155"/>
	<Point X="169" Y="156"/>
	<Point X="168" Y="156"/>
	<Point X="168" Y="158"/>
	<Point X="167" Y="159"/>
	<Point X="167" Y="160"/>
	<Point X="166" Y="162"/>
	<Point X="165" Y="164"/>
	<Point X="164" Y="165"/>
	<Point X="163" Y="167"/>
	<Point X="163" Y="168"/>
	<Point X="162" Y="169"/>
	<Point X="161" Y="170"/>
	<Point X="161" Y="172"/>
	<Point X="159" Y="174"/>
	<Point X="159" Y="176"/>
	<Point X="158" Y="177"/>
	<Point X="157" Y="178"/>
	<Point X="156" Y="179"/>
	<Point X="156" Y="180"/>
	<Point X="155" Y="181"/>
	<Point X="154" Y="182"/>
	<Point X="154" Y="184"/>
	<Point X="153" Y="185"/>
	<Point X="152" Y="186"/>
	<Point X="151" Y="187"/>
	<Point X="151" Y="188"/>
	<Point X="150" Y="189"/>
	<Point X="149" Y="190"/>
	<Point X="148" Y="191"/>
	<Point X="148" Y="193"/>
	<Point X="147" Y="194"/>
	<Point X="147" Y="195"/>
	<Point X="146" Y="196"/>
	<Point X="145" Y="198"/>
	<Point X="144" Y="198"/>
	<Point X="144" Y="199"/>
	<Point X="144" Y="200"/>
	<Point X="143" Y="201"/>
	<Point X="143" Y="202"/>
	<Point X="142" Y="203"/>
	<Point X="142" Y="204"/>
	<Point X="141" Y="205"/>
	<Point X="141" Y="206"/>
	<Point X="140" Y="206"/>
	<Point X="140" Y="207"/>
	<Point X="140" Y="208"/>
	<Point X="140" Y="209"/>
	<Point X="139" Y="209"/>
	<Point X="139" Y="210"/>
	<Point X="139" Y="211"/>
	<Point X="140" Y="211"/>
	<Point X="141" Y="211"/>
	<Point X="142" Y="211"/>
	<Point X="143" Y="211"/>
	<Point X="144" Y="211"/>
	<Point X="144" Y="212"/>
	<Point X="146" Y="212"/>
	<Point X="148" Y="213"/>
	<Point X="151" Y="213"/>
	<Point X="154" Y="213"/>
	<Point X="155" Y="214"/>
	<Point X="157" Y="214"/>
	<Point X="160" Y="214"/>
	<Point X="164" Y="216"/>
	<Point X="167" Y="216"/>
	<Point X="171" Y="216"/>
	<Point X="172" Y="217"/>
	<Point X="176" Y="218"/>
	<Point X="178" Y="218"/>
	<Point X="184" Y="219"/>
	<Point X="188" Y="220"/>
	<Point X="190" Y="220"/>
	<Point X="192" Y="220"/>
	<Point X="195" Y="221"/>
	<Point X="198" Y="222"/>
	<Point X="202" Y="222"/>
	<Point X="208" Y="222"/>
	<Point X="212" Y="223"/>
	<Point X="216" Y="223"/>
	<Point X="217" Y="223"/>
	<Point X="220" Y="224"/>
	<Point X="223" Y="224"/>
	<Point X="226" Y="224"/>
	<Point X="230" Y="225"/>
	<Point X="234" Y="225"/>
	<Point X="238" Y="225"/>
	<Point X="239" Y="225"/>
	<Point X="241" Y="225"/>
	<Point X="244" Y="226"/>
	<Point X="247" Y="226"/>
	<Point X="249" Y="226"/>
	<Point X="253" Y="226"/>
	<Point X="255" Y="226"/>
	<Point X="256" Y="226"/>
	<Point X="259" Y="226"/>
	<Point X="260" Y="226"/>
	<Point X="261" Y="226"/>
	<Point X="263" Y="226"/>
	<Point X="264" Y="226"/>
	<Point X="265" Y="227"/>
	<Point X="267" Y="227"/>
	<Point X="268" Y="227"/>
	<Point X="269" Y="227"/>
	<Point X="270" Y="227"/>
	<Point X="271" Y="227"/>
	<Point X="272" Y="227"/>
	<Point X="272" Y="226"/>
	<Point X="272" Y="225"/>
	<Point X="272" Y="224"/>
	<Point X="271" Y="224"/>
	<Point X="271" Y="223"/>
	<Point X="271" Y="222"/>
	<Point X="270" Y="222"/>
	<Point X="270" Y="221"/>
	<Point X="269" Y="220"/>
	<Point X="269" Y="219"/>
	<Point X="268" Y="218"/>
	<Point X="267" Y="217"/>
	<Point X="266" Y="216"/>
	<Point X="265" Y="215"/>
	<Point X="264" Y="214"/>
	<Point X="263" Y="213"/>
	<Point X="262" Y="211"/>
	<Point X="261" Y="210"/>
	<Point X="260" Y="209"/>
	<Point X="259" Y="208"/>
	<Point X="257" Y="206"/>
	<Point X="256" Y="205"/>
	<Point X="254" Y="203"/>
	<Point X="253" Y="202"/>
	<Point X="252" Y="201"/>
	<Point X="250" Y="200"/>
	<Point X="249" Y="198"/>
	<Point X="246" Y="196"/>
	<Point X="244" Y="194"/>
	<Point X="242" Y="193"/>
	<Point X="241" Y="192"/>
	<Point X="239" Y="191"/>
	<Point X="238" Y="190"/>
	<Point X="236" Y="188"/>
	<Point X="234" Y="187"/>
	<Point X="233" Y="185"/>
	<Point X="231" Y="184"/>
	<Point X="230" Y="183"/>
	<Point X="229" Y="182"/>
	<Point X="228" Y="181"/>
	<Point X="226" Y="180"/>
	<Point X="225" Y="178"/>
	<Point X="223" Y="177"/>
	<Point X="222" Y="176"/>
	<Point X="221" Y="175"/>
	<Point X="221" Y="174"/>
	<Point X="219" Y="172"/>
	<Point X="218" Y="171"/>
	<Point X="217" Y="170"/>
	<Point X="215" Y="168"/>
	<Point X="214" Y="167"/>
	<Point X="213" Y="167"/>
	<Point X="212" Y="165"/>
	<Point X="211" Y="164"/>
	<Point X="210" Y="163"/>
	<Point X="209" Y="161"/>
	<Point X="208" Y="161"/>
	<Point X="206" Y="159"/>
	<Point X="205" Y="158"/>
	<Point X="204" Y="158"/>
	<Point X="203" Y="156"/>
	<Point X="202" Y="155"/>
	<Point X="201" Y="154"/>
	<Point X="200" Y="154"/>
	<Point X="199" Y="152"/>
	<Point X="198" Y="152"/>
	<Point X="198" Y="151"/>
	<Point X="197" Y="151"/>
	<Point X="197" Y="150"/>
	<Point X="196" Y="150"/>
	<Point X="195" Y="150"/>
	<Point X="195" Y="149"/>
	<Point X="194" Y="149"/>
	<Point X="194" Y="148"/>
</Gesture>
