<?xml version="1.0" ?>
<Gesture Name="triangle06" Subject="03" Number="06" NumPts="179">
	<Point X="175" Y="161"/>
	<Point X="174" Y="161"/>
	<Point X="174" Y="162"/>
	<Point X="173" Y="162"/>
	<Point X="173" Y="163"/>
	<Point X="173" Y="164"/>
	<Point X="172" Y="164"/>
	<Point X="172" Y="165"/>
	<Point X="171" Y="165"/>
	<Point X="171" Y="166"/>
	<Point X="170" Y="167"/>
	<Point X="170" Y="168"/>
	<Point X="169" Y="168"/>
	<Point X="169" Y="170"/>
	<Point X="168" Y="171"/>
	<Point X="167" Y="172"/>
	<Point X="166" Y="174"/>
	<Point X="166" Y="175"/>
	<Point X="165" Y="175"/>
	<Point X="165" Y="176"/>
	<Point X="165" Y="177"/>
	<Point X="164" Y="178"/>
	<Point X="163" Y="179"/>
	<Point X="163" Y="180"/>
	<Point X="162" Y="181"/>
	<Point X="162" Y="182"/>
	<Point X="162" Y="183"/>
	<Point X="161" Y="183"/>
	<Point X="161" Y="184"/>
	<Point X="160" Y="186"/>
	<Point X="159" Y="187"/>
	<Point X="158" Y="188"/>
	<Point X="158" Y="189"/>
	<Point X="158" Y="190"/>
	<Point X="157" Y="191"/>
	<Point X="157" Y="192"/>
	<Point X="156" Y="192"/>
	<Point X="156" Y="193"/>
	<Point X="155" Y="194"/>
	<Point X="155" Y="195"/>
	<Point X="154" Y="196"/>
	<Point X="154" Y="198"/>
	<Point X="153" Y="198"/>
	<Point X="153" Y="199"/>
	<Point X="153" Y="200"/>
	<Point X="152" Y="200"/>
	<Point X="152" Y="201"/>
	<Point X="151" Y="201"/>
	<Point X="151" Y="202"/>
	<Point X="151" Y="203"/>
	<Point X="150" Y="204"/>
	<Point X="150" Y="205"/>
	<Point X="150" Y="206"/>
	<Point X="149" Y="207"/>
	<Point X="149" Y="208"/>
	<Point X="148" Y="208"/>
	<Point X="148" Y="209"/>
	<Point X="147" Y="210"/>
	<Point X="147" Y="211"/>
	<Point X="147" Y="212"/>
	<Point X="146" Y="212"/>
	<Point X="146" Y="213"/>
	<Point X="146" Y="214"/>
	<Point X="147" Y="214"/>
	<Point X="147" Y="215"/>
	<Point X="148" Y="215"/>
	<Point X="149" Y="216"/>
	<Point X="150" Y="216"/>
	<Point X="151" Y="216"/>
	<Point X="152" Y="216"/>
	<Point X="155" Y="217"/>
	<Point X="158" Y="218"/>
	<Point X="162" Y="219"/>
	<Point X="165" Y="219"/>
	<Point X="168" Y="219"/>
	<Point X="172" Y="220"/>
	<Point X="175" Y="220"/>
	<Point X="180" Y="221"/>
	<Point X="184" Y="222"/>
	<Point X="188" Y="222"/>
	<Point X="191" Y="223"/>
	<Point X="196" Y="224"/>
	<Point X="201" Y="225"/>
	<Point X="204" Y="225"/>
	<Point X="208" Y="225"/>
	<Point X="212" Y="226"/>
	<Point X="215" Y="227"/>
	<Point X="219" Y="227"/>
	<Point X="221" Y="227"/>
	<Point X="224" Y="227"/>
	<Point X="227" Y="227"/>
	<Point X="230" Y="227"/>
	<Point X="232" Y="227"/>
	<Point X="233" Y="228"/>
	<Point X="235" Y="228"/>
	<Point X="236" Y="228"/>
	<Point X="238" Y="228"/>
	<Point X="239" Y="228"/>
	<Point X="240" Y="228"/>
	<Point X="241" Y="228"/>
	<Point X="242" Y="228"/>
	<Point X="243" Y="228"/>
	<Point X="244" Y="228"/>
	<Point X="244" Y="227"/>
	<Point X="244" Y="226"/>
	<Point X="244" Y="225"/>
	<Point X="244" Y="224"/>
	<Point X="244" Y="223"/>
	<Point X="244" Y="222"/>
	<Point X="243" Y="222"/>
	<Point X="243" Y="221"/>
	<Point X="243" Y="220"/>
	<Point X="242" Y="219"/>
	<Point X="241" Y="219"/>
	<Point X="241" Y="218"/>
	<Point X="240" Y="217"/>
	<Point X="240" Y="216"/>
	<Point X="239" Y="216"/>
	<Point X="238" Y="215"/>
	<Point X="238" Y="214"/>
	<Point X="237" Y="214"/>
	<Point X="235" Y="212"/>
	<Point X="234" Y="211"/>
	<Point X="233" Y="210"/>
	<Point X="232" Y="208"/>
	<Point X="230" Y="207"/>
	<Point X="229" Y="206"/>
	<Point X="228" Y="206"/>
	<Point X="227" Y="205"/>
	<Point X="226" Y="203"/>
	<Point X="224" Y="203"/>
	<Point X="223" Y="202"/>
	<Point X="222" Y="201"/>
	<Point X="220" Y="199"/>
	<Point X="219" Y="198"/>
	<Point X="218" Y="197"/>
	<Point X="217" Y="196"/>
	<Point X="216" Y="196"/>
	<Point X="215" Y="195"/>
	<Point X="214" Y="194"/>
	<Point X="214" Y="193"/>
	<Point X="212" Y="192"/>
	<Point X="211" Y="191"/>
	<Point X="210" Y="190"/>
	<Point X="209" Y="189"/>
	<Point X="208" Y="189"/>
	<Point X="207" Y="188"/>
	<Point X="206" Y="187"/>
	<Point X="205" Y="186"/>
	<Point X="204" Y="185"/>
	<Point X="203" Y="184"/>
	<Point X="202" Y="182"/>
	<Point X="201" Y="182"/>
	<Point X="201" Y="181"/>
	<Point X="200" Y="181"/>
	<Point X="199" Y="180"/>
	<Point X="199" Y="179"/>
	<Point X="198" Y="178"/>
	<Point X="197" Y="178"/>
	<Point X="197" Y="177"/>
	<Point X="196" Y="177"/>
	<Point X="196" Y="176"/>
	<Point X="195" Y="176"/>
	<Point X="195" Y="175"/>
	<Point X="194" Y="175"/>
	<Point X="194" Y="174"/>
	<Point X="193" Y="174"/>
	<Point X="193" Y="173"/>
	<Point X="192" Y="173"/>
	<Point X="191" Y="173"/>
	<Point X="191" Y="172"/>
	<Point X="190" Y="172"/>
	<Point X="190" Y="171"/>
	<Point X="190" Y="170"/>
	<Point X="189" Y="170"/>
	<Point X="189" Y="169"/>
	<Point X="188" Y="169"/>
	<Point X="188" Y="168"/>
	<Point X="187" Y="168"/>
</Gesture>
