<?xml version="1.0" ?>
<Gesture Name="triangle04" Subject="03" Number="04" NumPts="176">
	<Point X="178" Y="152"/>
	<Point X="177" Y="152"/>
	<Point X="177" Y="153"/>
	<Point X="177" Y="154"/>
	<Point X="177" Y="155"/>
	<Point X="176" Y="155"/>
	<Point X="176" Y="156"/>
	<Point X="176" Y="157"/>
	<Point X="176" Y="158"/>
	<Point X="175" Y="158"/>
	<Point X="175" Y="159"/>
	<Point X="174" Y="160"/>
	<Point X="174" Y="161"/>
	<Point X="174" Y="162"/>
	<Point X="173" Y="164"/>
	<Point X="173" Y="165"/>
	<Point X="172" Y="167"/>
	<Point X="172" Y="168"/>
	<Point X="172" Y="169"/>
	<Point X="171" Y="171"/>
	<Point X="170" Y="172"/>
	<Point X="169" Y="173"/>
	<Point X="169" Y="174"/>
	<Point X="169" Y="175"/>
	<Point X="169" Y="176"/>
	<Point X="168" Y="177"/>
	<Point X="168" Y="179"/>
	<Point X="167" Y="180"/>
	<Point X="167" Y="182"/>
	<Point X="166" Y="183"/>
	<Point X="166" Y="184"/>
	<Point X="165" Y="185"/>
	<Point X="165" Y="187"/>
	<Point X="164" Y="188"/>
	<Point X="164" Y="189"/>
	<Point X="163" Y="190"/>
	<Point X="163" Y="191"/>
	<Point X="163" Y="192"/>
	<Point X="162" Y="193"/>
	<Point X="161" Y="194"/>
	<Point X="161" Y="195"/>
	<Point X="161" Y="196"/>
	<Point X="160" Y="197"/>
	<Point X="160" Y="198"/>
	<Point X="159" Y="199"/>
	<Point X="159" Y="200"/>
	<Point X="159" Y="201"/>
	<Point X="158" Y="202"/>
	<Point X="158" Y="203"/>
	<Point X="157" Y="203"/>
	<Point X="157" Y="204"/>
	<Point X="157" Y="205"/>
	<Point X="156" Y="205"/>
	<Point X="156" Y="206"/>
	<Point X="157" Y="206"/>
	<Point X="158" Y="206"/>
	<Point X="159" Y="207"/>
	<Point X="160" Y="207"/>
	<Point X="161" Y="208"/>
	<Point X="163" Y="208"/>
	<Point X="164" Y="208"/>
	<Point X="165" Y="209"/>
	<Point X="169" Y="209"/>
	<Point X="171" Y="209"/>
	<Point X="173" Y="210"/>
	<Point X="176" Y="210"/>
	<Point X="178" Y="211"/>
	<Point X="180" Y="211"/>
	<Point X="181" Y="211"/>
	<Point X="185" Y="211"/>
	<Point X="186" Y="211"/>
	<Point X="194" Y="211"/>
	<Point X="196" Y="212"/>
	<Point X="198" Y="212"/>
	<Point X="201" Y="212"/>
	<Point X="203" Y="212"/>
	<Point X="206" Y="212"/>
	<Point X="208" Y="212"/>
	<Point X="210" Y="212"/>
	<Point X="211" Y="212"/>
	<Point X="213" Y="212"/>
	<Point X="215" Y="212"/>
	<Point X="217" Y="212"/>
	<Point X="220" Y="212"/>
	<Point X="221" Y="212"/>
	<Point X="222" Y="212"/>
	<Point X="224" Y="212"/>
	<Point X="225" Y="212"/>
	<Point X="227" Y="212"/>
	<Point X="228" Y="212"/>
	<Point X="229" Y="212"/>
	<Point X="230" Y="212"/>
	<Point X="231" Y="212"/>
	<Point X="232" Y="212"/>
	<Point X="233" Y="212"/>
	<Point X="234" Y="212"/>
	<Point X="235" Y="212"/>
	<Point X="236" Y="212"/>
	<Point X="237" Y="212"/>
	<Point X="238" Y="213"/>
	<Point X="239" Y="213"/>
	<Point X="240" Y="213"/>
	<Point X="241" Y="213"/>
	<Point X="242" Y="213"/>
	<Point X="243" Y="213"/>
	<Point X="244" Y="213"/>
	<Point X="245" Y="213"/>
	<Point X="245" Y="212"/>
	<Point X="245" Y="211"/>
	<Point X="245" Y="210"/>
	<Point X="244" Y="210"/>
	<Point X="244" Y="209"/>
	<Point X="243" Y="208"/>
	<Point X="242" Y="207"/>
	<Point X="241" Y="207"/>
	<Point X="241" Y="206"/>
	<Point X="240" Y="205"/>
	<Point X="238" Y="204"/>
	<Point X="238" Y="203"/>
	<Point X="237" Y="202"/>
	<Point X="236" Y="201"/>
	<Point X="235" Y="201"/>
	<Point X="233" Y="199"/>
	<Point X="232" Y="199"/>
	<Point X="232" Y="198"/>
	<Point X="230" Y="197"/>
	<Point X="229" Y="196"/>
	<Point X="228" Y="195"/>
	<Point X="226" Y="194"/>
	<Point X="225" Y="193"/>
	<Point X="224" Y="192"/>
	<Point X="223" Y="191"/>
	<Point X="222" Y="191"/>
	<Point X="221" Y="190"/>
	<Point X="220" Y="189"/>
	<Point X="219" Y="188"/>
	<Point X="217" Y="187"/>
	<Point X="216" Y="186"/>
	<Point X="215" Y="185"/>
	<Point X="213" Y="184"/>
	<Point X="213" Y="183"/>
	<Point X="211" Y="182"/>
	<Point X="210" Y="181"/>
	<Point X="209" Y="180"/>
	<Point X="208" Y="179"/>
	<Point X="208" Y="178"/>
	<Point X="207" Y="178"/>
	<Point X="206" Y="177"/>
	<Point X="205" Y="176"/>
	<Point X="204" Y="175"/>
	<Point X="203" Y="174"/>
	<Point X="203" Y="173"/>
	<Point X="202" Y="172"/>
	<Point X="201" Y="172"/>
	<Point X="201" Y="171"/>
	<Point X="200" Y="170"/>
	<Point X="199" Y="170"/>
	<Point X="198" Y="169"/>
	<Point X="197" Y="168"/>
	<Point X="197" Y="167"/>
	<Point X="196" Y="167"/>
	<Point X="195" Y="166"/>
	<Point X="195" Y="165"/>
	<Point X="194" Y="165"/>
	<Point X="193" Y="165"/>
	<Point X="193" Y="164"/>
	<Point X="192" Y="163"/>
	<Point X="191" Y="162"/>
	<Point X="191" Y="161"/>
	<Point X="190" Y="161"/>
	<Point X="189" Y="161"/>
	<Point X="189" Y="160"/>
	<Point X="188" Y="159"/>
	<Point X="187" Y="159"/>
	<Point X="187" Y="158"/>
	<Point X="186" Y="158"/>
</Gesture>
