<?xml version="1.0" ?>
<Gesture Name="v01" Subject="03" Number="01" NumPts="122">
	<Point X="100" Y="157"/>
	<Point X="100" Y="158"/>
	<Point X="101" Y="159"/>
	<Point X="102" Y="159"/>
	<Point X="102" Y="160"/>
	<Point X="103" Y="161"/>
	<Point X="105" Y="163"/>
	<Point X="105" Y="164"/>
	<Point X="106" Y="165"/>
	<Point X="107" Y="167"/>
	<Point X="109" Y="169"/>
	<Point X="110" Y="170"/>
	<Point X="111" Y="172"/>
	<Point X="113" Y="173"/>
	<Point X="115" Y="175"/>
	<Point X="116" Y="176"/>
	<Point X="120" Y="180"/>
	<Point X="121" Y="181"/>
	<Point X="123" Y="183"/>
	<Point X="125" Y="185"/>
	<Point X="128" Y="188"/>
	<Point X="129" Y="189"/>
	<Point X="132" Y="192"/>
	<Point X="136" Y="195"/>
	<Point X="138" Y="197"/>
	<Point X="142" Y="199"/>
	<Point X="144" Y="201"/>
	<Point X="145" Y="202"/>
	<Point X="147" Y="203"/>
	<Point X="149" Y="205"/>
	<Point X="152" Y="207"/>
	<Point X="153" Y="208"/>
	<Point X="156" Y="209"/>
	<Point X="157" Y="210"/>
	<Point X="158" Y="211"/>
	<Point X="159" Y="212"/>
	<Point X="160" Y="213"/>
	<Point X="162" Y="214"/>
	<Point X="163" Y="215"/>
	<Point X="164" Y="216"/>
	<Point X="165" Y="217"/>
	<Point X="165" Y="218"/>
	<Point X="166" Y="218"/>
	<Point X="167" Y="218"/>
	<Point X="167" Y="219"/>
	<Point X="167" Y="220"/>
	<Point X="168" Y="220"/>
	<Point X="168" Y="221"/>
	<Point X="168" Y="222"/>
	<Point X="168" Y="223"/>
	<Point X="168" Y="222"/>
	<Point X="168" Y="221"/>
	<Point X="169" Y="220"/>
	<Point X="169" Y="219"/>
	<Point X="169" Y="218"/>
	<Point X="170" Y="217"/>
	<Point X="171" Y="215"/>
	<Point X="171" Y="214"/>
	<Point X="172" Y="214"/>
	<Point X="172" Y="212"/>
	<Point X="173" Y="210"/>
	<Point X="173" Y="209"/>
	<Point X="174" Y="207"/>
	<Point X="175" Y="206"/>
	<Point X="176" Y="204"/>
	<Point X="176" Y="203"/>
	<Point X="177" Y="203"/>
	<Point X="178" Y="200"/>
	<Point X="178" Y="199"/>
	<Point X="179" Y="198"/>
	<Point X="179" Y="197"/>
	<Point X="180" Y="196"/>
	<Point X="181" Y="195"/>
	<Point X="181" Y="193"/>
	<Point X="182" Y="191"/>
	<Point X="183" Y="189"/>
	<Point X="184" Y="188"/>
	<Point X="184" Y="187"/>
	<Point X="185" Y="185"/>
	<Point X="186" Y="184"/>
	<Point X="187" Y="183"/>
	<Point X="187" Y="182"/>
	<Point X="188" Y="180"/>
	<Point X="188" Y="179"/>
	<Point X="189" Y="179"/>
	<Point X="189" Y="177"/>
	<Point X="190" Y="177"/>
	<Point X="190" Y="176"/>
	<Point X="191" Y="175"/>
	<Point X="191" Y="174"/>
	<Point X="191" Y="173"/>
	<Point X="192" Y="172"/>
	<Point X="192" Y="171"/>
	<Point X="192" Y="170"/>
	<Point X="193" Y="170"/>
	<Point X="193" Y="169"/>
	<Point X="194" Y="168"/>
	<Point X="194" Y="167"/>
	<Point X="195" Y="166"/>
	<Point X="195" Y="165"/>
	<Point X="195" Y="164"/>
	<Point X="196" Y="164"/>
	<Point X="196" Y="163"/>
	<Point X="197" Y="162"/>
	<Point X="197" Y="161"/>
	<Point X="197" Y="160"/>
	<Point X="198" Y="159"/>
	<Point X="199" Y="159"/>
	<Point X="200" Y="158"/>
	<Point X="200" Y="156"/>
	<Point X="201" Y="156"/>
	<Point X="201" Y="155"/>
	<Point X="202" Y="154"/>
	<Point X="203" Y="154"/>
	<Point X="203" Y="153"/>
	<Point X="203" Y="152"/>
	<Point X="204" Y="152"/>
	<Point X="204" Y="151"/>
	<Point X="204" Y="150"/>
	<Point X="205" Y="150"/>
	<Point X="205" Y="149"/>
	<Point X="205" Y="148"/>
</Gesture>
