<?xml version="1.0" ?>
<Gesture Name="v02" Subject="03" Number="02" NumPts="129">
	<Point X="126" Y="155"/>
	<Point X="126" Y="156"/>
	<Point X="127" Y="156"/>
	<Point X="127" Y="157"/>
	<Point X="128" Y="158"/>
	<Point X="128" Y="159"/>
	<Point X="128" Y="160"/>
	<Point X="129" Y="160"/>
	<Point X="129" Y="162"/>
	<Point X="130" Y="162"/>
	<Point X="130" Y="163"/>
	<Point X="131" Y="166"/>
	<Point X="132" Y="167"/>
	<Point X="133" Y="170"/>
	<Point X="134" Y="171"/>
	<Point X="135" Y="173"/>
	<Point X="136" Y="175"/>
	<Point X="137" Y="176"/>
	<Point X="139" Y="179"/>
	<Point X="139" Y="181"/>
	<Point X="141" Y="183"/>
	<Point X="142" Y="185"/>
	<Point X="143" Y="187"/>
	<Point X="145" Y="190"/>
	<Point X="146" Y="192"/>
	<Point X="148" Y="195"/>
	<Point X="150" Y="197"/>
	<Point X="151" Y="199"/>
	<Point X="152" Y="201"/>
	<Point X="153" Y="203"/>
	<Point X="154" Y="203"/>
	<Point X="155" Y="205"/>
	<Point X="156" Y="206"/>
	<Point X="157" Y="208"/>
	<Point X="158" Y="209"/>
	<Point X="159" Y="210"/>
	<Point X="160" Y="211"/>
	<Point X="161" Y="213"/>
	<Point X="162" Y="215"/>
	<Point X="163" Y="215"/>
	<Point X="164" Y="216"/>
	<Point X="164" Y="217"/>
	<Point X="165" Y="218"/>
	<Point X="166" Y="219"/>
	<Point X="167" Y="220"/>
	<Point X="167" Y="221"/>
	<Point X="168" Y="222"/>
	<Point X="168" Y="223"/>
	<Point X="169" Y="224"/>
	<Point X="169" Y="225"/>
	<Point X="170" Y="225"/>
	<Point X="170" Y="226"/>
	<Point X="171" Y="226"/>
	<Point X="171" Y="227"/>
	<Point X="171" Y="228"/>
	<Point X="172" Y="228"/>
	<Point X="172" Y="227"/>
	<Point X="173" Y="227"/>
	<Point X="173" Y="226"/>
	<Point X="173" Y="225"/>
	<Point X="173" Y="224"/>
	<Point X="174" Y="224"/>
	<Point X="175" Y="223"/>
	<Point X="175" Y="222"/>
	<Point X="176" Y="220"/>
	<Point X="177" Y="219"/>
	<Point X="177" Y="217"/>
	<Point X="178" Y="216"/>
	<Point X="179" Y="215"/>
	<Point X="180" Y="213"/>
	<Point X="181" Y="212"/>
	<Point X="181" Y="211"/>
	<Point X="182" Y="210"/>
	<Point X="183" Y="210"/>
	<Point X="184" Y="208"/>
	<Point X="185" Y="206"/>
	<Point X="186" Y="204"/>
	<Point X="186" Y="203"/>
	<Point X="187" Y="202"/>
	<Point X="188" Y="201"/>
	<Point X="189" Y="199"/>
	<Point X="190" Y="197"/>
	<Point X="191" Y="196"/>
	<Point X="192" Y="195"/>
	<Point X="192" Y="193"/>
	<Point X="193" Y="192"/>
	<Point X="193" Y="191"/>
	<Point X="195" Y="188"/>
	<Point X="197" Y="185"/>
	<Point X="198" Y="182"/>
	<Point X="199" Y="182"/>
	<Point X="199" Y="181"/>
	<Point X="200" Y="179"/>
	<Point X="201" Y="178"/>
	<Point X="201" Y="176"/>
	<Point X="203" Y="174"/>
	<Point X="203" Y="173"/>
	<Point X="204" Y="172"/>
	<Point X="205" Y="170"/>
	<Point X="205" Y="169"/>
	<Point X="206" Y="169"/>
	<Point X="207" Y="166"/>
	<Point X="208" Y="165"/>
	<Point X="208" Y="164"/>
	<Point X="209" Y="164"/>
	<Point X="209" Y="162"/>
	<Point X="209" Y="161"/>
	<Point X="210" Y="161"/>
	<Point X="210" Y="160"/>
	<Point X="211" Y="159"/>
	<Point X="212" Y="159"/>
	<Point X="212" Y="158"/>
	<Point X="212" Y="157"/>
	<Point X="213" Y="156"/>
	<Point X="213" Y="155"/>
	<Point X="214" Y="154"/>
	<Point X="214" Y="153"/>
	<Point X="214" Y="152"/>
	<Point X="215" Y="152"/>
	<Point X="215" Y="151"/>
	<Point X="216" Y="151"/>
	<Point X="216" Y="150"/>
	<Point X="216" Y="149"/>
	<Point X="217" Y="149"/>
	<Point X="217" Y="148"/>
	<Point X="217" Y="147"/>
	<Point X="218" Y="147"/>
	<Point X="218" Y="146"/>
	<Point X="218" Y="145"/>
</Gesture>
