<?xml version="1.0" ?>
<Gesture Name="v05" Subject="03" Number="05" NumPts="106">
	<Point X="124" Y="152"/>
	<Point X="124" Y="153"/>
	<Point X="124" Y="154"/>
	<Point X="125" Y="155"/>
	<Point X="125" Y="156"/>
	<Point X="125" Y="157"/>
	<Point X="126" Y="158"/>
	<Point X="126" Y="159"/>
	<Point X="127" Y="161"/>
	<Point X="128" Y="163"/>
	<Point X="129" Y="165"/>
	<Point X="130" Y="167"/>
	<Point X="132" Y="170"/>
	<Point X="133" Y="173"/>
	<Point X="134" Y="174"/>
	<Point X="136" Y="177"/>
	<Point X="137" Y="178"/>
	<Point X="139" Y="181"/>
	<Point X="141" Y="184"/>
	<Point X="143" Y="187"/>
	<Point X="144" Y="189"/>
	<Point X="147" Y="192"/>
	<Point X="149" Y="194"/>
	<Point X="150" Y="197"/>
	<Point X="153" Y="200"/>
	<Point X="154" Y="201"/>
	<Point X="157" Y="204"/>
	<Point X="160" Y="208"/>
	<Point X="163" Y="210"/>
	<Point X="165" Y="212"/>
	<Point X="165" Y="213"/>
	<Point X="167" Y="214"/>
	<Point X="168" Y="215"/>
	<Point X="169" Y="216"/>
	<Point X="171" Y="217"/>
	<Point X="172" Y="219"/>
	<Point X="173" Y="220"/>
	<Point X="175" Y="221"/>
	<Point X="176" Y="222"/>
	<Point X="176" Y="223"/>
	<Point X="177" Y="224"/>
	<Point X="178" Y="224"/>
	<Point X="178" Y="223"/>
	<Point X="178" Y="222"/>
	<Point X="178" Y="221"/>
	<Point X="179" Y="221"/>
	<Point X="179" Y="220"/>
	<Point X="179" Y="219"/>
	<Point X="179" Y="218"/>
	<Point X="180" Y="217"/>
	<Point X="180" Y="216"/>
	<Point X="180" Y="215"/>
	<Point X="181" Y="213"/>
	<Point X="181" Y="212"/>
	<Point X="182" Y="211"/>
	<Point X="182" Y="209"/>
	<Point X="183" Y="208"/>
	<Point X="183" Y="207"/>
	<Point X="184" Y="205"/>
	<Point X="185" Y="203"/>
	<Point X="185" Y="201"/>
	<Point X="186" Y="200"/>
	<Point X="187" Y="198"/>
	<Point X="188" Y="197"/>
	<Point X="189" Y="195"/>
	<Point X="189" Y="194"/>
	<Point X="191" Y="191"/>
	<Point X="192" Y="190"/>
	<Point X="193" Y="188"/>
	<Point X="194" Y="187"/>
	<Point X="195" Y="184"/>
	<Point X="196" Y="183"/>
	<Point X="198" Y="181"/>
	<Point X="198" Y="180"/>
	<Point X="199" Y="179"/>
	<Point X="200" Y="178"/>
	<Point X="200" Y="177"/>
	<Point X="202" Y="175"/>
	<Point X="203" Y="173"/>
	<Point X="204" Y="172"/>
	<Point X="206" Y="170"/>
	<Point X="207" Y="168"/>
	<Point X="207" Y="167"/>
	<Point X="208" Y="166"/>
	<Point X="209" Y="165"/>
	<Point X="210" Y="164"/>
	<Point X="210" Y="163"/>
	<Point X="211" Y="161"/>
	<Point X="212" Y="161"/>
	<Point X="212" Y="160"/>
	<Point X="213" Y="159"/>
	<Point X="214" Y="158"/>
	<Point X="215" Y="157"/>
	<Point X="215" Y="156"/>
	<Point X="216" Y="155"/>
	<Point X="217" Y="154"/>
	<Point X="218" Y="153"/>
	<Point X="218" Y="152"/>
	<Point X="219" Y="152"/>
	<Point X="219" Y="151"/>
	<Point X="220" Y="151"/>
	<Point X="220" Y="150"/>
	<Point X="221" Y="149"/>
	<Point X="222" Y="149"/>
	<Point X="222" Y="148"/>
	<Point X="223" Y="148"/>
</Gesture>
