<?xml version="1.0" ?>
<Gesture Name="v07" Subject="03" Number="07" NumPts="121">
	<Point X="101" Y="152"/>
	<Point X="102" Y="152"/>
	<Point X="102" Y="153"/>
	<Point X="103" Y="153"/>
	<Point X="103" Y="154"/>
	<Point X="104" Y="154"/>
	<Point X="104" Y="155"/>
	<Point X="105" Y="155"/>
	<Point X="105" Y="157"/>
	<Point X="106" Y="157"/>
	<Point X="106" Y="158"/>
	<Point X="107" Y="159"/>
	<Point X="108" Y="160"/>
	<Point X="109" Y="163"/>
	<Point X="110" Y="164"/>
	<Point X="111" Y="166"/>
	<Point X="113" Y="168"/>
	<Point X="114" Y="170"/>
	<Point X="115" Y="172"/>
	<Point X="117" Y="175"/>
	<Point X="119" Y="176"/>
	<Point X="121" Y="179"/>
	<Point X="122" Y="181"/>
	<Point X="124" Y="183"/>
	<Point X="125" Y="186"/>
	<Point X="127" Y="188"/>
	<Point X="130" Y="192"/>
	<Point X="132" Y="195"/>
	<Point X="133" Y="196"/>
	<Point X="135" Y="198"/>
	<Point X="137" Y="201"/>
	<Point X="138" Y="204"/>
	<Point X="142" Y="209"/>
	<Point X="145" Y="212"/>
	<Point X="147" Y="214"/>
	<Point X="148" Y="216"/>
	<Point X="151" Y="219"/>
	<Point X="152" Y="219"/>
	<Point X="153" Y="221"/>
	<Point X="156" Y="224"/>
	<Point X="157" Y="226"/>
	<Point X="160" Y="229"/>
	<Point X="161" Y="230"/>
	<Point X="162" Y="231"/>
	<Point X="163" Y="232"/>
	<Point X="165" Y="233"/>
	<Point X="166" Y="235"/>
	<Point X="167" Y="236"/>
	<Point X="169" Y="237"/>
	<Point X="170" Y="238"/>
	<Point X="170" Y="239"/>
	<Point X="171" Y="240"/>
	<Point X="172" Y="240"/>
	<Point X="172" Y="241"/>
	<Point X="173" Y="241"/>
	<Point X="173" Y="240"/>
	<Point X="174" Y="239"/>
	<Point X="174" Y="238"/>
	<Point X="175" Y="238"/>
	<Point X="175" Y="237"/>
	<Point X="175" Y="236"/>
	<Point X="176" Y="236"/>
	<Point X="176" Y="235"/>
	<Point X="177" Y="233"/>
	<Point X="178" Y="231"/>
	<Point X="179" Y="230"/>
	<Point X="180" Y="229"/>
	<Point X="182" Y="227"/>
	<Point X="182" Y="226"/>
	<Point X="184" Y="224"/>
	<Point X="185" Y="222"/>
	<Point X="186" Y="221"/>
	<Point X="187" Y="219"/>
	<Point X="188" Y="218"/>
	<Point X="190" Y="216"/>
	<Point X="192" Y="214"/>
	<Point X="195" Y="211"/>
	<Point X="196" Y="210"/>
	<Point X="197" Y="208"/>
	<Point X="199" Y="207"/>
	<Point X="200" Y="205"/>
	<Point X="202" Y="203"/>
	<Point X="204" Y="201"/>
	<Point X="205" Y="199"/>
	<Point X="206" Y="199"/>
	<Point X="208" Y="196"/>
	<Point X="209" Y="194"/>
	<Point X="211" Y="193"/>
	<Point X="213" Y="190"/>
	<Point X="215" Y="188"/>
	<Point X="217" Y="186"/>
	<Point X="218" Y="185"/>
	<Point X="220" Y="183"/>
	<Point X="221" Y="182"/>
	<Point X="223" Y="179"/>
	<Point X="224" Y="178"/>
	<Point X="225" Y="176"/>
	<Point X="227" Y="175"/>
	<Point X="227" Y="174"/>
	<Point X="228" Y="173"/>
	<Point X="229" Y="171"/>
	<Point X="231" Y="170"/>
	<Point X="232" Y="168"/>
	<Point X="233" Y="167"/>
	<Point X="233" Y="166"/>
	<Point X="235" Y="165"/>
	<Point X="236" Y="164"/>
	<Point X="236" Y="163"/>
	<Point X="237" Y="162"/>
	<Point X="238" Y="161"/>
	<Point X="239" Y="160"/>
	<Point X="240" Y="159"/>
	<Point X="240" Y="158"/>
	<Point X="241" Y="158"/>
	<Point X="241" Y="157"/>
	<Point X="242" Y="156"/>
	<Point X="242" Y="155"/>
	<Point X="243" Y="155"/>
	<Point X="243" Y="154"/>
	<Point X="244" Y="153"/>
	<Point X="245" Y="153"/>
</Gesture>
