<?xml version="1.0" ?>
<Gesture Name="v09" Subject="03" Number="09" NumPts="117">
	<Point X="112" Y="159"/>
	<Point X="112" Y="160"/>
	<Point X="112" Y="161"/>
	<Point X="113" Y="161"/>
	<Point X="113" Y="162"/>
	<Point X="114" Y="162"/>
	<Point X="114" Y="163"/>
	<Point X="114" Y="164"/>
	<Point X="115" Y="165"/>
	<Point X="115" Y="166"/>
	<Point X="116" Y="166"/>
	<Point X="116" Y="168"/>
	<Point X="117" Y="169"/>
	<Point X="118" Y="170"/>
	<Point X="119" Y="172"/>
	<Point X="119" Y="173"/>
	<Point X="120" Y="175"/>
	<Point X="121" Y="176"/>
	<Point X="122" Y="177"/>
	<Point X="123" Y="180"/>
	<Point X="124" Y="182"/>
	<Point X="125" Y="183"/>
	<Point X="126" Y="185"/>
	<Point X="127" Y="187"/>
	<Point X="128" Y="190"/>
	<Point X="130" Y="193"/>
	<Point X="132" Y="195"/>
	<Point X="134" Y="197"/>
	<Point X="135" Y="199"/>
	<Point X="136" Y="201"/>
	<Point X="137" Y="204"/>
	<Point X="142" Y="210"/>
	<Point X="144" Y="212"/>
	<Point X="145" Y="213"/>
	<Point X="146" Y="215"/>
	<Point X="147" Y="216"/>
	<Point X="148" Y="217"/>
	<Point X="150" Y="219"/>
	<Point X="151" Y="221"/>
	<Point X="152" Y="221"/>
	<Point X="154" Y="222"/>
	<Point X="154" Y="223"/>
	<Point X="155" Y="224"/>
	<Point X="155" Y="225"/>
	<Point X="156" Y="225"/>
	<Point X="158" Y="226"/>
	<Point X="158" Y="227"/>
	<Point X="159" Y="227"/>
	<Point X="159" Y="228"/>
	<Point X="160" Y="229"/>
	<Point X="161" Y="229"/>
	<Point X="161" Y="228"/>
	<Point X="162" Y="228"/>
	<Point X="162" Y="227"/>
	<Point X="163" Y="226"/>
	<Point X="163" Y="225"/>
	<Point X="164" Y="224"/>
	<Point X="165" Y="223"/>
	<Point X="166" Y="222"/>
	<Point X="167" Y="221"/>
	<Point X="168" Y="220"/>
	<Point X="169" Y="219"/>
	<Point X="170" Y="218"/>
	<Point X="171" Y="217"/>
	<Point X="172" Y="216"/>
	<Point X="174" Y="214"/>
	<Point X="175" Y="213"/>
	<Point X="176" Y="212"/>
	<Point X="177" Y="211"/>
	<Point X="179" Y="209"/>
	<Point X="180" Y="208"/>
	<Point X="181" Y="206"/>
	<Point X="183" Y="205"/>
	<Point X="185" Y="203"/>
	<Point X="186" Y="202"/>
	<Point X="187" Y="201"/>
	<Point X="188" Y="199"/>
	<Point X="190" Y="198"/>
	<Point X="191" Y="196"/>
	<Point X="192" Y="194"/>
	<Point X="194" Y="193"/>
	<Point X="196" Y="190"/>
	<Point X="198" Y="188"/>
	<Point X="199" Y="187"/>
	<Point X="200" Y="185"/>
	<Point X="201" Y="184"/>
	<Point X="203" Y="182"/>
	<Point X="205" Y="180"/>
	<Point X="206" Y="178"/>
	<Point X="208" Y="176"/>
	<Point X="209" Y="175"/>
	<Point X="209" Y="174"/>
	<Point X="210" Y="173"/>
	<Point X="211" Y="172"/>
	<Point X="212" Y="170"/>
	<Point X="213" Y="169"/>
	<Point X="214" Y="167"/>
	<Point X="216" Y="165"/>
	<Point X="217" Y="164"/>
	<Point X="217" Y="163"/>
	<Point X="218" Y="162"/>
	<Point X="220" Y="160"/>
	<Point X="220" Y="159"/>
	<Point X="221" Y="158"/>
	<Point X="222" Y="157"/>
	<Point X="223" Y="155"/>
	<Point X="224" Y="155"/>
	<Point X="225" Y="154"/>
	<Point X="225" Y="153"/>
	<Point X="226" Y="152"/>
	<Point X="226" Y="151"/>
	<Point X="227" Y="151"/>
	<Point X="227" Y="150"/>
	<Point X="228" Y="150"/>
	<Point X="228" Y="149"/>
	<Point X="229" Y="149"/>
	<Point X="229" Y="148"/>
</Gesture>
