<?xml version="1.0" ?>
<Gesture Name="v10" Subject="03" Number="10" NumPts="109">
	<Point X="110" Y="160"/>
	<Point X="110" Y="161"/>
	<Point X="110" Y="162"/>
	<Point X="110" Y="163"/>
	<Point X="110" Y="164"/>
	<Point X="111" Y="165"/>
	<Point X="111" Y="166"/>
	<Point X="111" Y="167"/>
	<Point X="111" Y="168"/>
	<Point X="112" Y="169"/>
	<Point X="112" Y="170"/>
	<Point X="112" Y="171"/>
	<Point X="113" Y="172"/>
	<Point X="113" Y="174"/>
	<Point X="114" Y="175"/>
	<Point X="116" Y="178"/>
	<Point X="117" Y="181"/>
	<Point X="117" Y="183"/>
	<Point X="119" Y="185"/>
	<Point X="119" Y="187"/>
	<Point X="121" Y="190"/>
	<Point X="122" Y="192"/>
	<Point X="123" Y="194"/>
	<Point X="125" Y="197"/>
	<Point X="125" Y="198"/>
	<Point X="127" Y="201"/>
	<Point X="128" Y="202"/>
	<Point X="130" Y="204"/>
	<Point X="131" Y="205"/>
	<Point X="133" Y="208"/>
	<Point X="134" Y="209"/>
	<Point X="135" Y="211"/>
	<Point X="137" Y="213"/>
	<Point X="138" Y="214"/>
	<Point X="139" Y="216"/>
	<Point X="141" Y="217"/>
	<Point X="142" Y="218"/>
	<Point X="143" Y="220"/>
	<Point X="144" Y="220"/>
	<Point X="145" Y="221"/>
	<Point X="146" Y="222"/>
	<Point X="147" Y="222"/>
	<Point X="147" Y="223"/>
	<Point X="148" Y="223"/>
	<Point X="149" Y="224"/>
	<Point X="150" Y="224"/>
	<Point X="151" Y="224"/>
	<Point X="151" Y="223"/>
	<Point X="152" Y="223"/>
	<Point X="152" Y="222"/>
	<Point X="153" Y="221"/>
	<Point X="154" Y="221"/>
	<Point X="154" Y="220"/>
	<Point X="155" Y="219"/>
	<Point X="155" Y="218"/>
	<Point X="156" Y="217"/>
	<Point X="158" Y="216"/>
	<Point X="159" Y="214"/>
	<Point X="160" Y="213"/>
	<Point X="162" Y="212"/>
	<Point X="162" Y="211"/>
	<Point X="163" Y="210"/>
	<Point X="164" Y="209"/>
	<Point X="166" Y="207"/>
	<Point X="167" Y="206"/>
	<Point X="169" Y="204"/>
	<Point X="171" Y="203"/>
	<Point X="173" Y="201"/>
	<Point X="174" Y="199"/>
	<Point X="175" Y="198"/>
	<Point X="177" Y="196"/>
	<Point X="179" Y="195"/>
	<Point X="182" Y="192"/>
	<Point X="184" Y="190"/>
	<Point X="185" Y="189"/>
	<Point X="187" Y="187"/>
	<Point X="189" Y="185"/>
	<Point X="190" Y="184"/>
	<Point X="194" Y="181"/>
	<Point X="195" Y="179"/>
	<Point X="198" Y="178"/>
	<Point X="199" Y="176"/>
	<Point X="200" Y="175"/>
	<Point X="202" Y="173"/>
	<Point X="204" Y="171"/>
	<Point X="206" Y="170"/>
	<Point X="208" Y="168"/>
	<Point X="209" Y="167"/>
	<Point X="211" Y="165"/>
	<Point X="213" Y="164"/>
	<Point X="214" Y="162"/>
	<Point X="216" Y="160"/>
	<Point X="219" Y="158"/>
	<Point X="219" Y="157"/>
	<Point X="220" Y="156"/>
	<Point X="221" Y="155"/>
	<Point X="222" Y="154"/>
	<Point X="223" Y="153"/>
	<Point X="224" Y="152"/>
	<Point X="225" Y="150"/>
	<Point X="225" Y="149"/>
	<Point X="226" Y="149"/>
	<Point X="226" Y="148"/>
	<Point X="226" Y="147"/>
	<Point X="227" Y="147"/>
	<Point X="227" Y="146"/>
	<Point X="227" Y="145"/>
	<Point X="228" Y="145"/>
	<Point X="228" Y="144"/>
</Gesture>
