<?xml version="1.0" ?>
<Gesture Name="x04" Subject="03" Number="04" NumPts="163">
	<Point X="139" Y="148"/>
	<Point X="139" Y="149"/>
	<Point X="140" Y="149"/>
	<Point X="140" Y="150"/>
	<Point X="140" Y="151"/>
	<Point X="141" Y="152"/>
	<Point X="142" Y="152"/>
	<Point X="142" Y="154"/>
	<Point X="143" Y="155"/>
	<Point X="143" Y="156"/>
	<Point X="144" Y="157"/>
	<Point X="146" Y="159"/>
	<Point X="147" Y="161"/>
	<Point X="147" Y="162"/>
	<Point X="149" Y="164"/>
	<Point X="150" Y="165"/>
	<Point X="151" Y="168"/>
	<Point X="153" Y="169"/>
	<Point X="154" Y="172"/>
	<Point X="155" Y="173"/>
	<Point X="158" Y="176"/>
	<Point X="158" Y="177"/>
	<Point X="161" Y="180"/>
	<Point X="162" Y="182"/>
	<Point X="164" Y="183"/>
	<Point X="167" Y="186"/>
	<Point X="169" Y="188"/>
	<Point X="170" Y="190"/>
	<Point X="172" Y="192"/>
	<Point X="175" Y="194"/>
	<Point X="175" Y="195"/>
	<Point X="182" Y="200"/>
	<Point X="182" Y="201"/>
	<Point X="183" Y="202"/>
	<Point X="184" Y="203"/>
	<Point X="186" Y="204"/>
	<Point X="187" Y="205"/>
	<Point X="187" Y="206"/>
	<Point X="189" Y="207"/>
	<Point X="190" Y="208"/>
	<Point X="192" Y="209"/>
	<Point X="192" Y="210"/>
	<Point X="193" Y="211"/>
	<Point X="195" Y="212"/>
	<Point X="196" Y="213"/>
	<Point X="197" Y="214"/>
	<Point X="198" Y="214"/>
	<Point X="198" Y="215"/>
	<Point X="199" Y="215"/>
	<Point X="199" Y="214"/>
	<Point X="200" Y="213"/>
	<Point X="200" Y="212"/>
	<Point X="200" Y="211"/>
	<Point X="200" Y="210"/>
	<Point X="201" Y="209"/>
	<Point X="201" Y="207"/>
	<Point X="202" Y="206"/>
	<Point X="202" Y="205"/>
	<Point X="203" Y="204"/>
	<Point X="203" Y="202"/>
	<Point X="203" Y="201"/>
	<Point X="203" Y="200"/>
	<Point X="204" Y="198"/>
	<Point X="204" Y="197"/>
	<Point X="204" Y="196"/>
	<Point X="205" Y="194"/>
	<Point X="205" Y="192"/>
	<Point X="205" Y="190"/>
	<Point X="205" Y="189"/>
	<Point X="206" Y="186"/>
	<Point X="207" Y="185"/>
	<Point X="207" Y="184"/>
	<Point X="207" Y="182"/>
	<Point X="207" Y="181"/>
	<Point X="208" Y="179"/>
	<Point X="208" Y="177"/>
	<Point X="209" Y="175"/>
	<Point X="209" Y="174"/>
	<Point X="210" Y="172"/>
	<Point X="210" Y="171"/>
	<Point X="210" Y="169"/>
	<Point X="211" Y="167"/>
	<Point X="211" Y="165"/>
	<Point X="211" Y="164"/>
	<Point X="212" Y="162"/>
	<Point X="212" Y="160"/>
	<Point X="212" Y="159"/>
	<Point X="212" Y="158"/>
	<Point X="212" Y="156"/>
	<Point X="213" Y="155"/>
	<Point X="213" Y="153"/>
	<Point X="213" Y="152"/>
	<Point X="214" Y="151"/>
	<Point X="214" Y="150"/>
	<Point X="214" Y="148"/>
	<Point X="214" Y="147"/>
	<Point X="214" Y="146"/>
	<Point X="214" Y="145"/>
	<Point X="214" Y="144"/>
	<Point X="214" Y="143"/>
	<Point X="214" Y="142"/>
	<Point X="214" Y="141"/>
	<Point X="214" Y="140"/>
	<Point X="213" Y="140"/>
	<Point X="213" Y="139"/>
	<Point X="212" Y="138"/>
	<Point X="212" Y="137"/>
	<Point X="211" Y="137"/>
	<Point X="210" Y="137"/>
	<Point X="209" Y="137"/>
	<Point X="208" Y="137"/>
	<Point X="207" Y="137"/>
	<Point X="206" Y="137"/>
	<Point X="204" Y="138"/>
	<Point X="203" Y="138"/>
	<Point X="203" Y="139"/>
	<Point X="202" Y="140"/>
	<Point X="201" Y="140"/>
	<Point X="200" Y="141"/>
	<Point X="199" Y="141"/>
	<Point X="198" Y="143"/>
	<Point X="195" Y="145"/>
	<Point X="194" Y="146"/>
	<Point X="193" Y="148"/>
	<Point X="191" Y="149"/>
	<Point X="190" Y="150"/>
	<Point X="188" Y="152"/>
	<Point X="187" Y="154"/>
	<Point X="184" Y="157"/>
	<Point X="183" Y="158"/>
	<Point X="181" Y="159"/>
	<Point X="179" Y="161"/>
	<Point X="178" Y="163"/>
	<Point X="175" Y="166"/>
	<Point X="174" Y="167"/>
	<Point X="172" Y="168"/>
	<Point X="171" Y="169"/>
	<Point X="169" Y="171"/>
	<Point X="167" Y="173"/>
	<Point X="165" Y="174"/>
	<Point X="163" Y="177"/>
	<Point X="162" Y="178"/>
	<Point X="160" Y="180"/>
	<Point X="159" Y="181"/>
	<Point X="157" Y="184"/>
	<Point X="154" Y="187"/>
	<Point X="153" Y="189"/>
	<Point X="152" Y="191"/>
	<Point X="151" Y="192"/>
	<Point X="150" Y="193"/>
	<Point X="149" Y="195"/>
	<Point X="149" Y="196"/>
	<Point X="148" Y="197"/>
	<Point X="147" Y="198"/>
	<Point X="147" Y="199"/>
	<Point X="146" Y="200"/>
	<Point X="146" Y="201"/>
	<Point X="146" Y="202"/>
	<Point X="145" Y="203"/>
	<Point X="145" Y="204"/>
	<Point X="145" Y="205"/>
	<Point X="144" Y="205"/>
	<Point X="144" Y="204"/>
</Gesture>
