<?xml version="1.0" ?>
<Gesture Name="x05" Subject="03" Number="05" NumPts="194">
	<Point X="131" Y="135"/>
	<Point X="132" Y="135"/>
	<Point X="133" Y="135"/>
	<Point X="133" Y="136"/>
	<Point X="134" Y="137"/>
	<Point X="135" Y="137"/>
	<Point X="135" Y="138"/>
	<Point X="137" Y="139"/>
	<Point X="137" Y="140"/>
	<Point X="138" Y="141"/>
	<Point X="139" Y="142"/>
	<Point X="141" Y="143"/>
	<Point X="141" Y="144"/>
	<Point X="142" Y="145"/>
	<Point X="143" Y="146"/>
	<Point X="145" Y="148"/>
	<Point X="146" Y="150"/>
	<Point X="147" Y="151"/>
	<Point X="150" Y="154"/>
	<Point X="152" Y="157"/>
	<Point X="154" Y="159"/>
	<Point X="156" Y="161"/>
	<Point X="157" Y="163"/>
	<Point X="159" Y="165"/>
	<Point X="160" Y="167"/>
	<Point X="163" Y="169"/>
	<Point X="165" Y="171"/>
	<Point X="167" Y="175"/>
	<Point X="169" Y="176"/>
	<Point X="170" Y="178"/>
	<Point X="172" Y="180"/>
	<Point X="174" Y="182"/>
	<Point X="176" Y="184"/>
	<Point X="178" Y="186"/>
	<Point X="181" Y="189"/>
	<Point X="182" Y="190"/>
	<Point X="184" Y="192"/>
	<Point X="185" Y="193"/>
	<Point X="187" Y="195"/>
	<Point X="188" Y="197"/>
	<Point X="190" Y="198"/>
	<Point X="192" Y="200"/>
	<Point X="193" Y="201"/>
	<Point X="195" Y="203"/>
	<Point X="196" Y="204"/>
	<Point X="198" Y="205"/>
	<Point X="199" Y="206"/>
	<Point X="200" Y="208"/>
	<Point X="201" Y="209"/>
	<Point X="203" Y="210"/>
	<Point X="204" Y="211"/>
	<Point X="204" Y="212"/>
	<Point X="205" Y="212"/>
	<Point X="206" Y="213"/>
	<Point X="207" Y="213"/>
	<Point X="207" Y="214"/>
	<Point X="208" Y="214"/>
	<Point X="208" Y="215"/>
	<Point X="209" Y="215"/>
	<Point X="209" Y="214"/>
	<Point X="210" Y="214"/>
	<Point X="210" Y="213"/>
	<Point X="210" Y="212"/>
	<Point X="210" Y="211"/>
	<Point X="211" Y="210"/>
	<Point X="211" Y="209"/>
	<Point X="211" Y="208"/>
	<Point X="212" Y="207"/>
	<Point X="212" Y="205"/>
	<Point X="212" Y="204"/>
	<Point X="213" Y="202"/>
	<Point X="214" Y="201"/>
	<Point X="214" Y="200"/>
	<Point X="215" Y="200"/>
	<Point X="215" Y="198"/>
	<Point X="215" Y="197"/>
	<Point X="216" Y="196"/>
	<Point X="216" Y="194"/>
	<Point X="216" Y="193"/>
	<Point X="217" Y="192"/>
	<Point X="218" Y="190"/>
	<Point X="218" Y="189"/>
	<Point X="218" Y="187"/>
	<Point X="218" Y="186"/>
	<Point X="219" Y="185"/>
	<Point X="219" Y="183"/>
	<Point X="219" Y="182"/>
	<Point X="219" Y="181"/>
	<Point X="219" Y="180"/>
	<Point X="220" Y="177"/>
	<Point X="220" Y="176"/>
	<Point X="220" Y="174"/>
	<Point X="220" Y="173"/>
	<Point X="220" Y="171"/>
	<Point X="220" Y="170"/>
	<Point X="220" Y="169"/>
	<Point X="220" Y="167"/>
	<Point X="220" Y="165"/>
	<Point X="220" Y="164"/>
	<Point X="220" Y="162"/>
	<Point X="220" Y="161"/>
	<Point X="220" Y="159"/>
	<Point X="220" Y="158"/>
	<Point X="220" Y="157"/>
	<Point X="220" Y="155"/>
	<Point X="220" Y="154"/>
	<Point X="220" Y="153"/>
	<Point X="220" Y="151"/>
	<Point X="220" Y="150"/>
	<Point X="220" Y="149"/>
	<Point X="220" Y="148"/>
	<Point X="220" Y="147"/>
	<Point X="220" Y="146"/>
	<Point X="219" Y="145"/>
	<Point X="219" Y="144"/>
	<Point X="219" Y="143"/>
	<Point X="219" Y="142"/>
	<Point X="218" Y="141"/>
	<Point X="218" Y="140"/>
	<Point X="218" Y="139"/>
	<Point X="217" Y="139"/>
	<Point X="217" Y="138"/>
	<Point X="216" Y="138"/>
	<Point X="216" Y="137"/>
	<Point X="215" Y="137"/>
	<Point X="215" Y="136"/>
	<Point X="214" Y="136"/>
	<Point X="213" Y="136"/>
	<Point X="212" Y="136"/>
	<Point X="211" Y="136"/>
	<Point X="210" Y="136"/>
	<Point X="209" Y="136"/>
	<Point X="208" Y="136"/>
	<Point X="208" Y="137"/>
	<Point X="207" Y="137"/>
	<Point X="206" Y="138"/>
	<Point X="205" Y="139"/>
	<Point X="204" Y="139"/>
	<Point X="204" Y="140"/>
	<Point X="203" Y="141"/>
	<Point X="202" Y="142"/>
	<Point X="200" Y="144"/>
	<Point X="199" Y="145"/>
	<Point X="198" Y="147"/>
	<Point X="196" Y="149"/>
	<Point X="195" Y="150"/>
	<Point X="194" Y="151"/>
	<Point X="193" Y="152"/>
	<Point X="192" Y="153"/>
	<Point X="189" Y="156"/>
	<Point X="188" Y="157"/>
	<Point X="185" Y="160"/>
	<Point X="184" Y="162"/>
	<Point X="182" Y="163"/>
	<Point X="180" Y="165"/>
	<Point X="179" Y="166"/>
	<Point X="177" Y="168"/>
	<Point X="174" Y="171"/>
	<Point X="172" Y="173"/>
	<Point X="170" Y="174"/>
	<Point X="168" Y="176"/>
	<Point X="167" Y="177"/>
	<Point X="164" Y="179"/>
	<Point X="162" Y="182"/>
	<Point X="160" Y="183"/>
	<Point X="160" Y="184"/>
	<Point X="157" Y="186"/>
	<Point X="156" Y="187"/>
	<Point X="154" Y="189"/>
	<Point X="154" Y="190"/>
	<Point X="153" Y="191"/>
	<Point X="152" Y="192"/>
	<Point X="151" Y="193"/>
	<Point X="150" Y="193"/>
	<Point X="150" Y="194"/>
	<Point X="149" Y="195"/>
	<Point X="148" Y="196"/>
	<Point X="148" Y="197"/>
	<Point X="147" Y="197"/>
	<Point X="146" Y="198"/>
	<Point X="146" Y="199"/>
	<Point X="145" Y="199"/>
	<Point X="145" Y="200"/>
	<Point X="144" Y="201"/>
	<Point X="144" Y="202"/>
	<Point X="143" Y="202"/>
	<Point X="142" Y="202"/>
	<Point X="142" Y="203"/>
	<Point X="142" Y="204"/>
	<Point X="141" Y="204"/>
	<Point X="140" Y="205"/>
	<Point X="139" Y="205"/>
	<Point X="139" Y="206"/>
	<Point X="138" Y="206"/>
</Gesture>
