<?xml version="1.0" ?>
<Gesture Name="x07" Subject="03" Number="07" NumPts="168">
	<Point X="146" Y="146"/>
	<Point X="147" Y="146"/>
	<Point X="148" Y="146"/>
	<Point X="148" Y="147"/>
	<Point X="149" Y="148"/>
	<Point X="149" Y="149"/>
	<Point X="150" Y="150"/>
	<Point X="151" Y="151"/>
	<Point X="152" Y="152"/>
	<Point X="152" Y="153"/>
	<Point X="153" Y="154"/>
	<Point X="154" Y="156"/>
	<Point X="156" Y="158"/>
	<Point X="157" Y="161"/>
	<Point X="158" Y="162"/>
	<Point X="160" Y="164"/>
	<Point X="161" Y="165"/>
	<Point X="162" Y="167"/>
	<Point X="165" Y="170"/>
	<Point X="167" Y="173"/>
	<Point X="169" Y="175"/>
	<Point X="172" Y="178"/>
	<Point X="173" Y="180"/>
	<Point X="174" Y="181"/>
	<Point X="177" Y="185"/>
	<Point X="180" Y="187"/>
	<Point X="183" Y="190"/>
	<Point X="185" Y="193"/>
	<Point X="186" Y="193"/>
	<Point X="188" Y="195"/>
	<Point X="189" Y="198"/>
	<Point X="191" Y="199"/>
	<Point X="192" Y="200"/>
	<Point X="195" Y="202"/>
	<Point X="196" Y="204"/>
	<Point X="197" Y="205"/>
	<Point X="198" Y="206"/>
	<Point X="199" Y="207"/>
	<Point X="200" Y="208"/>
	<Point X="201" Y="209"/>
	<Point X="203" Y="210"/>
	<Point X="204" Y="211"/>
	<Point X="205" Y="212"/>
	<Point X="206" Y="213"/>
	<Point X="207" Y="213"/>
	<Point X="208" Y="214"/>
	<Point X="209" Y="215"/>
	<Point X="210" Y="215"/>
	<Point X="211" Y="215"/>
	<Point X="211" Y="216"/>
	<Point X="212" Y="216"/>
	<Point X="213" Y="216"/>
	<Point X="213" Y="215"/>
	<Point X="214" Y="215"/>
	<Point X="214" Y="214"/>
	<Point X="215" Y="213"/>
	<Point X="216" Y="212"/>
	<Point X="216" Y="211"/>
	<Point X="217" Y="210"/>
	<Point X="217" Y="209"/>
	<Point X="218" Y="209"/>
	<Point X="218" Y="207"/>
	<Point X="220" Y="206"/>
	<Point X="220" Y="204"/>
	<Point X="221" Y="202"/>
	<Point X="221" Y="201"/>
	<Point X="222" Y="200"/>
	<Point X="222" Y="198"/>
	<Point X="223" Y="197"/>
	<Point X="224" Y="196"/>
	<Point X="224" Y="194"/>
	<Point X="225" Y="192"/>
	<Point X="225" Y="189"/>
	<Point X="226" Y="187"/>
	<Point X="226" Y="186"/>
	<Point X="226" Y="185"/>
	<Point X="226" Y="184"/>
	<Point X="226" Y="182"/>
	<Point X="226" Y="181"/>
	<Point X="227" Y="179"/>
	<Point X="227" Y="177"/>
	<Point X="227" Y="176"/>
	<Point X="227" Y="175"/>
	<Point X="227" Y="172"/>
	<Point X="227" Y="171"/>
	<Point X="227" Y="169"/>
	<Point X="227" Y="168"/>
	<Point X="227" Y="167"/>
	<Point X="227" Y="165"/>
	<Point X="227" Y="164"/>
	<Point X="227" Y="163"/>
	<Point X="227" Y="161"/>
	<Point X="227" Y="160"/>
	<Point X="226" Y="159"/>
	<Point X="226" Y="157"/>
	<Point X="226" Y="156"/>
	<Point X="226" Y="155"/>
	<Point X="225" Y="153"/>
	<Point X="225" Y="152"/>
	<Point X="225" Y="151"/>
	<Point X="225" Y="150"/>
	<Point X="224" Y="150"/>
	<Point X="224" Y="149"/>
	<Point X="224" Y="148"/>
	<Point X="223" Y="147"/>
	<Point X="222" Y="146"/>
	<Point X="222" Y="145"/>
	<Point X="221" Y="145"/>
	<Point X="221" Y="144"/>
	<Point X="220" Y="144"/>
	<Point X="219" Y="144"/>
	<Point X="218" Y="144"/>
	<Point X="217" Y="144"/>
	<Point X="216" Y="144"/>
	<Point X="215" Y="144"/>
	<Point X="214" Y="144"/>
	<Point X="214" Y="145"/>
	<Point X="213" Y="145"/>
	<Point X="212" Y="146"/>
	<Point X="211" Y="147"/>
	<Point X="210" Y="148"/>
	<Point X="209" Y="149"/>
	<Point X="208" Y="150"/>
	<Point X="207" Y="151"/>
	<Point X="206" Y="153"/>
	<Point X="205" Y="154"/>
	<Point X="203" Y="156"/>
	<Point X="203" Y="157"/>
	<Point X="201" Y="159"/>
	<Point X="200" Y="161"/>
	<Point X="199" Y="162"/>
	<Point X="197" Y="165"/>
	<Point X="196" Y="167"/>
	<Point X="194" Y="170"/>
	<Point X="192" Y="172"/>
	<Point X="191" Y="174"/>
	<Point X="190" Y="175"/>
	<Point X="188" Y="177"/>
	<Point X="187" Y="179"/>
	<Point X="185" Y="182"/>
	<Point X="184" Y="183"/>
	<Point X="183" Y="185"/>
	<Point X="181" Y="186"/>
	<Point X="180" Y="188"/>
	<Point X="178" Y="189"/>
	<Point X="176" Y="192"/>
	<Point X="175" Y="193"/>
	<Point X="173" Y="194"/>
	<Point X="172" Y="196"/>
	<Point X="171" Y="197"/>
	<Point X="170" Y="198"/>
	<Point X="169" Y="200"/>
	<Point X="168" Y="201"/>
	<Point X="167" Y="201"/>
	<Point X="167" Y="202"/>
	<Point X="166" Y="203"/>
	<Point X="165" Y="204"/>
	<Point X="165" Y="205"/>
	<Point X="164" Y="206"/>
	<Point X="163" Y="207"/>
	<Point X="163" Y="208"/>
	<Point X="163" Y="209"/>
	<Point X="162" Y="209"/>
	<Point X="162" Y="210"/>
	<Point X="161" Y="210"/>
	<Point X="161" Y="211"/>
	<Point X="160" Y="211"/>
	<Point X="160" Y="210"/>
</Gesture>
