<?xml version="1.0" ?>
<Gesture Name="x08" Subject="03" Number="08" NumPts="187">
	<Point X="147" Y="147"/>
	<Point X="148" Y="147"/>
	<Point X="149" Y="147"/>
	<Point X="150" Y="147"/>
	<Point X="150" Y="148"/>
	<Point X="151" Y="148"/>
	<Point X="152" Y="149"/>
	<Point X="152" Y="150"/>
	<Point X="153" Y="151"/>
	<Point X="154" Y="151"/>
	<Point X="155" Y="153"/>
	<Point X="156" Y="154"/>
	<Point X="157" Y="156"/>
	<Point X="159" Y="157"/>
	<Point X="160" Y="160"/>
	<Point X="161" Y="162"/>
	<Point X="163" Y="164"/>
	<Point X="164" Y="166"/>
	<Point X="166" Y="169"/>
	<Point X="169" Y="172"/>
	<Point X="170" Y="174"/>
	<Point X="174" Y="178"/>
	<Point X="176" Y="181"/>
	<Point X="177" Y="181"/>
	<Point X="179" Y="185"/>
	<Point X="180" Y="186"/>
	<Point X="183" Y="189"/>
	<Point X="185" Y="192"/>
	<Point X="187" Y="194"/>
	<Point X="190" Y="197"/>
	<Point X="192" Y="199"/>
	<Point X="194" Y="202"/>
	<Point X="196" Y="204"/>
	<Point X="199" Y="206"/>
	<Point X="202" Y="209"/>
	<Point X="203" Y="210"/>
	<Point X="206" Y="212"/>
	<Point X="207" Y="213"/>
	<Point X="208" Y="214"/>
	<Point X="210" Y="216"/>
	<Point X="212" Y="217"/>
	<Point X="213" Y="219"/>
	<Point X="216" Y="221"/>
	<Point X="217" Y="221"/>
	<Point X="218" Y="223"/>
	<Point X="219" Y="224"/>
	<Point X="220" Y="225"/>
	<Point X="222" Y="226"/>
	<Point X="223" Y="227"/>
	<Point X="224" Y="227"/>
	<Point X="225" Y="228"/>
	<Point X="226" Y="228"/>
	<Point X="227" Y="229"/>
	<Point X="228" Y="229"/>
	<Point X="229" Y="229"/>
	<Point X="230" Y="229"/>
	<Point X="230" Y="228"/>
	<Point X="231" Y="228"/>
	<Point X="231" Y="227"/>
	<Point X="232" Y="227"/>
	<Point X="232" Y="225"/>
	<Point X="233" Y="224"/>
	<Point X="233" Y="223"/>
	<Point X="233" Y="222"/>
	<Point X="233" Y="221"/>
	<Point X="234" Y="220"/>
	<Point X="234" Y="219"/>
	<Point X="234" Y="218"/>
	<Point X="234" Y="217"/>
	<Point X="235" Y="216"/>
	<Point X="235" Y="215"/>
	<Point X="236" Y="213"/>
	<Point X="236" Y="212"/>
	<Point X="236" Y="211"/>
	<Point X="236" Y="209"/>
	<Point X="237" Y="208"/>
	<Point X="237" Y="207"/>
	<Point X="237" Y="206"/>
	<Point X="237" Y="204"/>
	<Point X="237" Y="203"/>
	<Point X="238" Y="202"/>
	<Point X="238" Y="201"/>
	<Point X="238" Y="199"/>
	<Point X="238" Y="198"/>
	<Point X="238" Y="197"/>
	<Point X="239" Y="195"/>
	<Point X="239" Y="194"/>
	<Point X="239" Y="193"/>
	<Point X="239" Y="192"/>
	<Point X="239" Y="191"/>
	<Point X="240" Y="190"/>
	<Point X="240" Y="189"/>
	<Point X="240" Y="187"/>
	<Point X="240" Y="186"/>
	<Point X="240" Y="185"/>
	<Point X="240" Y="184"/>
	<Point X="240" Y="182"/>
	<Point X="240" Y="180"/>
	<Point X="240" Y="179"/>
	<Point X="240" Y="178"/>
	<Point X="240" Y="176"/>
	<Point X="240" Y="175"/>
	<Point X="240" Y="174"/>
	<Point X="240" Y="172"/>
	<Point X="240" Y="170"/>
	<Point X="240" Y="169"/>
	<Point X="240" Y="167"/>
	<Point X="240" Y="166"/>
	<Point X="240" Y="165"/>
	<Point X="239" Y="164"/>
	<Point X="239" Y="163"/>
	<Point X="239" Y="162"/>
	<Point X="238" Y="160"/>
	<Point X="238" Y="159"/>
	<Point X="237" Y="158"/>
	<Point X="237" Y="157"/>
	<Point X="237" Y="156"/>
	<Point X="237" Y="155"/>
	<Point X="236" Y="155"/>
	<Point X="236" Y="154"/>
	<Point X="235" Y="154"/>
	<Point X="235" Y="153"/>
	<Point X="234" Y="153"/>
	<Point X="233" Y="153"/>
	<Point X="232" Y="153"/>
	<Point X="231" Y="153"/>
	<Point X="230" Y="153"/>
	<Point X="229" Y="153"/>
	<Point X="228" Y="153"/>
	<Point X="227" Y="153"/>
	<Point X="226" Y="153"/>
	<Point X="226" Y="154"/>
	<Point X="225" Y="154"/>
	<Point X="224" Y="155"/>
	<Point X="222" Y="155"/>
	<Point X="221" Y="157"/>
	<Point X="220" Y="158"/>
	<Point X="220" Y="159"/>
	<Point X="217" Y="160"/>
	<Point X="216" Y="162"/>
	<Point X="214" Y="165"/>
	<Point X="213" Y="166"/>
	<Point X="212" Y="168"/>
	<Point X="211" Y="169"/>
	<Point X="210" Y="171"/>
	<Point X="208" Y="173"/>
	<Point X="206" Y="175"/>
	<Point X="204" Y="177"/>
	<Point X="203" Y="179"/>
	<Point X="201" Y="180"/>
	<Point X="200" Y="182"/>
	<Point X="198" Y="183"/>
	<Point X="196" Y="185"/>
	<Point X="194" Y="186"/>
	<Point X="193" Y="188"/>
	<Point X="191" Y="190"/>
	<Point X="189" Y="191"/>
	<Point X="187" Y="193"/>
	<Point X="185" Y="194"/>
	<Point X="183" Y="196"/>
	<Point X="181" Y="198"/>
	<Point X="180" Y="199"/>
	<Point X="178" Y="201"/>
	<Point X="177" Y="201"/>
	<Point X="175" Y="203"/>
	<Point X="174" Y="204"/>
	<Point X="173" Y="205"/>
	<Point X="172" Y="206"/>
	<Point X="171" Y="206"/>
	<Point X="170" Y="207"/>
	<Point X="169" Y="209"/>
	<Point X="168" Y="210"/>
	<Point X="166" Y="211"/>
	<Point X="165" Y="211"/>
	<Point X="165" Y="212"/>
	<Point X="164" Y="213"/>
	<Point X="164" Y="214"/>
	<Point X="163" Y="214"/>
	<Point X="162" Y="214"/>
	<Point X="162" Y="215"/>
	<Point X="161" Y="215"/>
	<Point X="161" Y="216"/>
	<Point X="160" Y="216"/>
	<Point X="160" Y="217"/>
	<Point X="159" Y="217"/>
	<Point X="159" Y="218"/>
	<Point X="158" Y="218"/>
</Gesture>
