<?xml version="1.0" ?>
<Gesture Name="x09" Subject="03" Number="09" NumPts="183">
	<Point X="148" Y="143"/>
	<Point X="149" Y="143"/>
	<Point X="150" Y="143"/>
	<Point X="150" Y="144"/>
	<Point X="151" Y="144"/>
	<Point X="151" Y="145"/>
	<Point X="152" Y="146"/>
	<Point X="153" Y="147"/>
	<Point X="154" Y="149"/>
	<Point X="156" Y="151"/>
	<Point X="157" Y="152"/>
	<Point X="157" Y="153"/>
	<Point X="158" Y="155"/>
	<Point X="160" Y="156"/>
	<Point X="161" Y="157"/>
	<Point X="163" Y="160"/>
	<Point X="165" Y="163"/>
	<Point X="168" Y="167"/>
	<Point X="171" Y="170"/>
	<Point X="173" Y="172"/>
	<Point X="175" Y="175"/>
	<Point X="178" Y="178"/>
	<Point X="181" Y="182"/>
	<Point X="183" Y="185"/>
	<Point X="184" Y="186"/>
	<Point X="186" Y="188"/>
	<Point X="188" Y="190"/>
	<Point X="190" Y="192"/>
	<Point X="192" Y="194"/>
	<Point X="194" Y="197"/>
	<Point X="196" Y="199"/>
	<Point X="197" Y="200"/>
	<Point X="198" Y="202"/>
	<Point X="200" Y="203"/>
	<Point X="201" Y="205"/>
	<Point X="203" Y="207"/>
	<Point X="205" Y="209"/>
	<Point X="206" Y="210"/>
	<Point X="208" Y="211"/>
	<Point X="208" Y="212"/>
	<Point X="209" Y="214"/>
	<Point X="210" Y="214"/>
	<Point X="212" Y="216"/>
	<Point X="212" Y="217"/>
	<Point X="213" Y="218"/>
	<Point X="214" Y="219"/>
	<Point X="215" Y="219"/>
	<Point X="215" Y="220"/>
	<Point X="216" Y="221"/>
	<Point X="217" Y="222"/>
	<Point X="218" Y="222"/>
	<Point X="218" Y="223"/>
	<Point X="219" Y="223"/>
	<Point X="220" Y="224"/>
	<Point X="221" Y="224"/>
	<Point X="222" Y="224"/>
	<Point X="222" Y="223"/>
	<Point X="223" Y="223"/>
	<Point X="223" Y="222"/>
	<Point X="223" Y="221"/>
	<Point X="224" Y="221"/>
	<Point X="224" Y="220"/>
	<Point X="224" Y="219"/>
	<Point X="224" Y="218"/>
	<Point X="225" Y="217"/>
	<Point X="226" Y="215"/>
	<Point X="227" Y="214"/>
	<Point X="227" Y="213"/>
	<Point X="228" Y="211"/>
	<Point X="228" Y="210"/>
	<Point X="228" Y="209"/>
	<Point X="229" Y="207"/>
	<Point X="230" Y="206"/>
	<Point X="230" Y="205"/>
	<Point X="230" Y="204"/>
	<Point X="231" Y="204"/>
	<Point X="232" Y="201"/>
	<Point X="232" Y="200"/>
	<Point X="233" Y="200"/>
	<Point X="233" Y="198"/>
	<Point X="233" Y="197"/>
	<Point X="234" Y="196"/>
	<Point X="234" Y="194"/>
	<Point X="234" Y="192"/>
	<Point X="235" Y="191"/>
	<Point X="235" Y="190"/>
	<Point X="236" Y="189"/>
	<Point X="236" Y="187"/>
	<Point X="236" Y="186"/>
	<Point X="236" Y="184"/>
	<Point X="237" Y="182"/>
	<Point X="237" Y="181"/>
	<Point X="237" Y="180"/>
	<Point X="237" Y="178"/>
	<Point X="237" Y="177"/>
	<Point X="237" Y="175"/>
	<Point X="237" Y="174"/>
	<Point X="237" Y="172"/>
	<Point X="237" Y="171"/>
	<Point X="237" Y="169"/>
	<Point X="237" Y="168"/>
	<Point X="237" Y="167"/>
	<Point X="237" Y="166"/>
	<Point X="237" Y="165"/>
	<Point X="237" Y="164"/>
	<Point X="237" Y="163"/>
	<Point X="237" Y="162"/>
	<Point X="237" Y="161"/>
	<Point X="237" Y="160"/>
	<Point X="237" Y="159"/>
	<Point X="237" Y="158"/>
	<Point X="237" Y="157"/>
	<Point X="236" Y="157"/>
	<Point X="236" Y="156"/>
	<Point X="236" Y="155"/>
	<Point X="235" Y="155"/>
	<Point X="235" Y="154"/>
	<Point X="234" Y="153"/>
	<Point X="233" Y="153"/>
	<Point X="233" Y="152"/>
	<Point X="232" Y="152"/>
	<Point X="231" Y="152"/>
	<Point X="230" Y="152"/>
	<Point X="229" Y="152"/>
	<Point X="228" Y="152"/>
	<Point X="227" Y="152"/>
	<Point X="227" Y="153"/>
	<Point X="226" Y="153"/>
	<Point X="225" Y="153"/>
	<Point X="225" Y="154"/>
	<Point X="224" Y="155"/>
	<Point X="223" Y="156"/>
	<Point X="221" Y="157"/>
	<Point X="220" Y="158"/>
	<Point X="219" Y="159"/>
	<Point X="218" Y="160"/>
	<Point X="217" Y="162"/>
	<Point X="216" Y="163"/>
	<Point X="213" Y="165"/>
	<Point X="212" Y="167"/>
	<Point X="211" Y="168"/>
	<Point X="209" Y="169"/>
	<Point X="208" Y="171"/>
	<Point X="207" Y="172"/>
	<Point X="205" Y="174"/>
	<Point X="203" Y="177"/>
	<Point X="201" Y="179"/>
	<Point X="200" Y="180"/>
	<Point X="198" Y="182"/>
	<Point X="197" Y="183"/>
	<Point X="194" Y="185"/>
	<Point X="193" Y="187"/>
	<Point X="191" Y="189"/>
	<Point X="189" Y="191"/>
	<Point X="187" Y="194"/>
	<Point X="185" Y="195"/>
	<Point X="183" Y="198"/>
	<Point X="181" Y="200"/>
	<Point X="179" Y="202"/>
	<Point X="178" Y="204"/>
	<Point X="177" Y="205"/>
	<Point X="176" Y="207"/>
	<Point X="174" Y="209"/>
	<Point X="173" Y="210"/>
	<Point X="171" Y="212"/>
	<Point X="170" Y="215"/>
	<Point X="169" Y="216"/>
	<Point X="167" Y="217"/>
	<Point X="167" Y="218"/>
	<Point X="166" Y="219"/>
	<Point X="165" Y="221"/>
	<Point X="163" Y="222"/>
	<Point X="163" Y="223"/>
	<Point X="162" Y="224"/>
	<Point X="162" Y="225"/>
	<Point X="161" Y="225"/>
	<Point X="161" Y="226"/>
	<Point X="161" Y="225"/>
	<Point X="161" Y="224"/>
	<Point X="160" Y="224"/>
	<Point X="160" Y="223"/>
	<Point X="160" Y="222"/>
	<Point X="159" Y="222"/>
</Gesture>
