<?xml version="1.0" ?>
<Gesture Name="x10" Subject="03" Number="10" NumPts="183">
	<Point X="151" Y="142"/>
	<Point X="152" Y="142"/>
	<Point X="153" Y="142"/>
	<Point X="153" Y="143"/>
	<Point X="153" Y="144"/>
	<Point X="154" Y="144"/>
	<Point X="154" Y="145"/>
	<Point X="155" Y="145"/>
	<Point X="155" Y="146"/>
	<Point X="156" Y="147"/>
	<Point X="157" Y="149"/>
	<Point X="158" Y="150"/>
	<Point X="159" Y="152"/>
	<Point X="160" Y="153"/>
	<Point X="161" Y="155"/>
	<Point X="162" Y="157"/>
	<Point X="164" Y="159"/>
	<Point X="166" Y="162"/>
	<Point X="167" Y="163"/>
	<Point X="169" Y="166"/>
	<Point X="170" Y="168"/>
	<Point X="171" Y="169"/>
	<Point X="173" Y="171"/>
	<Point X="174" Y="173"/>
	<Point X="176" Y="175"/>
	<Point X="178" Y="178"/>
	<Point X="179" Y="180"/>
	<Point X="181" Y="182"/>
	<Point X="182" Y="184"/>
	<Point X="184" Y="187"/>
	<Point X="187" Y="189"/>
	<Point X="189" Y="192"/>
	<Point X="190" Y="193"/>
	<Point X="193" Y="197"/>
	<Point X="195" Y="200"/>
	<Point X="196" Y="202"/>
	<Point X="198" Y="203"/>
	<Point X="200" Y="206"/>
	<Point X="201" Y="207"/>
	<Point X="202" Y="209"/>
	<Point X="203" Y="210"/>
	<Point X="205" Y="211"/>
	<Point X="206" Y="213"/>
	<Point X="207" Y="215"/>
	<Point X="209" Y="216"/>
	<Point X="210" Y="217"/>
	<Point X="211" Y="219"/>
	<Point X="212" Y="220"/>
	<Point X="213" Y="221"/>
	<Point X="214" Y="221"/>
	<Point X="215" Y="223"/>
	<Point X="216" Y="224"/>
	<Point X="217" Y="225"/>
	<Point X="218" Y="226"/>
	<Point X="218" Y="227"/>
	<Point X="219" Y="227"/>
	<Point X="220" Y="227"/>
	<Point X="220" Y="226"/>
	<Point X="220" Y="225"/>
	<Point X="221" Y="225"/>
	<Point X="221" Y="224"/>
	<Point X="221" Y="223"/>
	<Point X="222" Y="221"/>
	<Point X="222" Y="220"/>
	<Point X="223" Y="219"/>
	<Point X="223" Y="217"/>
	<Point X="224" Y="216"/>
	<Point X="225" Y="215"/>
	<Point X="225" Y="213"/>
	<Point X="226" Y="212"/>
	<Point X="226" Y="211"/>
	<Point X="227" Y="209"/>
	<Point X="227" Y="208"/>
	<Point X="227" Y="207"/>
	<Point X="228" Y="206"/>
	<Point X="229" Y="205"/>
	<Point X="229" Y="203"/>
	<Point X="230" Y="201"/>
	<Point X="230" Y="200"/>
	<Point X="231" Y="199"/>
	<Point X="231" Y="197"/>
	<Point X="231" Y="196"/>
	<Point X="233" Y="194"/>
	<Point X="233" Y="192"/>
	<Point X="233" Y="191"/>
	<Point X="233" Y="189"/>
	<Point X="234" Y="188"/>
	<Point X="234" Y="187"/>
	<Point X="234" Y="185"/>
	<Point X="235" Y="183"/>
	<Point X="235" Y="182"/>
	<Point X="235" Y="179"/>
	<Point X="235" Y="177"/>
	<Point X="235" Y="176"/>
	<Point X="235" Y="174"/>
	<Point X="235" Y="172"/>
	<Point X="235" Y="171"/>
	<Point X="235" Y="169"/>
	<Point X="235" Y="167"/>
	<Point X="235" Y="165"/>
	<Point X="235" Y="164"/>
	<Point X="235" Y="161"/>
	<Point X="235" Y="160"/>
	<Point X="235" Y="159"/>
	<Point X="235" Y="158"/>
	<Point X="235" Y="157"/>
	<Point X="234" Y="156"/>
	<Point X="234" Y="155"/>
	<Point X="234" Y="154"/>
	<Point X="233" Y="154"/>
	<Point X="233" Y="153"/>
	<Point X="232" Y="153"/>
	<Point X="232" Y="152"/>
	<Point X="231" Y="152"/>
	<Point X="230" Y="152"/>
	<Point X="230" Y="151"/>
	<Point X="229" Y="151"/>
	<Point X="228" Y="151"/>
	<Point X="227" Y="151"/>
	<Point X="226" Y="151"/>
	<Point X="225" Y="151"/>
	<Point X="224" Y="151"/>
	<Point X="223" Y="151"/>
	<Point X="222" Y="151"/>
	<Point X="221" Y="151"/>
	<Point X="220" Y="151"/>
	<Point X="219" Y="151"/>
	<Point X="218" Y="151"/>
	<Point X="217" Y="152"/>
	<Point X="215" Y="152"/>
	<Point X="215" Y="153"/>
	<Point X="214" Y="153"/>
	<Point X="213" Y="154"/>
	<Point X="211" Y="155"/>
	<Point X="210" Y="156"/>
	<Point X="208" Y="157"/>
	<Point X="207" Y="158"/>
	<Point X="205" Y="160"/>
	<Point X="203" Y="161"/>
	<Point X="201" Y="162"/>
	<Point X="200" Y="164"/>
	<Point X="198" Y="165"/>
	<Point X="197" Y="166"/>
	<Point X="195" Y="168"/>
	<Point X="194" Y="169"/>
	<Point X="193" Y="170"/>
	<Point X="191" Y="172"/>
	<Point X="190" Y="174"/>
	<Point X="188" Y="176"/>
	<Point X="187" Y="177"/>
	<Point X="185" Y="179"/>
	<Point X="184" Y="180"/>
	<Point X="182" Y="183"/>
	<Point X="180" Y="184"/>
	<Point X="179" Y="187"/>
	<Point X="178" Y="188"/>
	<Point X="176" Y="191"/>
	<Point X="175" Y="193"/>
	<Point X="174" Y="194"/>
	<Point X="174" Y="195"/>
	<Point X="172" Y="197"/>
	<Point X="171" Y="198"/>
	<Point X="170" Y="201"/>
	<Point X="169" Y="202"/>
	<Point X="169" Y="203"/>
	<Point X="168" Y="204"/>
	<Point X="167" Y="205"/>
	<Point X="166" Y="206"/>
	<Point X="166" Y="207"/>
	<Point X="165" Y="209"/>
	<Point X="164" Y="210"/>
	<Point X="163" Y="211"/>
	<Point X="163" Y="212"/>
	<Point X="162" Y="213"/>
	<Point X="162" Y="214"/>
	<Point X="161" Y="214"/>
	<Point X="161" Y="215"/>
	<Point X="160" Y="215"/>
	<Point X="160" Y="216"/>
	<Point X="160" Y="217"/>
	<Point X="159" Y="217"/>
	<Point X="159" Y="218"/>
	<Point X="159" Y="217"/>
</Gesture>
