<?xml version="1.0" ?>
<Gesture Name="zigzag03" Subject="03" Number="03" NumPts="246">
	<Point X="99" Y="243"/>
	<Point X="98" Y="243"/>
	<Point X="98" Y="242"/>
	<Point X="98" Y="241"/>
	<Point X="98" Y="240"/>
	<Point X="98" Y="239"/>
	<Point X="99" Y="238"/>
	<Point X="99" Y="237"/>
	<Point X="99" Y="236"/>
	<Point X="100" Y="235"/>
	<Point X="100" Y="234"/>
	<Point X="101" Y="234"/>
	<Point X="101" Y="233"/>
	<Point X="101" Y="232"/>
	<Point X="102" Y="231"/>
	<Point X="102" Y="229"/>
	<Point X="103" Y="228"/>
	<Point X="104" Y="227"/>
	<Point X="105" Y="225"/>
	<Point X="106" Y="224"/>
	<Point X="106" Y="223"/>
	<Point X="107" Y="222"/>
	<Point X="109" Y="220"/>
	<Point X="109" Y="219"/>
	<Point X="110" Y="219"/>
	<Point X="111" Y="217"/>
	<Point X="112" Y="216"/>
	<Point X="114" Y="215"/>
	<Point X="115" Y="213"/>
	<Point X="117" Y="212"/>
	<Point X="118" Y="211"/>
	<Point X="119" Y="209"/>
	<Point X="121" Y="208"/>
	<Point X="122" Y="207"/>
	<Point X="123" Y="206"/>
	<Point X="125" Y="205"/>
	<Point X="126" Y="204"/>
	<Point X="128" Y="201"/>
	<Point X="130" Y="200"/>
	<Point X="130" Y="199"/>
	<Point X="131" Y="198"/>
	<Point X="132" Y="197"/>
	<Point X="133" Y="196"/>
	<Point X="134" Y="195"/>
	<Point X="135" Y="194"/>
	<Point X="136" Y="193"/>
	<Point X="138" Y="192"/>
	<Point X="138" Y="191"/>
	<Point X="139" Y="191"/>
	<Point X="140" Y="190"/>
	<Point X="141" Y="190"/>
	<Point X="142" Y="190"/>
	<Point X="142" Y="189"/>
	<Point X="143" Y="188"/>
	<Point X="144" Y="188"/>
	<Point X="144" Y="187"/>
	<Point X="145" Y="187"/>
	<Point X="146" Y="187"/>
	<Point X="147" Y="187"/>
	<Point X="148" Y="187"/>
	<Point X="148" Y="188"/>
	<Point X="149" Y="188"/>
	<Point X="149" Y="189"/>
	<Point X="150" Y="190"/>
	<Point X="150" Y="191"/>
	<Point X="151" Y="191"/>
	<Point X="151" Y="192"/>
	<Point X="152" Y="194"/>
	<Point X="152" Y="195"/>
	<Point X="154" Y="197"/>
	<Point X="155" Y="200"/>
	<Point X="155" Y="201"/>
	<Point X="156" Y="202"/>
	<Point X="157" Y="204"/>
	<Point X="158" Y="206"/>
	<Point X="158" Y="207"/>
	<Point X="160" Y="209"/>
	<Point X="161" Y="211"/>
	<Point X="161" Y="212"/>
	<Point X="162" Y="214"/>
	<Point X="163" Y="215"/>
	<Point X="164" Y="216"/>
	<Point X="164" Y="218"/>
	<Point X="166" Y="220"/>
	<Point X="167" Y="220"/>
	<Point X="167" Y="222"/>
	<Point X="168" Y="223"/>
	<Point X="169" Y="224"/>
	<Point X="171" Y="225"/>
	<Point X="171" Y="226"/>
	<Point X="172" Y="227"/>
	<Point X="173" Y="227"/>
	<Point X="173" Y="228"/>
	<Point X="174" Y="229"/>
	<Point X="175" Y="229"/>
	<Point X="175" Y="230"/>
	<Point X="176" Y="231"/>
	<Point X="177" Y="231"/>
	<Point X="177" Y="232"/>
	<Point X="178" Y="232"/>
	<Point X="179" Y="232"/>
	<Point X="180" Y="232"/>
	<Point X="180" Y="231"/>
	<Point X="181" Y="231"/>
	<Point X="181" Y="230"/>
	<Point X="182" Y="229"/>
	<Point X="183" Y="229"/>
	<Point X="183" Y="228"/>
	<Point X="184" Y="228"/>
	<Point X="185" Y="227"/>
	<Point X="185" Y="226"/>
	<Point X="187" Y="225"/>
	<Point X="188" Y="224"/>
	<Point X="188" Y="223"/>
	<Point X="189" Y="222"/>
	<Point X="190" Y="222"/>
	<Point X="191" Y="221"/>
	<Point X="191" Y="220"/>
	<Point X="192" Y="219"/>
	<Point X="193" Y="218"/>
	<Point X="194" Y="217"/>
	<Point X="195" Y="216"/>
	<Point X="196" Y="215"/>
	<Point X="197" Y="214"/>
	<Point X="198" Y="212"/>
	<Point X="199" Y="212"/>
	<Point X="199" Y="211"/>
	<Point X="200" Y="210"/>
	<Point X="201" Y="209"/>
	<Point X="201" Y="208"/>
	<Point X="202" Y="207"/>
	<Point X="203" Y="206"/>
	<Point X="204" Y="205"/>
	<Point X="204" Y="204"/>
	<Point X="205" Y="203"/>
	<Point X="205" Y="202"/>
	<Point X="206" Y="202"/>
	<Point X="206" Y="201"/>
	<Point X="206" Y="200"/>
	<Point X="207" Y="199"/>
	<Point X="208" Y="199"/>
	<Point X="208" Y="198"/>
	<Point X="209" Y="197"/>
	<Point X="209" Y="196"/>
	<Point X="210" Y="195"/>
	<Point X="210" Y="194"/>
	<Point X="211" Y="194"/>
	<Point X="212" Y="194"/>
	<Point X="212" Y="195"/>
	<Point X="213" Y="195"/>
	<Point X="213" Y="196"/>
	<Point X="213" Y="197"/>
	<Point X="213" Y="198"/>
	<Point X="214" Y="198"/>
	<Point X="214" Y="200"/>
	<Point X="215" Y="202"/>
	<Point X="216" Y="203"/>
	<Point X="217" Y="205"/>
	<Point X="217" Y="207"/>
	<Point X="218" Y="208"/>
	<Point X="219" Y="210"/>
	<Point X="220" Y="211"/>
	<Point X="221" Y="212"/>
	<Point X="222" Y="214"/>
	<Point X="223" Y="216"/>
	<Point X="224" Y="218"/>
	<Point X="225" Y="219"/>
	<Point X="226" Y="220"/>
	<Point X="227" Y="222"/>
	<Point X="228" Y="223"/>
	<Point X="229" Y="224"/>
	<Point X="229" Y="225"/>
	<Point X="230" Y="227"/>
	<Point X="232" Y="228"/>
	<Point X="233" Y="228"/>
	<Point X="233" Y="229"/>
	<Point X="234" Y="230"/>
	<Point X="235" Y="230"/>
	<Point X="237" Y="231"/>
	<Point X="238" Y="232"/>
	<Point X="239" Y="232"/>
	<Point X="240" Y="232"/>
	<Point X="241" Y="232"/>
	<Point X="242" Y="232"/>
	<Point X="243" Y="231"/>
	<Point X="244" Y="231"/>
	<Point X="245" Y="230"/>
	<Point X="245" Y="229"/>
	<Point X="246" Y="228"/>
	<Point X="247" Y="227"/>
	<Point X="248" Y="227"/>
	<Point X="249" Y="226"/>
	<Point X="249" Y="225"/>
	<Point X="250" Y="224"/>
	<Point X="251" Y="223"/>
	<Point X="252" Y="222"/>
	<Point X="253" Y="221"/>
	<Point X="254" Y="220"/>
	<Point X="254" Y="219"/>
	<Point X="255" Y="218"/>
	<Point X="257" Y="217"/>
	<Point X="258" Y="216"/>
	<Point X="259" Y="215"/>
	<Point X="260" Y="214"/>
	<Point X="261" Y="213"/>
	<Point X="262" Y="211"/>
	<Point X="263" Y="211"/>
	<Point X="265" Y="210"/>
	<Point X="265" Y="209"/>
	<Point X="267" Y="207"/>
	<Point X="267" Y="206"/>
	<Point X="268" Y="206"/>
	<Point X="270" Y="204"/>
	<Point X="270" Y="203"/>
	<Point X="272" Y="202"/>
	<Point X="272" Y="201"/>
	<Point X="273" Y="200"/>
	<Point X="274" Y="199"/>
	<Point X="275" Y="197"/>
	<Point X="276" Y="196"/>
	<Point X="278" Y="194"/>
	<Point X="279" Y="193"/>
	<Point X="279" Y="191"/>
	<Point X="280" Y="191"/>
	<Point X="280" Y="190"/>
	<Point X="282" Y="189"/>
	<Point X="283" Y="187"/>
	<Point X="283" Y="186"/>
	<Point X="284" Y="185"/>
	<Point X="285" Y="185"/>
	<Point X="286" Y="184"/>
	<Point X="286" Y="183"/>
	<Point X="287" Y="182"/>
	<Point X="288" Y="181"/>
	<Point X="288" Y="180"/>
	<Point X="289" Y="180"/>
	<Point X="290" Y="179"/>
	<Point X="290" Y="178"/>
	<Point X="291" Y="178"/>
	<Point X="291" Y="177"/>
	<Point X="292" Y="177"/>
	<Point X="292" Y="176"/>
	<Point X="293" Y="176"/>
	<Point X="293" Y="175"/>
	<Point X="294" Y="174"/>
	<Point X="294" Y="173"/>
</Gesture>
