<?xml version="1.0" ?>
<Gesture Name="zigzag01" Subject="03" Number="01" NumPts="340">
	<Point X="65" Y="254"/>
	<Point X="65" Y="253"/>
	<Point X="65" Y="252"/>
	<Point X="66" Y="252"/>
	<Point X="66" Y="251"/>
	<Point X="66" Y="250"/>
	<Point X="67" Y="250"/>
	<Point X="67" Y="249"/>
	<Point X="67" Y="248"/>
	<Point X="68" Y="248"/>
	<Point X="68" Y="247"/>
	<Point X="68" Y="246"/>
	<Point X="69" Y="245"/>
	<Point X="69" Y="244"/>
	<Point X="69" Y="243"/>
	<Point X="70" Y="243"/>
	<Point X="70" Y="242"/>
	<Point X="70" Y="241"/>
	<Point X="71" Y="240"/>
	<Point X="72" Y="239"/>
	<Point X="72" Y="238"/>
	<Point X="72" Y="237"/>
	<Point X="73" Y="236"/>
	<Point X="73" Y="235"/>
	<Point X="74" Y="233"/>
	<Point X="75" Y="232"/>
	<Point X="76" Y="230"/>
	<Point X="76" Y="229"/>
	<Point X="77" Y="228"/>
	<Point X="77" Y="226"/>
	<Point X="78" Y="225"/>
	<Point X="78" Y="224"/>
	<Point X="79" Y="223"/>
	<Point X="79" Y="222"/>
	<Point X="80" Y="221"/>
	<Point X="81" Y="219"/>
	<Point X="82" Y="218"/>
	<Point X="82" Y="216"/>
	<Point X="83" Y="216"/>
	<Point X="83" Y="215"/>
	<Point X="84" Y="213"/>
	<Point X="85" Y="212"/>
	<Point X="85" Y="211"/>
	<Point X="86" Y="209"/>
	<Point X="87" Y="207"/>
	<Point X="87" Y="205"/>
	<Point X="89" Y="204"/>
	<Point X="89" Y="203"/>
	<Point X="89" Y="202"/>
	<Point X="90" Y="201"/>
	<Point X="90" Y="200"/>
	<Point X="91" Y="199"/>
	<Point X="91" Y="197"/>
	<Point X="92" Y="196"/>
	<Point X="93" Y="196"/>
	<Point X="93" Y="195"/>
	<Point X="93" Y="194"/>
	<Point X="94" Y="194"/>
	<Point X="94" Y="193"/>
	<Point X="94" Y="192"/>
	<Point X="95" Y="191"/>
	<Point X="95" Y="190"/>
	<Point X="96" Y="190"/>
	<Point X="96" Y="189"/>
	<Point X="97" Y="189"/>
	<Point X="97" Y="188"/>
	<Point X="97" Y="189"/>
	<Point X="98" Y="190"/>
	<Point X="98" Y="191"/>
	<Point X="99" Y="191"/>
	<Point X="99" Y="192"/>
	<Point X="100" Y="194"/>
	<Point X="101" Y="194"/>
	<Point X="101" Y="195"/>
	<Point X="102" Y="196"/>
	<Point X="103" Y="197"/>
	<Point X="104" Y="199"/>
	<Point X="105" Y="200"/>
	<Point X="107" Y="203"/>
	<Point X="108" Y="204"/>
	<Point X="108" Y="205"/>
	<Point X="110" Y="206"/>
	<Point X="110" Y="207"/>
	<Point X="111" Y="209"/>
	<Point X="113" Y="211"/>
	<Point X="114" Y="212"/>
	<Point X="115" Y="214"/>
	<Point X="117" Y="215"/>
	<Point X="118" Y="216"/>
	<Point X="119" Y="218"/>
	<Point X="121" Y="219"/>
	<Point X="122" Y="221"/>
	<Point X="123" Y="223"/>
	<Point X="124" Y="224"/>
	<Point X="126" Y="225"/>
	<Point X="126" Y="227"/>
	<Point X="128" Y="228"/>
	<Point X="129" Y="230"/>
	<Point X="130" Y="231"/>
	<Point X="131" Y="232"/>
	<Point X="132" Y="234"/>
	<Point X="133" Y="235"/>
	<Point X="134" Y="236"/>
	<Point X="135" Y="237"/>
	<Point X="136" Y="239"/>
	<Point X="137" Y="240"/>
	<Point X="138" Y="241"/>
	<Point X="138" Y="242"/>
	<Point X="139" Y="243"/>
	<Point X="140" Y="244"/>
	<Point X="140" Y="245"/>
	<Point X="142" Y="247"/>
	<Point X="142" Y="248"/>
	<Point X="143" Y="248"/>
	<Point X="143" Y="249"/>
	<Point X="144" Y="249"/>
	<Point X="144" Y="250"/>
	<Point X="144" Y="251"/>
	<Point X="145" Y="251"/>
	<Point X="146" Y="251"/>
	<Point X="146" Y="250"/>
	<Point X="146" Y="249"/>
	<Point X="146" Y="248"/>
	<Point X="147" Y="248"/>
	<Point X="147" Y="247"/>
	<Point X="147" Y="246"/>
	<Point X="148" Y="245"/>
	<Point X="148" Y="244"/>
	<Point X="149" Y="244"/>
	<Point X="149" Y="243"/>
	<Point X="150" Y="243"/>
	<Point X="150" Y="241"/>
	<Point X="151" Y="240"/>
	<Point X="151" Y="239"/>
	<Point X="152" Y="239"/>
	<Point X="152" Y="237"/>
	<Point X="153" Y="237"/>
	<Point X="153" Y="236"/>
	<Point X="154" Y="235"/>
	<Point X="155" Y="234"/>
	<Point X="155" Y="233"/>
	<Point X="156" Y="232"/>
	<Point X="156" Y="231"/>
	<Point X="157" Y="229"/>
	<Point X="158" Y="228"/>
	<Point X="159" Y="227"/>
	<Point X="159" Y="225"/>
	<Point X="160" Y="225"/>
	<Point X="160" Y="224"/>
	<Point X="160" Y="223"/>
	<Point X="161" Y="222"/>
	<Point X="161" Y="221"/>
	<Point X="161" Y="220"/>
	<Point X="163" Y="218"/>
	<Point X="163" Y="216"/>
	<Point X="163" Y="215"/>
	<Point X="164" Y="215"/>
	<Point X="164" Y="214"/>
	<Point X="164" Y="213"/>
	<Point X="164" Y="212"/>
	<Point X="165" Y="211"/>
	<Point X="165" Y="210"/>
	<Point X="165" Y="208"/>
	<Point X="165" Y="207"/>
	<Point X="166" Y="207"/>
	<Point X="166" Y="206"/>
	<Point X="167" Y="205"/>
	<Point X="167" Y="204"/>
	<Point X="167" Y="203"/>
	<Point X="167" Y="202"/>
	<Point X="168" Y="202"/>
	<Point X="168" Y="201"/>
	<Point X="168" Y="200"/>
	<Point X="168" Y="199"/>
	<Point X="169" Y="199"/>
	<Point X="169" Y="198"/>
	<Point X="169" Y="197"/>
	<Point X="169" Y="196"/>
	<Point X="170" Y="196"/>
	<Point X="170" Y="195"/>
	<Point X="171" Y="195"/>
	<Point X="171" Y="194"/>
	<Point X="172" Y="193"/>
	<Point X="172" Y="194"/>
	<Point X="173" Y="194"/>
	<Point X="173" Y="195"/>
	<Point X="174" Y="195"/>
	<Point X="175" Y="195"/>
	<Point X="175" Y="196"/>
	<Point X="176" Y="197"/>
	<Point X="176" Y="198"/>
	<Point X="177" Y="198"/>
	<Point X="177" Y="199"/>
	<Point X="178" Y="199"/>
	<Point X="178" Y="200"/>
	<Point X="179" Y="200"/>
	<Point X="179" Y="201"/>
	<Point X="179" Y="202"/>
	<Point X="180" Y="202"/>
	<Point X="180" Y="203"/>
	<Point X="181" Y="203"/>
	<Point X="181" Y="204"/>
	<Point X="182" Y="205"/>
	<Point X="183" Y="206"/>
	<Point X="183" Y="207"/>
	<Point X="184" Y="208"/>
	<Point X="184" Y="209"/>
	<Point X="185" Y="210"/>
	<Point X="186" Y="211"/>
	<Point X="188" Y="214"/>
	<Point X="189" Y="215"/>
	<Point X="190" Y="216"/>
	<Point X="190" Y="218"/>
	<Point X="191" Y="218"/>
	<Point X="192" Y="220"/>
	<Point X="193" Y="220"/>
	<Point X="193" Y="221"/>
	<Point X="194" Y="223"/>
	<Point X="195" Y="223"/>
	<Point X="196" Y="224"/>
	<Point X="197" Y="225"/>
	<Point X="197" Y="226"/>
	<Point X="198" Y="228"/>
	<Point X="199" Y="229"/>
	<Point X="200" Y="230"/>
	<Point X="201" Y="231"/>
	<Point X="202" Y="232"/>
	<Point X="203" Y="233"/>
	<Point X="204" Y="235"/>
	<Point X="205" Y="236"/>
	<Point X="206" Y="237"/>
	<Point X="206" Y="238"/>
	<Point X="208" Y="240"/>
	<Point X="208" Y="241"/>
	<Point X="209" Y="241"/>
	<Point X="209" Y="242"/>
	<Point X="210" Y="243"/>
	<Point X="211" Y="244"/>
	<Point X="212" Y="245"/>
	<Point X="212" Y="246"/>
	<Point X="213" Y="247"/>
	<Point X="214" Y="248"/>
	<Point X="214" Y="249"/>
	<Point X="215" Y="249"/>
	<Point X="216" Y="250"/>
	<Point X="216" Y="251"/>
	<Point X="217" Y="252"/>
	<Point X="217" Y="253"/>
	<Point X="218" Y="253"/>
	<Point X="218" Y="254"/>
	<Point X="219" Y="255"/>
	<Point X="219" Y="256"/>
	<Point X="220" Y="256"/>
	<Point X="220" Y="257"/>
	<Point X="221" Y="257"/>
	<Point X="222" Y="257"/>
	<Point X="222" Y="256"/>
	<Point X="223" Y="256"/>
	<Point X="223" Y="255"/>
	<Point X="224" Y="254"/>
	<Point X="225" Y="254"/>
	<Point X="225" Y="253"/>
	<Point X="226" Y="252"/>
	<Point X="226" Y="251"/>
	<Point X="227" Y="251"/>
	<Point X="227" Y="250"/>
	<Point X="228" Y="249"/>
	<Point X="229" Y="248"/>
	<Point X="229" Y="247"/>
	<Point X="230" Y="247"/>
	<Point X="230" Y="246"/>
	<Point X="231" Y="245"/>
	<Point X="231" Y="244"/>
	<Point X="232" Y="243"/>
	<Point X="233" Y="243"/>
	<Point X="233" Y="241"/>
	<Point X="234" Y="240"/>
	<Point X="234" Y="239"/>
	<Point X="235" Y="237"/>
	<Point X="236" Y="236"/>
	<Point X="236" Y="235"/>
	<Point X="237" Y="234"/>
	<Point X="237" Y="233"/>
	<Point X="237" Y="232"/>
	<Point X="238" Y="231"/>
	<Point X="238" Y="229"/>
	<Point X="238" Y="228"/>
	<Point X="239" Y="227"/>
	<Point X="239" Y="226"/>
	<Point X="239" Y="225"/>
	<Point X="240" Y="224"/>
	<Point X="241" Y="223"/>
	<Point X="241" Y="221"/>
	<Point X="241" Y="220"/>
	<Point X="242" Y="219"/>
	<Point X="242" Y="218"/>
	<Point X="242" Y="217"/>
	<Point X="243" Y="215"/>
	<Point X="243" Y="214"/>
	<Point X="243" Y="213"/>
	<Point X="244" Y="212"/>
	<Point X="245" Y="211"/>
	<Point X="245" Y="210"/>
	<Point X="245" Y="209"/>
	<Point X="245" Y="208"/>
	<Point X="246" Y="208"/>
	<Point X="246" Y="207"/>
	<Point X="246" Y="206"/>
	<Point X="247" Y="206"/>
	<Point X="247" Y="205"/>
	<Point X="247" Y="204"/>
	<Point X="247" Y="203"/>
	<Point X="248" Y="203"/>
	<Point X="248" Y="202"/>
	<Point X="248" Y="201"/>
	<Point X="249" Y="201"/>
	<Point X="249" Y="200"/>
	<Point X="249" Y="199"/>
	<Point X="250" Y="199"/>
	<Point X="250" Y="198"/>
	<Point X="250" Y="197"/>
	<Point X="251" Y="196"/>
	<Point X="251" Y="195"/>
	<Point X="252" Y="194"/>
	<Point X="252" Y="193"/>
	<Point X="252" Y="192"/>
	<Point X="252" Y="191"/>
	<Point X="253" Y="191"/>
	<Point X="253" Y="190"/>
	<Point X="254" Y="189"/>
	<Point X="254" Y="188"/>
	<Point X="254" Y="187"/>
	<Point X="254" Y="186"/>
	<Point X="254" Y="185"/>
	<Point X="254" Y="184"/>
	<Point X="255" Y="184"/>
	<Point X="255" Y="183"/>
	<Point X="255" Y="182"/>
	<Point X="255" Y="181"/>
	<Point X="255" Y="180"/>
</Gesture>
