<?xml version="1.0" ?>
<Gesture Name="zigzag10" Subject="03" Number="10" NumPts="207">
	<Point X="105" Y="246"/>
	<Point X="104" Y="246"/>
	<Point X="103" Y="246"/>
	<Point X="103" Y="247"/>
	<Point X="102" Y="247"/>
	<Point X="101" Y="247"/>
	<Point X="101" Y="246"/>
	<Point X="101" Y="245"/>
	<Point X="102" Y="245"/>
	<Point X="102" Y="244"/>
	<Point X="103" Y="244"/>
	<Point X="103" Y="243"/>
	<Point X="103" Y="242"/>
	<Point X="104" Y="242"/>
	<Point X="104" Y="241"/>
	<Point X="105" Y="240"/>
	<Point X="106" Y="239"/>
	<Point X="107" Y="239"/>
	<Point X="107" Y="238"/>
	<Point X="108" Y="237"/>
	<Point X="109" Y="236"/>
	<Point X="110" Y="235"/>
	<Point X="111" Y="234"/>
	<Point X="113" Y="232"/>
	<Point X="114" Y="231"/>
	<Point X="115" Y="230"/>
	<Point X="116" Y="229"/>
	<Point X="117" Y="228"/>
	<Point X="117" Y="227"/>
	<Point X="119" Y="226"/>
	<Point X="121" Y="224"/>
	<Point X="122" Y="223"/>
	<Point X="123" Y="223"/>
	<Point X="124" Y="222"/>
	<Point X="125" Y="221"/>
	<Point X="126" Y="220"/>
	<Point X="128" Y="219"/>
	<Point X="129" Y="218"/>
	<Point X="130" Y="218"/>
	<Point X="132" Y="217"/>
	<Point X="132" Y="216"/>
	<Point X="134" Y="215"/>
	<Point X="135" Y="214"/>
	<Point X="136" Y="214"/>
	<Point X="136" Y="213"/>
	<Point X="137" Y="213"/>
	<Point X="138" Y="212"/>
	<Point X="139" Y="211"/>
	<Point X="140" Y="211"/>
	<Point X="141" Y="211"/>
	<Point X="141" Y="210"/>
	<Point X="142" Y="210"/>
	<Point X="143" Y="210"/>
	<Point X="144" Y="210"/>
	<Point X="144" Y="211"/>
	<Point X="144" Y="212"/>
	<Point X="144" Y="213"/>
	<Point X="145" Y="214"/>
	<Point X="145" Y="215"/>
	<Point X="145" Y="216"/>
	<Point X="145" Y="218"/>
	<Point X="146" Y="219"/>
	<Point X="146" Y="220"/>
	<Point X="146" Y="222"/>
	<Point X="146" Y="223"/>
	<Point X="147" Y="224"/>
	<Point X="147" Y="226"/>
	<Point X="148" Y="227"/>
	<Point X="149" Y="229"/>
	<Point X="149" Y="230"/>
	<Point X="149" Y="231"/>
	<Point X="150" Y="233"/>
	<Point X="150" Y="235"/>
	<Point X="151" Y="235"/>
	<Point X="151" Y="237"/>
	<Point X="151" Y="238"/>
	<Point X="152" Y="239"/>
	<Point X="153" Y="239"/>
	<Point X="153" Y="240"/>
	<Point X="153" Y="241"/>
	<Point X="153" Y="242"/>
	<Point X="154" Y="242"/>
	<Point X="154" Y="243"/>
	<Point X="154" Y="244"/>
	<Point X="155" Y="244"/>
	<Point X="155" Y="243"/>
	<Point X="155" Y="242"/>
	<Point X="156" Y="242"/>
	<Point X="156" Y="241"/>
	<Point X="157" Y="240"/>
	<Point X="158" Y="239"/>
	<Point X="158" Y="238"/>
	<Point X="159" Y="236"/>
	<Point X="161" Y="235"/>
	<Point X="162" Y="234"/>
	<Point X="163" Y="232"/>
	<Point X="165" Y="231"/>
	<Point X="166" Y="230"/>
	<Point X="167" Y="229"/>
	<Point X="167" Y="228"/>
	<Point X="169" Y="227"/>
	<Point X="169" Y="226"/>
	<Point X="170" Y="226"/>
	<Point X="170" Y="225"/>
	<Point X="171" Y="224"/>
	<Point X="173" Y="223"/>
	<Point X="173" Y="222"/>
	<Point X="174" Y="221"/>
	<Point X="175" Y="220"/>
	<Point X="175" Y="219"/>
	<Point X="176" Y="218"/>
	<Point X="177" Y="217"/>
	<Point X="177" Y="216"/>
	<Point X="178" Y="215"/>
	<Point X="179" Y="214"/>
	<Point X="180" Y="213"/>
	<Point X="180" Y="212"/>
	<Point X="181" Y="212"/>
	<Point X="182" Y="212"/>
	<Point X="182" Y="211"/>
	<Point X="183" Y="211"/>
	<Point X="183" Y="210"/>
	<Point X="184" Y="210"/>
	<Point X="185" Y="210"/>
	<Point X="185" Y="211"/>
	<Point X="185" Y="212"/>
	<Point X="186" Y="212"/>
	<Point X="186" Y="213"/>
	<Point X="186" Y="214"/>
	<Point X="186" Y="215"/>
	<Point X="186" Y="216"/>
	<Point X="187" Y="218"/>
	<Point X="187" Y="219"/>
	<Point X="187" Y="220"/>
	<Point X="188" Y="223"/>
	<Point X="188" Y="224"/>
	<Point X="189" Y="225"/>
	<Point X="190" Y="227"/>
	<Point X="190" Y="228"/>
	<Point X="191" Y="230"/>
	<Point X="191" Y="231"/>
	<Point X="192" Y="232"/>
	<Point X="193" Y="235"/>
	<Point X="194" Y="236"/>
	<Point X="194" Y="237"/>
	<Point X="195" Y="239"/>
	<Point X="196" Y="239"/>
	<Point X="196" Y="240"/>
	<Point X="198" Y="242"/>
	<Point X="199" Y="242"/>
	<Point X="199" Y="243"/>
	<Point X="200" Y="243"/>
	<Point X="201" Y="243"/>
	<Point X="202" Y="243"/>
	<Point X="203" Y="243"/>
	<Point X="203" Y="242"/>
	<Point X="204" Y="242"/>
	<Point X="204" Y="241"/>
	<Point X="205" Y="240"/>
	<Point X="206" Y="240"/>
	<Point X="206" Y="239"/>
	<Point X="207" Y="239"/>
	<Point X="207" Y="238"/>
	<Point X="208" Y="237"/>
	<Point X="208" Y="236"/>
	<Point X="210" Y="235"/>
	<Point X="211" Y="234"/>
	<Point X="211" Y="233"/>
	<Point X="212" Y="232"/>
	<Point X="213" Y="231"/>
	<Point X="214" Y="230"/>
	<Point X="215" Y="230"/>
	<Point X="216" Y="229"/>
	<Point X="217" Y="228"/>
	<Point X="219" Y="226"/>
	<Point X="220" Y="225"/>
	<Point X="221" Y="224"/>
	<Point X="221" Y="223"/>
	<Point X="223" Y="222"/>
	<Point X="224" Y="222"/>
	<Point X="225" Y="221"/>
	<Point X="226" Y="219"/>
	<Point X="227" Y="219"/>
	<Point X="228" Y="218"/>
	<Point X="229" Y="217"/>
	<Point X="231" Y="216"/>
	<Point X="232" Y="214"/>
	<Point X="234" Y="213"/>
	<Point X="236" Y="211"/>
	<Point X="237" Y="210"/>
	<Point X="239" Y="208"/>
	<Point X="240" Y="207"/>
	<Point X="241" Y="205"/>
	<Point X="243" Y="204"/>
	<Point X="244" Y="203"/>
	<Point X="245" Y="202"/>
	<Point X="246" Y="202"/>
	<Point X="247" Y="201"/>
	<Point X="248" Y="200"/>
	<Point X="249" Y="199"/>
	<Point X="250" Y="198"/>
	<Point X="251" Y="198"/>
	<Point X="252" Y="197"/>
	<Point X="253" Y="196"/>
	<Point X="253" Y="195"/>
	<Point X="254" Y="195"/>
	<Point X="255" Y="194"/>
</Gesture>
