<?xml version="1.0" ?>
<Gesture Name="zigzag02" Subject="03" Number="02" NumPts="253">
	<Point X="71" Y="245"/>
	<Point X="71" Y="244"/>
	<Point X="71" Y="243"/>
	<Point X="71" Y="242"/>
	<Point X="72" Y="242"/>
	<Point X="72" Y="241"/>
	<Point X="73" Y="240"/>
	<Point X="73" Y="239"/>
	<Point X="73" Y="238"/>
	<Point X="73" Y="237"/>
	<Point X="74" Y="236"/>
	<Point X="74" Y="235"/>
	<Point X="74" Y="234"/>
	<Point X="75" Y="234"/>
	<Point X="75" Y="233"/>
	<Point X="75" Y="231"/>
	<Point X="76" Y="230"/>
	<Point X="77" Y="228"/>
	<Point X="77" Y="227"/>
	<Point X="78" Y="226"/>
	<Point X="78" Y="225"/>
	<Point X="79" Y="224"/>
	<Point X="79" Y="222"/>
	<Point X="80" Y="221"/>
	<Point X="81" Y="219"/>
	<Point X="82" Y="218"/>
	<Point X="82" Y="217"/>
	<Point X="83" Y="215"/>
	<Point X="83" Y="214"/>
	<Point X="84" Y="213"/>
	<Point X="85" Y="211"/>
	<Point X="86" Y="210"/>
	<Point X="87" Y="209"/>
	<Point X="88" Y="208"/>
	<Point X="88" Y="207"/>
	<Point X="88" Y="206"/>
	<Point X="90" Y="205"/>
	<Point X="90" Y="204"/>
	<Point X="91" Y="204"/>
	<Point X="91" Y="202"/>
	<Point X="92" Y="202"/>
	<Point X="93" Y="201"/>
	<Point X="94" Y="200"/>
	<Point X="95" Y="198"/>
	<Point X="96" Y="197"/>
	<Point X="96" Y="196"/>
	<Point X="97" Y="196"/>
	<Point X="98" Y="195"/>
	<Point X="98" Y="194"/>
	<Point X="99" Y="194"/>
	<Point X="99" Y="193"/>
	<Point X="100" Y="193"/>
	<Point X="100" Y="192"/>
	<Point X="101" Y="192"/>
	<Point X="102" Y="192"/>
	<Point X="103" Y="192"/>
	<Point X="104" Y="192"/>
	<Point X="104" Y="193"/>
	<Point X="105" Y="194"/>
	<Point X="106" Y="194"/>
	<Point X="106" Y="195"/>
	<Point X="107" Y="196"/>
	<Point X="107" Y="197"/>
	<Point X="108" Y="198"/>
	<Point X="109" Y="200"/>
	<Point X="109" Y="201"/>
	<Point X="111" Y="202"/>
	<Point X="112" Y="204"/>
	<Point X="113" Y="206"/>
	<Point X="115" Y="208"/>
	<Point X="115" Y="209"/>
	<Point X="117" Y="211"/>
	<Point X="118" Y="212"/>
	<Point X="119" Y="213"/>
	<Point X="120" Y="216"/>
	<Point X="122" Y="218"/>
	<Point X="123" Y="219"/>
	<Point X="124" Y="220"/>
	<Point X="125" Y="223"/>
	<Point X="126" Y="224"/>
	<Point X="127" Y="226"/>
	<Point X="129" Y="227"/>
	<Point X="130" Y="229"/>
	<Point X="132" Y="231"/>
	<Point X="133" Y="233"/>
	<Point X="134" Y="234"/>
	<Point X="135" Y="235"/>
	<Point X="137" Y="237"/>
	<Point X="138" Y="237"/>
	<Point X="139" Y="239"/>
	<Point X="140" Y="240"/>
	<Point X="141" Y="241"/>
	<Point X="142" Y="242"/>
	<Point X="143" Y="243"/>
	<Point X="143" Y="244"/>
	<Point X="144" Y="244"/>
	<Point X="145" Y="245"/>
	<Point X="146" Y="246"/>
	<Point X="147" Y="246"/>
	<Point X="147" Y="247"/>
	<Point X="147" Y="248"/>
	<Point X="148" Y="248"/>
	<Point X="149" Y="248"/>
	<Point X="149" Y="247"/>
	<Point X="150" Y="246"/>
	<Point X="150" Y="245"/>
	<Point X="151" Y="245"/>
	<Point X="151" Y="244"/>
	<Point X="151" Y="243"/>
	<Point X="152" Y="242"/>
	<Point X="153" Y="241"/>
	<Point X="153" Y="240"/>
	<Point X="154" Y="238"/>
	<Point X="155" Y="237"/>
	<Point X="156" Y="236"/>
	<Point X="156" Y="235"/>
	<Point X="157" Y="234"/>
	<Point X="158" Y="233"/>
	<Point X="159" Y="232"/>
	<Point X="159" Y="231"/>
	<Point X="160" Y="230"/>
	<Point X="160" Y="229"/>
	<Point X="161" Y="228"/>
	<Point X="163" Y="226"/>
	<Point X="163" Y="224"/>
	<Point X="164" Y="224"/>
	<Point X="164" Y="222"/>
	<Point X="165" Y="221"/>
	<Point X="166" Y="220"/>
	<Point X="167" Y="219"/>
	<Point X="167" Y="217"/>
	<Point X="168" Y="216"/>
	<Point X="170" Y="213"/>
	<Point X="171" Y="211"/>
	<Point X="171" Y="210"/>
	<Point X="172" Y="209"/>
	<Point X="172" Y="208"/>
	<Point X="173" Y="207"/>
	<Point X="174" Y="206"/>
	<Point X="175" Y="205"/>
	<Point X="175" Y="204"/>
	<Point X="176" Y="203"/>
	<Point X="176" Y="201"/>
	<Point X="177" Y="201"/>
	<Point X="178" Y="200"/>
	<Point X="179" Y="199"/>
	<Point X="179" Y="198"/>
	<Point X="180" Y="198"/>
	<Point X="180" Y="197"/>
	<Point X="181" Y="197"/>
	<Point X="182" Y="197"/>
	<Point X="183" Y="197"/>
	<Point X="184" Y="197"/>
	<Point X="185" Y="197"/>
	<Point X="186" Y="198"/>
	<Point X="186" Y="199"/>
	<Point X="187" Y="199"/>
	<Point X="187" Y="200"/>
	<Point X="188" Y="201"/>
	<Point X="189" Y="203"/>
	<Point X="191" Y="205"/>
	<Point X="193" Y="207"/>
	<Point X="194" Y="209"/>
	<Point X="196" Y="211"/>
	<Point X="198" Y="213"/>
	<Point X="199" Y="215"/>
	<Point X="201" Y="217"/>
	<Point X="202" Y="219"/>
	<Point X="203" Y="221"/>
	<Point X="205" Y="222"/>
	<Point X="207" Y="224"/>
	<Point X="208" Y="226"/>
	<Point X="210" Y="228"/>
	<Point X="211" Y="229"/>
	<Point X="212" Y="231"/>
	<Point X="214" Y="232"/>
	<Point X="215" Y="234"/>
	<Point X="216" Y="235"/>
	<Point X="218" Y="236"/>
	<Point X="220" Y="238"/>
	<Point X="221" Y="238"/>
	<Point X="223" Y="240"/>
	<Point X="224" Y="241"/>
	<Point X="225" Y="242"/>
	<Point X="227" Y="243"/>
	<Point X="228" Y="243"/>
	<Point X="228" Y="244"/>
	<Point X="229" Y="244"/>
	<Point X="230" Y="245"/>
	<Point X="231" Y="245"/>
	<Point X="232" Y="246"/>
	<Point X="233" Y="246"/>
	<Point X="234" Y="246"/>
	<Point X="235" Y="246"/>
	<Point X="236" Y="246"/>
	<Point X="236" Y="245"/>
	<Point X="237" Y="245"/>
	<Point X="237" Y="244"/>
	<Point X="238" Y="244"/>
	<Point X="238" Y="243"/>
	<Point X="239" Y="243"/>
	<Point X="239" Y="242"/>
	<Point X="240" Y="242"/>
	<Point X="241" Y="240"/>
	<Point X="242" Y="239"/>
	<Point X="243" Y="238"/>
	<Point X="244" Y="237"/>
	<Point X="244" Y="236"/>
	<Point X="245" Y="235"/>
	<Point X="246" Y="235"/>
	<Point X="246" Y="234"/>
	<Point X="248" Y="233"/>
	<Point X="249" Y="231"/>
	<Point X="250" Y="230"/>
	<Point X="251" Y="229"/>
	<Point X="252" Y="227"/>
	<Point X="253" Y="226"/>
	<Point X="254" Y="226"/>
	<Point X="255" Y="224"/>
	<Point X="256" Y="223"/>
	<Point X="257" Y="222"/>
	<Point X="258" Y="221"/>
	<Point X="260" Y="219"/>
	<Point X="261" Y="218"/>
	<Point X="263" Y="215"/>
	<Point X="263" Y="214"/>
	<Point X="265" Y="214"/>
	<Point X="265" Y="213"/>
	<Point X="267" Y="211"/>
	<Point X="268" Y="210"/>
	<Point X="269" Y="209"/>
	<Point X="270" Y="207"/>
	<Point X="271" Y="206"/>
	<Point X="272" Y="206"/>
	<Point X="273" Y="205"/>
	<Point X="274" Y="204"/>
	<Point X="275" Y="203"/>
	<Point X="275" Y="202"/>
	<Point X="276" Y="201"/>
	<Point X="277" Y="201"/>
	<Point X="277" Y="200"/>
	<Point X="278" Y="199"/>
	<Point X="279" Y="198"/>
	<Point X="280" Y="197"/>
	<Point X="281" Y="197"/>
	<Point X="281" Y="196"/>
	<Point X="282" Y="196"/>
	<Point X="282" Y="195"/>
	<Point X="282" Y="194"/>
	<Point X="283" Y="194"/>
	<Point X="283" Y="193"/>
	<Point X="283" Y="192"/>
	<Point X="284" Y="192"/>
</Gesture>
