<?xml version="1.0" ?>
<Gesture Name="zigzag04" Subject="03" Number="04" NumPts="223">
	<Point X="83" Y="236"/>
	<Point X="83" Y="235"/>
	<Point X="83" Y="234"/>
	<Point X="84" Y="233"/>
	<Point X="84" Y="232"/>
	<Point X="84" Y="231"/>
	<Point X="85" Y="231"/>
	<Point X="85" Y="230"/>
	<Point X="86" Y="230"/>
	<Point X="86" Y="229"/>
	<Point X="87" Y="227"/>
	<Point X="87" Y="226"/>
	<Point X="88" Y="226"/>
	<Point X="89" Y="224"/>
	<Point X="89" Y="223"/>
	<Point X="90" Y="222"/>
	<Point X="91" Y="221"/>
	<Point X="92" Y="220"/>
	<Point X="93" Y="218"/>
	<Point X="94" Y="217"/>
	<Point X="95" Y="215"/>
	<Point X="96" Y="215"/>
	<Point X="97" Y="214"/>
	<Point X="98" Y="213"/>
	<Point X="99" Y="211"/>
	<Point X="101" Y="210"/>
	<Point X="101" Y="209"/>
	<Point X="102" Y="208"/>
	<Point X="103" Y="207"/>
	<Point X="104" Y="206"/>
	<Point X="105" Y="205"/>
	<Point X="106" Y="205"/>
	<Point X="107" Y="204"/>
	<Point X="108" Y="203"/>
	<Point X="109" Y="202"/>
	<Point X="109" Y="201"/>
	<Point X="110" Y="201"/>
	<Point X="112" Y="199"/>
	<Point X="113" Y="198"/>
	<Point X="114" Y="197"/>
	<Point X="115" Y="197"/>
	<Point X="116" Y="196"/>
	<Point X="117" Y="195"/>
	<Point X="117" Y="194"/>
	<Point X="118" Y="194"/>
	<Point X="119" Y="194"/>
	<Point X="120" Y="194"/>
	<Point X="121" Y="194"/>
	<Point X="122" Y="194"/>
	<Point X="122" Y="195"/>
	<Point X="122" Y="196"/>
	<Point X="123" Y="196"/>
	<Point X="123" Y="197"/>
	<Point X="124" Y="198"/>
	<Point X="124" Y="200"/>
	<Point X="125" Y="200"/>
	<Point X="125" Y="201"/>
	<Point X="125" Y="202"/>
	<Point X="126" Y="204"/>
	<Point X="126" Y="205"/>
	<Point X="128" Y="206"/>
	<Point X="128" Y="208"/>
	<Point X="129" Y="209"/>
	<Point X="130" Y="212"/>
	<Point X="130" Y="213"/>
	<Point X="131" Y="214"/>
	<Point X="132" Y="216"/>
	<Point X="133" Y="218"/>
	<Point X="134" Y="220"/>
	<Point X="135" Y="220"/>
	<Point X="136" Y="223"/>
	<Point X="137" Y="224"/>
	<Point X="137" Y="225"/>
	<Point X="139" Y="227"/>
	<Point X="140" Y="228"/>
	<Point X="140" Y="229"/>
	<Point X="141" Y="230"/>
	<Point X="142" Y="231"/>
	<Point X="142" Y="232"/>
	<Point X="143" Y="232"/>
	<Point X="144" Y="233"/>
	<Point X="144" Y="234"/>
	<Point X="145" Y="234"/>
	<Point X="145" Y="235"/>
	<Point X="146" Y="235"/>
	<Point X="146" Y="236"/>
	<Point X="147" Y="236"/>
	<Point X="147" Y="235"/>
	<Point X="148" Y="235"/>
	<Point X="148" Y="234"/>
	<Point X="148" Y="233"/>
	<Point X="149" Y="233"/>
	<Point X="150" Y="232"/>
	<Point X="150" Y="230"/>
	<Point X="152" Y="229"/>
	<Point X="153" Y="228"/>
	<Point X="154" Y="227"/>
	<Point X="155" Y="226"/>
	<Point X="155" Y="225"/>
	<Point X="157" Y="224"/>
	<Point X="158" Y="223"/>
	<Point X="159" Y="222"/>
	<Point X="159" Y="221"/>
	<Point X="161" Y="220"/>
	<Point X="162" Y="219"/>
	<Point X="163" Y="218"/>
	<Point X="163" Y="217"/>
	<Point X="165" Y="216"/>
	<Point X="166" Y="215"/>
	<Point X="166" Y="214"/>
	<Point X="167" Y="213"/>
	<Point X="168" Y="212"/>
	<Point X="169" Y="212"/>
	<Point X="169" Y="211"/>
	<Point X="169" Y="210"/>
	<Point X="170" Y="210"/>
	<Point X="170" Y="209"/>
	<Point X="171" Y="208"/>
	<Point X="171" Y="207"/>
	<Point X="172" Y="207"/>
	<Point X="172" Y="206"/>
	<Point X="173" Y="206"/>
	<Point X="173" Y="205"/>
	<Point X="173" Y="204"/>
	<Point X="174" Y="204"/>
	<Point X="174" Y="203"/>
	<Point X="175" Y="203"/>
	<Point X="175" Y="202"/>
	<Point X="175" Y="201"/>
	<Point X="176" Y="201"/>
	<Point X="177" Y="201"/>
	<Point X="177" Y="202"/>
	<Point X="177" Y="203"/>
	<Point X="178" Y="203"/>
	<Point X="178" Y="204"/>
	<Point X="179" Y="206"/>
	<Point X="179" Y="207"/>
	<Point X="179" Y="209"/>
	<Point X="180" Y="210"/>
	<Point X="181" Y="212"/>
	<Point X="182" Y="214"/>
	<Point X="182" Y="215"/>
	<Point X="183" Y="217"/>
	<Point X="184" Y="220"/>
	<Point X="185" Y="221"/>
	<Point X="186" Y="223"/>
	<Point X="187" Y="224"/>
	<Point X="187" Y="225"/>
	<Point X="188" Y="227"/>
	<Point X="189" Y="228"/>
	<Point X="190" Y="229"/>
	<Point X="191" Y="230"/>
	<Point X="191" Y="231"/>
	<Point X="192" Y="232"/>
	<Point X="193" Y="233"/>
	<Point X="194" Y="233"/>
	<Point X="194" Y="234"/>
	<Point X="195" Y="235"/>
	<Point X="195" Y="236"/>
	<Point X="196" Y="236"/>
	<Point X="196" Y="237"/>
	<Point X="197" Y="237"/>
	<Point X="198" Y="237"/>
	<Point X="198" Y="238"/>
	<Point X="199" Y="238"/>
	<Point X="200" Y="238"/>
	<Point X="200" Y="237"/>
	<Point X="201" Y="237"/>
	<Point X="202" Y="237"/>
	<Point X="204" Y="236"/>
	<Point X="204" Y="235"/>
	<Point X="205" Y="235"/>
	<Point X="207" Y="233"/>
	<Point X="208" Y="232"/>
	<Point X="209" Y="231"/>
	<Point X="210" Y="231"/>
	<Point X="211" Y="229"/>
	<Point X="213" Y="228"/>
	<Point X="214" Y="227"/>
	<Point X="215" Y="226"/>
	<Point X="216" Y="225"/>
	<Point X="219" Y="223"/>
	<Point X="220" Y="222"/>
	<Point X="221" Y="220"/>
	<Point X="223" Y="219"/>
	<Point X="224" Y="218"/>
	<Point X="225" Y="216"/>
	<Point X="226" Y="215"/>
	<Point X="228" Y="213"/>
	<Point X="229" Y="212"/>
	<Point X="231" Y="211"/>
	<Point X="232" Y="209"/>
	<Point X="233" Y="208"/>
	<Point X="235" Y="206"/>
	<Point X="236" Y="204"/>
	<Point X="237" Y="203"/>
	<Point X="239" Y="202"/>
	<Point X="240" Y="200"/>
	<Point X="241" Y="199"/>
	<Point X="242" Y="198"/>
	<Point X="243" Y="197"/>
	<Point X="244" Y="196"/>
	<Point X="245" Y="195"/>
	<Point X="247" Y="194"/>
	<Point X="248" Y="192"/>
	<Point X="249" Y="191"/>
	<Point X="250" Y="190"/>
	<Point X="251" Y="189"/>
	<Point X="253" Y="188"/>
	<Point X="253" Y="187"/>
	<Point X="254" Y="186"/>
	<Point X="255" Y="185"/>
	<Point X="256" Y="185"/>
	<Point X="257" Y="183"/>
	<Point X="258" Y="182"/>
	<Point X="259" Y="182"/>
	<Point X="259" Y="181"/>
	<Point X="260" Y="181"/>
	<Point X="260" Y="180"/>
	<Point X="261" Y="180"/>
	<Point X="261" Y="179"/>
	<Point X="262" Y="179"/>
	<Point X="262" Y="178"/>
</Gesture>
