<?xml version="1.0" ?>
<Gesture Name="zigzag07" Subject="03" Number="07" NumPts="210">
	<Point X="90" Y="247"/>
	<Point X="89" Y="247"/>
	<Point X="89" Y="246"/>
	<Point X="90" Y="245"/>
	<Point X="90" Y="244"/>
	<Point X="91" Y="244"/>
	<Point X="92" Y="243"/>
	<Point X="92" Y="242"/>
	<Point X="93" Y="242"/>
	<Point X="93" Y="241"/>
	<Point X="94" Y="240"/>
	<Point X="95" Y="240"/>
	<Point X="96" Y="239"/>
	<Point X="97" Y="237"/>
	<Point X="98" Y="236"/>
	<Point X="99" Y="235"/>
	<Point X="100" Y="235"/>
	<Point X="101" Y="233"/>
	<Point X="102" Y="232"/>
	<Point X="104" Y="231"/>
	<Point X="105" Y="230"/>
	<Point X="106" Y="228"/>
	<Point X="107" Y="228"/>
	<Point X="108" Y="227"/>
	<Point X="110" Y="226"/>
	<Point X="110" Y="225"/>
	<Point X="112" Y="224"/>
	<Point X="113" Y="223"/>
	<Point X="114" Y="222"/>
	<Point X="115" Y="221"/>
	<Point X="115" Y="220"/>
	<Point X="117" Y="219"/>
	<Point X="118" Y="218"/>
	<Point X="119" Y="218"/>
	<Point X="119" Y="217"/>
	<Point X="120" Y="216"/>
	<Point X="121" Y="215"/>
	<Point X="122" Y="215"/>
	<Point X="123" Y="214"/>
	<Point X="124" Y="213"/>
	<Point X="125" Y="212"/>
	<Point X="126" Y="212"/>
	<Point X="126" Y="211"/>
	<Point X="127" Y="211"/>
	<Point X="128" Y="210"/>
	<Point X="129" Y="210"/>
	<Point X="130" Y="210"/>
	<Point X="131" Y="210"/>
	<Point X="132" Y="210"/>
	<Point X="133" Y="210"/>
	<Point X="134" Y="210"/>
	<Point X="135" Y="210"/>
	<Point X="136" Y="210"/>
	<Point X="137" Y="211"/>
	<Point X="139" Y="212"/>
	<Point X="139" Y="214"/>
	<Point X="140" Y="214"/>
	<Point X="141" Y="216"/>
	<Point X="142" Y="217"/>
	<Point X="143" Y="219"/>
	<Point X="144" Y="220"/>
	<Point X="145" Y="221"/>
	<Point X="146" Y="222"/>
	<Point X="147" Y="224"/>
	<Point X="147" Y="225"/>
	<Point X="148" Y="227"/>
	<Point X="149" Y="228"/>
	<Point X="150" Y="230"/>
	<Point X="151" Y="232"/>
	<Point X="152" Y="235"/>
	<Point X="154" Y="236"/>
	<Point X="154" Y="237"/>
	<Point X="155" Y="239"/>
	<Point X="156" Y="240"/>
	<Point X="156" Y="242"/>
	<Point X="157" Y="243"/>
	<Point X="158" Y="243"/>
	<Point X="158" Y="244"/>
	<Point X="158" Y="245"/>
	<Point X="159" Y="245"/>
	<Point X="159" Y="247"/>
	<Point X="159" Y="248"/>
	<Point X="160" Y="248"/>
	<Point X="160" Y="249"/>
	<Point X="160" Y="248"/>
	<Point X="161" Y="248"/>
	<Point X="161" Y="247"/>
	<Point X="162" Y="247"/>
	<Point X="163" Y="245"/>
	<Point X="163" Y="244"/>
	<Point X="164" Y="243"/>
	<Point X="166" Y="241"/>
	<Point X="167" Y="239"/>
	<Point X="168" Y="238"/>
	<Point X="170" Y="236"/>
	<Point X="171" Y="235"/>
	<Point X="172" Y="234"/>
	<Point X="173" Y="232"/>
	<Point X="175" Y="231"/>
	<Point X="176" Y="229"/>
	<Point X="176" Y="228"/>
	<Point X="178" Y="227"/>
	<Point X="179" Y="226"/>
	<Point X="179" Y="225"/>
	<Point X="180" Y="224"/>
	<Point X="181" Y="223"/>
	<Point X="182" Y="222"/>
	<Point X="183" Y="221"/>
	<Point X="183" Y="220"/>
	<Point X="184" Y="220"/>
	<Point X="185" Y="219"/>
	<Point X="185" Y="218"/>
	<Point X="187" Y="217"/>
	<Point X="187" Y="216"/>
	<Point X="188" Y="216"/>
	<Point X="188" Y="215"/>
	<Point X="189" Y="215"/>
	<Point X="189" Y="214"/>
	<Point X="190" Y="214"/>
	<Point X="191" Y="214"/>
	<Point X="192" Y="214"/>
	<Point X="192" Y="215"/>
	<Point X="193" Y="215"/>
	<Point X="193" Y="217"/>
	<Point X="193" Y="219"/>
	<Point X="194" Y="220"/>
	<Point X="195" Y="222"/>
	<Point X="196" Y="226"/>
	<Point X="196" Y="228"/>
	<Point X="197" Y="230"/>
	<Point X="198" Y="232"/>
	<Point X="199" Y="234"/>
	<Point X="200" Y="236"/>
	<Point X="203" Y="241"/>
	<Point X="204" Y="242"/>
	<Point X="204" Y="243"/>
	<Point X="205" Y="244"/>
	<Point X="205" Y="245"/>
	<Point X="206" Y="245"/>
	<Point X="207" Y="246"/>
	<Point X="208" Y="246"/>
	<Point X="208" Y="247"/>
	<Point X="209" Y="247"/>
	<Point X="210" Y="247"/>
	<Point X="211" Y="247"/>
	<Point X="211" Y="246"/>
	<Point X="212" Y="246"/>
	<Point X="213" Y="245"/>
	<Point X="213" Y="244"/>
	<Point X="214" Y="244"/>
	<Point X="215" Y="243"/>
	<Point X="216" Y="242"/>
	<Point X="216" Y="241"/>
	<Point X="217" Y="241"/>
	<Point X="218" Y="240"/>
	<Point X="219" Y="239"/>
	<Point X="220" Y="238"/>
	<Point X="220" Y="237"/>
	<Point X="221" Y="236"/>
	<Point X="223" Y="236"/>
	<Point X="224" Y="234"/>
	<Point X="225" Y="233"/>
	<Point X="226" Y="232"/>
	<Point X="228" Y="231"/>
	<Point X="228" Y="230"/>
	<Point X="229" Y="229"/>
	<Point X="231" Y="228"/>
	<Point X="232" Y="227"/>
	<Point X="234" Y="225"/>
	<Point X="234" Y="224"/>
	<Point X="237" Y="222"/>
	<Point X="238" Y="222"/>
	<Point X="240" Y="220"/>
	<Point X="241" Y="219"/>
	<Point X="242" Y="218"/>
	<Point X="243" Y="217"/>
	<Point X="244" Y="216"/>
	<Point X="246" Y="214"/>
	<Point X="247" Y="214"/>
	<Point X="249" Y="212"/>
	<Point X="250" Y="211"/>
	<Point X="251" Y="210"/>
	<Point X="252" Y="208"/>
	<Point X="253" Y="208"/>
	<Point X="254" Y="206"/>
	<Point X="257" Y="204"/>
	<Point X="257" Y="202"/>
	<Point X="259" Y="201"/>
	<Point X="260" Y="200"/>
	<Point X="261" Y="199"/>
	<Point X="261" Y="198"/>
	<Point X="262" Y="197"/>
	<Point X="263" Y="196"/>
	<Point X="264" Y="195"/>
	<Point X="264" Y="194"/>
	<Point X="265" Y="193"/>
	<Point X="266" Y="192"/>
	<Point X="267" Y="191"/>
	<Point X="268" Y="191"/>
	<Point X="268" Y="190"/>
	<Point X="268" Y="189"/>
	<Point X="269" Y="189"/>
	<Point X="269" Y="188"/>
	<Point X="270" Y="188"/>
	<Point X="270" Y="187"/>
	<Point X="271" Y="187"/>
	<Point X="271" Y="186"/>
	<Point X="272" Y="185"/>
	<Point X="273" Y="185"/>
	<Point X="273" Y="184"/>
</Gesture>
