<?xml version="1.0" ?>
<Gesture Name="arrow06" Subject="01" Number="06" NumPts="256">
	<Point X="106" Y="283"/>
	<Point X="107" Y="283"/>
	<Point X="108" Y="282"/>
	<Point X="109" Y="282"/>
	<Point X="109" Y="281"/>
	<Point X="110" Y="281"/>
	<Point X="111" Y="281"/>
	<Point X="111" Y="280"/>
	<Point X="112" Y="280"/>
	<Point X="112" Y="279"/>
	<Point X="113" Y="279"/>
	<Point X="114" Y="279"/>
	<Point X="114" Y="278"/>
	<Point X="115" Y="278"/>
	<Point X="116" Y="277"/>
	<Point X="117" Y="277"/>
	<Point X="118" Y="277"/>
	<Point X="118" Y="276"/>
	<Point X="119" Y="276"/>
	<Point X="120" Y="276"/>
	<Point X="121" Y="275"/>
	<Point X="122" Y="275"/>
	<Point X="123" Y="275"/>
	<Point X="124" Y="274"/>
	<Point X="127" Y="273"/>
	<Point X="131" Y="272"/>
	<Point X="133" Y="271"/>
	<Point X="134" Y="271"/>
	<Point X="135" Y="270"/>
	<Point X="136" Y="270"/>
	<Point X="137" Y="270"/>
	<Point X="140" Y="269"/>
	<Point X="142" Y="268"/>
	<Point X="144" Y="268"/>
	<Point X="148" Y="266"/>
	<Point X="150" Y="266"/>
	<Point X="152" Y="265"/>
	<Point X="155" Y="264"/>
	<Point X="158" Y="263"/>
	<Point X="161" Y="262"/>
	<Point X="165" Y="261"/>
	<Point X="168" Y="259"/>
	<Point X="173" Y="258"/>
	<Point X="177" Y="256"/>
	<Point X="180" Y="255"/>
	<Point X="182" Y="254"/>
	<Point X="185" Y="253"/>
	<Point X="187" Y="252"/>
	<Point X="189" Y="251"/>
	<Point X="190" Y="251"/>
	<Point X="193" Y="249"/>
	<Point X="194" Y="249"/>
	<Point X="195" Y="248"/>
	<Point X="196" Y="247"/>
	<Point X="199" Y="246"/>
	<Point X="201" Y="245"/>
	<Point X="203" Y="244"/>
	<Point X="205" Y="243"/>
	<Point X="205" Y="242"/>
	<Point X="207" Y="242"/>
	<Point X="208" Y="241"/>
	<Point X="209" Y="240"/>
	<Point X="210" Y="240"/>
	<Point X="211" Y="239"/>
	<Point X="212" Y="238"/>
	<Point X="213" Y="238"/>
	<Point X="214" Y="237"/>
	<Point X="215" Y="237"/>
	<Point X="215" Y="236"/>
	<Point X="216" Y="236"/>
	<Point X="217" Y="235"/>
	<Point X="218" Y="235"/>
	<Point X="218" Y="234"/>
	<Point X="219" Y="234"/>
	<Point X="219" Y="233"/>
	<Point X="220" Y="233"/>
	<Point X="220" Y="232"/>
	<Point X="221" Y="232"/>
	<Point X="220" Y="232"/>
	<Point X="219" Y="231"/>
	<Point X="218" Y="231"/>
	<Point X="217" Y="231"/>
	<Point X="216" Y="231"/>
	<Point X="216" Y="230"/>
	<Point X="215" Y="230"/>
	<Point X="214" Y="230"/>
	<Point X="213" Y="230"/>
	<Point X="213" Y="229"/>
	<Point X="212" Y="229"/>
	<Point X="211" Y="229"/>
	<Point X="210" Y="229"/>
	<Point X="210" Y="228"/>
	<Point X="209" Y="228"/>
	<Point X="208" Y="228"/>
	<Point X="207" Y="228"/>
	<Point X="206" Y="227"/>
	<Point X="205" Y="227"/>
	<Point X="204" Y="227"/>
	<Point X="203" Y="227"/>
	<Point X="203" Y="226"/>
	<Point X="202" Y="226"/>
	<Point X="201" Y="226"/>
	<Point X="200" Y="226"/>
	<Point X="199" Y="225"/>
	<Point X="198" Y="225"/>
	<Point X="197" Y="224"/>
	<Point X="196" Y="224"/>
	<Point X="195" Y="224"/>
	<Point X="194" Y="223"/>
	<Point X="193" Y="223"/>
	<Point X="192" Y="223"/>
	<Point X="191" Y="222"/>
	<Point X="190" Y="222"/>
	<Point X="189" Y="222"/>
	<Point X="189" Y="221"/>
	<Point X="188" Y="221"/>
	<Point X="187" Y="221"/>
	<Point X="186" Y="220"/>
	<Point X="185" Y="220"/>
	<Point X="184" Y="220"/>
	<Point X="184" Y="219"/>
	<Point X="183" Y="219"/>
	<Point X="182" Y="219"/>
	<Point X="181" Y="219"/>
	<Point X="181" Y="218"/>
	<Point X="180" Y="218"/>
	<Point X="179" Y="218"/>
	<Point X="178" Y="218"/>
	<Point X="178" Y="217"/>
	<Point X="177" Y="217"/>
	<Point X="176" Y="217"/>
	<Point X="175" Y="217"/>
	<Point X="174" Y="217"/>
	<Point X="174" Y="216"/>
	<Point X="173" Y="216"/>
	<Point X="174" Y="216"/>
	<Point X="175" Y="217"/>
	<Point X="176" Y="217"/>
	<Point X="177" Y="217"/>
	<Point X="177" Y="218"/>
	<Point X="178" Y="218"/>
	<Point X="179" Y="218"/>
	<Point X="179" Y="219"/>
	<Point X="180" Y="219"/>
	<Point X="181" Y="219"/>
	<Point X="181" Y="220"/>
	<Point X="182" Y="220"/>
	<Point X="183" Y="220"/>
	<Point X="184" Y="221"/>
	<Point X="185" Y="221"/>
	<Point X="186" Y="222"/>
	<Point X="187" Y="222"/>
	<Point X="188" Y="222"/>
	<Point X="188" Y="223"/>
	<Point X="190" Y="223"/>
	<Point X="192" Y="224"/>
	<Point X="193" Y="225"/>
	<Point X="194" Y="225"/>
	<Point X="195" Y="225"/>
	<Point X="196" Y="226"/>
	<Point X="197" Y="226"/>
	<Point X="198" Y="226"/>
	<Point X="198" Y="227"/>
	<Point X="199" Y="227"/>
	<Point X="200" Y="227"/>
	<Point X="201" Y="227"/>
	<Point X="201" Y="228"/>
	<Point X="202" Y="228"/>
	<Point X="203" Y="228"/>
	<Point X="204" Y="228"/>
	<Point X="204" Y="229"/>
	<Point X="205" Y="229"/>
	<Point X="206" Y="229"/>
	<Point X="207" Y="229"/>
	<Point X="208" Y="229"/>
	<Point X="208" Y="230"/>
	<Point X="209" Y="230"/>
	<Point X="210" Y="230"/>
	<Point X="211" Y="230"/>
	<Point X="212" Y="230"/>
	<Point X="213" Y="230"/>
	<Point X="213" Y="231"/>
	<Point X="214" Y="231"/>
	<Point X="215" Y="231"/>
	<Point X="215" Y="232"/>
	<Point X="216" Y="232"/>
	<Point X="217" Y="232"/>
	<Point X="218" Y="232"/>
	<Point X="218" Y="233"/>
	<Point X="219" Y="233"/>
	<Point X="220" Y="233"/>
	<Point X="220" Y="234"/>
	<Point X="221" Y="234"/>
	<Point X="221" Y="235"/>
	<Point X="221" Y="236"/>
	<Point X="221" Y="237"/>
	<Point X="221" Y="238"/>
	<Point X="221" Y="239"/>
	<Point X="221" Y="240"/>
	<Point X="221" Y="241"/>
	<Point X="221" Y="242"/>
	<Point X="221" Y="243"/>
	<Point X="221" Y="244"/>
	<Point X="221" Y="245"/>
	<Point X="221" Y="246"/>
	<Point X="221" Y="247"/>
	<Point X="221" Y="248"/>
	<Point X="221" Y="249"/>
	<Point X="221" Y="250"/>
	<Point X="221" Y="251"/>
	<Point X="222" Y="253"/>
	<Point X="222" Y="254"/>
	<Point X="222" Y="255"/>
	<Point X="222" Y="256"/>
	<Point X="222" Y="257"/>
	<Point X="222" Y="258"/>
	<Point X="222" Y="259"/>
	<Point X="222" Y="260"/>
	<Point X="222" Y="261"/>
	<Point X="222" Y="262"/>
	<Point X="222" Y="263"/>
	<Point X="222" Y="264"/>
	<Point X="222" Y="265"/>
	<Point X="222" Y="266"/>
	<Point X="222" Y="267"/>
	<Point X="222" Y="268"/>
	<Point X="222" Y="269"/>
	<Point X="222" Y="270"/>
	<Point X="222" Y="271"/>
	<Point X="222" Y="272"/>
	<Point X="222" Y="273"/>
	<Point X="222" Y="274"/>
	<Point X="222" Y="275"/>
	<Point X="222" Y="276"/>
	<Point X="222" Y="277"/>
	<Point X="222" Y="278"/>
	<Point X="222" Y="279"/>
	<Point X="222" Y="280"/>
	<Point X="222" Y="281"/>
	<Point X="222" Y="282"/>
	<Point X="222" Y="283"/>
	<Point X="222" Y="284"/>
	<Point X="222" Y="285"/>
	<Point X="222" Y="286"/>
	<Point X="222" Y="287"/>
	<Point X="222" Y="288"/>
	<Point X="222" Y="289"/>
	<Point X="222" Y="290"/>
	<Point X="222" Y="291"/>
	<Point X="222" Y="292"/>
	<Point X="222" Y="293"/>
	<Point X="222" Y="294"/>
	<Point X="222" Y="295"/>
	<Point X="221" Y="295"/>
	<Point X="221" Y="296"/>
	<Point X="221" Y="297"/>
</Gesture>
