<?xml version="1.0" ?>
<Gesture Name="arrow02" Subject="01" Number="02" NumPts="440">
	<Point X="114" Y="291"/>
	<Point X="115" Y="291"/>
	<Point X="115" Y="290"/>
	<Point X="116" Y="290"/>
	<Point X="117" Y="290"/>
	<Point X="118" Y="289"/>
	<Point X="119" Y="289"/>
	<Point X="120" Y="289"/>
	<Point X="121" Y="288"/>
	<Point X="122" Y="288"/>
	<Point X="123" Y="288"/>
	<Point X="124" Y="288"/>
	<Point X="125" Y="287"/>
	<Point X="126" Y="287"/>
	<Point X="127" Y="287"/>
	<Point X="128" Y="286"/>
	<Point X="129" Y="286"/>
	<Point X="130" Y="286"/>
	<Point X="131" Y="285"/>
	<Point X="132" Y="285"/>
	<Point X="133" Y="285"/>
	<Point X="134" Y="284"/>
	<Point X="135" Y="284"/>
	<Point X="136" Y="284"/>
	<Point X="137" Y="283"/>
	<Point X="138" Y="283"/>
	<Point X="139" Y="283"/>
	<Point X="140" Y="282"/>
	<Point X="141" Y="282"/>
	<Point X="142" Y="282"/>
	<Point X="142" Y="281"/>
	<Point X="143" Y="281"/>
	<Point X="146" Y="280"/>
	<Point X="148" Y="279"/>
	<Point X="149" Y="279"/>
	<Point X="150" Y="278"/>
	<Point X="151" Y="278"/>
	<Point X="152" Y="278"/>
	<Point X="153" Y="278"/>
	<Point X="154" Y="277"/>
	<Point X="155" Y="277"/>
	<Point X="156" Y="277"/>
	<Point X="156" Y="276"/>
	<Point X="157" Y="276"/>
	<Point X="158" Y="276"/>
	<Point X="159" Y="275"/>
	<Point X="160" Y="275"/>
	<Point X="161" Y="275"/>
	<Point X="162" Y="275"/>
	<Point X="162" Y="274"/>
	<Point X="163" Y="274"/>
	<Point X="164" Y="274"/>
	<Point X="165" Y="274"/>
	<Point X="166" Y="273"/>
	<Point X="167" Y="273"/>
	<Point X="168" Y="273"/>
	<Point X="169" Y="273"/>
	<Point X="169" Y="272"/>
	<Point X="170" Y="272"/>
	<Point X="171" Y="272"/>
	<Point X="172" Y="272"/>
	<Point X="173" Y="271"/>
	<Point X="174" Y="271"/>
	<Point X="175" Y="271"/>
	<Point X="176" Y="271"/>
	<Point X="177" Y="270"/>
	<Point X="178" Y="270"/>
	<Point X="179" Y="270"/>
	<Point X="180" Y="270"/>
	<Point X="181" Y="269"/>
	<Point X="182" Y="269"/>
	<Point X="183" Y="269"/>
	<Point X="184" Y="269"/>
	<Point X="185" Y="269"/>
	<Point X="186" Y="268"/>
	<Point X="187" Y="268"/>
	<Point X="188" Y="268"/>
	<Point X="189" Y="268"/>
	<Point X="190" Y="267"/>
	<Point X="191" Y="267"/>
	<Point X="192" Y="267"/>
	<Point X="193" Y="267"/>
	<Point X="194" Y="267"/>
	<Point X="195" Y="266"/>
	<Point X="196" Y="266"/>
	<Point X="197" Y="266"/>
	<Point X="198" Y="265"/>
	<Point X="199" Y="265"/>
	<Point X="200" Y="265"/>
	<Point X="201" Y="265"/>
	<Point X="202" Y="264"/>
	<Point X="203" Y="264"/>
	<Point X="204" Y="263"/>
	<Point X="205" Y="263"/>
	<Point X="206" Y="263"/>
	<Point X="206" Y="262"/>
	<Point X="207" Y="262"/>
	<Point X="208" Y="262"/>
	<Point X="208" Y="261"/>
	<Point X="209" Y="261"/>
	<Point X="210" Y="261"/>
	<Point X="210" Y="260"/>
	<Point X="211" Y="260"/>
	<Point X="212" Y="260"/>
	<Point X="212" Y="259"/>
	<Point X="213" Y="259"/>
	<Point X="214" Y="258"/>
	<Point X="215" Y="258"/>
	<Point X="215" Y="257"/>
	<Point X="216" Y="257"/>
	<Point X="217" Y="256"/>
	<Point X="218" Y="256"/>
	<Point X="219" Y="255"/>
	<Point X="220" Y="255"/>
	<Point X="220" Y="254"/>
	<Point X="221" Y="254"/>
	<Point X="222" Y="254"/>
	<Point X="222" Y="253"/>
	<Point X="223" Y="253"/>
	<Point X="224" Y="252"/>
	<Point X="226" Y="251"/>
	<Point X="227" Y="251"/>
	<Point X="228" Y="251"/>
	<Point X="229" Y="250"/>
	<Point X="230" Y="250"/>
	<Point X="231" Y="250"/>
	<Point X="232" Y="249"/>
	<Point X="233" Y="249"/>
	<Point X="234" Y="249"/>
	<Point X="235" Y="248"/>
	<Point X="236" Y="248"/>
	<Point X="237" Y="248"/>
	<Point X="238" Y="248"/>
	<Point X="239" Y="248"/>
	<Point X="240" Y="247"/>
	<Point X="241" Y="247"/>
	<Point X="242" Y="247"/>
	<Point X="244" Y="247"/>
	<Point X="245" Y="247"/>
	<Point X="246" Y="247"/>
	<Point X="247" Y="246"/>
	<Point X="248" Y="246"/>
	<Point X="249" Y="246"/>
	<Point X="250" Y="246"/>
	<Point X="251" Y="246"/>
	<Point X="252" Y="246"/>
	<Point X="253" Y="246"/>
	<Point X="254" Y="246"/>
	<Point X="255" Y="246"/>
	<Point X="257" Y="246"/>
	<Point X="258" Y="246"/>
	<Point X="259" Y="246"/>
	<Point X="260" Y="246"/>
	<Point X="261" Y="245"/>
	<Point X="262" Y="245"/>
	<Point X="263" Y="245"/>
	<Point X="264" Y="245"/>
	<Point X="265" Y="245"/>
	<Point X="266" Y="245"/>
	<Point X="267" Y="245"/>
	<Point X="268" Y="245"/>
	<Point X="270" Y="245"/>
	<Point X="271" Y="245"/>
	<Point X="272" Y="245"/>
	<Point X="273" Y="245"/>
	<Point X="274" Y="245"/>
	<Point X="275" Y="245"/>
	<Point X="276" Y="245"/>
	<Point X="277" Y="245"/>
	<Point X="278" Y="245"/>
	<Point X="278" Y="244"/>
	<Point X="279" Y="244"/>
	<Point X="280" Y="244"/>
	<Point X="281" Y="244"/>
	<Point X="282" Y="244"/>
	<Point X="283" Y="244"/>
	<Point X="284" Y="244"/>
	<Point X="285" Y="244"/>
	<Point X="286" Y="244"/>
	<Point X="287" Y="244"/>
	<Point X="287" Y="243"/>
	<Point X="288" Y="243"/>
	<Point X="289" Y="243"/>
	<Point X="290" Y="243"/>
	<Point X="291" Y="243"/>
	<Point X="292" Y="243"/>
	<Point X="292" Y="242"/>
	<Point X="293" Y="242"/>
	<Point X="294" Y="242"/>
	<Point X="295" Y="242"/>
	<Point X="295" Y="241"/>
	<Point X="296" Y="241"/>
	<Point X="297" Y="241"/>
	<Point X="297" Y="240"/>
	<Point X="296" Y="240"/>
	<Point X="296" Y="239"/>
	<Point X="295" Y="239"/>
	<Point X="294" Y="239"/>
	<Point X="294" Y="238"/>
	<Point X="293" Y="238"/>
	<Point X="292" Y="238"/>
	<Point X="292" Y="237"/>
	<Point X="291" Y="237"/>
	<Point X="290" Y="237"/>
	<Point X="290" Y="236"/>
	<Point X="289" Y="236"/>
	<Point X="288" Y="236"/>
	<Point X="288" Y="235"/>
	<Point X="287" Y="235"/>
	<Point X="286" Y="235"/>
	<Point X="285" Y="234"/>
	<Point X="284" Y="233"/>
	<Point X="283" Y="233"/>
	<Point X="282" Y="232"/>
	<Point X="281" Y="232"/>
	<Point X="280" Y="231"/>
	<Point X="279" Y="231"/>
	<Point X="278" Y="230"/>
	<Point X="277" Y="230"/>
	<Point X="277" Y="229"/>
	<Point X="276" Y="229"/>
	<Point X="275" Y="229"/>
	<Point X="275" Y="228"/>
	<Point X="274" Y="228"/>
	<Point X="273" Y="228"/>
	<Point X="272" Y="227"/>
	<Point X="271" Y="227"/>
	<Point X="271" Y="226"/>
	<Point X="270" Y="226"/>
	<Point X="269" Y="226"/>
	<Point X="268" Y="225"/>
	<Point X="267" Y="225"/>
	<Point X="267" Y="224"/>
	<Point X="266" Y="224"/>
	<Point X="265" Y="224"/>
	<Point X="264" Y="223"/>
	<Point X="263" Y="223"/>
	<Point X="262" Y="223"/>
	<Point X="261" Y="222"/>
	<Point X="260" Y="222"/>
	<Point X="259" Y="221"/>
	<Point X="258" Y="221"/>
	<Point X="257" Y="221"/>
	<Point X="256" Y="221"/>
	<Point X="256" Y="220"/>
	<Point X="255" Y="220"/>
	<Point X="254" Y="220"/>
	<Point X="253" Y="220"/>
	<Point X="252" Y="219"/>
	<Point X="251" Y="219"/>
	<Point X="250" Y="219"/>
	<Point X="249" Y="219"/>
	<Point X="249" Y="218"/>
	<Point X="248" Y="218"/>
	<Point X="247" Y="218"/>
	<Point X="246" Y="218"/>
	<Point X="245" Y="218"/>
	<Point X="245" Y="217"/>
	<Point X="244" Y="217"/>
	<Point X="243" Y="217"/>
	<Point X="242" Y="217"/>
	<Point X="242" Y="216"/>
	<Point X="241" Y="216"/>
	<Point X="240" Y="216"/>
	<Point X="239" Y="216"/>
	<Point X="239" Y="215"/>
	<Point X="238" Y="215"/>
	<Point X="237" Y="215"/>
	<Point X="237" Y="214"/>
	<Point X="236" Y="214"/>
	<Point X="235" Y="214"/>
	<Point X="235" Y="213"/>
	<Point X="234" Y="213"/>
	<Point X="233" Y="213"/>
	<Point X="233" Y="212"/>
	<Point X="232" Y="212"/>
	<Point X="232" Y="211"/>
	<Point X="231" Y="211"/>
	<Point X="230" Y="210"/>
	<Point X="229" Y="210"/>
	<Point X="228" Y="210"/>
	<Point X="229" Y="210"/>
	<Point X="230" Y="210"/>
	<Point X="230" Y="211"/>
	<Point X="231" Y="211"/>
	<Point X="232" Y="211"/>
	<Point X="232" Y="212"/>
	<Point X="233" Y="212"/>
	<Point X="234" Y="212"/>
	<Point X="234" Y="213"/>
	<Point X="235" Y="213"/>
	<Point X="236" Y="213"/>
	<Point X="237" Y="214"/>
	<Point X="238" Y="214"/>
	<Point X="239" Y="215"/>
	<Point X="240" Y="215"/>
	<Point X="240" Y="216"/>
	<Point X="241" Y="216"/>
	<Point X="242" Y="216"/>
	<Point X="243" Y="217"/>
	<Point X="244" Y="217"/>
	<Point X="245" Y="218"/>
	<Point X="246" Y="218"/>
	<Point X="247" Y="219"/>
	<Point X="248" Y="219"/>
	<Point X="249" Y="219"/>
	<Point X="249" Y="220"/>
	<Point X="250" Y="220"/>
	<Point X="253" Y="221"/>
	<Point X="254" Y="221"/>
	<Point X="254" Y="222"/>
	<Point X="255" Y="222"/>
	<Point X="256" Y="222"/>
	<Point X="257" Y="223"/>
	<Point X="258" Y="223"/>
	<Point X="259" Y="223"/>
	<Point X="260" Y="224"/>
	<Point X="261" Y="224"/>
	<Point X="262" Y="224"/>
	<Point X="263" Y="224"/>
	<Point X="263" Y="225"/>
	<Point X="264" Y="225"/>
	<Point X="265" Y="225"/>
	<Point X="266" Y="226"/>
	<Point X="267" Y="226"/>
	<Point X="268" Y="226"/>
	<Point X="269" Y="227"/>
	<Point X="270" Y="227"/>
	<Point X="271" Y="227"/>
	<Point X="271" Y="228"/>
	<Point X="272" Y="228"/>
	<Point X="273" Y="228"/>
	<Point X="273" Y="229"/>
	<Point X="274" Y="229"/>
	<Point X="275" Y="229"/>
	<Point X="275" Y="230"/>
	<Point X="276" Y="230"/>
	<Point X="277" Y="230"/>
	<Point X="277" Y="231"/>
	<Point X="278" Y="231"/>
	<Point X="279" Y="231"/>
	<Point X="279" Y="232"/>
	<Point X="281" Y="233"/>
	<Point X="282" Y="233"/>
	<Point X="282" Y="234"/>
	<Point X="283" Y="234"/>
	<Point X="283" Y="235"/>
	<Point X="284" Y="235"/>
	<Point X="285" Y="236"/>
	<Point X="286" Y="236"/>
	<Point X="286" Y="237"/>
	<Point X="287" Y="237"/>
	<Point X="287" Y="238"/>
	<Point X="288" Y="238"/>
	<Point X="289" Y="238"/>
	<Point X="290" Y="238"/>
	<Point X="290" Y="239"/>
	<Point X="291" Y="239"/>
	<Point X="292" Y="239"/>
	<Point X="293" Y="239"/>
	<Point X="293" Y="240"/>
	<Point X="294" Y="240"/>
	<Point X="295" Y="240"/>
	<Point X="295" Y="241"/>
	<Point X="296" Y="241"/>
	<Point X="297" Y="241"/>
	<Point X="297" Y="242"/>
	<Point X="298" Y="242"/>
	<Point X="299" Y="242"/>
	<Point X="299" Y="243"/>
	<Point X="299" Y="244"/>
	<Point X="299" Y="245"/>
	<Point X="298" Y="245"/>
	<Point X="298" Y="246"/>
	<Point X="298" Y="247"/>
	<Point X="297" Y="247"/>
	<Point X="297" Y="248"/>
	<Point X="297" Y="249"/>
	<Point X="296" Y="250"/>
	<Point X="296" Y="251"/>
	<Point X="296" Y="252"/>
	<Point X="295" Y="252"/>
	<Point X="295" Y="253"/>
	<Point X="295" Y="254"/>
	<Point X="295" Y="255"/>
	<Point X="294" Y="256"/>
	<Point X="294" Y="257"/>
	<Point X="293" Y="257"/>
	<Point X="293" Y="258"/>
	<Point X="293" Y="259"/>
	<Point X="292" Y="260"/>
	<Point X="292" Y="261"/>
	<Point X="292" Y="262"/>
	<Point X="291" Y="262"/>
	<Point X="291" Y="263"/>
	<Point X="291" Y="264"/>
	<Point X="290" Y="265"/>
	<Point X="290" Y="266"/>
	<Point X="290" Y="267"/>
	<Point X="289" Y="267"/>
	<Point X="289" Y="268"/>
	<Point X="289" Y="269"/>
	<Point X="288" Y="269"/>
	<Point X="288" Y="270"/>
	<Point X="287" Y="272"/>
	<Point X="286" Y="274"/>
	<Point X="285" Y="275"/>
	<Point X="285" Y="276"/>
	<Point X="284" Y="277"/>
	<Point X="284" Y="278"/>
	<Point X="283" Y="279"/>
	<Point X="283" Y="280"/>
	<Point X="282" Y="280"/>
	<Point X="282" Y="281"/>
	<Point X="281" Y="282"/>
	<Point X="281" Y="283"/>
	<Point X="280" Y="283"/>
	<Point X="280" Y="284"/>
	<Point X="280" Y="285"/>
	<Point X="279" Y="285"/>
	<Point X="279" Y="286"/>
	<Point X="278" Y="287"/>
	<Point X="277" Y="288"/>
	<Point X="277" Y="289"/>
	<Point X="276" Y="289"/>
	<Point X="276" Y="290"/>
	<Point X="276" Y="291"/>
	<Point X="275" Y="291"/>
	<Point X="275" Y="292"/>
	<Point X="274" Y="292"/>
	<Point X="274" Y="293"/>
	<Point X="273" Y="294"/>
	<Point X="273" Y="295"/>
	<Point X="272" Y="295"/>
	<Point X="272" Y="296"/>
	<Point X="272" Y="297"/>
	<Point X="271" Y="297"/>
	<Point X="271" Y="298"/>
	<Point X="270" Y="298"/>
	<Point X="270" Y="299"/>
</Gesture>
