<?xml version="1.0" ?>
<Gesture Name="arrow05" Subject="01" Number="05" NumPts="364">
	<Point X="103" Y="282"/>
	<Point X="104" Y="282"/>
	<Point X="105" Y="282"/>
	<Point X="106" Y="282"/>
	<Point X="107" Y="282"/>
	<Point X="108" Y="282"/>
	<Point X="109" Y="282"/>
	<Point X="110" Y="281"/>
	<Point X="111" Y="281"/>
	<Point X="112" Y="280"/>
	<Point X="113" Y="280"/>
	<Point X="114" Y="280"/>
	<Point X="115" Y="279"/>
	<Point X="116" Y="279"/>
	<Point X="117" Y="279"/>
	<Point X="117" Y="278"/>
	<Point X="118" Y="278"/>
	<Point X="119" Y="277"/>
	<Point X="120" Y="277"/>
	<Point X="121" Y="276"/>
	<Point X="122" Y="276"/>
	<Point X="123" Y="276"/>
	<Point X="124" Y="275"/>
	<Point X="125" Y="275"/>
	<Point X="126" Y="274"/>
	<Point X="127" Y="274"/>
	<Point X="128" Y="274"/>
	<Point X="129" Y="273"/>
	<Point X="130" Y="273"/>
	<Point X="131" Y="273"/>
	<Point X="131" Y="272"/>
	<Point X="132" Y="272"/>
	<Point X="133" Y="272"/>
	<Point X="134" Y="271"/>
	<Point X="135" Y="271"/>
	<Point X="136" Y="270"/>
	<Point X="138" Y="270"/>
	<Point X="140" Y="269"/>
	<Point X="141" Y="269"/>
	<Point X="142" Y="268"/>
	<Point X="143" Y="268"/>
	<Point X="145" Y="268"/>
	<Point X="146" Y="267"/>
	<Point X="147" Y="267"/>
	<Point X="148" Y="267"/>
	<Point X="150" Y="266"/>
	<Point X="151" Y="266"/>
	<Point X="152" Y="266"/>
	<Point X="153" Y="265"/>
	<Point X="155" Y="265"/>
	<Point X="156" Y="264"/>
	<Point X="158" Y="264"/>
	<Point X="159" Y="263"/>
	<Point X="161" Y="263"/>
	<Point X="162" Y="263"/>
	<Point X="164" Y="262"/>
	<Point X="165" Y="262"/>
	<Point X="166" Y="262"/>
	<Point X="167" Y="262"/>
	<Point X="168" Y="261"/>
	<Point X="170" Y="261"/>
	<Point X="171" Y="260"/>
	<Point X="173" Y="260"/>
	<Point X="174" Y="259"/>
	<Point X="176" Y="259"/>
	<Point X="177" Y="259"/>
	<Point X="179" Y="258"/>
	<Point X="180" Y="258"/>
	<Point X="182" Y="258"/>
	<Point X="183" Y="257"/>
	<Point X="185" Y="257"/>
	<Point X="186" Y="256"/>
	<Point X="188" Y="256"/>
	<Point X="189" Y="256"/>
	<Point X="191" Y="255"/>
	<Point X="193" Y="255"/>
	<Point X="194" Y="255"/>
	<Point X="196" Y="254"/>
	<Point X="197" Y="254"/>
	<Point X="199" Y="254"/>
	<Point X="200" Y="253"/>
	<Point X="202" Y="253"/>
	<Point X="203" Y="253"/>
	<Point X="206" Y="252"/>
	<Point X="208" Y="251"/>
	<Point X="209" Y="251"/>
	<Point X="211" Y="251"/>
	<Point X="212" Y="250"/>
	<Point X="214" Y="250"/>
	<Point X="215" Y="250"/>
	<Point X="216" Y="249"/>
	<Point X="218" Y="249"/>
	<Point X="219" Y="249"/>
	<Point X="220" Y="248"/>
	<Point X="222" Y="248"/>
	<Point X="223" Y="248"/>
	<Point X="224" Y="247"/>
	<Point X="225" Y="247"/>
	<Point X="226" Y="247"/>
	<Point X="228" Y="246"/>
	<Point X="230" Y="246"/>
	<Point X="231" Y="245"/>
	<Point X="232" Y="245"/>
	<Point X="233" Y="245"/>
	<Point X="234" Y="245"/>
	<Point X="235" Y="244"/>
	<Point X="236" Y="244"/>
	<Point X="237" Y="244"/>
	<Point X="238" Y="243"/>
	<Point X="239" Y="243"/>
	<Point X="240" Y="243"/>
	<Point X="240" Y="242"/>
	<Point X="241" Y="242"/>
	<Point X="242" Y="242"/>
	<Point X="244" Y="241"/>
	<Point X="246" Y="240"/>
	<Point X="247" Y="240"/>
	<Point X="248" Y="240"/>
	<Point X="249" Y="239"/>
	<Point X="250" Y="239"/>
	<Point X="251" Y="239"/>
	<Point X="251" Y="238"/>
	<Point X="252" Y="238"/>
	<Point X="253" Y="238"/>
	<Point X="253" Y="237"/>
	<Point X="254" Y="237"/>
	<Point X="255" Y="237"/>
	<Point X="255" Y="236"/>
	<Point X="256" Y="236"/>
	<Point X="257" Y="236"/>
	<Point X="257" Y="235"/>
	<Point X="256" Y="235"/>
	<Point X="255" Y="235"/>
	<Point X="255" Y="234"/>
	<Point X="254" Y="234"/>
	<Point X="253" Y="234"/>
	<Point X="253" Y="233"/>
	<Point X="252" Y="233"/>
	<Point X="252" Y="232"/>
	<Point X="251" Y="232"/>
	<Point X="250" Y="232"/>
	<Point X="250" Y="231"/>
	<Point X="249" Y="231"/>
	<Point X="248" Y="230"/>
	<Point X="247" Y="230"/>
	<Point X="246" Y="229"/>
	<Point X="245" Y="229"/>
	<Point X="244" Y="228"/>
	<Point X="243" Y="228"/>
	<Point X="242" Y="227"/>
	<Point X="241" Y="227"/>
	<Point X="240" Y="226"/>
	<Point X="239" Y="226"/>
	<Point X="238" Y="225"/>
	<Point X="237" Y="225"/>
	<Point X="236" Y="225"/>
	<Point X="236" Y="224"/>
	<Point X="235" Y="224"/>
	<Point X="234" Y="224"/>
	<Point X="234" Y="223"/>
	<Point X="233" Y="223"/>
	<Point X="232" Y="223"/>
	<Point X="231" Y="223"/>
	<Point X="230" Y="222"/>
	<Point X="229" Y="222"/>
	<Point X="228" Y="221"/>
	<Point X="227" Y="221"/>
	<Point X="226" Y="220"/>
	<Point X="225" Y="220"/>
	<Point X="224" Y="220"/>
	<Point X="223" Y="219"/>
	<Point X="222" Y="219"/>
	<Point X="221" Y="218"/>
	<Point X="220" Y="218"/>
	<Point X="219" Y="218"/>
	<Point X="218" Y="217"/>
	<Point X="217" Y="217"/>
	<Point X="216" Y="217"/>
	<Point X="216" Y="216"/>
	<Point X="215" Y="216"/>
	<Point X="214" Y="216"/>
	<Point X="213" Y="215"/>
	<Point X="212" Y="215"/>
	<Point X="211" Y="215"/>
	<Point X="210" Y="214"/>
	<Point X="209" Y="214"/>
	<Point X="208" Y="213"/>
	<Point X="207" Y="213"/>
	<Point X="206" Y="213"/>
	<Point X="205" Y="212"/>
	<Point X="204" Y="212"/>
	<Point X="203" Y="212"/>
	<Point X="203" Y="211"/>
	<Point X="202" Y="211"/>
	<Point X="201" Y="211"/>
	<Point X="200" Y="210"/>
	<Point X="199" Y="210"/>
	<Point X="198" Y="210"/>
	<Point X="197" Y="209"/>
	<Point X="196" Y="209"/>
	<Point X="195" Y="209"/>
	<Point X="195" Y="208"/>
	<Point X="194" Y="208"/>
	<Point X="193" Y="208"/>
	<Point X="193" Y="207"/>
	<Point X="192" Y="207"/>
	<Point X="191" Y="207"/>
	<Point X="191" Y="206"/>
	<Point X="190" Y="206"/>
	<Point X="189" Y="206"/>
	<Point X="190" Y="206"/>
	<Point X="190" Y="207"/>
	<Point X="191" Y="207"/>
	<Point X="192" Y="207"/>
	<Point X="192" Y="208"/>
	<Point X="193" Y="208"/>
	<Point X="194" Y="208"/>
	<Point X="194" Y="209"/>
	<Point X="195" Y="209"/>
	<Point X="195" Y="210"/>
	<Point X="196" Y="210"/>
	<Point X="197" Y="210"/>
	<Point X="197" Y="211"/>
	<Point X="198" Y="211"/>
	<Point X="199" Y="212"/>
	<Point X="200" Y="213"/>
	<Point X="201" Y="214"/>
	<Point X="202" Y="214"/>
	<Point X="203" Y="215"/>
	<Point X="204" Y="215"/>
	<Point X="204" Y="216"/>
	<Point X="206" Y="217"/>
	<Point X="207" Y="217"/>
	<Point X="208" Y="218"/>
	<Point X="209" Y="219"/>
	<Point X="210" Y="219"/>
	<Point X="211" Y="220"/>
	<Point X="212" Y="221"/>
	<Point X="213" Y="221"/>
	<Point X="214" Y="222"/>
	<Point X="215" Y="223"/>
	<Point X="216" Y="223"/>
	<Point X="217" Y="224"/>
	<Point X="218" Y="224"/>
	<Point X="219" Y="225"/>
	<Point X="220" Y="225"/>
	<Point X="221" Y="226"/>
	<Point X="222" Y="226"/>
	<Point X="222" Y="227"/>
	<Point X="223" Y="227"/>
	<Point X="225" Y="228"/>
	<Point X="226" Y="229"/>
	<Point X="227" Y="229"/>
	<Point X="228" Y="230"/>
	<Point X="229" Y="230"/>
	<Point X="230" Y="231"/>
	<Point X="231" Y="231"/>
	<Point X="232" Y="232"/>
	<Point X="233" Y="232"/>
	<Point X="234" Y="233"/>
	<Point X="235" Y="233"/>
	<Point X="236" Y="234"/>
	<Point X="237" Y="234"/>
	<Point X="238" Y="234"/>
	<Point X="238" Y="235"/>
	<Point X="239" Y="235"/>
	<Point X="240" Y="235"/>
	<Point X="240" Y="236"/>
	<Point X="241" Y="236"/>
	<Point X="242" Y="236"/>
	<Point X="243" Y="237"/>
	<Point X="244" Y="237"/>
	<Point X="245" Y="238"/>
	<Point X="246" Y="238"/>
	<Point X="247" Y="238"/>
	<Point X="248" Y="238"/>
	<Point X="248" Y="239"/>
	<Point X="249" Y="239"/>
	<Point X="250" Y="239"/>
	<Point X="251" Y="239"/>
	<Point X="251" Y="240"/>
	<Point X="252" Y="240"/>
	<Point X="253" Y="240"/>
	<Point X="254" Y="240"/>
	<Point X="254" Y="241"/>
	<Point X="254" Y="242"/>
	<Point X="254" Y="243"/>
	<Point X="254" Y="244"/>
	<Point X="253" Y="245"/>
	<Point X="253" Y="246"/>
	<Point X="253" Y="247"/>
	<Point X="252" Y="248"/>
	<Point X="252" Y="249"/>
	<Point X="252" Y="250"/>
	<Point X="251" Y="250"/>
	<Point X="251" Y="251"/>
	<Point X="251" Y="252"/>
	<Point X="251" Y="253"/>
	<Point X="250" Y="253"/>
	<Point X="250" Y="254"/>
	<Point X="250" Y="255"/>
	<Point X="250" Y="256"/>
	<Point X="249" Y="257"/>
	<Point X="249" Y="258"/>
	<Point X="248" Y="259"/>
	<Point X="248" Y="260"/>
	<Point X="248" Y="261"/>
	<Point X="247" Y="262"/>
	<Point X="247" Y="263"/>
	<Point X="246" Y="264"/>
	<Point X="246" Y="265"/>
	<Point X="246" Y="266"/>
	<Point X="245" Y="267"/>
	<Point X="245" Y="268"/>
	<Point X="245" Y="269"/>
	<Point X="244" Y="270"/>
	<Point X="244" Y="271"/>
	<Point X="243" Y="271"/>
	<Point X="243" Y="272"/>
	<Point X="243" Y="273"/>
	<Point X="242" Y="274"/>
	<Point X="241" Y="276"/>
	<Point X="241" Y="277"/>
	<Point X="241" Y="278"/>
	<Point X="240" Y="278"/>
	<Point X="240" Y="279"/>
	<Point X="240" Y="280"/>
	<Point X="239" Y="281"/>
	<Point X="238" Y="282"/>
	<Point X="238" Y="283"/>
	<Point X="237" Y="284"/>
	<Point X="237" Y="285"/>
	<Point X="236" Y="286"/>
	<Point X="236" Y="287"/>
	<Point X="235" Y="288"/>
	<Point X="235" Y="289"/>
	<Point X="234" Y="290"/>
	<Point X="233" Y="291"/>
	<Point X="233" Y="292"/>
	<Point X="232" Y="293"/>
	<Point X="232" Y="294"/>
	<Point X="231" Y="295"/>
	<Point X="231" Y="296"/>
	<Point X="230" Y="296"/>
	<Point X="230" Y="297"/>
	<Point X="229" Y="298"/>
	<Point X="229" Y="299"/>
	<Point X="228" Y="299"/>
	<Point X="228" Y="300"/>
	<Point X="228" Y="301"/>
	<Point X="227" Y="301"/>
	<Point X="227" Y="302"/>
	<Point X="226" Y="303"/>
	<Point X="226" Y="304"/>
	<Point X="225" Y="305"/>
	<Point X="225" Y="306"/>
	<Point X="224" Y="306"/>
	<Point X="224" Y="307"/>
	<Point X="224" Y="308"/>
	<Point X="223" Y="308"/>
	<Point X="223" Y="309"/>
	<Point X="223" Y="310"/>
	<Point X="223" Y="311"/>
	<Point X="222" Y="311"/>
</Gesture>
