<?xml version="1.0" ?>
<Gesture Name="arrow03" Subject="01" Number="03" NumPts="369">
	<Point X="107" Y="274"/>
	<Point X="108" Y="274"/>
	<Point X="108" Y="273"/>
	<Point X="109" Y="273"/>
	<Point X="110" Y="273"/>
	<Point X="111" Y="273"/>
	<Point X="111" Y="272"/>
	<Point X="112" Y="272"/>
	<Point X="113" Y="272"/>
	<Point X="113" Y="271"/>
	<Point X="114" Y="271"/>
	<Point X="115" Y="271"/>
	<Point X="116" Y="270"/>
	<Point X="117" Y="270"/>
	<Point X="118" Y="270"/>
	<Point X="118" Y="269"/>
	<Point X="119" Y="269"/>
	<Point X="120" Y="269"/>
	<Point X="121" Y="268"/>
	<Point X="122" Y="268"/>
	<Point X="123" Y="267"/>
	<Point X="124" Y="267"/>
	<Point X="125" Y="267"/>
	<Point X="126" Y="266"/>
	<Point X="127" Y="266"/>
	<Point X="128" Y="265"/>
	<Point X="129" Y="265"/>
	<Point X="130" Y="265"/>
	<Point X="131" Y="264"/>
	<Point X="132" Y="264"/>
	<Point X="133" Y="264"/>
	<Point X="134" Y="263"/>
	<Point X="135" Y="263"/>
	<Point X="136" Y="263"/>
	<Point X="137" Y="262"/>
	<Point X="138" Y="262"/>
	<Point X="139" Y="262"/>
	<Point X="140" Y="261"/>
	<Point X="141" Y="261"/>
	<Point X="142" Y="261"/>
	<Point X="143" Y="260"/>
	<Point X="145" Y="260"/>
	<Point X="146" Y="260"/>
	<Point X="148" Y="259"/>
	<Point X="150" Y="258"/>
	<Point X="151" Y="258"/>
	<Point X="152" Y="258"/>
	<Point X="153" Y="257"/>
	<Point X="154" Y="257"/>
	<Point X="155" Y="256"/>
	<Point X="156" Y="256"/>
	<Point X="157" Y="256"/>
	<Point X="158" Y="255"/>
	<Point X="159" Y="255"/>
	<Point X="160" Y="255"/>
	<Point X="161" Y="254"/>
	<Point X="163" Y="254"/>
	<Point X="164" Y="254"/>
	<Point X="165" Y="253"/>
	<Point X="166" Y="253"/>
	<Point X="167" Y="253"/>
	<Point X="168" Y="252"/>
	<Point X="169" Y="252"/>
	<Point X="170" Y="252"/>
	<Point X="171" Y="251"/>
	<Point X="172" Y="251"/>
	<Point X="173" Y="251"/>
	<Point X="174" Y="250"/>
	<Point X="175" Y="250"/>
	<Point X="176" Y="250"/>
	<Point X="177" Y="249"/>
	<Point X="178" Y="249"/>
	<Point X="179" Y="249"/>
	<Point X="180" Y="249"/>
	<Point X="181" Y="248"/>
	<Point X="183" Y="248"/>
	<Point X="184" Y="248"/>
	<Point X="184" Y="247"/>
	<Point X="185" Y="247"/>
	<Point X="186" Y="246"/>
	<Point X="187" Y="246"/>
	<Point X="188" Y="246"/>
	<Point X="189" Y="245"/>
	<Point X="190" Y="245"/>
	<Point X="191" Y="245"/>
	<Point X="192" Y="244"/>
	<Point X="193" Y="244"/>
	<Point X="194" Y="244"/>
	<Point X="195" Y="243"/>
	<Point X="196" Y="242"/>
	<Point X="197" Y="242"/>
	<Point X="198" Y="241"/>
	<Point X="199" Y="241"/>
	<Point X="200" Y="241"/>
	<Point X="201" Y="240"/>
	<Point X="202" Y="240"/>
	<Point X="203" Y="239"/>
	<Point X="204" Y="239"/>
	<Point X="205" Y="238"/>
	<Point X="206" Y="238"/>
	<Point X="207" Y="238"/>
	<Point X="208" Y="237"/>
	<Point X="209" Y="237"/>
	<Point X="210" Y="236"/>
	<Point X="211" Y="236"/>
	<Point X="211" Y="235"/>
	<Point X="212" Y="235"/>
	<Point X="213" Y="234"/>
	<Point X="214" Y="234"/>
	<Point X="215" Y="233"/>
	<Point X="216" Y="233"/>
	<Point X="217" Y="233"/>
	<Point X="218" Y="232"/>
	<Point X="219" Y="231"/>
	<Point X="221" Y="230"/>
	<Point X="222" Y="230"/>
	<Point X="223" Y="229"/>
	<Point X="224" Y="229"/>
	<Point X="225" Y="228"/>
	<Point X="226" Y="228"/>
	<Point X="227" Y="227"/>
	<Point X="228" Y="227"/>
	<Point X="229" Y="226"/>
	<Point X="230" Y="226"/>
	<Point X="231" Y="225"/>
	<Point X="232" Y="225"/>
	<Point X="232" Y="224"/>
	<Point X="233" Y="224"/>
	<Point X="234" Y="224"/>
	<Point X="234" Y="223"/>
	<Point X="235" Y="223"/>
	<Point X="236" Y="223"/>
	<Point X="237" Y="222"/>
	<Point X="238" Y="222"/>
	<Point X="238" Y="221"/>
	<Point X="239" Y="221"/>
	<Point X="240" Y="221"/>
	<Point X="241" Y="220"/>
	<Point X="242" Y="220"/>
	<Point X="243" Y="220"/>
	<Point X="243" Y="219"/>
	<Point X="244" Y="219"/>
	<Point X="245" Y="219"/>
	<Point X="245" Y="218"/>
	<Point X="246" Y="218"/>
	<Point X="247" Y="217"/>
	<Point X="248" Y="217"/>
	<Point X="248" Y="216"/>
	<Point X="247" Y="216"/>
	<Point X="246" Y="216"/>
	<Point X="245" Y="216"/>
	<Point X="245" Y="215"/>
	<Point X="244" Y="215"/>
	<Point X="243" Y="215"/>
	<Point X="243" Y="214"/>
	<Point X="242" Y="214"/>
	<Point X="241" Y="214"/>
	<Point X="241" Y="213"/>
	<Point X="240" Y="213"/>
	<Point X="239" Y="213"/>
	<Point X="238" Y="212"/>
	<Point X="237" Y="212"/>
	<Point X="236" Y="211"/>
	<Point X="235" Y="211"/>
	<Point X="234" Y="211"/>
	<Point X="234" Y="210"/>
	<Point X="233" Y="210"/>
	<Point X="232" Y="210"/>
	<Point X="231" Y="209"/>
	<Point X="230" Y="209"/>
	<Point X="229" Y="209"/>
	<Point X="229" Y="208"/>
	<Point X="228" Y="208"/>
	<Point X="227" Y="208"/>
	<Point X="226" Y="207"/>
	<Point X="225" Y="207"/>
	<Point X="224" Y="207"/>
	<Point X="224" Y="206"/>
	<Point X="223" Y="206"/>
	<Point X="222" Y="206"/>
	<Point X="221" Y="206"/>
	<Point X="220" Y="205"/>
	<Point X="219" Y="205"/>
	<Point X="218" Y="205"/>
	<Point X="216" Y="204"/>
	<Point X="215" Y="204"/>
	<Point X="214" Y="204"/>
	<Point X="213" Y="203"/>
	<Point X="212" Y="203"/>
	<Point X="211" Y="203"/>
	<Point X="210" Y="203"/>
	<Point X="210" Y="202"/>
	<Point X="209" Y="202"/>
	<Point X="208" Y="202"/>
	<Point X="207" Y="202"/>
	<Point X="206" Y="202"/>
	<Point X="205" Y="201"/>
	<Point X="204" Y="201"/>
	<Point X="203" Y="201"/>
	<Point X="202" Y="201"/>
	<Point X="201" Y="201"/>
	<Point X="201" Y="200"/>
	<Point X="200" Y="200"/>
	<Point X="199" Y="200"/>
	<Point X="198" Y="200"/>
	<Point X="197" Y="200"/>
	<Point X="196" Y="199"/>
	<Point X="195" Y="199"/>
	<Point X="194" Y="199"/>
	<Point X="193" Y="199"/>
	<Point X="192" Y="198"/>
	<Point X="191" Y="198"/>
	<Point X="190" Y="198"/>
	<Point X="189" Y="198"/>
	<Point X="188" Y="198"/>
	<Point X="187" Y="198"/>
	<Point X="187" Y="197"/>
	<Point X="186" Y="197"/>
	<Point X="185" Y="197"/>
	<Point X="184" Y="197"/>
	<Point X="183" Y="197"/>
	<Point X="182" Y="197"/>
	<Point X="182" Y="196"/>
	<Point X="181" Y="196"/>
	<Point X="180" Y="196"/>
	<Point X="179" Y="196"/>
	<Point X="178" Y="196"/>
	<Point X="177" Y="196"/>
	<Point X="176" Y="196"/>
	<Point X="175" Y="195"/>
	<Point X="174" Y="195"/>
	<Point X="173" Y="195"/>
	<Point X="172" Y="195"/>
	<Point X="171" Y="195"/>
	<Point X="170" Y="194"/>
	<Point X="169" Y="194"/>
	<Point X="168" Y="194"/>
	<Point X="168" Y="193"/>
	<Point X="169" Y="194"/>
	<Point X="170" Y="194"/>
	<Point X="171" Y="194"/>
	<Point X="171" Y="195"/>
	<Point X="172" Y="195"/>
	<Point X="173" Y="196"/>
	<Point X="174" Y="196"/>
	<Point X="175" Y="196"/>
	<Point X="175" Y="197"/>
	<Point X="176" Y="197"/>
	<Point X="177" Y="197"/>
	<Point X="177" Y="198"/>
	<Point X="178" Y="198"/>
	<Point X="179" Y="198"/>
	<Point X="180" Y="199"/>
	<Point X="181" Y="199"/>
	<Point X="183" Y="200"/>
	<Point X="184" Y="200"/>
	<Point X="185" Y="200"/>
	<Point X="186" Y="200"/>
	<Point X="186" Y="201"/>
	<Point X="187" Y="201"/>
	<Point X="188" Y="201"/>
	<Point X="191" Y="202"/>
	<Point X="192" Y="202"/>
	<Point X="196" Y="203"/>
	<Point X="200" Y="204"/>
	<Point X="206" Y="205"/>
	<Point X="212" Y="207"/>
	<Point X="217" Y="209"/>
	<Point X="221" Y="211"/>
	<Point X="224" Y="212"/>
	<Point X="225" Y="212"/>
	<Point X="225" Y="213"/>
	<Point X="227" Y="213"/>
	<Point X="227" Y="214"/>
	<Point X="228" Y="214"/>
	<Point X="229" Y="214"/>
	<Point X="230" Y="215"/>
	<Point X="231" Y="215"/>
	<Point X="232" Y="215"/>
	<Point X="233" Y="215"/>
	<Point X="233" Y="216"/>
	<Point X="234" Y="216"/>
	<Point X="235" Y="216"/>
	<Point X="236" Y="216"/>
	<Point X="237" Y="216"/>
	<Point X="238" Y="216"/>
	<Point X="239" Y="216"/>
	<Point X="239" Y="217"/>
	<Point X="240" Y="217"/>
	<Point X="241" Y="217"/>
	<Point X="242" Y="217"/>
	<Point X="242" Y="218"/>
	<Point X="243" Y="218"/>
	<Point X="244" Y="218"/>
	<Point X="244" Y="219"/>
	<Point X="245" Y="219"/>
	<Point X="246" Y="219"/>
	<Point X="247" Y="220"/>
	<Point X="248" Y="220"/>
	<Point X="249" Y="220"/>
	<Point X="249" Y="221"/>
	<Point X="250" Y="221"/>
	<Point X="251" Y="221"/>
	<Point X="252" Y="221"/>
	<Point X="252" Y="222"/>
	<Point X="252" Y="223"/>
	<Point X="251" Y="223"/>
	<Point X="251" Y="224"/>
	<Point X="251" Y="225"/>
	<Point X="251" Y="226"/>
	<Point X="251" Y="227"/>
	<Point X="251" Y="228"/>
	<Point X="251" Y="229"/>
	<Point X="251" Y="230"/>
	<Point X="251" Y="231"/>
	<Point X="251" Y="232"/>
	<Point X="251" Y="233"/>
	<Point X="251" Y="234"/>
	<Point X="250" Y="235"/>
	<Point X="250" Y="236"/>
	<Point X="250" Y="237"/>
	<Point X="250" Y="238"/>
	<Point X="250" Y="239"/>
	<Point X="250" Y="240"/>
	<Point X="250" Y="241"/>
	<Point X="250" Y="242"/>
	<Point X="250" Y="243"/>
	<Point X="250" Y="244"/>
	<Point X="250" Y="245"/>
	<Point X="250" Y="246"/>
	<Point X="250" Y="247"/>
	<Point X="249" Y="248"/>
	<Point X="249" Y="249"/>
	<Point X="249" Y="250"/>
	<Point X="249" Y="251"/>
	<Point X="249" Y="252"/>
	<Point X="249" Y="253"/>
	<Point X="249" Y="254"/>
	<Point X="249" Y="255"/>
	<Point X="249" Y="256"/>
	<Point X="248" Y="257"/>
	<Point X="248" Y="258"/>
	<Point X="248" Y="259"/>
	<Point X="248" Y="260"/>
	<Point X="248" Y="261"/>
	<Point X="248" Y="262"/>
	<Point X="247" Y="263"/>
	<Point X="247" Y="264"/>
	<Point X="247" Y="265"/>
	<Point X="247" Y="266"/>
	<Point X="247" Y="267"/>
	<Point X="247" Y="268"/>
	<Point X="247" Y="269"/>
	<Point X="246" Y="270"/>
	<Point X="246" Y="271"/>
	<Point X="246" Y="272"/>
	<Point X="246" Y="273"/>
	<Point X="246" Y="274"/>
	<Point X="246" Y="275"/>
	<Point X="245" Y="275"/>
	<Point X="245" Y="276"/>
	<Point X="245" Y="277"/>
	<Point X="245" Y="278"/>
	<Point X="245" Y="279"/>
	<Point X="245" Y="280"/>
	<Point X="244" Y="280"/>
	<Point X="244" Y="281"/>
	<Point X="244" Y="282"/>
	<Point X="244" Y="283"/>
</Gesture>
