<?xml version="1.0" ?>
<Gesture Name="arrow09" Subject="01" Number="09" NumPts="420">
	<Point X="100" Y="286"/>
	<Point X="100" Y="285"/>
	<Point X="101" Y="285"/>
	<Point X="102" Y="284"/>
	<Point X="103" Y="284"/>
	<Point X="103" Y="283"/>
	<Point X="104" Y="283"/>
	<Point X="105" Y="283"/>
	<Point X="105" Y="282"/>
	<Point X="106" Y="282"/>
	<Point X="107" Y="282"/>
	<Point X="107" Y="281"/>
	<Point X="108" Y="281"/>
	<Point X="109" Y="281"/>
	<Point X="109" Y="280"/>
	<Point X="110" Y="280"/>
	<Point X="111" Y="280"/>
	<Point X="112" Y="279"/>
	<Point X="113" Y="279"/>
	<Point X="114" Y="278"/>
	<Point X="115" Y="278"/>
	<Point X="116" Y="277"/>
	<Point X="117" Y="277"/>
	<Point X="118" Y="277"/>
	<Point X="119" Y="276"/>
	<Point X="120" Y="276"/>
	<Point X="121" Y="276"/>
	<Point X="122" Y="275"/>
	<Point X="123" Y="275"/>
	<Point X="124" Y="274"/>
	<Point X="125" Y="274"/>
	<Point X="126" Y="273"/>
	<Point X="127" Y="273"/>
	<Point X="129" Y="272"/>
	<Point X="130" Y="272"/>
	<Point X="131" Y="272"/>
	<Point X="132" Y="271"/>
	<Point X="134" Y="270"/>
	<Point X="135" Y="270"/>
	<Point X="136" Y="269"/>
	<Point X="137" Y="269"/>
	<Point X="138" Y="269"/>
	<Point X="139" Y="268"/>
	<Point X="140" Y="268"/>
	<Point X="141" Y="267"/>
	<Point X="143" Y="267"/>
	<Point X="144" Y="266"/>
	<Point X="145" Y="266"/>
	<Point X="146" Y="265"/>
	<Point X="147" Y="265"/>
	<Point X="149" Y="264"/>
	<Point X="150" Y="264"/>
	<Point X="151" Y="263"/>
	<Point X="152" Y="263"/>
	<Point X="153" Y="263"/>
	<Point X="154" Y="262"/>
	<Point X="156" Y="262"/>
	<Point X="157" Y="261"/>
	<Point X="158" Y="261"/>
	<Point X="159" Y="260"/>
	<Point X="161" Y="260"/>
	<Point X="162" Y="259"/>
	<Point X="163" Y="259"/>
	<Point X="164" Y="258"/>
	<Point X="166" Y="258"/>
	<Point X="168" Y="257"/>
	<Point X="169" Y="256"/>
	<Point X="170" Y="256"/>
	<Point X="172" Y="255"/>
	<Point X="173" Y="255"/>
	<Point X="174" Y="254"/>
	<Point X="175" Y="254"/>
	<Point X="176" Y="253"/>
	<Point X="177" Y="253"/>
	<Point X="178" Y="252"/>
	<Point X="180" Y="252"/>
	<Point X="181" Y="251"/>
	<Point X="182" Y="251"/>
	<Point X="183" Y="250"/>
	<Point X="184" Y="250"/>
	<Point X="187" Y="249"/>
	<Point X="188" Y="248"/>
	<Point X="189" Y="248"/>
	<Point X="190" Y="247"/>
	<Point X="192" Y="247"/>
	<Point X="193" Y="246"/>
	<Point X="194" Y="246"/>
	<Point X="195" Y="245"/>
	<Point X="196" Y="245"/>
	<Point X="197" Y="244"/>
	<Point X="198" Y="244"/>
	<Point X="199" Y="243"/>
	<Point X="200" Y="243"/>
	<Point X="202" Y="242"/>
	<Point X="203" Y="242"/>
	<Point X="204" Y="241"/>
	<Point X="205" Y="240"/>
	<Point X="206" Y="240"/>
	<Point X="207" Y="239"/>
	<Point X="208" Y="239"/>
	<Point X="209" Y="238"/>
	<Point X="210" Y="238"/>
	<Point X="211" Y="237"/>
	<Point X="212" Y="237"/>
	<Point X="213" Y="236"/>
	<Point X="214" Y="236"/>
	<Point X="215" Y="235"/>
	<Point X="217" Y="234"/>
	<Point X="219" Y="234"/>
	<Point X="220" Y="233"/>
	<Point X="221" Y="233"/>
	<Point X="222" Y="232"/>
	<Point X="223" Y="232"/>
	<Point X="224" Y="231"/>
	<Point X="225" Y="231"/>
	<Point X="226" Y="231"/>
	<Point X="227" Y="230"/>
	<Point X="228" Y="230"/>
	<Point X="229" Y="230"/>
	<Point X="229" Y="229"/>
	<Point X="230" Y="229"/>
	<Point X="231" Y="229"/>
	<Point X="232" Y="228"/>
	<Point X="233" Y="228"/>
	<Point X="234" Y="227"/>
	<Point X="235" Y="227"/>
	<Point X="236" Y="227"/>
	<Point X="237" Y="226"/>
	<Point X="238" Y="226"/>
	<Point X="239" Y="226"/>
	<Point X="239" Y="225"/>
	<Point X="240" Y="225"/>
	<Point X="241" Y="225"/>
	<Point X="242" Y="224"/>
	<Point X="243" Y="224"/>
	<Point X="244" Y="224"/>
	<Point X="245" Y="223"/>
	<Point X="246" Y="223"/>
	<Point X="247" Y="223"/>
	<Point X="248" Y="223"/>
	<Point X="248" Y="222"/>
	<Point X="249" Y="222"/>
	<Point X="250" Y="222"/>
	<Point X="251" Y="222"/>
	<Point X="251" Y="221"/>
	<Point X="252" Y="221"/>
	<Point X="253" Y="221"/>
	<Point X="252" Y="221"/>
	<Point X="251" Y="221"/>
	<Point X="250" Y="221"/>
	<Point X="250" Y="220"/>
	<Point X="249" Y="220"/>
	<Point X="248" Y="220"/>
	<Point X="247" Y="220"/>
	<Point X="247" Y="219"/>
	<Point X="246" Y="219"/>
	<Point X="245" Y="219"/>
	<Point X="244" Y="219"/>
	<Point X="243" Y="219"/>
	<Point X="242" Y="218"/>
	<Point X="241" Y="218"/>
	<Point X="240" Y="218"/>
	<Point X="239" Y="218"/>
	<Point X="238" Y="217"/>
	<Point X="237" Y="217"/>
	<Point X="236" Y="217"/>
	<Point X="235" Y="216"/>
	<Point X="234" Y="216"/>
	<Point X="233" Y="216"/>
	<Point X="232" Y="216"/>
	<Point X="231" Y="216"/>
	<Point X="231" Y="215"/>
	<Point X="230" Y="215"/>
	<Point X="229" Y="215"/>
	<Point X="228" Y="215"/>
	<Point X="227" Y="215"/>
	<Point X="226" Y="214"/>
	<Point X="225" Y="214"/>
	<Point X="224" Y="214"/>
	<Point X="223" Y="214"/>
	<Point X="222" Y="214"/>
	<Point X="219" Y="213"/>
	<Point X="216" Y="213"/>
	<Point X="215" Y="213"/>
	<Point X="214" Y="212"/>
	<Point X="213" Y="212"/>
	<Point X="211" Y="212"/>
	<Point X="209" Y="212"/>
	<Point X="207" Y="212"/>
	<Point X="204" Y="211"/>
	<Point X="202" Y="211"/>
	<Point X="198" Y="211"/>
	<Point X="195" Y="210"/>
	<Point X="192" Y="210"/>
	<Point X="191" Y="210"/>
	<Point X="188" Y="210"/>
	<Point X="187" Y="209"/>
	<Point X="184" Y="209"/>
	<Point X="181" Y="209"/>
	<Point X="179" Y="209"/>
	<Point X="178" Y="209"/>
	<Point X="176" Y="208"/>
	<Point X="175" Y="208"/>
	<Point X="174" Y="208"/>
	<Point X="169" Y="207"/>
	<Point X="168" Y="207"/>
	<Point X="167" Y="207"/>
	<Point X="166" Y="207"/>
	<Point X="165" Y="207"/>
	<Point X="164" Y="206"/>
	<Point X="163" Y="206"/>
	<Point X="162" Y="206"/>
	<Point X="161" Y="206"/>
	<Point X="160" Y="206"/>
	<Point X="160" Y="205"/>
	<Point X="159" Y="205"/>
	<Point X="158" Y="205"/>
	<Point X="159" Y="205"/>
	<Point X="160" Y="205"/>
	<Point X="161" Y="205"/>
	<Point X="162" Y="206"/>
	<Point X="163" Y="206"/>
	<Point X="164" Y="206"/>
	<Point X="165" Y="206"/>
	<Point X="166" Y="206"/>
	<Point X="167" Y="207"/>
	<Point X="168" Y="207"/>
	<Point X="169" Y="207"/>
	<Point X="170" Y="207"/>
	<Point X="171" Y="207"/>
	<Point X="172" Y="207"/>
	<Point X="173" Y="207"/>
	<Point X="174" Y="207"/>
	<Point X="174" Y="208"/>
	<Point X="175" Y="208"/>
	<Point X="176" Y="208"/>
	<Point X="179" Y="208"/>
	<Point X="180" Y="208"/>
	<Point X="181" Y="208"/>
	<Point X="182" Y="208"/>
	<Point X="183" Y="208"/>
	<Point X="183" Y="209"/>
	<Point X="184" Y="209"/>
	<Point X="185" Y="209"/>
	<Point X="186" Y="209"/>
	<Point X="187" Y="209"/>
	<Point X="188" Y="209"/>
	<Point X="189" Y="209"/>
	<Point X="190" Y="209"/>
	<Point X="191" Y="209"/>
	<Point X="192" Y="209"/>
	<Point X="193" Y="210"/>
	<Point X="194" Y="210"/>
	<Point X="195" Y="210"/>
	<Point X="196" Y="210"/>
	<Point X="197" Y="210"/>
	<Point X="198" Y="210"/>
	<Point X="199" Y="210"/>
	<Point X="200" Y="210"/>
	<Point X="201" Y="211"/>
	<Point X="202" Y="211"/>
	<Point X="203" Y="211"/>
	<Point X="204" Y="211"/>
	<Point X="205" Y="211"/>
	<Point X="206" Y="212"/>
	<Point X="207" Y="212"/>
	<Point X="208" Y="212"/>
	<Point X="209" Y="212"/>
	<Point X="210" Y="212"/>
	<Point X="210" Y="213"/>
	<Point X="211" Y="213"/>
	<Point X="212" Y="213"/>
	<Point X="213" Y="213"/>
	<Point X="214" Y="213"/>
	<Point X="215" Y="214"/>
	<Point X="216" Y="214"/>
	<Point X="217" Y="214"/>
	<Point X="218" Y="214"/>
	<Point X="218" Y="215"/>
	<Point X="219" Y="215"/>
	<Point X="220" Y="215"/>
	<Point X="221" Y="215"/>
	<Point X="222" Y="215"/>
	<Point X="222" Y="216"/>
	<Point X="223" Y="216"/>
	<Point X="224" Y="216"/>
	<Point X="225" Y="216"/>
	<Point X="226" Y="216"/>
	<Point X="226" Y="217"/>
	<Point X="227" Y="217"/>
	<Point X="228" Y="217"/>
	<Point X="229" Y="217"/>
	<Point X="230" Y="217"/>
	<Point X="231" Y="217"/>
	<Point X="232" Y="217"/>
	<Point X="233" Y="217"/>
	<Point X="234" Y="217"/>
	<Point X="235" Y="217"/>
	<Point X="236" Y="217"/>
	<Point X="237" Y="217"/>
	<Point X="238" Y="217"/>
	<Point X="239" Y="217"/>
	<Point X="240" Y="217"/>
	<Point X="241" Y="217"/>
	<Point X="242" Y="217"/>
	<Point X="243" Y="217"/>
	<Point X="243" Y="218"/>
	<Point X="244" Y="218"/>
	<Point X="245" Y="218"/>
	<Point X="246" Y="218"/>
	<Point X="247" Y="218"/>
	<Point X="248" Y="218"/>
	<Point X="249" Y="219"/>
	<Point X="250" Y="219"/>
	<Point X="251" Y="219"/>
	<Point X="252" Y="219"/>
	<Point X="253" Y="219"/>
	<Point X="254" Y="219"/>
	<Point X="255" Y="219"/>
	<Point X="256" Y="219"/>
	<Point X="257" Y="220"/>
	<Point X="258" Y="220"/>
	<Point X="259" Y="220"/>
	<Point X="260" Y="220"/>
	<Point X="261" Y="220"/>
	<Point X="262" Y="220"/>
	<Point X="263" Y="220"/>
	<Point X="264" Y="220"/>
	<Point X="265" Y="220"/>
	<Point X="265" Y="221"/>
	<Point X="264" Y="221"/>
	<Point X="263" Y="221"/>
	<Point X="262" Y="221"/>
	<Point X="261" Y="221"/>
	<Point X="261" Y="222"/>
	<Point X="260" Y="222"/>
	<Point X="260" Y="223"/>
	<Point X="259" Y="223"/>
	<Point X="259" Y="224"/>
	<Point X="258" Y="225"/>
	<Point X="258" Y="226"/>
	<Point X="257" Y="226"/>
	<Point X="257" Y="227"/>
	<Point X="257" Y="228"/>
	<Point X="256" Y="228"/>
	<Point X="256" Y="229"/>
	<Point X="256" Y="230"/>
	<Point X="255" Y="230"/>
	<Point X="255" Y="231"/>
	<Point X="255" Y="232"/>
	<Point X="254" Y="232"/>
	<Point X="254" Y="233"/>
	<Point X="254" Y="234"/>
	<Point X="253" Y="235"/>
	<Point X="253" Y="236"/>
	<Point X="253" Y="237"/>
	<Point X="252" Y="237"/>
	<Point X="252" Y="238"/>
	<Point X="252" Y="239"/>
	<Point X="251" Y="239"/>
	<Point X="251" Y="240"/>
	<Point X="251" Y="241"/>
	<Point X="250" Y="241"/>
	<Point X="250" Y="242"/>
	<Point X="250" Y="243"/>
	<Point X="249" Y="244"/>
	<Point X="249" Y="245"/>
	<Point X="248" Y="246"/>
	<Point X="248" Y="247"/>
	<Point X="247" Y="248"/>
	<Point X="247" Y="249"/>
	<Point X="247" Y="250"/>
	<Point X="246" Y="251"/>
	<Point X="245" Y="253"/>
	<Point X="244" Y="255"/>
	<Point X="244" Y="256"/>
	<Point X="243" Y="257"/>
	<Point X="243" Y="258"/>
	<Point X="242" Y="259"/>
	<Point X="242" Y="260"/>
	<Point X="242" Y="261"/>
	<Point X="241" Y="262"/>
	<Point X="241" Y="263"/>
	<Point X="240" Y="264"/>
	<Point X="240" Y="265"/>
	<Point X="239" Y="266"/>
	<Point X="239" Y="267"/>
	<Point X="239" Y="268"/>
	<Point X="238" Y="269"/>
	<Point X="238" Y="270"/>
	<Point X="237" Y="271"/>
	<Point X="237" Y="272"/>
	<Point X="236" Y="273"/>
	<Point X="236" Y="274"/>
	<Point X="236" Y="275"/>
	<Point X="235" Y="275"/>
	<Point X="235" Y="276"/>
	<Point X="235" Y="277"/>
	<Point X="234" Y="278"/>
	<Point X="234" Y="279"/>
	<Point X="233" Y="280"/>
	<Point X="233" Y="281"/>
	<Point X="232" Y="282"/>
	<Point X="232" Y="283"/>
	<Point X="232" Y="284"/>
	<Point X="231" Y="284"/>
	<Point X="231" Y="285"/>
	<Point X="231" Y="286"/>
	<Point X="230" Y="286"/>
	<Point X="230" Y="287"/>
	<Point X="230" Y="288"/>
	<Point X="229" Y="288"/>
	<Point X="229" Y="289"/>
	<Point X="229" Y="290"/>
	<Point X="228" Y="290"/>
	<Point X="228" Y="291"/>
	<Point X="228" Y="292"/>
	<Point X="227" Y="292"/>
	<Point X="227" Y="293"/>
	<Point X="227" Y="294"/>
</Gesture>
