<?xml version="1.0" ?>
<Gesture Name="caret05" Subject="01" Number="05" NumPts="234">
	<Point X="121" Y="274"/>
	<Point X="121" Y="273"/>
	<Point X="122" Y="272"/>
	<Point X="122" Y="271"/>
	<Point X="123" Y="270"/>
	<Point X="123" Y="269"/>
	<Point X="124" Y="268"/>
	<Point X="124" Y="267"/>
	<Point X="125" Y="266"/>
	<Point X="125" Y="265"/>
	<Point X="126" Y="265"/>
	<Point X="127" Y="263"/>
	<Point X="127" Y="262"/>
	<Point X="128" Y="261"/>
	<Point X="128" Y="260"/>
	<Point X="129" Y="260"/>
	<Point X="129" Y="259"/>
	<Point X="130" Y="258"/>
	<Point X="130" Y="257"/>
	<Point X="131" Y="256"/>
	<Point X="132" Y="255"/>
	<Point X="133" Y="253"/>
	<Point X="134" Y="252"/>
	<Point X="135" Y="250"/>
	<Point X="136" Y="248"/>
	<Point X="137" Y="247"/>
	<Point X="138" Y="246"/>
	<Point X="138" Y="245"/>
	<Point X="139" Y="244"/>
	<Point X="140" Y="243"/>
	<Point X="141" Y="241"/>
	<Point X="144" Y="237"/>
	<Point X="147" Y="233"/>
	<Point X="148" Y="232"/>
	<Point X="149" Y="231"/>
	<Point X="150" Y="229"/>
	<Point X="151" Y="228"/>
	<Point X="151" Y="227"/>
	<Point X="152" Y="226"/>
	<Point X="153" Y="225"/>
	<Point X="154" Y="224"/>
	<Point X="155" Y="223"/>
	<Point X="156" Y="222"/>
	<Point X="157" Y="220"/>
	<Point X="158" Y="219"/>
	<Point X="159" Y="218"/>
	<Point X="160" Y="216"/>
	<Point X="163" Y="212"/>
	<Point X="165" Y="210"/>
	<Point X="168" Y="206"/>
	<Point X="169" Y="205"/>
	<Point X="170" Y="203"/>
	<Point X="171" Y="202"/>
	<Point X="172" Y="201"/>
	<Point X="173" Y="200"/>
	<Point X="173" Y="199"/>
	<Point X="174" Y="198"/>
	<Point X="175" Y="197"/>
	<Point X="176" Y="196"/>
	<Point X="177" Y="195"/>
	<Point X="177" Y="194"/>
	<Point X="178" Y="193"/>
	<Point X="179" Y="192"/>
	<Point X="180" Y="191"/>
	<Point X="180" Y="190"/>
	<Point X="182" Y="188"/>
	<Point X="183" Y="187"/>
	<Point X="183" Y="186"/>
	<Point X="184" Y="185"/>
	<Point X="185" Y="184"/>
	<Point X="185" Y="183"/>
	<Point X="186" Y="182"/>
	<Point X="187" Y="181"/>
	<Point X="187" Y="180"/>
	<Point X="188" Y="180"/>
	<Point X="189" Y="179"/>
	<Point X="189" Y="178"/>
	<Point X="190" Y="177"/>
	<Point X="191" Y="176"/>
	<Point X="191" Y="175"/>
	<Point X="192" Y="173"/>
	<Point X="193" Y="173"/>
	<Point X="193" Y="172"/>
	<Point X="194" Y="171"/>
	<Point X="195" Y="170"/>
	<Point X="196" Y="169"/>
	<Point X="196" Y="168"/>
	<Point X="197" Y="167"/>
	<Point X="198" Y="166"/>
	<Point X="198" Y="165"/>
	<Point X="199" Y="164"/>
	<Point X="199" Y="163"/>
	<Point X="200" Y="162"/>
	<Point X="200" Y="161"/>
	<Point X="201" Y="161"/>
	<Point X="201" Y="160"/>
	<Point X="201" Y="159"/>
	<Point X="202" Y="159"/>
	<Point X="202" Y="158"/>
	<Point X="203" Y="157"/>
	<Point X="203" Y="156"/>
	<Point X="204" Y="156"/>
	<Point X="204" Y="155"/>
	<Point X="204" Y="154"/>
	<Point X="205" Y="154"/>
	<Point X="205" Y="153"/>
	<Point X="205" Y="152"/>
	<Point X="206" Y="152"/>
	<Point X="206" Y="151"/>
	<Point X="207" Y="151"/>
	<Point X="207" Y="150"/>
	<Point X="207" Y="149"/>
	<Point X="208" Y="149"/>
	<Point X="208" Y="148"/>
	<Point X="208" Y="149"/>
	<Point X="209" Y="149"/>
	<Point X="209" Y="150"/>
	<Point X="209" Y="151"/>
	<Point X="209" Y="152"/>
	<Point X="210" Y="152"/>
	<Point X="210" Y="153"/>
	<Point X="210" Y="154"/>
	<Point X="211" Y="155"/>
	<Point X="211" Y="156"/>
	<Point X="212" Y="157"/>
	<Point X="212" Y="158"/>
	<Point X="213" Y="159"/>
	<Point X="213" Y="160"/>
	<Point X="214" Y="161"/>
	<Point X="214" Y="162"/>
	<Point X="215" Y="163"/>
	<Point X="215" Y="164"/>
	<Point X="215" Y="165"/>
	<Point X="216" Y="165"/>
	<Point X="216" Y="166"/>
	<Point X="217" Y="168"/>
	<Point X="218" Y="169"/>
	<Point X="218" Y="170"/>
	<Point X="219" Y="172"/>
	<Point X="220" Y="174"/>
	<Point X="220" Y="175"/>
	<Point X="221" Y="177"/>
	<Point X="222" Y="180"/>
	<Point X="223" Y="181"/>
	<Point X="224" Y="184"/>
	<Point X="225" Y="185"/>
	<Point X="226" Y="186"/>
	<Point X="226" Y="188"/>
	<Point X="227" Y="189"/>
	<Point X="228" Y="190"/>
	<Point X="228" Y="192"/>
	<Point X="229" Y="193"/>
	<Point X="229" Y="194"/>
	<Point X="230" Y="196"/>
	<Point X="231" Y="197"/>
	<Point X="231" Y="199"/>
	<Point X="232" Y="200"/>
	<Point X="233" Y="201"/>
	<Point X="233" Y="203"/>
	<Point X="234" Y="204"/>
	<Point X="235" Y="206"/>
	<Point X="235" Y="207"/>
	<Point X="236" Y="208"/>
	<Point X="237" Y="210"/>
	<Point X="237" Y="211"/>
	<Point X="238" Y="212"/>
	<Point X="238" Y="214"/>
	<Point X="239" Y="215"/>
	<Point X="240" Y="217"/>
	<Point X="240" Y="218"/>
	<Point X="241" Y="219"/>
	<Point X="241" Y="220"/>
	<Point X="242" Y="222"/>
	<Point X="242" Y="223"/>
	<Point X="243" Y="224"/>
	<Point X="243" Y="225"/>
	<Point X="244" Y="227"/>
	<Point X="245" Y="228"/>
	<Point X="245" Y="229"/>
	<Point X="246" Y="232"/>
	<Point X="247" Y="233"/>
	<Point X="248" Y="236"/>
	<Point X="248" Y="237"/>
	<Point X="249" Y="238"/>
	<Point X="249" Y="239"/>
	<Point X="250" Y="240"/>
	<Point X="250" Y="241"/>
	<Point X="251" Y="242"/>
	<Point X="251" Y="243"/>
	<Point X="252" Y="245"/>
	<Point X="252" Y="246"/>
	<Point X="253" Y="247"/>
	<Point X="253" Y="248"/>
	<Point X="254" Y="249"/>
	<Point X="254" Y="250"/>
	<Point X="255" Y="251"/>
	<Point X="255" Y="252"/>
	<Point X="256" Y="253"/>
	<Point X="256" Y="254"/>
	<Point X="257" Y="255"/>
	<Point X="257" Y="256"/>
	<Point X="257" Y="257"/>
	<Point X="258" Y="258"/>
	<Point X="258" Y="259"/>
	<Point X="259" Y="260"/>
	<Point X="259" Y="261"/>
	<Point X="259" Y="262"/>
	<Point X="260" Y="263"/>
	<Point X="260" Y="264"/>
	<Point X="261" Y="265"/>
	<Point X="261" Y="266"/>
	<Point X="262" Y="267"/>
	<Point X="262" Y="268"/>
	<Point X="262" Y="269"/>
	<Point X="263" Y="270"/>
	<Point X="263" Y="271"/>
	<Point X="264" Y="272"/>
	<Point X="264" Y="273"/>
	<Point X="265" Y="274"/>
	<Point X="266" Y="276"/>
	<Point X="266" Y="277"/>
	<Point X="267" Y="278"/>
	<Point X="267" Y="279"/>
	<Point X="268" Y="280"/>
	<Point X="268" Y="281"/>
	<Point X="269" Y="281"/>
	<Point X="269" Y="282"/>
	<Point X="269" Y="283"/>
	<Point X="270" Y="283"/>
	<Point X="270" Y="284"/>
	<Point X="271" Y="285"/>
	<Point X="271" Y="286"/>
	<Point X="272" Y="286"/>
	<Point X="272" Y="287"/>
</Gesture>
