<?xml version="1.0" ?>
<Gesture Name="caret10" Subject="01" Number="10" NumPts="178">
	<Point X="91" Y="290"/>
	<Point X="91" Y="289"/>
	<Point X="92" Y="289"/>
	<Point X="92" Y="288"/>
	<Point X="93" Y="288"/>
	<Point X="93" Y="287"/>
	<Point X="94" Y="287"/>
	<Point X="94" Y="286"/>
	<Point X="95" Y="286"/>
	<Point X="95" Y="285"/>
	<Point X="96" Y="285"/>
	<Point X="96" Y="284"/>
	<Point X="97" Y="284"/>
	<Point X="97" Y="283"/>
	<Point X="98" Y="283"/>
	<Point X="98" Y="282"/>
	<Point X="99" Y="281"/>
	<Point X="100" Y="280"/>
	<Point X="101" Y="280"/>
	<Point X="101" Y="279"/>
	<Point X="102" Y="278"/>
	<Point X="103" Y="278"/>
	<Point X="104" Y="277"/>
	<Point X="105" Y="275"/>
	<Point X="106" Y="274"/>
	<Point X="107" Y="273"/>
	<Point X="109" Y="271"/>
	<Point X="111" Y="269"/>
	<Point X="114" Y="266"/>
	<Point X="122" Y="257"/>
	<Point X="133" Y="245"/>
	<Point X="138" Y="239"/>
	<Point X="141" Y="236"/>
	<Point X="143" Y="234"/>
	<Point X="145" Y="231"/>
	<Point X="148" Y="228"/>
	<Point X="150" Y="226"/>
	<Point X="152" Y="223"/>
	<Point X="155" Y="218"/>
	<Point X="157" Y="217"/>
	<Point X="159" Y="213"/>
	<Point X="162" Y="209"/>
	<Point X="163" Y="207"/>
	<Point X="165" Y="204"/>
	<Point X="166" Y="203"/>
	<Point X="167" Y="201"/>
	<Point X="168" Y="201"/>
	<Point X="168" Y="200"/>
	<Point X="169" Y="199"/>
	<Point X="170" Y="198"/>
	<Point X="171" Y="196"/>
	<Point X="172" Y="194"/>
	<Point X="173" Y="193"/>
	<Point X="174" Y="192"/>
	<Point X="174" Y="191"/>
	<Point X="175" Y="190"/>
	<Point X="175" Y="189"/>
	<Point X="176" Y="188"/>
	<Point X="176" Y="187"/>
	<Point X="177" Y="187"/>
	<Point X="177" Y="186"/>
	<Point X="177" Y="185"/>
	<Point X="178" Y="185"/>
	<Point X="178" Y="184"/>
	<Point X="179" Y="183"/>
	<Point X="179" Y="182"/>
	<Point X="180" Y="182"/>
	<Point X="180" Y="181"/>
	<Point X="180" Y="180"/>
	<Point X="181" Y="179"/>
	<Point X="181" Y="178"/>
	<Point X="181" Y="177"/>
	<Point X="182" Y="177"/>
	<Point X="182" Y="178"/>
	<Point X="183" Y="179"/>
	<Point X="184" Y="180"/>
	<Point X="184" Y="181"/>
	<Point X="185" Y="181"/>
	<Point X="185" Y="182"/>
	<Point X="186" Y="183"/>
	<Point X="187" Y="184"/>
	<Point X="188" Y="185"/>
	<Point X="189" Y="186"/>
	<Point X="189" Y="187"/>
	<Point X="190" Y="187"/>
	<Point X="190" Y="188"/>
	<Point X="191" Y="189"/>
	<Point X="192" Y="190"/>
	<Point X="193" Y="191"/>
	<Point X="193" Y="192"/>
	<Point X="194" Y="192"/>
	<Point X="195" Y="193"/>
	<Point X="196" Y="194"/>
	<Point X="196" Y="195"/>
	<Point X="197" Y="196"/>
	<Point X="198" Y="197"/>
	<Point X="199" Y="198"/>
	<Point X="200" Y="199"/>
	<Point X="201" Y="200"/>
	<Point X="202" Y="201"/>
	<Point X="202" Y="202"/>
	<Point X="203" Y="203"/>
	<Point X="204" Y="204"/>
	<Point X="205" Y="205"/>
	<Point X="206" Y="206"/>
	<Point X="207" Y="206"/>
	<Point X="208" Y="207"/>
	<Point X="209" Y="208"/>
	<Point X="210" Y="209"/>
	<Point X="211" Y="211"/>
	<Point X="212" Y="212"/>
	<Point X="213" Y="213"/>
	<Point X="214" Y="214"/>
	<Point X="217" Y="217"/>
	<Point X="219" Y="219"/>
	<Point X="221" Y="221"/>
	<Point X="222" Y="222"/>
	<Point X="223" Y="223"/>
	<Point X="224" Y="224"/>
	<Point X="224" Y="225"/>
	<Point X="225" Y="226"/>
	<Point X="226" Y="227"/>
	<Point X="227" Y="228"/>
	<Point X="228" Y="229"/>
	<Point X="229" Y="230"/>
	<Point X="230" Y="231"/>
	<Point X="231" Y="232"/>
	<Point X="232" Y="233"/>
	<Point X="233" Y="234"/>
	<Point X="234" Y="235"/>
	<Point X="236" Y="237"/>
	<Point X="237" Y="238"/>
	<Point X="237" Y="239"/>
	<Point X="238" Y="240"/>
	<Point X="239" Y="241"/>
	<Point X="240" Y="242"/>
	<Point X="241" Y="243"/>
	<Point X="241" Y="244"/>
	<Point X="242" Y="245"/>
	<Point X="243" Y="246"/>
	<Point X="244" Y="246"/>
	<Point X="245" Y="247"/>
	<Point X="245" Y="248"/>
	<Point X="246" Y="249"/>
	<Point X="247" Y="251"/>
	<Point X="248" Y="252"/>
	<Point X="249" Y="253"/>
	<Point X="250" Y="253"/>
	<Point X="250" Y="254"/>
	<Point X="251" Y="255"/>
	<Point X="251" Y="256"/>
	<Point X="252" Y="257"/>
	<Point X="253" Y="258"/>
	<Point X="254" Y="259"/>
	<Point X="255" Y="260"/>
	<Point X="256" Y="262"/>
	<Point X="257" Y="263"/>
	<Point X="257" Y="264"/>
	<Point X="258" Y="264"/>
	<Point X="258" Y="265"/>
	<Point X="259" Y="266"/>
	<Point X="260" Y="267"/>
	<Point X="261" Y="268"/>
	<Point X="261" Y="269"/>
	<Point X="262" Y="270"/>
	<Point X="262" Y="271"/>
	<Point X="263" Y="271"/>
	<Point X="263" Y="272"/>
	<Point X="264" Y="273"/>
	<Point X="264" Y="274"/>
	<Point X="265" Y="275"/>
	<Point X="265" Y="276"/>
	<Point X="266" Y="276"/>
	<Point X="266" Y="277"/>
	<Point X="267" Y="278"/>
	<Point X="267" Y="279"/>
	<Point X="268" Y="279"/>
	<Point X="268" Y="280"/>
</Gesture>
