<?xml version="1.0" ?>
<Gesture Name="check10" Subject="01" Number="10" NumPts="204">
	<Point X="106" Y="220"/>
	<Point X="107" Y="220"/>
	<Point X="108" Y="220"/>
	<Point X="108" Y="221"/>
	<Point X="109" Y="221"/>
	<Point X="110" Y="221"/>
	<Point X="111" Y="221"/>
	<Point X="111" Y="222"/>
	<Point X="112" Y="222"/>
	<Point X="113" Y="222"/>
	<Point X="114" Y="222"/>
	<Point X="115" Y="223"/>
	<Point X="116" Y="223"/>
	<Point X="117" Y="223"/>
	<Point X="118" Y="223"/>
	<Point X="118" Y="224"/>
	<Point X="119" Y="224"/>
	<Point X="120" Y="224"/>
	<Point X="121" Y="224"/>
	<Point X="121" Y="225"/>
	<Point X="122" Y="225"/>
	<Point X="123" Y="225"/>
	<Point X="124" Y="226"/>
	<Point X="125" Y="226"/>
	<Point X="126" Y="226"/>
	<Point X="126" Y="227"/>
	<Point X="127" Y="227"/>
	<Point X="128" Y="227"/>
	<Point X="129" Y="227"/>
	<Point X="129" Y="228"/>
	<Point X="130" Y="228"/>
	<Point X="131" Y="228"/>
	<Point X="132" Y="228"/>
	<Point X="133" Y="229"/>
	<Point X="134" Y="229"/>
	<Point X="135" Y="230"/>
	<Point X="136" Y="230"/>
	<Point X="136" Y="231"/>
	<Point X="137" Y="231"/>
	<Point X="138" Y="231"/>
	<Point X="139" Y="232"/>
	<Point X="140" Y="232"/>
	<Point X="140" Y="233"/>
	<Point X="141" Y="233"/>
	<Point X="142" Y="234"/>
	<Point X="143" Y="234"/>
	<Point X="144" Y="235"/>
	<Point X="145" Y="235"/>
	<Point X="145" Y="236"/>
	<Point X="146" Y="236"/>
	<Point X="147" Y="237"/>
	<Point X="148" Y="238"/>
	<Point X="149" Y="238"/>
	<Point X="149" Y="239"/>
	<Point X="150" Y="239"/>
	<Point X="150" Y="240"/>
	<Point X="151" Y="240"/>
	<Point X="151" Y="241"/>
	<Point X="152" Y="241"/>
	<Point X="152" Y="242"/>
	<Point X="153" Y="242"/>
	<Point X="153" Y="243"/>
	<Point X="154" Y="243"/>
	<Point X="156" Y="245"/>
	<Point X="156" Y="247"/>
	<Point X="157" Y="247"/>
	<Point X="157" Y="248"/>
	<Point X="158" Y="249"/>
	<Point X="158" Y="250"/>
	<Point X="159" Y="250"/>
	<Point X="159" Y="251"/>
	<Point X="159" Y="252"/>
	<Point X="160" Y="252"/>
	<Point X="160" Y="253"/>
	<Point X="161" Y="254"/>
	<Point X="161" Y="255"/>
	<Point X="162" Y="256"/>
	<Point X="162" Y="257"/>
	<Point X="162" Y="258"/>
	<Point X="163" Y="258"/>
	<Point X="163" Y="259"/>
	<Point X="163" Y="260"/>
	<Point X="164" Y="261"/>
	<Point X="164" Y="262"/>
	<Point X="165" Y="263"/>
	<Point X="165" Y="264"/>
	<Point X="166" Y="265"/>
	<Point X="166" Y="266"/>
	<Point X="166" Y="267"/>
	<Point X="167" Y="268"/>
	<Point X="167" Y="269"/>
	<Point X="167" Y="270"/>
	<Point X="168" Y="271"/>
	<Point X="168" Y="272"/>
	<Point X="168" Y="273"/>
	<Point X="169" Y="274"/>
	<Point X="169" Y="275"/>
	<Point X="170" Y="276"/>
	<Point X="170" Y="277"/>
	<Point X="170" Y="278"/>
	<Point X="171" Y="279"/>
	<Point X="171" Y="280"/>
	<Point X="171" Y="281"/>
	<Point X="172" Y="282"/>
	<Point X="172" Y="283"/>
	<Point X="172" Y="284"/>
	<Point X="173" Y="284"/>
	<Point X="173" Y="285"/>
	<Point X="173" Y="286"/>
	<Point X="173" Y="287"/>
	<Point X="174" Y="288"/>
	<Point X="174" Y="289"/>
	<Point X="174" Y="290"/>
	<Point X="175" Y="291"/>
	<Point X="175" Y="292"/>
	<Point X="175" Y="293"/>
	<Point X="175" Y="294"/>
	<Point X="176" Y="294"/>
	<Point X="176" Y="295"/>
	<Point X="176" Y="296"/>
	<Point X="176" Y="297"/>
	<Point X="176" Y="298"/>
	<Point X="176" Y="297"/>
	<Point X="177" Y="297"/>
	<Point X="177" Y="296"/>
	<Point X="177" Y="295"/>
	<Point X="178" Y="295"/>
	<Point X="178" Y="293"/>
	<Point X="179" Y="291"/>
	<Point X="180" Y="290"/>
	<Point X="180" Y="289"/>
	<Point X="182" Y="286"/>
	<Point X="185" Y="281"/>
	<Point X="188" Y="277"/>
	<Point X="190" Y="274"/>
	<Point X="193" Y="271"/>
	<Point X="194" Y="269"/>
	<Point X="195" Y="268"/>
	<Point X="198" Y="265"/>
	<Point X="200" Y="262"/>
	<Point X="205" Y="256"/>
	<Point X="211" Y="250"/>
	<Point X="215" Y="247"/>
	<Point X="220" Y="243"/>
	<Point X="223" Y="241"/>
	<Point X="227" Y="239"/>
	<Point X="230" Y="238"/>
	<Point X="235" Y="235"/>
	<Point X="240" Y="233"/>
	<Point X="244" Y="232"/>
	<Point X="246" Y="231"/>
	<Point X="247" Y="231"/>
	<Point X="250" Y="230"/>
	<Point X="251" Y="229"/>
	<Point X="253" Y="229"/>
	<Point X="256" Y="228"/>
	<Point X="257" Y="228"/>
	<Point X="261" Y="227"/>
	<Point X="264" Y="226"/>
	<Point X="265" Y="226"/>
	<Point X="267" Y="226"/>
	<Point X="270" Y="225"/>
	<Point X="271" Y="225"/>
	<Point X="273" Y="224"/>
	<Point X="276" Y="224"/>
	<Point X="279" Y="223"/>
	<Point X="282" Y="223"/>
	<Point X="283" Y="222"/>
	<Point X="284" Y="222"/>
	<Point X="286" Y="222"/>
	<Point X="287" Y="222"/>
	<Point X="291" Y="221"/>
	<Point X="292" Y="221"/>
	<Point X="294" Y="220"/>
	<Point X="295" Y="220"/>
	<Point X="296" Y="220"/>
	<Point X="297" Y="220"/>
	<Point X="298" Y="219"/>
	<Point X="300" Y="219"/>
	<Point X="302" Y="219"/>
	<Point X="303" Y="219"/>
	<Point X="304" Y="218"/>
	<Point X="305" Y="218"/>
	<Point X="306" Y="218"/>
	<Point X="307" Y="218"/>
	<Point X="308" Y="218"/>
	<Point X="309" Y="217"/>
	<Point X="310" Y="217"/>
	<Point X="311" Y="217"/>
	<Point X="312" Y="217"/>
	<Point X="313" Y="217"/>
	<Point X="314" Y="216"/>
	<Point X="315" Y="216"/>
	<Point X="316" Y="216"/>
	<Point X="317" Y="216"/>
	<Point X="318" Y="215"/>
	<Point X="320" Y="215"/>
	<Point X="321" Y="215"/>
	<Point X="322" Y="215"/>
	<Point X="323" Y="215"/>
	<Point X="323" Y="214"/>
	<Point X="324" Y="214"/>
	<Point X="325" Y="214"/>
	<Point X="326" Y="214"/>
</Gesture>
