<?xml version="1.0" ?>
<Gesture Name="circle10" Subject="01" Number="10" NumPts="227">
	<Point X="211" Y="218"/>
	<Point X="210" Y="218"/>
	<Point X="209" Y="218"/>
	<Point X="208" Y="218"/>
	<Point X="207" Y="218"/>
	<Point X="206" Y="218"/>
	<Point X="205" Y="219"/>
	<Point X="203" Y="219"/>
	<Point X="202" Y="220"/>
	<Point X="201" Y="220"/>
	<Point X="199" Y="221"/>
	<Point X="197" Y="222"/>
	<Point X="196" Y="222"/>
	<Point X="193" Y="223"/>
	<Point X="191" Y="224"/>
	<Point X="189" Y="225"/>
	<Point X="187" Y="226"/>
	<Point X="185" Y="227"/>
	<Point X="183" Y="228"/>
	<Point X="181" Y="229"/>
	<Point X="179" Y="229"/>
	<Point X="178" Y="230"/>
	<Point X="176" Y="231"/>
	<Point X="175" Y="231"/>
	<Point X="174" Y="232"/>
	<Point X="173" Y="232"/>
	<Point X="171" Y="234"/>
	<Point X="169" Y="235"/>
	<Point X="167" Y="236"/>
	<Point X="164" Y="238"/>
	<Point X="161" Y="240"/>
	<Point X="160" Y="242"/>
	<Point X="158" Y="243"/>
	<Point X="158" Y="244"/>
	<Point X="157" Y="245"/>
	<Point X="156" Y="245"/>
	<Point X="156" Y="246"/>
	<Point X="155" Y="246"/>
	<Point X="155" Y="247"/>
	<Point X="154" Y="248"/>
	<Point X="154" Y="249"/>
	<Point X="153" Y="249"/>
	<Point X="153" Y="250"/>
	<Point X="153" Y="251"/>
	<Point X="152" Y="251"/>
	<Point X="152" Y="252"/>
	<Point X="152" Y="253"/>
	<Point X="152" Y="254"/>
	<Point X="152" Y="255"/>
	<Point X="151" Y="256"/>
	<Point X="151" Y="257"/>
	<Point X="151" Y="258"/>
	<Point X="151" Y="259"/>
	<Point X="151" Y="260"/>
	<Point X="151" Y="261"/>
	<Point X="151" Y="262"/>
	<Point X="151" Y="263"/>
	<Point X="152" Y="263"/>
	<Point X="152" Y="264"/>
	<Point X="152" Y="265"/>
	<Point X="152" Y="266"/>
	<Point X="153" Y="267"/>
	<Point X="153" Y="268"/>
	<Point X="154" Y="268"/>
	<Point X="154" Y="269"/>
	<Point X="154" Y="270"/>
	<Point X="155" Y="272"/>
	<Point X="156" Y="272"/>
	<Point X="156" Y="273"/>
	<Point X="157" Y="274"/>
	<Point X="158" Y="275"/>
	<Point X="158" Y="276"/>
	<Point X="159" Y="277"/>
	<Point X="160" Y="278"/>
	<Point X="162" Y="279"/>
	<Point X="163" Y="280"/>
	<Point X="164" Y="281"/>
	<Point X="165" Y="282"/>
	<Point X="167" Y="283"/>
	<Point X="169" Y="284"/>
	<Point X="171" Y="286"/>
	<Point X="175" Y="287"/>
	<Point X="179" Y="289"/>
	<Point X="181" Y="290"/>
	<Point X="185" Y="291"/>
	<Point X="187" Y="291"/>
	<Point X="189" Y="292"/>
	<Point X="190" Y="292"/>
	<Point X="192" Y="293"/>
	<Point X="193" Y="293"/>
	<Point X="196" Y="294"/>
	<Point X="198" Y="294"/>
	<Point X="201" Y="295"/>
	<Point X="202" Y="295"/>
	<Point X="203" Y="295"/>
	<Point X="205" Y="296"/>
	<Point X="207" Y="296"/>
	<Point X="209" Y="297"/>
	<Point X="212" Y="297"/>
	<Point X="213" Y="297"/>
	<Point X="214" Y="298"/>
	<Point X="215" Y="298"/>
	<Point X="216" Y="298"/>
	<Point X="217" Y="298"/>
	<Point X="218" Y="298"/>
	<Point X="219" Y="298"/>
	<Point X="220" Y="298"/>
	<Point X="222" Y="298"/>
	<Point X="223" Y="299"/>
	<Point X="224" Y="299"/>
	<Point X="225" Y="299"/>
	<Point X="226" Y="299"/>
	<Point X="227" Y="299"/>
	<Point X="228" Y="299"/>
	<Point X="229" Y="299"/>
	<Point X="230" Y="299"/>
	<Point X="231" Y="299"/>
	<Point X="232" Y="299"/>
	<Point X="233" Y="299"/>
	<Point X="234" Y="298"/>
	<Point X="235" Y="298"/>
	<Point X="236" Y="297"/>
	<Point X="237" Y="297"/>
	<Point X="238" Y="296"/>
	<Point X="239" Y="296"/>
	<Point X="239" Y="295"/>
	<Point X="240" Y="294"/>
	<Point X="241" Y="293"/>
	<Point X="241" Y="292"/>
	<Point X="242" Y="292"/>
	<Point X="242" Y="291"/>
	<Point X="242" Y="290"/>
	<Point X="243" Y="290"/>
	<Point X="243" Y="289"/>
	<Point X="243" Y="288"/>
	<Point X="243" Y="287"/>
	<Point X="244" Y="287"/>
	<Point X="244" Y="286"/>
	<Point X="244" Y="285"/>
	<Point X="244" Y="284"/>
	<Point X="244" Y="283"/>
	<Point X="245" Y="282"/>
	<Point X="245" Y="280"/>
	<Point X="245" Y="279"/>
	<Point X="245" Y="278"/>
	<Point X="245" Y="277"/>
	<Point X="245" Y="276"/>
	<Point X="245" Y="275"/>
	<Point X="245" Y="274"/>
	<Point X="245" Y="273"/>
	<Point X="245" Y="272"/>
	<Point X="245" Y="271"/>
	<Point X="245" Y="270"/>
	<Point X="245" Y="269"/>
	<Point X="245" Y="268"/>
	<Point X="245" Y="267"/>
	<Point X="245" Y="266"/>
	<Point X="245" Y="265"/>
	<Point X="245" Y="264"/>
	<Point X="245" Y="263"/>
	<Point X="245" Y="262"/>
	<Point X="245" Y="261"/>
	<Point X="245" Y="260"/>
	<Point X="245" Y="258"/>
	<Point X="244" Y="256"/>
	<Point X="244" Y="255"/>
	<Point X="244" Y="254"/>
	<Point X="244" Y="253"/>
	<Point X="244" Y="252"/>
	<Point X="243" Y="251"/>
	<Point X="243" Y="250"/>
	<Point X="243" Y="249"/>
	<Point X="242" Y="248"/>
	<Point X="242" Y="247"/>
	<Point X="242" Y="246"/>
	<Point X="242" Y="245"/>
	<Point X="241" Y="244"/>
	<Point X="241" Y="243"/>
	<Point X="241" Y="242"/>
	<Point X="240" Y="241"/>
	<Point X="240" Y="240"/>
	<Point X="239" Y="239"/>
	<Point X="239" Y="238"/>
	<Point X="238" Y="237"/>
	<Point X="238" Y="236"/>
	<Point X="237" Y="235"/>
	<Point X="237" Y="234"/>
	<Point X="236" Y="234"/>
	<Point X="236" Y="233"/>
	<Point X="236" Y="232"/>
	<Point X="235" Y="232"/>
	<Point X="235" Y="231"/>
	<Point X="234" Y="231"/>
	<Point X="234" Y="230"/>
	<Point X="233" Y="229"/>
	<Point X="232" Y="229"/>
	<Point X="232" Y="228"/>
	<Point X="231" Y="228"/>
	<Point X="231" Y="227"/>
	<Point X="230" Y="227"/>
	<Point X="230" Y="226"/>
	<Point X="229" Y="226"/>
	<Point X="228" Y="225"/>
	<Point X="227" Y="225"/>
	<Point X="227" Y="224"/>
	<Point X="226" Y="224"/>
	<Point X="225" Y="224"/>
	<Point X="225" Y="223"/>
	<Point X="224" Y="223"/>
	<Point X="223" Y="223"/>
	<Point X="223" Y="222"/>
	<Point X="222" Y="222"/>
	<Point X="221" Y="222"/>
	<Point X="221" Y="221"/>
	<Point X="220" Y="221"/>
	<Point X="219" Y="221"/>
	<Point X="219" Y="220"/>
	<Point X="218" Y="220"/>
	<Point X="217" Y="220"/>
	<Point X="217" Y="219"/>
	<Point X="216" Y="219"/>
	<Point X="215" Y="219"/>
	<Point X="214" Y="219"/>
	<Point X="214" Y="218"/>
	<Point X="213" Y="218"/>
	<Point X="212" Y="218"/>
	<Point X="211" Y="218"/>
</Gesture>
