<?xml version="1.0" ?>
<Gesture Name="circle09" Subject="01" Number="09" NumPts="320">
	<Point X="199" Y="205"/>
	<Point X="198" Y="205"/>
	<Point X="197" Y="205"/>
	<Point X="196" Y="205"/>
	<Point X="195" Y="205"/>
	<Point X="194" Y="205"/>
	<Point X="193" Y="205"/>
	<Point X="192" Y="205"/>
	<Point X="191" Y="205"/>
	<Point X="190" Y="205"/>
	<Point X="189" Y="205"/>
	<Point X="188" Y="205"/>
	<Point X="187" Y="205"/>
	<Point X="186" Y="205"/>
	<Point X="185" Y="205"/>
	<Point X="184" Y="205"/>
	<Point X="183" Y="205"/>
	<Point X="182" Y="205"/>
	<Point X="181" Y="206"/>
	<Point X="179" Y="206"/>
	<Point X="178" Y="206"/>
	<Point X="177" Y="207"/>
	<Point X="176" Y="207"/>
	<Point X="175" Y="207"/>
	<Point X="174" Y="207"/>
	<Point X="173" Y="208"/>
	<Point X="172" Y="208"/>
	<Point X="171" Y="208"/>
	<Point X="170" Y="208"/>
	<Point X="169" Y="209"/>
	<Point X="168" Y="209"/>
	<Point X="167" Y="209"/>
	<Point X="166" Y="210"/>
	<Point X="165" Y="210"/>
	<Point X="164" Y="210"/>
	<Point X="163" Y="211"/>
	<Point X="162" Y="211"/>
	<Point X="161" Y="212"/>
	<Point X="160" Y="212"/>
	<Point X="159" Y="213"/>
	<Point X="157" Y="213"/>
	<Point X="156" Y="214"/>
	<Point X="155" Y="214"/>
	<Point X="154" Y="214"/>
	<Point X="153" Y="215"/>
	<Point X="152" Y="215"/>
	<Point X="151" Y="216"/>
	<Point X="149" Y="217"/>
	<Point X="147" Y="218"/>
	<Point X="146" Y="218"/>
	<Point X="145" Y="219"/>
	<Point X="144" Y="219"/>
	<Point X="143" Y="220"/>
	<Point X="142" Y="221"/>
	<Point X="141" Y="221"/>
	<Point X="140" Y="222"/>
	<Point X="139" Y="222"/>
	<Point X="138" Y="223"/>
	<Point X="137" Y="224"/>
	<Point X="136" Y="224"/>
	<Point X="135" Y="225"/>
	<Point X="133" Y="226"/>
	<Point X="132" Y="227"/>
	<Point X="130" Y="228"/>
	<Point X="129" Y="229"/>
	<Point X="128" Y="229"/>
	<Point X="127" Y="230"/>
	<Point X="126" Y="231"/>
	<Point X="125" Y="232"/>
	<Point X="124" Y="232"/>
	<Point X="124" Y="233"/>
	<Point X="123" Y="234"/>
	<Point X="122" Y="234"/>
	<Point X="122" Y="235"/>
	<Point X="121" Y="235"/>
	<Point X="121" Y="236"/>
	<Point X="120" Y="237"/>
	<Point X="119" Y="238"/>
	<Point X="118" Y="239"/>
	<Point X="118" Y="240"/>
	<Point X="117" Y="240"/>
	<Point X="117" Y="241"/>
	<Point X="117" Y="242"/>
	<Point X="116" Y="242"/>
	<Point X="116" Y="243"/>
	<Point X="116" Y="244"/>
	<Point X="115" Y="245"/>
	<Point X="115" Y="246"/>
	<Point X="115" Y="247"/>
	<Point X="115" Y="248"/>
	<Point X="115" Y="249"/>
	<Point X="115" Y="250"/>
	<Point X="115" Y="251"/>
	<Point X="115" Y="252"/>
	<Point X="115" Y="253"/>
	<Point X="115" Y="254"/>
	<Point X="115" Y="255"/>
	<Point X="116" Y="255"/>
	<Point X="116" Y="256"/>
	<Point X="116" Y="257"/>
	<Point X="117" Y="257"/>
	<Point X="117" Y="258"/>
	<Point X="117" Y="259"/>
	<Point X="118" Y="259"/>
	<Point X="118" Y="260"/>
	<Point X="119" Y="261"/>
	<Point X="119" Y="262"/>
	<Point X="120" Y="262"/>
	<Point X="120" Y="263"/>
	<Point X="121" Y="263"/>
	<Point X="122" Y="265"/>
	<Point X="123" Y="265"/>
	<Point X="123" Y="266"/>
	<Point X="124" Y="266"/>
	<Point X="124" Y="267"/>
	<Point X="125" Y="267"/>
	<Point X="126" Y="268"/>
	<Point X="127" Y="269"/>
	<Point X="128" Y="269"/>
	<Point X="129" Y="270"/>
	<Point X="130" Y="271"/>
	<Point X="131" Y="272"/>
	<Point X="132" Y="273"/>
	<Point X="133" Y="273"/>
	<Point X="134" Y="274"/>
	<Point X="135" Y="274"/>
	<Point X="136" Y="275"/>
	<Point X="137" Y="275"/>
	<Point X="137" Y="276"/>
	<Point X="138" Y="276"/>
	<Point X="139" Y="276"/>
	<Point X="140" Y="277"/>
	<Point X="141" Y="278"/>
	<Point X="142" Y="278"/>
	<Point X="143" Y="279"/>
	<Point X="144" Y="279"/>
	<Point X="145" Y="279"/>
	<Point X="146" Y="280"/>
	<Point X="147" Y="280"/>
	<Point X="148" Y="281"/>
	<Point X="149" Y="281"/>
	<Point X="152" Y="282"/>
	<Point X="153" Y="282"/>
	<Point X="154" Y="283"/>
	<Point X="155" Y="283"/>
	<Point X="156" Y="283"/>
	<Point X="156" Y="284"/>
	<Point X="157" Y="284"/>
	<Point X="158" Y="284"/>
	<Point X="158" Y="285"/>
	<Point X="159" Y="285"/>
	<Point X="160" Y="285"/>
	<Point X="161" Y="285"/>
	<Point X="162" Y="285"/>
	<Point X="162" Y="286"/>
	<Point X="163" Y="286"/>
	<Point X="164" Y="286"/>
	<Point X="165" Y="286"/>
	<Point X="165" Y="287"/>
	<Point X="166" Y="287"/>
	<Point X="167" Y="287"/>
	<Point X="168" Y="287"/>
	<Point X="169" Y="288"/>
	<Point X="170" Y="288"/>
	<Point X="172" Y="289"/>
	<Point X="173" Y="289"/>
	<Point X="174" Y="289"/>
	<Point X="175" Y="289"/>
	<Point X="176" Y="289"/>
	<Point X="176" Y="290"/>
	<Point X="177" Y="290"/>
	<Point X="178" Y="290"/>
	<Point X="179" Y="290"/>
	<Point X="180" Y="290"/>
	<Point X="181" Y="290"/>
	<Point X="181" Y="291"/>
	<Point X="182" Y="291"/>
	<Point X="183" Y="291"/>
	<Point X="184" Y="291"/>
	<Point X="185" Y="291"/>
	<Point X="186" Y="291"/>
	<Point X="187" Y="291"/>
	<Point X="188" Y="291"/>
	<Point X="188" Y="292"/>
	<Point X="190" Y="292"/>
	<Point X="191" Y="292"/>
	<Point X="192" Y="292"/>
	<Point X="193" Y="292"/>
	<Point X="194" Y="292"/>
	<Point X="195" Y="292"/>
	<Point X="196" Y="292"/>
	<Point X="197" Y="292"/>
	<Point X="198" Y="292"/>
	<Point X="199" Y="292"/>
	<Point X="200" Y="292"/>
	<Point X="201" Y="292"/>
	<Point X="202" Y="292"/>
	<Point X="203" Y="292"/>
	<Point X="204" Y="292"/>
	<Point X="206" Y="291"/>
	<Point X="207" Y="291"/>
	<Point X="208" Y="290"/>
	<Point X="209" Y="290"/>
	<Point X="210" Y="290"/>
	<Point X="210" Y="289"/>
	<Point X="211" Y="289"/>
	<Point X="212" Y="289"/>
	<Point X="212" Y="288"/>
	<Point X="213" Y="288"/>
	<Point X="214" Y="287"/>
	<Point X="215" Y="286"/>
	<Point X="216" Y="286"/>
	<Point X="216" Y="285"/>
	<Point X="217" Y="285"/>
	<Point X="218" Y="284"/>
	<Point X="218" Y="283"/>
	<Point X="219" Y="283"/>
	<Point X="220" Y="282"/>
	<Point X="220" Y="281"/>
	<Point X="221" Y="281"/>
	<Point X="221" Y="280"/>
	<Point X="222" Y="280"/>
	<Point X="223" Y="279"/>
	<Point X="223" Y="278"/>
	<Point X="224" Y="278"/>
	<Point X="224" Y="277"/>
	<Point X="225" Y="276"/>
	<Point X="225" Y="275"/>
	<Point X="226" Y="275"/>
	<Point X="226" Y="274"/>
	<Point X="227" Y="273"/>
	<Point X="227" Y="272"/>
	<Point X="228" Y="271"/>
	<Point X="228" Y="270"/>
	<Point X="228" Y="269"/>
	<Point X="229" Y="269"/>
	<Point X="229" Y="268"/>
	<Point X="229" Y="267"/>
	<Point X="230" Y="267"/>
	<Point X="230" Y="266"/>
	<Point X="230" Y="265"/>
	<Point X="230" Y="264"/>
	<Point X="230" Y="263"/>
	<Point X="231" Y="262"/>
	<Point X="231" Y="261"/>
	<Point X="231" Y="260"/>
	<Point X="231" Y="259"/>
	<Point X="231" Y="258"/>
	<Point X="231" Y="257"/>
	<Point X="231" Y="256"/>
	<Point X="231" Y="255"/>
	<Point X="231" Y="254"/>
	<Point X="231" Y="253"/>
	<Point X="231" Y="252"/>
	<Point X="231" Y="251"/>
	<Point X="231" Y="250"/>
	<Point X="231" Y="249"/>
	<Point X="231" Y="248"/>
	<Point X="231" Y="247"/>
	<Point X="231" Y="246"/>
	<Point X="231" Y="245"/>
	<Point X="230" Y="244"/>
	<Point X="230" Y="243"/>
	<Point X="230" Y="242"/>
	<Point X="229" Y="242"/>
	<Point X="229" Y="241"/>
	<Point X="229" Y="240"/>
	<Point X="229" Y="239"/>
	<Point X="228" Y="239"/>
	<Point X="228" Y="238"/>
	<Point X="228" Y="237"/>
	<Point X="227" Y="237"/>
	<Point X="227" Y="236"/>
	<Point X="226" Y="235"/>
	<Point X="226" Y="234"/>
	<Point X="225" Y="233"/>
	<Point X="225" Y="232"/>
	<Point X="224" Y="231"/>
	<Point X="223" Y="230"/>
	<Point X="223" Y="229"/>
	<Point X="222" Y="228"/>
	<Point X="221" Y="227"/>
	<Point X="221" Y="226"/>
	<Point X="220" Y="226"/>
	<Point X="220" Y="225"/>
	<Point X="219" Y="225"/>
	<Point X="219" Y="224"/>
	<Point X="218" Y="223"/>
	<Point X="217" Y="222"/>
	<Point X="216" Y="221"/>
	<Point X="215" Y="221"/>
	<Point X="215" Y="220"/>
	<Point X="214" Y="220"/>
	<Point X="214" Y="219"/>
	<Point X="213" Y="219"/>
	<Point X="213" Y="218"/>
	<Point X="212" Y="218"/>
	<Point X="211" Y="217"/>
	<Point X="210" Y="217"/>
	<Point X="210" Y="216"/>
	<Point X="209" Y="216"/>
	<Point X="209" Y="215"/>
	<Point X="208" Y="215"/>
	<Point X="207" Y="214"/>
	<Point X="206" Y="214"/>
	<Point X="205" Y="213"/>
	<Point X="204" Y="213"/>
	<Point X="204" Y="212"/>
	<Point X="203" Y="212"/>
	<Point X="202" Y="212"/>
	<Point X="202" Y="211"/>
	<Point X="201" Y="211"/>
	<Point X="200" Y="211"/>
	<Point X="199" Y="210"/>
	<Point X="198" Y="210"/>
	<Point X="197" Y="210"/>
	<Point X="197" Y="209"/>
	<Point X="196" Y="209"/>
	<Point X="195" Y="209"/>
	<Point X="194" Y="209"/>
</Gesture>
