<?xml version="1.0" ?>
<Gesture Name="circle05" Subject="01" Number="05" NumPts="291">
	<Point X="192" Y="185"/>
	<Point X="191" Y="185"/>
	<Point X="190" Y="185"/>
	<Point X="189" Y="185"/>
	<Point X="188" Y="185"/>
	<Point X="187" Y="185"/>
	<Point X="186" Y="185"/>
	<Point X="185" Y="185"/>
	<Point X="184" Y="185"/>
	<Point X="183" Y="185"/>
	<Point X="182" Y="185"/>
	<Point X="181" Y="185"/>
	<Point X="180" Y="185"/>
	<Point X="179" Y="185"/>
	<Point X="178" Y="185"/>
	<Point X="177" Y="185"/>
	<Point X="176" Y="185"/>
	<Point X="175" Y="186"/>
	<Point X="173" Y="186"/>
	<Point X="172" Y="186"/>
	<Point X="171" Y="187"/>
	<Point X="170" Y="187"/>
	<Point X="169" Y="187"/>
	<Point X="168" Y="187"/>
	<Point X="167" Y="187"/>
	<Point X="167" Y="188"/>
	<Point X="166" Y="188"/>
	<Point X="165" Y="188"/>
	<Point X="164" Y="188"/>
	<Point X="163" Y="189"/>
	<Point X="162" Y="189"/>
	<Point X="161" Y="189"/>
	<Point X="160" Y="190"/>
	<Point X="159" Y="190"/>
	<Point X="158" Y="190"/>
	<Point X="157" Y="191"/>
	<Point X="155" Y="191"/>
	<Point X="154" Y="192"/>
	<Point X="153" Y="192"/>
	<Point X="152" Y="192"/>
	<Point X="151" Y="193"/>
	<Point X="150" Y="193"/>
	<Point X="149" Y="194"/>
	<Point X="148" Y="194"/>
	<Point X="147" Y="195"/>
	<Point X="146" Y="195"/>
	<Point X="145" Y="196"/>
	<Point X="144" Y="197"/>
	<Point X="143" Y="197"/>
	<Point X="142" Y="198"/>
	<Point X="141" Y="198"/>
	<Point X="141" Y="199"/>
	<Point X="140" Y="199"/>
	<Point X="139" Y="200"/>
	<Point X="138" Y="201"/>
	<Point X="137" Y="201"/>
	<Point X="137" Y="202"/>
	<Point X="136" Y="203"/>
	<Point X="135" Y="204"/>
	<Point X="135" Y="205"/>
	<Point X="134" Y="205"/>
	<Point X="133" Y="206"/>
	<Point X="133" Y="207"/>
	<Point X="132" Y="208"/>
	<Point X="132" Y="209"/>
	<Point X="131" Y="210"/>
	<Point X="131" Y="211"/>
	<Point X="130" Y="212"/>
	<Point X="130" Y="213"/>
	<Point X="130" Y="214"/>
	<Point X="129" Y="214"/>
	<Point X="129" Y="215"/>
	<Point X="129" Y="216"/>
	<Point X="129" Y="217"/>
	<Point X="128" Y="217"/>
	<Point X="128" Y="218"/>
	<Point X="128" Y="219"/>
	<Point X="128" Y="220"/>
	<Point X="127" Y="221"/>
	<Point X="127" Y="222"/>
	<Point X="127" Y="223"/>
	<Point X="127" Y="224"/>
	<Point X="127" Y="225"/>
	<Point X="127" Y="226"/>
	<Point X="127" Y="227"/>
	<Point X="127" Y="228"/>
	<Point X="127" Y="229"/>
	<Point X="127" Y="230"/>
	<Point X="127" Y="231"/>
	<Point X="127" Y="232"/>
	<Point X="127" Y="233"/>
	<Point X="127" Y="234"/>
	<Point X="127" Y="235"/>
	<Point X="127" Y="236"/>
	<Point X="127" Y="237"/>
	<Point X="127" Y="238"/>
	<Point X="127" Y="239"/>
	<Point X="127" Y="240"/>
	<Point X="128" Y="241"/>
	<Point X="128" Y="242"/>
	<Point X="129" Y="243"/>
	<Point X="129" Y="244"/>
	<Point X="129" Y="245"/>
	<Point X="130" Y="245"/>
	<Point X="130" Y="246"/>
	<Point X="131" Y="246"/>
	<Point X="131" Y="247"/>
	<Point X="132" Y="248"/>
	<Point X="132" Y="249"/>
	<Point X="133" Y="249"/>
	<Point X="133" Y="250"/>
	<Point X="134" Y="250"/>
	<Point X="134" Y="251"/>
	<Point X="135" Y="251"/>
	<Point X="135" Y="252"/>
	<Point X="136" Y="252"/>
	<Point X="137" Y="253"/>
	<Point X="138" Y="254"/>
	<Point X="139" Y="255"/>
	<Point X="140" Y="256"/>
	<Point X="141" Y="256"/>
	<Point X="142" Y="257"/>
	<Point X="143" Y="258"/>
	<Point X="144" Y="259"/>
	<Point X="145" Y="259"/>
	<Point X="146" Y="260"/>
	<Point X="147" Y="261"/>
	<Point X="148" Y="261"/>
	<Point X="149" Y="262"/>
	<Point X="150" Y="262"/>
	<Point X="150" Y="263"/>
	<Point X="151" Y="263"/>
	<Point X="152" Y="264"/>
	<Point X="153" Y="264"/>
	<Point X="154" Y="265"/>
	<Point X="155" Y="266"/>
	<Point X="156" Y="266"/>
	<Point X="157" Y="267"/>
	<Point X="158" Y="267"/>
	<Point X="159" Y="268"/>
	<Point X="160" Y="268"/>
	<Point X="161" Y="269"/>
	<Point X="162" Y="269"/>
	<Point X="163" Y="270"/>
	<Point X="164" Y="270"/>
	<Point X="165" Y="271"/>
	<Point X="166" Y="271"/>
	<Point X="167" Y="271"/>
	<Point X="167" Y="272"/>
	<Point X="168" Y="272"/>
	<Point X="169" Y="272"/>
	<Point X="170" Y="273"/>
	<Point X="171" Y="273"/>
	<Point X="172" Y="273"/>
	<Point X="173" Y="274"/>
	<Point X="174" Y="274"/>
	<Point X="175" Y="274"/>
	<Point X="176" Y="274"/>
	<Point X="177" Y="274"/>
	<Point X="178" Y="274"/>
	<Point X="179" Y="274"/>
	<Point X="180" Y="274"/>
	<Point X="181" Y="274"/>
	<Point X="182" Y="274"/>
	<Point X="183" Y="274"/>
	<Point X="184" Y="274"/>
	<Point X="185" Y="274"/>
	<Point X="186" Y="274"/>
	<Point X="187" Y="273"/>
	<Point X="188" Y="273"/>
	<Point X="189" Y="272"/>
	<Point X="190" Y="272"/>
	<Point X="190" Y="271"/>
	<Point X="191" Y="271"/>
	<Point X="192" Y="270"/>
	<Point X="194" Y="269"/>
	<Point X="196" Y="268"/>
	<Point X="199" Y="266"/>
	<Point X="200" Y="266"/>
	<Point X="202" Y="264"/>
	<Point X="203" Y="264"/>
	<Point X="205" Y="262"/>
	<Point X="207" Y="260"/>
	<Point X="210" Y="258"/>
	<Point X="213" Y="256"/>
	<Point X="214" Y="255"/>
	<Point X="216" Y="253"/>
	<Point X="217" Y="252"/>
	<Point X="219" Y="250"/>
	<Point X="220" Y="249"/>
	<Point X="222" Y="246"/>
	<Point X="223" Y="244"/>
	<Point X="226" Y="239"/>
	<Point X="227" Y="238"/>
	<Point X="227" Y="237"/>
	<Point X="227" Y="236"/>
	<Point X="228" Y="236"/>
	<Point X="228" Y="235"/>
	<Point X="228" Y="234"/>
	<Point X="229" Y="233"/>
	<Point X="229" Y="232"/>
	<Point X="229" Y="231"/>
	<Point X="229" Y="230"/>
	<Point X="230" Y="230"/>
	<Point X="230" Y="229"/>
	<Point X="230" Y="228"/>
	<Point X="230" Y="227"/>
	<Point X="230" Y="226"/>
	<Point X="230" Y="225"/>
	<Point X="230" Y="224"/>
	<Point X="230" Y="223"/>
	<Point X="230" Y="222"/>
	<Point X="230" Y="221"/>
	<Point X="230" Y="220"/>
	<Point X="229" Y="219"/>
	<Point X="229" Y="218"/>
	<Point X="228" Y="218"/>
	<Point X="228" Y="217"/>
	<Point X="227" Y="216"/>
	<Point X="226" Y="215"/>
	<Point X="226" Y="214"/>
	<Point X="225" Y="214"/>
	<Point X="225" Y="213"/>
	<Point X="224" Y="213"/>
	<Point X="224" Y="212"/>
	<Point X="223" Y="212"/>
	<Point X="223" Y="211"/>
	<Point X="222" Y="211"/>
	<Point X="222" Y="210"/>
	<Point X="221" Y="210"/>
	<Point X="221" Y="209"/>
	<Point X="220" Y="209"/>
	<Point X="219" Y="208"/>
	<Point X="218" Y="208"/>
	<Point X="218" Y="207"/>
	<Point X="217" Y="207"/>
	<Point X="217" Y="206"/>
	<Point X="216" Y="206"/>
	<Point X="216" Y="205"/>
	<Point X="215" Y="205"/>
	<Point X="215" Y="204"/>
	<Point X="214" Y="204"/>
	<Point X="213" Y="203"/>
	<Point X="212" Y="203"/>
	<Point X="212" Y="202"/>
	<Point X="211" Y="202"/>
	<Point X="211" Y="201"/>
	<Point X="210" Y="201"/>
	<Point X="210" Y="200"/>
	<Point X="209" Y="200"/>
	<Point X="209" Y="199"/>
	<Point X="208" Y="199"/>
	<Point X="207" Y="198"/>
	<Point X="206" Y="198"/>
	<Point X="206" Y="197"/>
	<Point X="205" Y="197"/>
	<Point X="205" Y="196"/>
	<Point X="204" Y="196"/>
	<Point X="203" Y="195"/>
	<Point X="202" Y="195"/>
	<Point X="202" Y="194"/>
	<Point X="201" Y="194"/>
	<Point X="200" Y="193"/>
	<Point X="199" Y="192"/>
	<Point X="198" Y="192"/>
	<Point X="198" Y="191"/>
	<Point X="197" Y="191"/>
	<Point X="196" Y="190"/>
	<Point X="195" Y="190"/>
	<Point X="195" Y="189"/>
	<Point X="194" Y="189"/>
	<Point X="193" Y="189"/>
	<Point X="193" Y="188"/>
	<Point X="192" Y="188"/>
	<Point X="191" Y="188"/>
	<Point X="191" Y="187"/>
	<Point X="190" Y="187"/>
	<Point X="189" Y="187"/>
	<Point X="189" Y="186"/>
	<Point X="188" Y="186"/>
	<Point X="187" Y="186"/>
	<Point X="187" Y="185"/>
	<Point X="186" Y="185"/>
	<Point X="185" Y="185"/>
	<Point X="184" Y="184"/>
	<Point X="183" Y="184"/>
	<Point X="182" Y="184"/>
	<Point X="181" Y="183"/>
	<Point X="180" Y="183"/>
	<Point X="179" Y="183"/>
	<Point X="179" Y="182"/>
</Gesture>
