<?xml version="1.0" ?>
<Gesture Name="circle08" Subject="01" Number="08" NumPts="281">
	<Point X="179" Y="209"/>
	<Point X="178" Y="209"/>
	<Point X="177" Y="209"/>
	<Point X="177" Y="208"/>
	<Point X="176" Y="208"/>
	<Point X="175" Y="208"/>
	<Point X="174" Y="208"/>
	<Point X="173" Y="208"/>
	<Point X="172" Y="208"/>
	<Point X="171" Y="208"/>
	<Point X="170" Y="208"/>
	<Point X="169" Y="208"/>
	<Point X="168" Y="208"/>
	<Point X="167" Y="208"/>
	<Point X="166" Y="208"/>
	<Point X="163" Y="209"/>
	<Point X="161" Y="209"/>
	<Point X="160" Y="210"/>
	<Point X="159" Y="210"/>
	<Point X="158" Y="211"/>
	<Point X="157" Y="211"/>
	<Point X="156" Y="211"/>
	<Point X="155" Y="212"/>
	<Point X="153" Y="213"/>
	<Point X="152" Y="214"/>
	<Point X="151" Y="214"/>
	<Point X="150" Y="215"/>
	<Point X="149" Y="215"/>
	<Point X="148" Y="216"/>
	<Point X="147" Y="216"/>
	<Point X="146" Y="217"/>
	<Point X="145" Y="218"/>
	<Point X="144" Y="218"/>
	<Point X="143" Y="219"/>
	<Point X="142" Y="219"/>
	<Point X="142" Y="220"/>
	<Point X="141" Y="220"/>
	<Point X="141" Y="221"/>
	<Point X="140" Y="221"/>
	<Point X="139" Y="222"/>
	<Point X="137" Y="223"/>
	<Point X="136" Y="224"/>
	<Point X="135" Y="225"/>
	<Point X="135" Y="226"/>
	<Point X="134" Y="226"/>
	<Point X="133" Y="227"/>
	<Point X="133" Y="228"/>
	<Point X="132" Y="228"/>
	<Point X="132" Y="229"/>
	<Point X="131" Y="229"/>
	<Point X="131" Y="230"/>
	<Point X="130" Y="231"/>
	<Point X="130" Y="232"/>
	<Point X="129" Y="233"/>
	<Point X="129" Y="234"/>
	<Point X="129" Y="235"/>
	<Point X="128" Y="236"/>
	<Point X="128" Y="237"/>
	<Point X="128" Y="238"/>
	<Point X="128" Y="239"/>
	<Point X="128" Y="240"/>
	<Point X="128" Y="241"/>
	<Point X="128" Y="242"/>
	<Point X="128" Y="243"/>
	<Point X="128" Y="244"/>
	<Point X="128" Y="245"/>
	<Point X="129" Y="245"/>
	<Point X="129" Y="246"/>
	<Point X="129" Y="247"/>
	<Point X="130" Y="247"/>
	<Point X="130" Y="248"/>
	<Point X="131" Y="248"/>
	<Point X="131" Y="249"/>
	<Point X="132" Y="250"/>
	<Point X="133" Y="250"/>
	<Point X="133" Y="251"/>
	<Point X="134" Y="251"/>
	<Point X="134" Y="252"/>
	<Point X="135" Y="252"/>
	<Point X="136" Y="253"/>
	<Point X="137" Y="253"/>
	<Point X="137" Y="254"/>
	<Point X="138" Y="254"/>
	<Point X="139" Y="254"/>
	<Point X="139" Y="255"/>
	<Point X="140" Y="255"/>
	<Point X="141" Y="256"/>
	<Point X="142" Y="256"/>
	<Point X="143" Y="256"/>
	<Point X="143" Y="257"/>
	<Point X="144" Y="257"/>
	<Point X="145" Y="257"/>
	<Point X="145" Y="258"/>
	<Point X="146" Y="258"/>
	<Point X="147" Y="259"/>
	<Point X="148" Y="259"/>
	<Point X="149" Y="259"/>
	<Point X="150" Y="260"/>
	<Point X="151" Y="260"/>
	<Point X="151" Y="261"/>
	<Point X="152" Y="261"/>
	<Point X="153" Y="261"/>
	<Point X="154" Y="262"/>
	<Point X="155" Y="262"/>
	<Point X="156" Y="262"/>
	<Point X="156" Y="263"/>
	<Point X="157" Y="263"/>
	<Point X="158" Y="263"/>
	<Point X="159" Y="263"/>
	<Point X="159" Y="264"/>
	<Point X="160" Y="264"/>
	<Point X="161" Y="264"/>
	<Point X="163" Y="265"/>
	<Point X="164" Y="266"/>
	<Point X="165" Y="266"/>
	<Point X="166" Y="266"/>
	<Point X="167" Y="266"/>
	<Point X="168" Y="267"/>
	<Point X="169" Y="267"/>
	<Point X="170" Y="267"/>
	<Point X="171" Y="268"/>
	<Point X="172" Y="268"/>
	<Point X="173" Y="268"/>
	<Point X="174" Y="269"/>
	<Point X="175" Y="269"/>
	<Point X="176" Y="269"/>
	<Point X="177" Y="269"/>
	<Point X="178" Y="270"/>
	<Point X="179" Y="270"/>
	<Point X="180" Y="270"/>
	<Point X="181" Y="270"/>
	<Point X="182" Y="271"/>
	<Point X="183" Y="271"/>
	<Point X="184" Y="271"/>
	<Point X="185" Y="271"/>
	<Point X="186" Y="272"/>
	<Point X="187" Y="272"/>
	<Point X="188" Y="272"/>
	<Point X="189" Y="272"/>
	<Point X="190" Y="272"/>
	<Point X="191" Y="272"/>
	<Point X="192" Y="273"/>
	<Point X="193" Y="273"/>
	<Point X="194" Y="273"/>
	<Point X="195" Y="273"/>
	<Point X="196" Y="273"/>
	<Point X="197" Y="273"/>
	<Point X="198" Y="273"/>
	<Point X="199" Y="273"/>
	<Point X="200" Y="273"/>
	<Point X="201" Y="273"/>
	<Point X="202" Y="273"/>
	<Point X="203" Y="273"/>
	<Point X="204" Y="273"/>
	<Point X="205" Y="273"/>
	<Point X="206" Y="273"/>
	<Point X="207" Y="273"/>
	<Point X="208" Y="273"/>
	<Point X="209" Y="273"/>
	<Point X="210" Y="273"/>
	<Point X="211" Y="273"/>
	<Point X="211" Y="272"/>
	<Point X="212" Y="272"/>
	<Point X="213" Y="272"/>
	<Point X="213" Y="271"/>
	<Point X="214" Y="271"/>
	<Point X="215" Y="271"/>
	<Point X="215" Y="270"/>
	<Point X="216" Y="270"/>
	<Point X="217" Y="269"/>
	<Point X="218" Y="268"/>
	<Point X="219" Y="268"/>
	<Point X="219" Y="267"/>
	<Point X="220" Y="267"/>
	<Point X="220" Y="266"/>
	<Point X="221" Y="265"/>
	<Point X="222" Y="264"/>
	<Point X="222" Y="263"/>
	<Point X="223" Y="263"/>
	<Point X="223" Y="262"/>
	<Point X="224" Y="262"/>
	<Point X="224" Y="261"/>
	<Point X="224" Y="260"/>
	<Point X="225" Y="260"/>
	<Point X="225" Y="259"/>
	<Point X="225" Y="258"/>
	<Point X="226" Y="258"/>
	<Point X="226" Y="257"/>
	<Point X="226" Y="256"/>
	<Point X="227" Y="256"/>
	<Point X="227" Y="255"/>
	<Point X="227" Y="253"/>
	<Point X="227" Y="252"/>
	<Point X="228" Y="252"/>
	<Point X="228" Y="251"/>
	<Point X="228" Y="250"/>
	<Point X="228" Y="249"/>
	<Point X="228" Y="248"/>
	<Point X="228" Y="247"/>
	<Point X="228" Y="246"/>
	<Point X="228" Y="245"/>
	<Point X="228" Y="244"/>
	<Point X="228" Y="243"/>
	<Point X="228" Y="242"/>
	<Point X="228" Y="241"/>
	<Point X="228" Y="240"/>
	<Point X="228" Y="239"/>
	<Point X="228" Y="238"/>
	<Point X="228" Y="237"/>
	<Point X="228" Y="236"/>
	<Point X="228" Y="235"/>
	<Point X="228" Y="234"/>
	<Point X="228" Y="233"/>
	<Point X="228" Y="232"/>
	<Point X="228" Y="231"/>
	<Point X="227" Y="231"/>
	<Point X="227" Y="230"/>
	<Point X="227" Y="229"/>
	<Point X="227" Y="228"/>
	<Point X="226" Y="228"/>
	<Point X="226" Y="227"/>
	<Point X="226" Y="226"/>
	<Point X="225" Y="226"/>
	<Point X="225" Y="225"/>
	<Point X="225" Y="224"/>
	<Point X="224" Y="223"/>
	<Point X="224" Y="222"/>
	<Point X="223" Y="221"/>
	<Point X="223" Y="220"/>
	<Point X="222" Y="220"/>
	<Point X="222" Y="219"/>
	<Point X="221" Y="219"/>
	<Point X="221" Y="218"/>
	<Point X="220" Y="217"/>
	<Point X="220" Y="216"/>
	<Point X="219" Y="216"/>
	<Point X="219" Y="215"/>
	<Point X="218" Y="215"/>
	<Point X="218" Y="214"/>
	<Point X="217" Y="213"/>
	<Point X="216" Y="212"/>
	<Point X="215" Y="211"/>
	<Point X="214" Y="210"/>
	<Point X="213" Y="210"/>
	<Point X="213" Y="209"/>
	<Point X="212" Y="209"/>
	<Point X="212" Y="208"/>
	<Point X="211" Y="208"/>
	<Point X="211" Y="207"/>
	<Point X="210" Y="207"/>
	<Point X="209" Y="207"/>
	<Point X="209" Y="206"/>
	<Point X="208" Y="206"/>
	<Point X="207" Y="205"/>
	<Point X="206" Y="205"/>
	<Point X="205" Y="204"/>
	<Point X="204" Y="204"/>
	<Point X="203" Y="204"/>
	<Point X="203" Y="203"/>
	<Point X="202" Y="203"/>
	<Point X="201" Y="203"/>
	<Point X="200" Y="202"/>
	<Point X="199" Y="202"/>
	<Point X="198" Y="202"/>
	<Point X="197" Y="202"/>
	<Point X="197" Y="201"/>
	<Point X="196" Y="201"/>
	<Point X="195" Y="201"/>
	<Point X="194" Y="201"/>
	<Point X="193" Y="201"/>
	<Point X="193" Y="200"/>
	<Point X="192" Y="200"/>
	<Point X="191" Y="200"/>
	<Point X="190" Y="200"/>
	<Point X="189" Y="200"/>
	<Point X="188" Y="200"/>
	<Point X="187" Y="200"/>
	<Point X="186" Y="200"/>
	<Point X="185" Y="200"/>
	<Point X="185" Y="199"/>
	<Point X="184" Y="199"/>
</Gesture>
