<?xml version="1.0" ?>
<Gesture Name="circle06" Subject="01" Number="06" NumPts="367">
	<Point X="190" Y="185"/>
	<Point X="189" Y="185"/>
	<Point X="189" Y="184"/>
	<Point X="188" Y="184"/>
	<Point X="187" Y="184"/>
	<Point X="186" Y="184"/>
	<Point X="185" Y="184"/>
	<Point X="184" Y="184"/>
	<Point X="183" Y="184"/>
	<Point X="183" Y="183"/>
	<Point X="182" Y="183"/>
	<Point X="181" Y="183"/>
	<Point X="180" Y="183"/>
	<Point X="179" Y="183"/>
	<Point X="178" Y="183"/>
	<Point X="177" Y="183"/>
	<Point X="176" Y="183"/>
	<Point X="175" Y="183"/>
	<Point X="174" Y="183"/>
	<Point X="173" Y="183"/>
	<Point X="172" Y="183"/>
	<Point X="171" Y="183"/>
	<Point X="170" Y="183"/>
	<Point X="169" Y="183"/>
	<Point X="168" Y="183"/>
	<Point X="167" Y="183"/>
	<Point X="166" Y="183"/>
	<Point X="165" Y="183"/>
	<Point X="164" Y="183"/>
	<Point X="163" Y="184"/>
	<Point X="162" Y="184"/>
	<Point X="161" Y="184"/>
	<Point X="160" Y="184"/>
	<Point X="159" Y="184"/>
	<Point X="158" Y="184"/>
	<Point X="158" Y="185"/>
	<Point X="157" Y="185"/>
	<Point X="155" Y="185"/>
	<Point X="154" Y="185"/>
	<Point X="153" Y="186"/>
	<Point X="152" Y="186"/>
	<Point X="151" Y="186"/>
	<Point X="150" Y="186"/>
	<Point X="150" Y="187"/>
	<Point X="149" Y="187"/>
	<Point X="148" Y="187"/>
	<Point X="147" Y="187"/>
	<Point X="146" Y="188"/>
	<Point X="145" Y="188"/>
	<Point X="144" Y="188"/>
	<Point X="144" Y="189"/>
	<Point X="143" Y="189"/>
	<Point X="142" Y="189"/>
	<Point X="141" Y="190"/>
	<Point X="140" Y="190"/>
	<Point X="140" Y="191"/>
	<Point X="139" Y="191"/>
	<Point X="138" Y="192"/>
	<Point X="137" Y="192"/>
	<Point X="136" Y="193"/>
	<Point X="135" Y="194"/>
	<Point X="134" Y="194"/>
	<Point X="133" Y="195"/>
	<Point X="132" Y="196"/>
	<Point X="132" Y="197"/>
	<Point X="131" Y="197"/>
	<Point X="131" Y="198"/>
	<Point X="130" Y="198"/>
	<Point X="130" Y="199"/>
	<Point X="129" Y="199"/>
	<Point X="128" Y="200"/>
	<Point X="128" Y="201"/>
	<Point X="127" Y="201"/>
	<Point X="127" Y="202"/>
	<Point X="126" Y="202"/>
	<Point X="126" Y="203"/>
	<Point X="125" Y="204"/>
	<Point X="124" Y="205"/>
	<Point X="124" Y="206"/>
	<Point X="123" Y="206"/>
	<Point X="123" Y="207"/>
	<Point X="122" Y="208"/>
	<Point X="122" Y="209"/>
	<Point X="121" Y="210"/>
	<Point X="121" Y="211"/>
	<Point X="120" Y="212"/>
	<Point X="120" Y="213"/>
	<Point X="119" Y="213"/>
	<Point X="119" Y="214"/>
	<Point X="119" Y="215"/>
	<Point X="118" Y="216"/>
	<Point X="118" Y="217"/>
	<Point X="117" Y="218"/>
	<Point X="117" Y="219"/>
	<Point X="116" Y="220"/>
	<Point X="116" Y="221"/>
	<Point X="116" Y="222"/>
	<Point X="115" Y="223"/>
	<Point X="115" Y="224"/>
	<Point X="115" Y="225"/>
	<Point X="114" Y="226"/>
	<Point X="114" Y="227"/>
	<Point X="114" Y="228"/>
	<Point X="114" Y="229"/>
	<Point X="114" Y="230"/>
	<Point X="113" Y="230"/>
	<Point X="113" Y="231"/>
	<Point X="113" Y="232"/>
	<Point X="113" Y="233"/>
	<Point X="113" Y="234"/>
	<Point X="113" Y="235"/>
	<Point X="113" Y="236"/>
	<Point X="113" Y="237"/>
	<Point X="113" Y="238"/>
	<Point X="113" Y="239"/>
	<Point X="113" Y="240"/>
	<Point X="113" Y="241"/>
	<Point X="113" Y="243"/>
	<Point X="113" Y="244"/>
	<Point X="113" Y="245"/>
	<Point X="113" Y="246"/>
	<Point X="113" Y="247"/>
	<Point X="113" Y="248"/>
	<Point X="113" Y="249"/>
	<Point X="113" Y="250"/>
	<Point X="113" Y="251"/>
	<Point X="113" Y="252"/>
	<Point X="113" Y="253"/>
	<Point X="113" Y="254"/>
	<Point X="114" Y="255"/>
	<Point X="114" Y="256"/>
	<Point X="115" Y="257"/>
	<Point X="115" Y="258"/>
	<Point X="115" Y="259"/>
	<Point X="116" Y="259"/>
	<Point X="116" Y="260"/>
	<Point X="116" Y="261"/>
	<Point X="117" Y="261"/>
	<Point X="117" Y="262"/>
	<Point X="118" Y="263"/>
	<Point X="118" Y="264"/>
	<Point X="119" Y="265"/>
	<Point X="119" Y="266"/>
	<Point X="120" Y="266"/>
	<Point X="120" Y="267"/>
	<Point X="121" Y="268"/>
	<Point X="121" Y="269"/>
	<Point X="122" Y="269"/>
	<Point X="122" Y="270"/>
	<Point X="123" Y="270"/>
	<Point X="123" Y="271"/>
	<Point X="124" Y="271"/>
	<Point X="124" Y="272"/>
	<Point X="125" Y="272"/>
	<Point X="125" Y="273"/>
	<Point X="126" Y="273"/>
	<Point X="127" Y="274"/>
	<Point X="128" Y="275"/>
	<Point X="129" Y="276"/>
	<Point X="130" Y="276"/>
	<Point X="131" Y="277"/>
	<Point X="132" Y="278"/>
	<Point X="133" Y="278"/>
	<Point X="134" Y="279"/>
	<Point X="135" Y="279"/>
	<Point X="136" Y="280"/>
	<Point X="138" Y="280"/>
	<Point X="139" Y="281"/>
	<Point X="140" Y="281"/>
	<Point X="141" Y="281"/>
	<Point X="142" Y="282"/>
	<Point X="143" Y="282"/>
	<Point X="144" Y="282"/>
	<Point X="145" Y="282"/>
	<Point X="146" Y="282"/>
	<Point X="147" Y="283"/>
	<Point X="149" Y="283"/>
	<Point X="150" Y="283"/>
	<Point X="151" Y="283"/>
	<Point X="152" Y="283"/>
	<Point X="153" Y="283"/>
	<Point X="154" Y="283"/>
	<Point X="155" Y="283"/>
	<Point X="156" Y="283"/>
	<Point X="157" Y="283"/>
	<Point X="158" Y="283"/>
	<Point X="159" Y="283"/>
	<Point X="160" Y="283"/>
	<Point X="161" Y="283"/>
	<Point X="162" Y="283"/>
	<Point X="163" Y="283"/>
	<Point X="164" Y="283"/>
	<Point X="165" Y="283"/>
	<Point X="166" Y="283"/>
	<Point X="167" Y="283"/>
	<Point X="168" Y="283"/>
	<Point X="169" Y="283"/>
	<Point X="170" Y="283"/>
	<Point X="171" Y="283"/>
	<Point X="172" Y="282"/>
	<Point X="173" Y="282"/>
	<Point X="174" Y="282"/>
	<Point X="175" Y="281"/>
	<Point X="176" Y="281"/>
	<Point X="177" Y="281"/>
	<Point X="178" Y="281"/>
	<Point X="179" Y="280"/>
	<Point X="180" Y="280"/>
	<Point X="181" Y="280"/>
	<Point X="182" Y="279"/>
	<Point X="183" Y="279"/>
	<Point X="184" Y="278"/>
	<Point X="185" Y="278"/>
	<Point X="186" Y="278"/>
	<Point X="187" Y="277"/>
	<Point X="188" Y="277"/>
	<Point X="189" Y="277"/>
	<Point X="190" Y="276"/>
	<Point X="191" Y="276"/>
	<Point X="192" Y="275"/>
	<Point X="193" Y="275"/>
	<Point X="193" Y="274"/>
	<Point X="194" Y="274"/>
	<Point X="195" Y="274"/>
	<Point X="196" Y="273"/>
	<Point X="197" Y="273"/>
	<Point X="199" Y="272"/>
	<Point X="200" Y="271"/>
	<Point X="201" Y="271"/>
	<Point X="201" Y="270"/>
	<Point X="202" Y="270"/>
	<Point X="203" Y="270"/>
	<Point X="203" Y="269"/>
	<Point X="204" Y="269"/>
	<Point X="205" Y="268"/>
	<Point X="206" Y="268"/>
	<Point X="207" Y="267"/>
	<Point X="208" Y="266"/>
	<Point X="209" Y="266"/>
	<Point X="210" Y="265"/>
	<Point X="211" Y="265"/>
	<Point X="211" Y="264"/>
	<Point X="212" Y="264"/>
	<Point X="213" Y="263"/>
	<Point X="214" Y="263"/>
	<Point X="214" Y="262"/>
	<Point X="215" Y="262"/>
	<Point X="215" Y="261"/>
	<Point X="216" Y="261"/>
	<Point X="217" Y="260"/>
	<Point X="218" Y="259"/>
	<Point X="219" Y="258"/>
	<Point X="220" Y="257"/>
	<Point X="221" Y="257"/>
	<Point X="221" Y="256"/>
	<Point X="222" Y="255"/>
	<Point X="222" Y="254"/>
	<Point X="223" Y="253"/>
	<Point X="224" Y="253"/>
	<Point X="224" Y="252"/>
	<Point X="224" Y="251"/>
	<Point X="225" Y="251"/>
	<Point X="225" Y="250"/>
	<Point X="226" Y="249"/>
	<Point X="226" Y="248"/>
	<Point X="227" Y="247"/>
	<Point X="227" Y="246"/>
	<Point X="227" Y="245"/>
	<Point X="228" Y="244"/>
	<Point X="228" Y="243"/>
	<Point X="228" Y="242"/>
	<Point X="228" Y="241"/>
	<Point X="229" Y="240"/>
	<Point X="229" Y="239"/>
	<Point X="229" Y="238"/>
	<Point X="229" Y="237"/>
	<Point X="229" Y="236"/>
	<Point X="229" Y="235"/>
	<Point X="229" Y="234"/>
	<Point X="229" Y="232"/>
	<Point X="229" Y="231"/>
	<Point X="229" Y="230"/>
	<Point X="229" Y="229"/>
	<Point X="229" Y="228"/>
	<Point X="229" Y="227"/>
	<Point X="229" Y="226"/>
	<Point X="229" Y="225"/>
	<Point X="229" Y="224"/>
	<Point X="228" Y="224"/>
	<Point X="228" Y="223"/>
	<Point X="228" Y="222"/>
	<Point X="227" Y="221"/>
	<Point X="227" Y="220"/>
	<Point X="226" Y="219"/>
	<Point X="226" Y="218"/>
	<Point X="225" Y="218"/>
	<Point X="225" Y="217"/>
	<Point X="224" Y="216"/>
	<Point X="224" Y="215"/>
	<Point X="223" Y="215"/>
	<Point X="223" Y="214"/>
	<Point X="222" Y="213"/>
	<Point X="221" Y="212"/>
	<Point X="220" Y="211"/>
	<Point X="219" Y="210"/>
	<Point X="218" Y="209"/>
	<Point X="217" Y="209"/>
	<Point X="217" Y="208"/>
	<Point X="216" Y="208"/>
	<Point X="216" Y="207"/>
	<Point X="215" Y="207"/>
	<Point X="214" Y="206"/>
	<Point X="213" Y="206"/>
	<Point X="213" Y="205"/>
	<Point X="212" Y="205"/>
	<Point X="211" Y="204"/>
	<Point X="210" Y="204"/>
	<Point X="210" Y="203"/>
	<Point X="209" Y="203"/>
	<Point X="208" Y="202"/>
	<Point X="207" Y="202"/>
	<Point X="207" Y="201"/>
	<Point X="206" Y="201"/>
	<Point X="205" Y="201"/>
	<Point X="205" Y="200"/>
	<Point X="204" Y="200"/>
	<Point X="203" Y="200"/>
	<Point X="203" Y="199"/>
	<Point X="202" Y="199"/>
	<Point X="201" Y="199"/>
	<Point X="201" Y="198"/>
	<Point X="200" Y="198"/>
	<Point X="199" Y="198"/>
	<Point X="199" Y="197"/>
	<Point X="198" Y="197"/>
	<Point X="197" Y="197"/>
	<Point X="196" Y="196"/>
	<Point X="195" Y="196"/>
	<Point X="194" Y="195"/>
	<Point X="193" Y="195"/>
	<Point X="192" Y="195"/>
	<Point X="192" Y="194"/>
	<Point X="191" Y="194"/>
	<Point X="190" Y="193"/>
	<Point X="189" Y="193"/>
	<Point X="188" Y="192"/>
	<Point X="187" Y="192"/>
	<Point X="186" Y="191"/>
	<Point X="185" Y="191"/>
	<Point X="184" Y="191"/>
	<Point X="184" Y="190"/>
	<Point X="183" Y="190"/>
	<Point X="182" Y="190"/>
	<Point X="181" Y="189"/>
	<Point X="180" Y="189"/>
	<Point X="180" Y="188"/>
	<Point X="179" Y="188"/>
	<Point X="178" Y="187"/>
	<Point X="177" Y="187"/>
	<Point X="177" Y="186"/>
	<Point X="176" Y="186"/>
	<Point X="175" Y="186"/>
	<Point X="175" Y="185"/>
	<Point X="174" Y="185"/>
	<Point X="173" Y="185"/>
	<Point X="173" Y="184"/>
	<Point X="172" Y="184"/>
</Gesture>
