<?xml version="1.0" ?>
<Gesture Name="delete_mark02" Subject="01" Number="02" NumPts="359">
	<Point X="163" Y="175"/>
	<Point X="164" Y="175"/>
	<Point X="164" Y="176"/>
	<Point X="165" Y="176"/>
	<Point X="166" Y="177"/>
	<Point X="167" Y="177"/>
	<Point X="167" Y="178"/>
	<Point X="168" Y="178"/>
	<Point X="168" Y="179"/>
	<Point X="169" Y="179"/>
	<Point X="169" Y="180"/>
	<Point X="170" Y="180"/>
	<Point X="170" Y="181"/>
	<Point X="171" Y="182"/>
	<Point X="172" Y="182"/>
	<Point X="172" Y="183"/>
	<Point X="172" Y="184"/>
	<Point X="173" Y="184"/>
	<Point X="173" Y="185"/>
	<Point X="174" Y="185"/>
	<Point X="174" Y="186"/>
	<Point X="175" Y="186"/>
	<Point X="175" Y="187"/>
	<Point X="176" Y="187"/>
	<Point X="176" Y="188"/>
	<Point X="177" Y="188"/>
	<Point X="177" Y="189"/>
	<Point X="178" Y="190"/>
	<Point X="179" Y="191"/>
	<Point X="179" Y="192"/>
	<Point X="180" Y="192"/>
	<Point X="180" Y="193"/>
	<Point X="181" Y="194"/>
	<Point X="181" Y="195"/>
	<Point X="182" Y="195"/>
	<Point X="182" Y="196"/>
	<Point X="183" Y="196"/>
	<Point X="183" Y="197"/>
	<Point X="184" Y="197"/>
	<Point X="184" Y="198"/>
	<Point X="185" Y="199"/>
	<Point X="186" Y="201"/>
	<Point X="187" Y="202"/>
	<Point X="188" Y="203"/>
	<Point X="188" Y="204"/>
	<Point X="189" Y="204"/>
	<Point X="189" Y="205"/>
	<Point X="190" Y="206"/>
	<Point X="191" Y="207"/>
	<Point X="191" Y="208"/>
	<Point X="192" Y="208"/>
	<Point X="192" Y="209"/>
	<Point X="193" Y="210"/>
	<Point X="193" Y="211"/>
	<Point X="194" Y="211"/>
	<Point X="194" Y="212"/>
	<Point X="195" Y="213"/>
	<Point X="196" Y="214"/>
	<Point X="196" Y="215"/>
	<Point X="197" Y="216"/>
	<Point X="198" Y="217"/>
	<Point X="198" Y="218"/>
	<Point X="199" Y="219"/>
	<Point X="199" Y="220"/>
	<Point X="200" Y="220"/>
	<Point X="200" Y="221"/>
	<Point X="201" Y="222"/>
	<Point X="201" Y="223"/>
	<Point X="202" Y="224"/>
	<Point X="202" Y="225"/>
	<Point X="203" Y="225"/>
	<Point X="203" Y="226"/>
	<Point X="204" Y="228"/>
	<Point X="204" Y="229"/>
	<Point X="206" Y="230"/>
	<Point X="206" Y="231"/>
	<Point X="206" Y="232"/>
	<Point X="207" Y="233"/>
	<Point X="207" Y="234"/>
	<Point X="208" Y="234"/>
	<Point X="208" Y="235"/>
	<Point X="209" Y="236"/>
	<Point X="209" Y="237"/>
	<Point X="210" Y="237"/>
	<Point X="210" Y="238"/>
	<Point X="211" Y="239"/>
	<Point X="211" Y="240"/>
	<Point X="212" Y="240"/>
	<Point X="212" Y="241"/>
	<Point X="213" Y="242"/>
	<Point X="214" Y="243"/>
	<Point X="214" Y="244"/>
	<Point X="215" Y="245"/>
	<Point X="216" Y="246"/>
	<Point X="216" Y="247"/>
	<Point X="217" Y="247"/>
	<Point X="217" Y="248"/>
	<Point X="218" Y="248"/>
	<Point X="218" Y="249"/>
	<Point X="219" Y="250"/>
	<Point X="220" Y="251"/>
	<Point X="220" Y="252"/>
	<Point X="221" Y="252"/>
	<Point X="221" Y="253"/>
	<Point X="222" Y="254"/>
	<Point X="223" Y="255"/>
	<Point X="224" Y="256"/>
	<Point X="225" Y="257"/>
	<Point X="226" Y="258"/>
	<Point X="226" Y="259"/>
	<Point X="227" Y="259"/>
	<Point X="227" Y="260"/>
	<Point X="228" Y="260"/>
	<Point X="228" Y="261"/>
	<Point X="229" Y="261"/>
	<Point X="229" Y="262"/>
	<Point X="230" Y="262"/>
	<Point X="230" Y="263"/>
	<Point X="231" Y="263"/>
	<Point X="231" Y="264"/>
	<Point X="232" Y="264"/>
	<Point X="232" Y="265"/>
	<Point X="233" Y="265"/>
	<Point X="233" Y="266"/>
	<Point X="234" Y="266"/>
	<Point X="234" Y="267"/>
	<Point X="234" Y="268"/>
	<Point X="233" Y="268"/>
	<Point X="233" Y="269"/>
	<Point X="232" Y="269"/>
	<Point X="231" Y="269"/>
	<Point X="231" Y="270"/>
	<Point X="230" Y="270"/>
	<Point X="229" Y="270"/>
	<Point X="229" Y="271"/>
	<Point X="228" Y="271"/>
	<Point X="227" Y="271"/>
	<Point X="227" Y="272"/>
	<Point X="226" Y="272"/>
	<Point X="225" Y="272"/>
	<Point X="225" Y="273"/>
	<Point X="224" Y="273"/>
	<Point X="223" Y="273"/>
	<Point X="222" Y="274"/>
	<Point X="221" Y="274"/>
	<Point X="220" Y="274"/>
	<Point X="219" Y="274"/>
	<Point X="219" Y="275"/>
	<Point X="218" Y="275"/>
	<Point X="217" Y="275"/>
	<Point X="216" Y="275"/>
	<Point X="215" Y="276"/>
	<Point X="214" Y="276"/>
	<Point X="213" Y="276"/>
	<Point X="212" Y="276"/>
	<Point X="211" Y="277"/>
	<Point X="210" Y="277"/>
	<Point X="209" Y="277"/>
	<Point X="208" Y="277"/>
	<Point X="207" Y="277"/>
	<Point X="206" Y="277"/>
	<Point X="205" Y="278"/>
	<Point X="204" Y="278"/>
	<Point X="203" Y="278"/>
	<Point X="202" Y="278"/>
	<Point X="201" Y="278"/>
	<Point X="200" Y="278"/>
	<Point X="199" Y="278"/>
	<Point X="198" Y="279"/>
	<Point X="197" Y="279"/>
	<Point X="196" Y="279"/>
	<Point X="195" Y="279"/>
	<Point X="194" Y="279"/>
	<Point X="193" Y="279"/>
	<Point X="192" Y="279"/>
	<Point X="191" Y="279"/>
	<Point X="190" Y="279"/>
	<Point X="189" Y="279"/>
	<Point X="188" Y="280"/>
	<Point X="187" Y="280"/>
	<Point X="186" Y="280"/>
	<Point X="185" Y="280"/>
	<Point X="184" Y="280"/>
	<Point X="183" Y="280"/>
	<Point X="182" Y="280"/>
	<Point X="180" Y="280"/>
	<Point X="179" Y="280"/>
	<Point X="178" Y="280"/>
	<Point X="177" Y="280"/>
	<Point X="176" Y="280"/>
	<Point X="175" Y="280"/>
	<Point X="174" Y="280"/>
	<Point X="173" Y="280"/>
	<Point X="172" Y="280"/>
	<Point X="171" Y="280"/>
	<Point X="170" Y="280"/>
	<Point X="169" Y="280"/>
	<Point X="168" Y="280"/>
	<Point X="167" Y="280"/>
	<Point X="166" Y="280"/>
	<Point X="166" Y="279"/>
	<Point X="165" Y="279"/>
	<Point X="164" Y="279"/>
	<Point X="163" Y="279"/>
	<Point X="163" Y="278"/>
	<Point X="162" Y="278"/>
	<Point X="161" Y="278"/>
	<Point X="160" Y="278"/>
	<Point X="160" Y="277"/>
	<Point X="159" Y="277"/>
	<Point X="158" Y="277"/>
	<Point X="157" Y="277"/>
	<Point X="157" Y="276"/>
	<Point X="156" Y="276"/>
	<Point X="155" Y="276"/>
	<Point X="154" Y="276"/>
	<Point X="153" Y="275"/>
	<Point X="152" Y="275"/>
	<Point X="151" Y="275"/>
	<Point X="150" Y="275"/>
	<Point X="150" Y="274"/>
	<Point X="149" Y="274"/>
	<Point X="148" Y="274"/>
	<Point X="147" Y="274"/>
	<Point X="146" Y="274"/>
	<Point X="145" Y="274"/>
	<Point X="145" Y="273"/>
	<Point X="144" Y="273"/>
	<Point X="144" Y="272"/>
	<Point X="143" Y="272"/>
	<Point X="143" Y="271"/>
	<Point X="143" Y="270"/>
	<Point X="143" Y="269"/>
	<Point X="144" Y="269"/>
	<Point X="144" Y="268"/>
	<Point X="145" Y="267"/>
	<Point X="145" Y="266"/>
	<Point X="146" Y="266"/>
	<Point X="146" Y="265"/>
	<Point X="147" Y="265"/>
	<Point X="147" Y="264"/>
	<Point X="148" Y="264"/>
	<Point X="148" Y="263"/>
	<Point X="149" Y="262"/>
	<Point X="150" Y="261"/>
	<Point X="151" Y="260"/>
	<Point X="152" Y="259"/>
	<Point X="153" Y="258"/>
	<Point X="154" Y="257"/>
	<Point X="155" Y="257"/>
	<Point X="155" Y="256"/>
	<Point X="156" Y="256"/>
	<Point X="156" Y="255"/>
	<Point X="157" Y="255"/>
	<Point X="158" Y="254"/>
	<Point X="159" Y="253"/>
	<Point X="160" Y="252"/>
	<Point X="161" Y="251"/>
	<Point X="162" Y="250"/>
	<Point X="163" Y="250"/>
	<Point X="163" Y="249"/>
	<Point X="164" Y="248"/>
	<Point X="165" Y="248"/>
	<Point X="165" Y="247"/>
	<Point X="166" Y="247"/>
	<Point X="167" Y="246"/>
	<Point X="168" Y="245"/>
	<Point X="169" Y="244"/>
	<Point X="170" Y="243"/>
	<Point X="172" Y="241"/>
	<Point X="173" Y="240"/>
	<Point X="175" Y="238"/>
	<Point X="176" Y="237"/>
	<Point X="177" Y="237"/>
	<Point X="178" Y="235"/>
	<Point X="179" Y="235"/>
	<Point X="180" Y="233"/>
	<Point X="181" Y="232"/>
	<Point X="182" Y="231"/>
	<Point X="183" Y="230"/>
	<Point X="184" Y="229"/>
	<Point X="185" Y="228"/>
	<Point X="185" Y="227"/>
	<Point X="186" Y="227"/>
	<Point X="186" Y="226"/>
	<Point X="187" Y="225"/>
	<Point X="188" Y="225"/>
	<Point X="188" Y="224"/>
	<Point X="189" Y="224"/>
	<Point X="189" Y="223"/>
	<Point X="190" Y="222"/>
	<Point X="190" Y="221"/>
	<Point X="191" Y="221"/>
	<Point X="191" Y="220"/>
	<Point X="192" Y="219"/>
	<Point X="194" Y="216"/>
	<Point X="195" Y="215"/>
	<Point X="196" Y="214"/>
	<Point X="196" Y="213"/>
	<Point X="197" Y="213"/>
	<Point X="197" Y="212"/>
	<Point X="198" Y="212"/>
	<Point X="198" Y="211"/>
	<Point X="199" Y="210"/>
	<Point X="200" Y="209"/>
	<Point X="201" Y="208"/>
	<Point X="201" Y="207"/>
	<Point X="202" Y="207"/>
	<Point X="202" Y="206"/>
	<Point X="203" Y="206"/>
	<Point X="203" Y="205"/>
	<Point X="204" Y="204"/>
	<Point X="205" Y="203"/>
	<Point X="206" Y="203"/>
	<Point X="206" Y="202"/>
	<Point X="207" Y="201"/>
	<Point X="208" Y="200"/>
	<Point X="209" Y="200"/>
	<Point X="209" Y="199"/>
	<Point X="210" Y="199"/>
	<Point X="210" Y="198"/>
	<Point X="211" Y="197"/>
	<Point X="212" Y="197"/>
	<Point X="212" Y="196"/>
	<Point X="213" Y="196"/>
	<Point X="214" Y="195"/>
	<Point X="214" Y="194"/>
	<Point X="215" Y="194"/>
	<Point X="216" Y="193"/>
	<Point X="217" Y="193"/>
	<Point X="217" Y="192"/>
	<Point X="218" Y="192"/>
	<Point X="219" Y="191"/>
	<Point X="220" Y="191"/>
	<Point X="220" Y="190"/>
	<Point X="221" Y="190"/>
	<Point X="222" Y="189"/>
	<Point X="223" Y="189"/>
	<Point X="223" Y="188"/>
	<Point X="224" Y="188"/>
	<Point X="224" Y="187"/>
	<Point X="225" Y="187"/>
	<Point X="226" Y="186"/>
	<Point X="227" Y="186"/>
	<Point X="227" Y="185"/>
	<Point X="228" Y="185"/>
	<Point X="228" Y="184"/>
	<Point X="229" Y="184"/>
	<Point X="230" Y="183"/>
	<Point X="231" Y="182"/>
	<Point X="232" Y="182"/>
	<Point X="232" Y="181"/>
	<Point X="233" Y="181"/>
	<Point X="233" Y="180"/>
	<Point X="234" Y="180"/>
	<Point X="234" Y="179"/>
	<Point X="234" Y="178"/>
	<Point X="235" Y="178"/>
	<Point X="235" Y="177"/>
</Gesture>
