<?xml version="1.0" ?>
<Gesture Name="delete_mark08" Subject="01" Number="08" NumPts="380">
	<Point X="126" Y="179"/>
	<Point X="126" Y="180"/>
	<Point X="127" Y="180"/>
	<Point X="127" Y="181"/>
	<Point X="128" Y="181"/>
	<Point X="128" Y="182"/>
	<Point X="129" Y="182"/>
	<Point X="129" Y="183"/>
	<Point X="130" Y="183"/>
	<Point X="130" Y="184"/>
	<Point X="131" Y="184"/>
	<Point X="131" Y="185"/>
	<Point X="132" Y="185"/>
	<Point X="132" Y="186"/>
	<Point X="133" Y="187"/>
	<Point X="133" Y="188"/>
	<Point X="134" Y="188"/>
	<Point X="134" Y="189"/>
	<Point X="135" Y="189"/>
	<Point X="135" Y="190"/>
	<Point X="136" Y="190"/>
	<Point X="136" Y="191"/>
	<Point X="137" Y="192"/>
	<Point X="138" Y="192"/>
	<Point X="138" Y="193"/>
	<Point X="139" Y="194"/>
	<Point X="140" Y="195"/>
	<Point X="141" Y="196"/>
	<Point X="141" Y="197"/>
	<Point X="142" Y="197"/>
	<Point X="142" Y="198"/>
	<Point X="143" Y="198"/>
	<Point X="143" Y="199"/>
	<Point X="144" Y="199"/>
	<Point X="144" Y="200"/>
	<Point X="145" Y="201"/>
	<Point X="145" Y="202"/>
	<Point X="146" Y="202"/>
	<Point X="146" Y="203"/>
	<Point X="147" Y="203"/>
	<Point X="147" Y="204"/>
	<Point X="148" Y="205"/>
	<Point X="149" Y="206"/>
	<Point X="149" Y="207"/>
	<Point X="150" Y="207"/>
	<Point X="150" Y="208"/>
	<Point X="151" Y="208"/>
	<Point X="151" Y="209"/>
	<Point X="152" Y="210"/>
	<Point X="152" Y="211"/>
	<Point X="153" Y="211"/>
	<Point X="153" Y="212"/>
	<Point X="154" Y="213"/>
	<Point X="154" Y="214"/>
	<Point X="155" Y="215"/>
	<Point X="156" Y="216"/>
	<Point X="156" Y="217"/>
	<Point X="157" Y="217"/>
	<Point X="157" Y="218"/>
	<Point X="158" Y="219"/>
	<Point X="159" Y="220"/>
	<Point X="159" Y="221"/>
	<Point X="160" Y="221"/>
	<Point X="160" Y="222"/>
	<Point X="161" Y="223"/>
	<Point X="162" Y="224"/>
	<Point X="162" Y="225"/>
	<Point X="163" Y="226"/>
	<Point X="164" Y="226"/>
	<Point X="166" Y="228"/>
	<Point X="166" Y="229"/>
	<Point X="167" Y="230"/>
	<Point X="168" Y="231"/>
	<Point X="169" Y="232"/>
	<Point X="170" Y="233"/>
	<Point X="171" Y="234"/>
	<Point X="171" Y="235"/>
	<Point X="172" Y="235"/>
	<Point X="172" Y="236"/>
	<Point X="173" Y="237"/>
	<Point X="174" Y="237"/>
	<Point X="174" Y="238"/>
	<Point X="175" Y="238"/>
	<Point X="175" Y="239"/>
	<Point X="176" Y="240"/>
	<Point X="177" Y="240"/>
	<Point X="177" Y="241"/>
	<Point X="178" Y="241"/>
	<Point X="178" Y="242"/>
	<Point X="179" Y="242"/>
	<Point X="179" Y="243"/>
	<Point X="180" Y="244"/>
	<Point X="181" Y="244"/>
	<Point X="181" Y="245"/>
	<Point X="182" Y="245"/>
	<Point X="182" Y="246"/>
	<Point X="183" Y="246"/>
	<Point X="184" Y="247"/>
	<Point X="184" Y="248"/>
	<Point X="185" Y="248"/>
	<Point X="186" Y="249"/>
	<Point X="187" Y="250"/>
	<Point X="188" Y="250"/>
	<Point X="189" Y="251"/>
	<Point X="189" Y="252"/>
	<Point X="190" Y="252"/>
	<Point X="190" Y="253"/>
	<Point X="191" Y="253"/>
	<Point X="191" Y="254"/>
	<Point X="192" Y="254"/>
	<Point X="192" Y="255"/>
	<Point X="193" Y="255"/>
	<Point X="193" Y="256"/>
	<Point X="194" Y="256"/>
	<Point X="195" Y="257"/>
	<Point X="195" Y="258"/>
	<Point X="196" Y="258"/>
	<Point X="196" Y="259"/>
	<Point X="197" Y="259"/>
	<Point X="197" Y="260"/>
	<Point X="198" Y="260"/>
	<Point X="198" Y="261"/>
	<Point X="199" Y="261"/>
	<Point X="199" Y="262"/>
	<Point X="200" Y="262"/>
	<Point X="200" Y="263"/>
	<Point X="201" Y="263"/>
	<Point X="201" Y="264"/>
	<Point X="202" Y="264"/>
	<Point X="202" Y="265"/>
	<Point X="203" Y="265"/>
	<Point X="203" Y="266"/>
	<Point X="204" Y="266"/>
	<Point X="204" Y="267"/>
	<Point X="205" Y="268"/>
	<Point X="205" Y="269"/>
	<Point X="206" Y="269"/>
	<Point X="206" Y="270"/>
	<Point X="205" Y="270"/>
	<Point X="204" Y="271"/>
	<Point X="203" Y="271"/>
	<Point X="202" Y="271"/>
	<Point X="201" Y="271"/>
	<Point X="200" Y="271"/>
	<Point X="199" Y="271"/>
	<Point X="198" Y="271"/>
	<Point X="197" Y="271"/>
	<Point X="196" Y="271"/>
	<Point X="195" Y="271"/>
	<Point X="194" Y="271"/>
	<Point X="193" Y="271"/>
	<Point X="192" Y="271"/>
	<Point X="191" Y="271"/>
	<Point X="190" Y="271"/>
	<Point X="189" Y="271"/>
	<Point X="188" Y="271"/>
	<Point X="187" Y="271"/>
	<Point X="186" Y="271"/>
	<Point X="185" Y="271"/>
	<Point X="184" Y="271"/>
	<Point X="183" Y="271"/>
	<Point X="182" Y="271"/>
	<Point X="181" Y="271"/>
	<Point X="180" Y="271"/>
	<Point X="179" Y="271"/>
	<Point X="178" Y="271"/>
	<Point X="177" Y="271"/>
	<Point X="176" Y="271"/>
	<Point X="175" Y="271"/>
	<Point X="174" Y="271"/>
	<Point X="173" Y="271"/>
	<Point X="172" Y="271"/>
	<Point X="171" Y="271"/>
	<Point X="170" Y="271"/>
	<Point X="169" Y="271"/>
	<Point X="168" Y="271"/>
	<Point X="167" Y="271"/>
	<Point X="166" Y="271"/>
	<Point X="165" Y="271"/>
	<Point X="164" Y="271"/>
	<Point X="163" Y="271"/>
	<Point X="162" Y="271"/>
	<Point X="161" Y="271"/>
	<Point X="160" Y="271"/>
	<Point X="159" Y="271"/>
	<Point X="158" Y="271"/>
	<Point X="156" Y="271"/>
	<Point X="155" Y="271"/>
	<Point X="154" Y="271"/>
	<Point X="153" Y="271"/>
	<Point X="152" Y="271"/>
	<Point X="150" Y="271"/>
	<Point X="149" Y="271"/>
	<Point X="148" Y="271"/>
	<Point X="147" Y="271"/>
	<Point X="146" Y="271"/>
	<Point X="145" Y="271"/>
	<Point X="143" Y="271"/>
	<Point X="142" Y="271"/>
	<Point X="139" Y="271"/>
	<Point X="137" Y="271"/>
	<Point X="136" Y="271"/>
	<Point X="135" Y="271"/>
	<Point X="134" Y="271"/>
	<Point X="133" Y="271"/>
	<Point X="131" Y="271"/>
	<Point X="130" Y="271"/>
	<Point X="129" Y="271"/>
	<Point X="128" Y="271"/>
	<Point X="127" Y="271"/>
	<Point X="126" Y="271"/>
	<Point X="125" Y="271"/>
	<Point X="124" Y="271"/>
	<Point X="123" Y="271"/>
	<Point X="122" Y="270"/>
	<Point X="120" Y="270"/>
	<Point X="119" Y="270"/>
	<Point X="118" Y="270"/>
	<Point X="117" Y="270"/>
	<Point X="116" Y="270"/>
	<Point X="115" Y="270"/>
	<Point X="114" Y="270"/>
	<Point X="113" Y="270"/>
	<Point X="112" Y="270"/>
	<Point X="111" Y="270"/>
	<Point X="110" Y="270"/>
	<Point X="109" Y="270"/>
	<Point X="108" Y="270"/>
	<Point X="107" Y="270"/>
	<Point X="106" Y="270"/>
	<Point X="105" Y="270"/>
	<Point X="104" Y="269"/>
	<Point X="103" Y="269"/>
	<Point X="102" Y="269"/>
	<Point X="101" Y="269"/>
	<Point X="100" Y="269"/>
	<Point X="99" Y="269"/>
	<Point X="98" Y="269"/>
	<Point X="97" Y="269"/>
	<Point X="96" Y="269"/>
	<Point X="95" Y="268"/>
	<Point X="94" Y="268"/>
	<Point X="93" Y="268"/>
	<Point X="92" Y="268"/>
	<Point X="91" Y="268"/>
	<Point X="90" Y="268"/>
	<Point X="89" Y="268"/>
	<Point X="89" Y="267"/>
	<Point X="90" Y="267"/>
	<Point X="91" Y="266"/>
	<Point X="92" Y="266"/>
	<Point X="92" Y="265"/>
	<Point X="93" Y="265"/>
	<Point X="94" Y="264"/>
	<Point X="95" Y="264"/>
	<Point X="95" Y="263"/>
	<Point X="96" Y="263"/>
	<Point X="96" Y="262"/>
	<Point X="97" Y="262"/>
	<Point X="98" Y="261"/>
	<Point X="99" Y="261"/>
	<Point X="99" Y="260"/>
	<Point X="100" Y="259"/>
	<Point X="101" Y="259"/>
	<Point X="101" Y="258"/>
	<Point X="102" Y="258"/>
	<Point X="102" Y="257"/>
	<Point X="103" Y="256"/>
	<Point X="104" Y="256"/>
	<Point X="105" Y="255"/>
	<Point X="106" Y="254"/>
	<Point X="107" Y="253"/>
	<Point X="108" Y="252"/>
	<Point X="109" Y="251"/>
	<Point X="110" Y="251"/>
	<Point X="111" Y="250"/>
	<Point X="111" Y="249"/>
	<Point X="113" Y="248"/>
	<Point X="115" Y="247"/>
	<Point X="115" Y="246"/>
	<Point X="117" Y="244"/>
	<Point X="118" Y="244"/>
	<Point X="119" Y="243"/>
	<Point X="120" Y="242"/>
	<Point X="121" Y="242"/>
	<Point X="122" Y="241"/>
	<Point X="122" Y="240"/>
	<Point X="123" Y="239"/>
	<Point X="124" Y="239"/>
	<Point X="125" Y="238"/>
	<Point X="126" Y="237"/>
	<Point X="127" Y="236"/>
	<Point X="128" Y="235"/>
	<Point X="129" Y="235"/>
	<Point X="130" Y="234"/>
	<Point X="131" Y="233"/>
	<Point X="132" Y="232"/>
	<Point X="133" Y="232"/>
	<Point X="134" Y="231"/>
	<Point X="135" Y="230"/>
	<Point X="136" Y="229"/>
	<Point X="137" Y="228"/>
	<Point X="138" Y="228"/>
	<Point X="139" Y="227"/>
	<Point X="140" Y="226"/>
	<Point X="141" Y="226"/>
	<Point X="142" Y="225"/>
	<Point X="143" Y="224"/>
	<Point X="144" Y="223"/>
	<Point X="145" Y="223"/>
	<Point X="146" Y="222"/>
	<Point X="147" Y="221"/>
	<Point X="148" Y="220"/>
	<Point X="149" Y="220"/>
	<Point X="152" Y="217"/>
	<Point X="155" Y="215"/>
	<Point X="156" Y="215"/>
	<Point X="156" Y="214"/>
	<Point X="157" Y="214"/>
	<Point X="158" Y="213"/>
	<Point X="160" Y="212"/>
	<Point X="161" Y="211"/>
	<Point X="162" Y="210"/>
	<Point X="163" Y="210"/>
	<Point X="164" Y="209"/>
	<Point X="165" Y="209"/>
	<Point X="166" Y="208"/>
	<Point X="167" Y="208"/>
	<Point X="167" Y="207"/>
	<Point X="168" Y="206"/>
	<Point X="169" Y="206"/>
	<Point X="170" Y="205"/>
	<Point X="171" Y="205"/>
	<Point X="172" Y="204"/>
	<Point X="173" Y="203"/>
	<Point X="174" Y="203"/>
	<Point X="175" Y="202"/>
	<Point X="176" Y="202"/>
	<Point X="177" Y="201"/>
	<Point X="178" Y="201"/>
	<Point X="178" Y="200"/>
	<Point X="179" Y="200"/>
	<Point X="180" Y="199"/>
	<Point X="181" Y="198"/>
	<Point X="182" Y="197"/>
	<Point X="183" Y="197"/>
	<Point X="184" Y="196"/>
	<Point X="185" Y="195"/>
	<Point X="186" Y="194"/>
	<Point X="187" Y="194"/>
	<Point X="187" Y="193"/>
	<Point X="188" Y="193"/>
	<Point X="188" Y="192"/>
	<Point X="189" Y="192"/>
	<Point X="190" Y="191"/>
	<Point X="190" Y="190"/>
	<Point X="191" Y="190"/>
	<Point X="191" Y="189"/>
	<Point X="192" Y="189"/>
	<Point X="192" Y="188"/>
	<Point X="193" Y="188"/>
	<Point X="193" Y="187"/>
	<Point X="194" Y="187"/>
	<Point X="194" Y="186"/>
	<Point X="195" Y="185"/>
	<Point X="195" Y="184"/>
	<Point X="196" Y="184"/>
	<Point X="196" Y="183"/>
	<Point X="197" Y="182"/>
	<Point X="197" Y="181"/>
	<Point X="198" Y="180"/>
	<Point X="198" Y="179"/>
	<Point X="198" Y="178"/>
	<Point X="199" Y="178"/>
	<Point X="199" Y="177"/>
	<Point X="199" Y="176"/>
	<Point X="199" Y="175"/>
	<Point X="200" Y="175"/>
	<Point X="200" Y="174"/>
	<Point X="200" Y="173"/>
</Gesture>
