<?xml version="1.0" ?>
<Gesture Name="delete_mark05" Subject="01" Number="05" NumPts="300">
	<Point X="129" Y="190"/>
	<Point X="130" Y="190"/>
	<Point X="131" Y="190"/>
	<Point X="131" Y="191"/>
	<Point X="132" Y="191"/>
	<Point X="133" Y="192"/>
	<Point X="134" Y="192"/>
	<Point X="134" Y="193"/>
	<Point X="135" Y="193"/>
	<Point X="135" Y="194"/>
	<Point X="136" Y="194"/>
	<Point X="137" Y="195"/>
	<Point X="138" Y="196"/>
	<Point X="139" Y="197"/>
	<Point X="140" Y="198"/>
	<Point X="141" Y="199"/>
	<Point X="142" Y="200"/>
	<Point X="142" Y="201"/>
	<Point X="143" Y="201"/>
	<Point X="143" Y="202"/>
	<Point X="144" Y="202"/>
	<Point X="145" Y="203"/>
	<Point X="145" Y="204"/>
	<Point X="146" Y="204"/>
	<Point X="146" Y="205"/>
	<Point X="147" Y="205"/>
	<Point X="147" Y="206"/>
	<Point X="147" Y="207"/>
	<Point X="148" Y="207"/>
	<Point X="148" Y="208"/>
	<Point X="149" Y="209"/>
	<Point X="150" Y="210"/>
	<Point X="150" Y="211"/>
	<Point X="151" Y="211"/>
	<Point X="151" Y="212"/>
	<Point X="152" Y="212"/>
	<Point X="152" Y="213"/>
	<Point X="153" Y="214"/>
	<Point X="153" Y="215"/>
	<Point X="154" Y="215"/>
	<Point X="154" Y="216"/>
	<Point X="155" Y="217"/>
	<Point X="156" Y="218"/>
	<Point X="156" Y="219"/>
	<Point X="157" Y="220"/>
	<Point X="158" Y="221"/>
	<Point X="158" Y="222"/>
	<Point X="159" Y="222"/>
	<Point X="159" Y="223"/>
	<Point X="160" Y="224"/>
	<Point X="161" Y="225"/>
	<Point X="161" Y="226"/>
	<Point X="161" Y="227"/>
	<Point X="162" Y="227"/>
	<Point X="162" Y="228"/>
	<Point X="163" Y="228"/>
	<Point X="163" Y="229"/>
	<Point X="164" Y="230"/>
	<Point X="164" Y="231"/>
	<Point X="165" Y="232"/>
	<Point X="166" Y="233"/>
	<Point X="166" Y="234"/>
	<Point X="167" Y="235"/>
	<Point X="167" Y="236"/>
	<Point X="168" Y="236"/>
	<Point X="168" Y="237"/>
	<Point X="169" Y="238"/>
	<Point X="170" Y="239"/>
	<Point X="170" Y="240"/>
	<Point X="171" Y="241"/>
	<Point X="171" Y="242"/>
	<Point X="172" Y="242"/>
	<Point X="172" Y="243"/>
	<Point X="173" Y="244"/>
	<Point X="173" Y="245"/>
	<Point X="174" Y="245"/>
	<Point X="174" Y="246"/>
	<Point X="175" Y="247"/>
	<Point X="176" Y="248"/>
	<Point X="176" Y="249"/>
	<Point X="177" Y="250"/>
	<Point X="177" Y="251"/>
	<Point X="178" Y="252"/>
	<Point X="179" Y="252"/>
	<Point X="179" Y="253"/>
	<Point X="180" Y="254"/>
	<Point X="181" Y="255"/>
	<Point X="181" Y="256"/>
	<Point X="182" Y="256"/>
	<Point X="182" Y="257"/>
	<Point X="183" Y="258"/>
	<Point X="184" Y="259"/>
	<Point X="184" Y="260"/>
	<Point X="185" Y="260"/>
	<Point X="185" Y="261"/>
	<Point X="186" Y="261"/>
	<Point X="186" Y="262"/>
	<Point X="187" Y="263"/>
	<Point X="188" Y="264"/>
	<Point X="189" Y="265"/>
	<Point X="190" Y="266"/>
	<Point X="191" Y="267"/>
	<Point X="191" Y="268"/>
	<Point X="192" Y="268"/>
	<Point X="192" Y="269"/>
	<Point X="193" Y="269"/>
	<Point X="193" Y="270"/>
	<Point X="194" Y="270"/>
	<Point X="194" Y="271"/>
	<Point X="195" Y="271"/>
	<Point X="195" Y="272"/>
	<Point X="196" Y="272"/>
	<Point X="196" Y="273"/>
	<Point X="197" Y="273"/>
	<Point X="197" Y="274"/>
	<Point X="198" Y="274"/>
	<Point X="198" Y="275"/>
	<Point X="198" Y="276"/>
	<Point X="198" Y="277"/>
	<Point X="197" Y="277"/>
	<Point X="197" Y="278"/>
	<Point X="196" Y="278"/>
	<Point X="195" Y="279"/>
	<Point X="194" Y="279"/>
	<Point X="193" Y="279"/>
	<Point X="193" Y="280"/>
	<Point X="192" Y="280"/>
	<Point X="191" Y="280"/>
	<Point X="190" Y="280"/>
	<Point X="189" Y="280"/>
	<Point X="188" Y="280"/>
	<Point X="187" Y="280"/>
	<Point X="186" Y="280"/>
	<Point X="185" Y="280"/>
	<Point X="184" Y="280"/>
	<Point X="183" Y="280"/>
	<Point X="182" Y="280"/>
	<Point X="181" Y="280"/>
	<Point X="180" Y="280"/>
	<Point X="179" Y="280"/>
	<Point X="178" Y="280"/>
	<Point X="177" Y="280"/>
	<Point X="176" Y="280"/>
	<Point X="175" Y="281"/>
	<Point X="174" Y="281"/>
	<Point X="173" Y="281"/>
	<Point X="172" Y="281"/>
	<Point X="170" Y="281"/>
	<Point X="169" Y="281"/>
	<Point X="168" Y="281"/>
	<Point X="167" Y="281"/>
	<Point X="166" Y="281"/>
	<Point X="165" Y="281"/>
	<Point X="164" Y="281"/>
	<Point X="163" Y="281"/>
	<Point X="162" Y="281"/>
	<Point X="161" Y="281"/>
	<Point X="160" Y="281"/>
	<Point X="159" Y="282"/>
	<Point X="158" Y="282"/>
	<Point X="157" Y="282"/>
	<Point X="156" Y="282"/>
	<Point X="155" Y="282"/>
	<Point X="154" Y="282"/>
	<Point X="152" Y="282"/>
	<Point X="151" Y="282"/>
	<Point X="150" Y="283"/>
	<Point X="148" Y="283"/>
	<Point X="147" Y="283"/>
	<Point X="146" Y="283"/>
	<Point X="145" Y="283"/>
	<Point X="144" Y="283"/>
	<Point X="143" Y="283"/>
	<Point X="142" Y="283"/>
	<Point X="141" Y="284"/>
	<Point X="140" Y="284"/>
	<Point X="139" Y="284"/>
	<Point X="138" Y="284"/>
	<Point X="137" Y="284"/>
	<Point X="136" Y="284"/>
	<Point X="135" Y="284"/>
	<Point X="134" Y="284"/>
	<Point X="133" Y="284"/>
	<Point X="131" Y="284"/>
	<Point X="130" Y="284"/>
	<Point X="129" Y="285"/>
	<Point X="128" Y="285"/>
	<Point X="127" Y="285"/>
	<Point X="126" Y="285"/>
	<Point X="125" Y="285"/>
	<Point X="124" Y="285"/>
	<Point X="123" Y="285"/>
	<Point X="122" Y="285"/>
	<Point X="121" Y="285"/>
	<Point X="120" Y="285"/>
	<Point X="119" Y="285"/>
	<Point X="118" Y="285"/>
	<Point X="117" Y="285"/>
	<Point X="116" Y="285"/>
	<Point X="115" Y="285"/>
	<Point X="114" Y="285"/>
	<Point X="113" Y="285"/>
	<Point X="112" Y="285"/>
	<Point X="111" Y="285"/>
	<Point X="110" Y="285"/>
	<Point X="109" Y="285"/>
	<Point X="108" Y="285"/>
	<Point X="107" Y="285"/>
	<Point X="106" Y="285"/>
	<Point X="105" Y="285"/>
	<Point X="104" Y="285"/>
	<Point X="103" Y="285"/>
	<Point X="102" Y="285"/>
	<Point X="101" Y="285"/>
	<Point X="100" Y="285"/>
	<Point X="99" Y="285"/>
	<Point X="98" Y="285"/>
	<Point X="97" Y="285"/>
	<Point X="96" Y="285"/>
	<Point X="95" Y="285"/>
	<Point X="95" Y="284"/>
	<Point X="94" Y="284"/>
	<Point X="93" Y="284"/>
	<Point X="93" Y="283"/>
	<Point X="93" Y="282"/>
	<Point X="94" Y="282"/>
	<Point X="94" Y="281"/>
	<Point X="94" Y="280"/>
	<Point X="95" Y="280"/>
	<Point X="95" Y="279"/>
	<Point X="95" Y="278"/>
	<Point X="96" Y="278"/>
	<Point X="96" Y="277"/>
	<Point X="97" Y="276"/>
	<Point X="97" Y="275"/>
	<Point X="98" Y="274"/>
	<Point X="98" Y="273"/>
	<Point X="99" Y="273"/>
	<Point X="99" Y="272"/>
	<Point X="100" Y="271"/>
	<Point X="101" Y="270"/>
	<Point X="101" Y="269"/>
	<Point X="102" Y="268"/>
	<Point X="103" Y="267"/>
	<Point X="103" Y="266"/>
	<Point X="104" Y="266"/>
	<Point X="104" Y="265"/>
	<Point X="105" Y="264"/>
	<Point X="106" Y="263"/>
	<Point X="106" Y="262"/>
	<Point X="107" Y="261"/>
	<Point X="108" Y="261"/>
	<Point X="108" Y="260"/>
	<Point X="109" Y="259"/>
	<Point X="109" Y="258"/>
	<Point X="110" Y="258"/>
	<Point X="111" Y="257"/>
	<Point X="111" Y="256"/>
	<Point X="112" Y="255"/>
	<Point X="113" Y="254"/>
	<Point X="113" Y="253"/>
	<Point X="114" Y="253"/>
	<Point X="115" Y="252"/>
	<Point X="116" Y="251"/>
	<Point X="116" Y="250"/>
	<Point X="118" Y="248"/>
	<Point X="119" Y="248"/>
	<Point X="121" Y="245"/>
	<Point X="123" Y="243"/>
	<Point X="125" Y="241"/>
	<Point X="129" Y="238"/>
	<Point X="132" Y="234"/>
	<Point X="138" Y="230"/>
	<Point X="141" Y="227"/>
	<Point X="145" Y="224"/>
	<Point X="148" Y="221"/>
	<Point X="157" Y="214"/>
	<Point X="160" Y="212"/>
	<Point X="166" Y="206"/>
	<Point X="168" Y="204"/>
	<Point X="172" Y="200"/>
	<Point X="173" Y="198"/>
	<Point X="176" Y="196"/>
	<Point X="178" Y="193"/>
	<Point X="179" Y="192"/>
	<Point X="180" Y="190"/>
	<Point X="181" Y="189"/>
	<Point X="183" Y="188"/>
	<Point X="184" Y="186"/>
	<Point X="184" Y="185"/>
	<Point X="185" Y="184"/>
	<Point X="186" Y="183"/>
	<Point X="187" Y="182"/>
	<Point X="187" Y="181"/>
	<Point X="188" Y="181"/>
	<Point X="188" Y="180"/>
	<Point X="189" Y="179"/>
	<Point X="189" Y="178"/>
	<Point X="190" Y="178"/>
	<Point X="190" Y="177"/>
</Gesture>
