<?xml version="1.0" ?>
<Gesture Name="delete_mark10" Subject="01" Number="10" NumPts="331">
	<Point X="145" Y="151"/>
	<Point X="145" Y="152"/>
	<Point X="146" Y="152"/>
	<Point X="146" Y="153"/>
	<Point X="147" Y="153"/>
	<Point X="147" Y="154"/>
	<Point X="148" Y="154"/>
	<Point X="148" Y="155"/>
	<Point X="149" Y="156"/>
	<Point X="150" Y="157"/>
	<Point X="150" Y="158"/>
	<Point X="151" Y="158"/>
	<Point X="151" Y="159"/>
	<Point X="152" Y="159"/>
	<Point X="152" Y="160"/>
	<Point X="153" Y="160"/>
	<Point X="153" Y="161"/>
	<Point X="154" Y="162"/>
	<Point X="154" Y="163"/>
	<Point X="155" Y="163"/>
	<Point X="155" Y="164"/>
	<Point X="156" Y="164"/>
	<Point X="156" Y="165"/>
	<Point X="157" Y="166"/>
	<Point X="157" Y="167"/>
	<Point X="158" Y="168"/>
	<Point X="159" Y="169"/>
	<Point X="160" Y="170"/>
	<Point X="162" Y="173"/>
	<Point X="162" Y="174"/>
	<Point X="163" Y="174"/>
	<Point X="163" Y="175"/>
	<Point X="164" Y="176"/>
	<Point X="165" Y="177"/>
	<Point X="165" Y="178"/>
	<Point X="166" Y="179"/>
	<Point X="167" Y="180"/>
	<Point X="168" Y="181"/>
	<Point X="168" Y="182"/>
	<Point X="169" Y="182"/>
	<Point X="169" Y="183"/>
	<Point X="169" Y="184"/>
	<Point X="170" Y="184"/>
	<Point X="170" Y="185"/>
	<Point X="171" Y="186"/>
	<Point X="172" Y="187"/>
	<Point X="172" Y="188"/>
	<Point X="173" Y="189"/>
	<Point X="174" Y="190"/>
	<Point X="174" Y="191"/>
	<Point X="176" Y="193"/>
	<Point X="177" Y="194"/>
	<Point X="177" Y="195"/>
	<Point X="178" Y="196"/>
	<Point X="179" Y="197"/>
	<Point X="179" Y="198"/>
	<Point X="180" Y="198"/>
	<Point X="180" Y="199"/>
	<Point X="181" Y="200"/>
	<Point X="182" Y="201"/>
	<Point X="182" Y="202"/>
	<Point X="183" Y="203"/>
	<Point X="184" Y="204"/>
	<Point X="185" Y="205"/>
	<Point X="185" Y="206"/>
	<Point X="186" Y="206"/>
	<Point X="186" Y="207"/>
	<Point X="187" Y="207"/>
	<Point X="187" Y="208"/>
	<Point X="187" Y="209"/>
	<Point X="188" Y="209"/>
	<Point X="188" Y="210"/>
	<Point X="189" Y="210"/>
	<Point X="189" Y="211"/>
	<Point X="190" Y="211"/>
	<Point X="190" Y="212"/>
	<Point X="191" Y="213"/>
	<Point X="191" Y="214"/>
	<Point X="192" Y="215"/>
	<Point X="193" Y="215"/>
	<Point X="193" Y="216"/>
	<Point X="194" Y="217"/>
	<Point X="195" Y="218"/>
	<Point X="196" Y="220"/>
	<Point X="197" Y="220"/>
	<Point X="197" Y="221"/>
	<Point X="198" Y="222"/>
	<Point X="199" Y="223"/>
	<Point X="200" Y="224"/>
	<Point X="200" Y="225"/>
	<Point X="201" Y="226"/>
	<Point X="202" Y="227"/>
	<Point X="202" Y="228"/>
	<Point X="203" Y="228"/>
	<Point X="203" Y="229"/>
	<Point X="204" Y="230"/>
	<Point X="204" Y="231"/>
	<Point X="205" Y="231"/>
	<Point X="205" Y="232"/>
	<Point X="206" Y="232"/>
	<Point X="206" Y="233"/>
	<Point X="207" Y="234"/>
	<Point X="208" Y="235"/>
	<Point X="208" Y="236"/>
	<Point X="209" Y="237"/>
	<Point X="210" Y="238"/>
	<Point X="210" Y="239"/>
	<Point X="211" Y="239"/>
	<Point X="211" Y="240"/>
	<Point X="212" Y="241"/>
	<Point X="212" Y="242"/>
	<Point X="213" Y="242"/>
	<Point X="213" Y="243"/>
	<Point X="214" Y="243"/>
	<Point X="214" Y="244"/>
	<Point X="214" Y="245"/>
	<Point X="215" Y="245"/>
	<Point X="215" Y="246"/>
	<Point X="216" Y="246"/>
	<Point X="216" Y="247"/>
	<Point X="216" Y="248"/>
	<Point X="217" Y="248"/>
	<Point X="217" Y="249"/>
	<Point X="217" Y="250"/>
	<Point X="218" Y="250"/>
	<Point X="218" Y="251"/>
	<Point X="219" Y="251"/>
	<Point X="219" Y="252"/>
	<Point X="218" Y="252"/>
	<Point X="217" Y="252"/>
	<Point X="216" Y="252"/>
	<Point X="215" Y="252"/>
	<Point X="214" Y="252"/>
	<Point X="213" Y="252"/>
	<Point X="212" Y="252"/>
	<Point X="211" Y="252"/>
	<Point X="210" Y="252"/>
	<Point X="209" Y="252"/>
	<Point X="208" Y="252"/>
	<Point X="207" Y="252"/>
	<Point X="206" Y="252"/>
	<Point X="205" Y="252"/>
	<Point X="204" Y="252"/>
	<Point X="203" Y="252"/>
	<Point X="202" Y="252"/>
	<Point X="202" Y="251"/>
	<Point X="201" Y="251"/>
	<Point X="200" Y="251"/>
	<Point X="199" Y="251"/>
	<Point X="198" Y="251"/>
	<Point X="197" Y="251"/>
	<Point X="196" Y="251"/>
	<Point X="195" Y="251"/>
	<Point X="194" Y="251"/>
	<Point X="193" Y="251"/>
	<Point X="192" Y="251"/>
	<Point X="191" Y="251"/>
	<Point X="190" Y="251"/>
	<Point X="189" Y="251"/>
	<Point X="188" Y="251"/>
	<Point X="187" Y="251"/>
	<Point X="186" Y="251"/>
	<Point X="185" Y="251"/>
	<Point X="184" Y="251"/>
	<Point X="183" Y="251"/>
	<Point X="182" Y="251"/>
	<Point X="181" Y="251"/>
	<Point X="180" Y="251"/>
	<Point X="179" Y="251"/>
	<Point X="178" Y="251"/>
	<Point X="177" Y="251"/>
	<Point X="176" Y="251"/>
	<Point X="175" Y="251"/>
	<Point X="174" Y="251"/>
	<Point X="173" Y="251"/>
	<Point X="172" Y="251"/>
	<Point X="171" Y="251"/>
	<Point X="170" Y="251"/>
	<Point X="169" Y="252"/>
	<Point X="168" Y="252"/>
	<Point X="167" Y="252"/>
	<Point X="166" Y="252"/>
	<Point X="165" Y="252"/>
	<Point X="164" Y="252"/>
	<Point X="163" Y="252"/>
	<Point X="162" Y="252"/>
	<Point X="161" Y="252"/>
	<Point X="160" Y="252"/>
	<Point X="159" Y="252"/>
	<Point X="158" Y="252"/>
	<Point X="157" Y="252"/>
	<Point X="156" Y="252"/>
	<Point X="155" Y="252"/>
	<Point X="154" Y="252"/>
	<Point X="153" Y="252"/>
	<Point X="152" Y="252"/>
	<Point X="151" Y="252"/>
	<Point X="150" Y="252"/>
	<Point X="149" Y="252"/>
	<Point X="148" Y="252"/>
	<Point X="147" Y="252"/>
	<Point X="146" Y="251"/>
	<Point X="145" Y="251"/>
	<Point X="144" Y="251"/>
	<Point X="143" Y="251"/>
	<Point X="143" Y="250"/>
	<Point X="142" Y="250"/>
	<Point X="141" Y="250"/>
	<Point X="140" Y="250"/>
	<Point X="139" Y="250"/>
	<Point X="138" Y="250"/>
	<Point X="138" Y="249"/>
	<Point X="138" Y="248"/>
	<Point X="138" Y="247"/>
	<Point X="139" Y="247"/>
	<Point X="139" Y="246"/>
	<Point X="140" Y="246"/>
	<Point X="140" Y="245"/>
	<Point X="141" Y="245"/>
	<Point X="141" Y="244"/>
	<Point X="142" Y="244"/>
	<Point X="142" Y="243"/>
	<Point X="143" Y="243"/>
	<Point X="143" Y="242"/>
	<Point X="144" Y="241"/>
	<Point X="145" Y="240"/>
	<Point X="146" Y="240"/>
	<Point X="146" Y="239"/>
	<Point X="147" Y="238"/>
	<Point X="148" Y="237"/>
	<Point X="149" Y="236"/>
	<Point X="150" Y="235"/>
	<Point X="151" Y="235"/>
	<Point X="151" Y="234"/>
	<Point X="152" Y="233"/>
	<Point X="153" Y="233"/>
	<Point X="153" Y="232"/>
	<Point X="154" Y="232"/>
	<Point X="154" Y="231"/>
	<Point X="155" Y="230"/>
	<Point X="156" Y="230"/>
	<Point X="157" Y="229"/>
	<Point X="157" Y="228"/>
	<Point X="158" Y="228"/>
	<Point X="158" Y="227"/>
	<Point X="159" Y="226"/>
	<Point X="160" Y="226"/>
	<Point X="161" Y="225"/>
	<Point X="162" Y="223"/>
	<Point X="163" Y="223"/>
	<Point X="164" Y="221"/>
	<Point X="165" Y="220"/>
	<Point X="166" Y="220"/>
	<Point X="167" Y="219"/>
	<Point X="167" Y="218"/>
	<Point X="168" Y="217"/>
	<Point X="169" Y="216"/>
	<Point X="170" Y="216"/>
	<Point X="170" Y="215"/>
	<Point X="171" Y="214"/>
	<Point X="172" Y="213"/>
	<Point X="173" Y="212"/>
	<Point X="174" Y="211"/>
	<Point X="175" Y="210"/>
	<Point X="175" Y="209"/>
	<Point X="176" Y="209"/>
	<Point X="177" Y="208"/>
	<Point X="178" Y="207"/>
	<Point X="178" Y="206"/>
	<Point X="179" Y="206"/>
	<Point X="180" Y="205"/>
	<Point X="180" Y="204"/>
	<Point X="181" Y="203"/>
	<Point X="182" Y="203"/>
	<Point X="182" Y="202"/>
	<Point X="184" Y="201"/>
	<Point X="184" Y="200"/>
	<Point X="186" Y="198"/>
	<Point X="187" Y="197"/>
	<Point X="187" Y="196"/>
	<Point X="188" Y="195"/>
	<Point X="189" Y="194"/>
	<Point X="190" Y="193"/>
	<Point X="190" Y="192"/>
	<Point X="192" Y="190"/>
	<Point X="193" Y="189"/>
	<Point X="194" Y="188"/>
	<Point X="194" Y="187"/>
	<Point X="195" Y="187"/>
	<Point X="195" Y="186"/>
	<Point X="196" Y="185"/>
	<Point X="196" Y="184"/>
	<Point X="197" Y="184"/>
	<Point X="198" Y="183"/>
	<Point X="198" Y="182"/>
	<Point X="199" Y="182"/>
	<Point X="199" Y="181"/>
	<Point X="199" Y="180"/>
	<Point X="200" Y="180"/>
	<Point X="200" Y="179"/>
	<Point X="201" Y="178"/>
	<Point X="201" Y="177"/>
	<Point X="202" Y="177"/>
	<Point X="202" Y="176"/>
	<Point X="203" Y="176"/>
	<Point X="203" Y="175"/>
	<Point X="203" Y="174"/>
	<Point X="204" Y="174"/>
	<Point X="204" Y="173"/>
	<Point X="205" Y="173"/>
	<Point X="205" Y="172"/>
	<Point X="205" Y="171"/>
	<Point X="206" Y="171"/>
	<Point X="206" Y="170"/>
	<Point X="207" Y="169"/>
	<Point X="207" Y="168"/>
	<Point X="208" Y="167"/>
	<Point X="208" Y="166"/>
	<Point X="209" Y="166"/>
	<Point X="209" Y="165"/>
	<Point X="209" Y="164"/>
	<Point X="210" Y="163"/>
	<Point X="211" Y="162"/>
	<Point X="211" Y="161"/>
	<Point X="211" Y="160"/>
	<Point X="212" Y="160"/>
	<Point X="212" Y="159"/>
	<Point X="212" Y="158"/>
	<Point X="213" Y="158"/>
	<Point X="213" Y="157"/>
	<Point X="213" Y="156"/>
</Gesture>
