<?xml version="1.0" ?>
<Gesture Name="left_sq_bracket10" Subject="01" Number="10" NumPts="214">
	<Point X="206" Y="151"/>
	<Point X="205" Y="151"/>
	<Point X="204" Y="151"/>
	<Point X="203" Y="151"/>
	<Point X="202" Y="151"/>
	<Point X="202" Y="150"/>
	<Point X="201" Y="150"/>
	<Point X="200" Y="150"/>
	<Point X="199" Y="150"/>
	<Point X="198" Y="150"/>
	<Point X="197" Y="150"/>
	<Point X="196" Y="150"/>
	<Point X="195" Y="150"/>
	<Point X="194" Y="150"/>
	<Point X="193" Y="150"/>
	<Point X="192" Y="150"/>
	<Point X="191" Y="150"/>
	<Point X="190" Y="150"/>
	<Point X="189" Y="150"/>
	<Point X="188" Y="150"/>
	<Point X="187" Y="150"/>
	<Point X="186" Y="150"/>
	<Point X="185" Y="150"/>
	<Point X="184" Y="150"/>
	<Point X="183" Y="150"/>
	<Point X="182" Y="150"/>
	<Point X="181" Y="150"/>
	<Point X="180" Y="150"/>
	<Point X="179" Y="150"/>
	<Point X="179" Y="149"/>
	<Point X="178" Y="149"/>
	<Point X="177" Y="149"/>
	<Point X="176" Y="149"/>
	<Point X="175" Y="149"/>
	<Point X="174" Y="149"/>
	<Point X="173" Y="149"/>
	<Point X="172" Y="149"/>
	<Point X="171" Y="149"/>
	<Point X="170" Y="149"/>
	<Point X="169" Y="149"/>
	<Point X="168" Y="149"/>
	<Point X="167" Y="149"/>
	<Point X="167" Y="148"/>
	<Point X="166" Y="148"/>
	<Point X="165" Y="148"/>
	<Point X="164" Y="148"/>
	<Point X="164" Y="149"/>
	<Point X="164" Y="150"/>
	<Point X="164" Y="151"/>
	<Point X="164" Y="152"/>
	<Point X="164" Y="153"/>
	<Point X="164" Y="154"/>
	<Point X="164" Y="155"/>
	<Point X="164" Y="156"/>
	<Point X="164" Y="157"/>
	<Point X="164" Y="158"/>
	<Point X="164" Y="159"/>
	<Point X="164" Y="160"/>
	<Point X="164" Y="161"/>
	<Point X="164" Y="162"/>
	<Point X="164" Y="163"/>
	<Point X="164" Y="164"/>
	<Point X="164" Y="165"/>
	<Point X="164" Y="166"/>
	<Point X="164" Y="167"/>
	<Point X="164" Y="168"/>
	<Point X="164" Y="169"/>
	<Point X="164" Y="170"/>
	<Point X="164" Y="171"/>
	<Point X="164" Y="172"/>
	<Point X="164" Y="173"/>
	<Point X="164" Y="174"/>
	<Point X="164" Y="175"/>
	<Point X="164" Y="176"/>
	<Point X="164" Y="177"/>
	<Point X="164" Y="180"/>
	<Point X="164" Y="183"/>
	<Point X="164" Y="184"/>
	<Point X="164" Y="185"/>
	<Point X="164" Y="186"/>
	<Point X="164" Y="187"/>
	<Point X="164" Y="188"/>
	<Point X="164" Y="189"/>
	<Point X="164" Y="190"/>
	<Point X="164" Y="191"/>
	<Point X="164" Y="192"/>
	<Point X="164" Y="193"/>
	<Point X="164" Y="194"/>
	<Point X="164" Y="195"/>
	<Point X="164" Y="196"/>
	<Point X="164" Y="197"/>
	<Point X="164" Y="198"/>
	<Point X="164" Y="199"/>
	<Point X="164" Y="200"/>
	<Point X="164" Y="201"/>
	<Point X="164" Y="202"/>
	<Point X="164" Y="203"/>
	<Point X="164" Y="204"/>
	<Point X="164" Y="205"/>
	<Point X="164" Y="207"/>
	<Point X="164" Y="208"/>
	<Point X="164" Y="209"/>
	<Point X="164" Y="210"/>
	<Point X="164" Y="211"/>
	<Point X="164" Y="212"/>
	<Point X="164" Y="213"/>
	<Point X="164" Y="214"/>
	<Point X="164" Y="215"/>
	<Point X="164" Y="216"/>
	<Point X="164" Y="218"/>
	<Point X="163" Y="219"/>
	<Point X="163" Y="220"/>
	<Point X="163" Y="221"/>
	<Point X="163" Y="222"/>
	<Point X="163" Y="223"/>
	<Point X="163" Y="224"/>
	<Point X="163" Y="225"/>
	<Point X="163" Y="226"/>
	<Point X="163" Y="227"/>
	<Point X="163" Y="228"/>
	<Point X="163" Y="229"/>
	<Point X="163" Y="230"/>
	<Point X="163" Y="231"/>
	<Point X="163" Y="232"/>
	<Point X="163" Y="233"/>
	<Point X="163" Y="234"/>
	<Point X="162" Y="235"/>
	<Point X="162" Y="236"/>
	<Point X="162" Y="237"/>
	<Point X="162" Y="238"/>
	<Point X="162" Y="239"/>
	<Point X="162" Y="240"/>
	<Point X="162" Y="241"/>
	<Point X="162" Y="242"/>
	<Point X="162" Y="244"/>
	<Point X="162" Y="245"/>
	<Point X="161" Y="245"/>
	<Point X="161" Y="246"/>
	<Point X="161" Y="247"/>
	<Point X="161" Y="248"/>
	<Point X="161" Y="249"/>
	<Point X="161" Y="250"/>
	<Point X="161" Y="251"/>
	<Point X="161" Y="252"/>
	<Point X="160" Y="252"/>
	<Point X="160" Y="253"/>
	<Point X="160" Y="254"/>
	<Point X="160" Y="255"/>
	<Point X="160" Y="256"/>
	<Point X="160" Y="257"/>
	<Point X="160" Y="258"/>
	<Point X="160" Y="259"/>
	<Point X="159" Y="259"/>
	<Point X="159" Y="260"/>
	<Point X="159" Y="261"/>
	<Point X="159" Y="262"/>
	<Point X="159" Y="263"/>
	<Point X="159" Y="264"/>
	<Point X="159" Y="265"/>
	<Point X="160" Y="265"/>
	<Point X="161" Y="265"/>
	<Point X="162" Y="265"/>
	<Point X="163" Y="265"/>
	<Point X="164" Y="265"/>
	<Point X="165" Y="265"/>
	<Point X="166" Y="265"/>
	<Point X="167" Y="265"/>
	<Point X="168" Y="265"/>
	<Point X="169" Y="265"/>
	<Point X="170" Y="265"/>
	<Point X="171" Y="265"/>
	<Point X="172" Y="265"/>
	<Point X="173" Y="265"/>
	<Point X="174" Y="265"/>
	<Point X="175" Y="265"/>
	<Point X="176" Y="265"/>
	<Point X="177" Y="265"/>
	<Point X="178" Y="265"/>
	<Point X="179" Y="265"/>
	<Point X="180" Y="265"/>
	<Point X="180" Y="264"/>
	<Point X="181" Y="264"/>
	<Point X="182" Y="264"/>
	<Point X="183" Y="264"/>
	<Point X="184" Y="264"/>
	<Point X="185" Y="264"/>
	<Point X="186" Y="263"/>
	<Point X="187" Y="263"/>
	<Point X="188" Y="263"/>
	<Point X="189" Y="263"/>
	<Point X="190" Y="263"/>
	<Point X="191" Y="263"/>
	<Point X="191" Y="262"/>
	<Point X="192" Y="262"/>
	<Point X="193" Y="262"/>
	<Point X="194" Y="262"/>
	<Point X="195" Y="262"/>
	<Point X="196" Y="262"/>
	<Point X="197" Y="261"/>
	<Point X="198" Y="261"/>
	<Point X="199" Y="261"/>
	<Point X="200" Y="261"/>
	<Point X="201" Y="261"/>
	<Point X="202" Y="261"/>
	<Point X="203" Y="261"/>
	<Point X="204" Y="261"/>
	<Point X="205" Y="260"/>
	<Point X="206" Y="260"/>
	<Point X="207" Y="260"/>
	<Point X="208" Y="260"/>
	<Point X="209" Y="260"/>
	<Point X="210" Y="260"/>
	<Point X="210" Y="259"/>
	<Point X="211" Y="259"/>
</Gesture>
