<?xml version="1.0" ?>
<Gesture Name="left_sq_bracket02" Subject="01" Number="02" NumPts="238">
	<Point X="202" Y="135"/>
	<Point X="201" Y="135"/>
	<Point X="200" Y="135"/>
	<Point X="199" Y="135"/>
	<Point X="198" Y="134"/>
	<Point X="197" Y="134"/>
	<Point X="196" Y="134"/>
	<Point X="195" Y="134"/>
	<Point X="194" Y="134"/>
	<Point X="193" Y="134"/>
	<Point X="192" Y="134"/>
	<Point X="191" Y="134"/>
	<Point X="190" Y="134"/>
	<Point X="189" Y="134"/>
	<Point X="188" Y="134"/>
	<Point X="187" Y="134"/>
	<Point X="186" Y="134"/>
	<Point X="185" Y="134"/>
	<Point X="184" Y="134"/>
	<Point X="183" Y="134"/>
	<Point X="182" Y="134"/>
	<Point X="181" Y="134"/>
	<Point X="180" Y="134"/>
	<Point X="179" Y="134"/>
	<Point X="178" Y="134"/>
	<Point X="177" Y="134"/>
	<Point X="176" Y="134"/>
	<Point X="175" Y="134"/>
	<Point X="174" Y="134"/>
	<Point X="173" Y="134"/>
	<Point X="172" Y="134"/>
	<Point X="171" Y="134"/>
	<Point X="170" Y="134"/>
	<Point X="169" Y="134"/>
	<Point X="168" Y="134"/>
	<Point X="167" Y="134"/>
	<Point X="166" Y="134"/>
	<Point X="165" Y="134"/>
	<Point X="164" Y="134"/>
	<Point X="163" Y="134"/>
	<Point X="162" Y="134"/>
	<Point X="161" Y="134"/>
	<Point X="160" Y="134"/>
	<Point X="159" Y="134"/>
	<Point X="158" Y="134"/>
	<Point X="157" Y="134"/>
	<Point X="156" Y="134"/>
	<Point X="155" Y="134"/>
	<Point X="154" Y="134"/>
	<Point X="153" Y="134"/>
	<Point X="153" Y="135"/>
	<Point X="153" Y="136"/>
	<Point X="153" Y="137"/>
	<Point X="153" Y="138"/>
	<Point X="153" Y="139"/>
	<Point X="153" Y="140"/>
	<Point X="153" Y="141"/>
	<Point X="153" Y="142"/>
	<Point X="153" Y="143"/>
	<Point X="153" Y="144"/>
	<Point X="153" Y="145"/>
	<Point X="153" Y="146"/>
	<Point X="153" Y="147"/>
	<Point X="153" Y="148"/>
	<Point X="153" Y="149"/>
	<Point X="153" Y="150"/>
	<Point X="153" Y="151"/>
	<Point X="153" Y="152"/>
	<Point X="153" Y="153"/>
	<Point X="153" Y="154"/>
	<Point X="154" Y="155"/>
	<Point X="154" Y="156"/>
	<Point X="154" Y="157"/>
	<Point X="154" Y="158"/>
	<Point X="154" Y="159"/>
	<Point X="154" Y="160"/>
	<Point X="154" Y="161"/>
	<Point X="154" Y="162"/>
	<Point X="154" Y="163"/>
	<Point X="155" Y="163"/>
	<Point X="155" Y="164"/>
	<Point X="155" Y="165"/>
	<Point X="155" Y="166"/>
	<Point X="155" Y="167"/>
	<Point X="155" Y="168"/>
	<Point X="155" Y="169"/>
	<Point X="155" Y="170"/>
	<Point X="155" Y="171"/>
	<Point X="155" Y="172"/>
	<Point X="156" Y="173"/>
	<Point X="156" Y="174"/>
	<Point X="156" Y="175"/>
	<Point X="156" Y="176"/>
	<Point X="156" Y="177"/>
	<Point X="156" Y="178"/>
	<Point X="156" Y="179"/>
	<Point X="156" Y="180"/>
	<Point X="156" Y="181"/>
	<Point X="156" Y="182"/>
	<Point X="156" Y="183"/>
	<Point X="156" Y="184"/>
	<Point X="156" Y="185"/>
	<Point X="156" Y="186"/>
	<Point X="156" Y="187"/>
	<Point X="156" Y="188"/>
	<Point X="156" Y="189"/>
	<Point X="156" Y="191"/>
	<Point X="156" Y="192"/>
	<Point X="156" Y="193"/>
	<Point X="156" Y="194"/>
	<Point X="156" Y="195"/>
	<Point X="156" Y="196"/>
	<Point X="156" Y="197"/>
	<Point X="156" Y="198"/>
	<Point X="156" Y="199"/>
	<Point X="156" Y="200"/>
	<Point X="156" Y="201"/>
	<Point X="156" Y="202"/>
	<Point X="156" Y="203"/>
	<Point X="156" Y="204"/>
	<Point X="156" Y="205"/>
	<Point X="156" Y="206"/>
	<Point X="156" Y="207"/>
	<Point X="156" Y="208"/>
	<Point X="156" Y="209"/>
	<Point X="156" Y="210"/>
	<Point X="156" Y="211"/>
	<Point X="156" Y="212"/>
	<Point X="156" Y="213"/>
	<Point X="156" Y="214"/>
	<Point X="156" Y="215"/>
	<Point X="156" Y="216"/>
	<Point X="156" Y="217"/>
	<Point X="155" Y="217"/>
	<Point X="155" Y="218"/>
	<Point X="155" Y="219"/>
	<Point X="155" Y="220"/>
	<Point X="155" Y="221"/>
	<Point X="155" Y="222"/>
	<Point X="155" Y="223"/>
	<Point X="155" Y="224"/>
	<Point X="155" Y="225"/>
	<Point X="155" Y="226"/>
	<Point X="155" Y="227"/>
	<Point X="155" Y="228"/>
	<Point X="155" Y="229"/>
	<Point X="155" Y="230"/>
	<Point X="155" Y="231"/>
	<Point X="155" Y="232"/>
	<Point X="155" Y="233"/>
	<Point X="155" Y="234"/>
	<Point X="155" Y="235"/>
	<Point X="156" Y="236"/>
	<Point X="156" Y="237"/>
	<Point X="156" Y="238"/>
	<Point X="156" Y="239"/>
	<Point X="157" Y="240"/>
	<Point X="157" Y="241"/>
	<Point X="157" Y="242"/>
	<Point X="157" Y="243"/>
	<Point X="158" Y="244"/>
	<Point X="158" Y="245"/>
	<Point X="158" Y="246"/>
	<Point X="158" Y="247"/>
	<Point X="158" Y="248"/>
	<Point X="158" Y="249"/>
	<Point X="159" Y="249"/>
	<Point X="159" Y="250"/>
	<Point X="159" Y="251"/>
	<Point X="159" Y="252"/>
	<Point X="159" Y="253"/>
	<Point X="158" Y="253"/>
	<Point X="158" Y="254"/>
	<Point X="159" Y="254"/>
	<Point X="160" Y="254"/>
	<Point X="161" Y="254"/>
	<Point X="162" Y="254"/>
	<Point X="162" Y="253"/>
	<Point X="163" Y="253"/>
	<Point X="164" Y="253"/>
	<Point X="165" Y="253"/>
	<Point X="166" Y="253"/>
	<Point X="167" Y="252"/>
	<Point X="168" Y="252"/>
	<Point X="169" Y="252"/>
	<Point X="170" Y="252"/>
	<Point X="172" Y="252"/>
	<Point X="173" Y="252"/>
	<Point X="173" Y="251"/>
	<Point X="174" Y="251"/>
	<Point X="175" Y="251"/>
	<Point X="176" Y="251"/>
	<Point X="177" Y="251"/>
	<Point X="178" Y="251"/>
	<Point X="179" Y="251"/>
	<Point X="180" Y="251"/>
	<Point X="180" Y="250"/>
	<Point X="181" Y="250"/>
	<Point X="182" Y="250"/>
	<Point X="183" Y="250"/>
	<Point X="184" Y="250"/>
	<Point X="185" Y="250"/>
	<Point X="186" Y="250"/>
	<Point X="187" Y="250"/>
	<Point X="188" Y="250"/>
	<Point X="189" Y="250"/>
	<Point X="190" Y="250"/>
	<Point X="191" Y="250"/>
	<Point X="192" Y="250"/>
	<Point X="193" Y="250"/>
	<Point X="194" Y="250"/>
	<Point X="195" Y="250"/>
	<Point X="196" Y="250"/>
	<Point X="197" Y="250"/>
	<Point X="198" Y="250"/>
	<Point X="199" Y="250"/>
	<Point X="201" Y="250"/>
	<Point X="202" Y="250"/>
	<Point X="203" Y="250"/>
	<Point X="204" Y="250"/>
	<Point X="205" Y="250"/>
	<Point X="206" Y="250"/>
	<Point X="207" Y="250"/>
	<Point X="208" Y="250"/>
	<Point X="209" Y="250"/>
	<Point X="210" Y="250"/>
	<Point X="211" Y="250"/>
	<Point X="212" Y="250"/>
	<Point X="213" Y="250"/>
	<Point X="214" Y="250"/>
	<Point X="214" Y="249"/>
	<Point X="215" Y="249"/>
	<Point X="216" Y="249"/>
	<Point X="217" Y="249"/>
	<Point X="218" Y="249"/>
	<Point X="219" Y="249"/>
	<Point X="220" Y="249"/>
	<Point X="221" Y="249"/>
</Gesture>
