<?xml version="1.0" ?>
<Gesture Name="left_sq_bracket06" Subject="01" Number="06" NumPts="219">
	<Point X="190" Y="137"/>
	<Point X="189" Y="137"/>
	<Point X="188" Y="137"/>
	<Point X="187" Y="137"/>
	<Point X="186" Y="137"/>
	<Point X="185" Y="137"/>
	<Point X="184" Y="137"/>
	<Point X="183" Y="137"/>
	<Point X="182" Y="137"/>
	<Point X="181" Y="137"/>
	<Point X="180" Y="137"/>
	<Point X="179" Y="137"/>
	<Point X="178" Y="137"/>
	<Point X="177" Y="137"/>
	<Point X="176" Y="137"/>
	<Point X="175" Y="138"/>
	<Point X="174" Y="138"/>
	<Point X="173" Y="138"/>
	<Point X="172" Y="138"/>
	<Point X="171" Y="138"/>
	<Point X="170" Y="138"/>
	<Point X="169" Y="139"/>
	<Point X="168" Y="139"/>
	<Point X="167" Y="139"/>
	<Point X="166" Y="139"/>
	<Point X="165" Y="139"/>
	<Point X="164" Y="139"/>
	<Point X="163" Y="139"/>
	<Point X="162" Y="139"/>
	<Point X="161" Y="140"/>
	<Point X="160" Y="140"/>
	<Point X="159" Y="140"/>
	<Point X="158" Y="140"/>
	<Point X="157" Y="140"/>
	<Point X="156" Y="140"/>
	<Point X="155" Y="140"/>
	<Point X="154" Y="140"/>
	<Point X="153" Y="140"/>
	<Point X="152" Y="140"/>
	<Point X="151" Y="140"/>
	<Point X="150" Y="140"/>
	<Point X="149" Y="140"/>
	<Point X="148" Y="140"/>
	<Point X="147" Y="140"/>
	<Point X="146" Y="140"/>
	<Point X="145" Y="140"/>
	<Point X="144" Y="141"/>
	<Point X="143" Y="141"/>
	<Point X="142" Y="141"/>
	<Point X="141" Y="141"/>
	<Point X="140" Y="141"/>
	<Point X="139" Y="141"/>
	<Point X="138" Y="141"/>
	<Point X="137" Y="141"/>
	<Point X="136" Y="141"/>
	<Point X="135" Y="141"/>
	<Point X="134" Y="141"/>
	<Point X="133" Y="141"/>
	<Point X="132" Y="141"/>
	<Point X="131" Y="141"/>
	<Point X="130" Y="141"/>
	<Point X="129" Y="141"/>
	<Point X="128" Y="141"/>
	<Point X="127" Y="141"/>
	<Point X="127" Y="142"/>
	<Point X="127" Y="143"/>
	<Point X="127" Y="144"/>
	<Point X="127" Y="145"/>
	<Point X="127" Y="146"/>
	<Point X="126" Y="147"/>
	<Point X="126" Y="148"/>
	<Point X="126" Y="149"/>
	<Point X="126" Y="150"/>
	<Point X="126" Y="151"/>
	<Point X="126" Y="152"/>
	<Point X="126" Y="153"/>
	<Point X="125" Y="154"/>
	<Point X="125" Y="155"/>
	<Point X="125" Y="156"/>
	<Point X="125" Y="157"/>
	<Point X="125" Y="158"/>
	<Point X="125" Y="159"/>
	<Point X="125" Y="160"/>
	<Point X="125" Y="161"/>
	<Point X="125" Y="162"/>
	<Point X="125" Y="163"/>
	<Point X="125" Y="166"/>
	<Point X="125" Y="167"/>
	<Point X="125" Y="168"/>
	<Point X="125" Y="169"/>
	<Point X="125" Y="170"/>
	<Point X="125" Y="171"/>
	<Point X="125" Y="172"/>
	<Point X="125" Y="173"/>
	<Point X="125" Y="174"/>
	<Point X="125" Y="175"/>
	<Point X="125" Y="177"/>
	<Point X="125" Y="178"/>
	<Point X="125" Y="179"/>
	<Point X="125" Y="180"/>
	<Point X="125" Y="181"/>
	<Point X="125" Y="182"/>
	<Point X="125" Y="184"/>
	<Point X="125" Y="185"/>
	<Point X="125" Y="186"/>
	<Point X="125" Y="188"/>
	<Point X="125" Y="189"/>
	<Point X="125" Y="190"/>
	<Point X="125" Y="191"/>
	<Point X="125" Y="192"/>
	<Point X="124" Y="193"/>
	<Point X="124" Y="194"/>
	<Point X="124" Y="197"/>
	<Point X="124" Y="198"/>
	<Point X="124" Y="199"/>
	<Point X="124" Y="200"/>
	<Point X="124" Y="201"/>
	<Point X="124" Y="202"/>
	<Point X="124" Y="203"/>
	<Point X="123" Y="203"/>
	<Point X="123" Y="204"/>
	<Point X="123" Y="205"/>
	<Point X="123" Y="206"/>
	<Point X="123" Y="208"/>
	<Point X="123" Y="209"/>
	<Point X="123" Y="210"/>
	<Point X="123" Y="212"/>
	<Point X="123" Y="214"/>
	<Point X="122" Y="216"/>
	<Point X="122" Y="217"/>
	<Point X="122" Y="218"/>
	<Point X="122" Y="219"/>
	<Point X="122" Y="222"/>
	<Point X="122" Y="223"/>
	<Point X="122" Y="224"/>
	<Point X="121" Y="226"/>
	<Point X="121" Y="227"/>
	<Point X="121" Y="228"/>
	<Point X="121" Y="229"/>
	<Point X="121" Y="230"/>
	<Point X="121" Y="231"/>
	<Point X="121" Y="232"/>
	<Point X="121" Y="233"/>
	<Point X="121" Y="234"/>
	<Point X="121" Y="235"/>
	<Point X="121" Y="236"/>
	<Point X="121" Y="238"/>
	<Point X="121" Y="239"/>
	<Point X="121" Y="240"/>
	<Point X="121" Y="241"/>
	<Point X="121" Y="242"/>
	<Point X="121" Y="243"/>
	<Point X="121" Y="244"/>
	<Point X="121" Y="245"/>
	<Point X="122" Y="246"/>
	<Point X="122" Y="247"/>
	<Point X="122" Y="248"/>
	<Point X="123" Y="248"/>
	<Point X="123" Y="249"/>
	<Point X="124" Y="249"/>
	<Point X="125" Y="249"/>
	<Point X="126" Y="249"/>
	<Point X="127" Y="249"/>
	<Point X="128" Y="249"/>
	<Point X="129" Y="249"/>
	<Point X="130" Y="249"/>
	<Point X="131" Y="249"/>
	<Point X="131" Y="250"/>
	<Point X="132" Y="250"/>
	<Point X="133" Y="250"/>
	<Point X="134" Y="250"/>
	<Point X="135" Y="250"/>
	<Point X="136" Y="250"/>
	<Point X="137" Y="250"/>
	<Point X="138" Y="250"/>
	<Point X="139" Y="250"/>
	<Point X="140" Y="250"/>
	<Point X="141" Y="250"/>
	<Point X="142" Y="250"/>
	<Point X="143" Y="250"/>
	<Point X="144" Y="250"/>
	<Point X="145" Y="250"/>
	<Point X="146" Y="250"/>
	<Point X="147" Y="250"/>
	<Point X="148" Y="250"/>
	<Point X="149" Y="250"/>
	<Point X="150" Y="250"/>
	<Point X="151" Y="250"/>
	<Point X="152" Y="250"/>
	<Point X="154" Y="250"/>
	<Point X="156" Y="249"/>
	<Point X="157" Y="249"/>
	<Point X="158" Y="249"/>
	<Point X="159" Y="249"/>
	<Point X="160" Y="249"/>
	<Point X="161" Y="249"/>
	<Point X="162" Y="249"/>
	<Point X="163" Y="249"/>
	<Point X="164" Y="249"/>
	<Point X="165" Y="249"/>
	<Point X="166" Y="249"/>
	<Point X="167" Y="249"/>
	<Point X="168" Y="248"/>
	<Point X="169" Y="248"/>
	<Point X="170" Y="248"/>
	<Point X="171" Y="248"/>
	<Point X="172" Y="248"/>
	<Point X="173" Y="248"/>
	<Point X="174" Y="248"/>
	<Point X="175" Y="248"/>
	<Point X="176" Y="248"/>
	<Point X="177" Y="248"/>
	<Point X="178" Y="248"/>
	<Point X="179" Y="248"/>
	<Point X="180" Y="248"/>
	<Point X="181" Y="248"/>
	<Point X="182" Y="248"/>
	<Point X="183" Y="248"/>
	<Point X="183" Y="247"/>
</Gesture>
