<?xml version="1.0" ?>
<Gesture Name="left_curly_brace08" Subject="01" Number="08" NumPts="297">
	<Point X="189" Y="112"/>
	<Point X="188" Y="112"/>
	<Point X="187" Y="112"/>
	<Point X="186" Y="113"/>
	<Point X="185" Y="113"/>
	<Point X="184" Y="113"/>
	<Point X="183" Y="113"/>
	<Point X="183" Y="114"/>
	<Point X="182" Y="114"/>
	<Point X="181" Y="114"/>
	<Point X="180" Y="114"/>
	<Point X="180" Y="115"/>
	<Point X="179" Y="115"/>
	<Point X="178" Y="115"/>
	<Point X="178" Y="116"/>
	<Point X="177" Y="116"/>
	<Point X="176" Y="116"/>
	<Point X="176" Y="117"/>
	<Point X="175" Y="117"/>
	<Point X="174" Y="117"/>
	<Point X="174" Y="118"/>
	<Point X="173" Y="118"/>
	<Point X="172" Y="118"/>
	<Point X="172" Y="119"/>
	<Point X="171" Y="119"/>
	<Point X="170" Y="119"/>
	<Point X="170" Y="120"/>
	<Point X="169" Y="120"/>
	<Point X="168" Y="121"/>
	<Point X="167" Y="121"/>
	<Point X="167" Y="122"/>
	<Point X="166" Y="122"/>
	<Point X="165" Y="122"/>
	<Point X="165" Y="123"/>
	<Point X="164" Y="123"/>
	<Point X="164" Y="124"/>
	<Point X="163" Y="124"/>
	<Point X="163" Y="125"/>
	<Point X="162" Y="125"/>
	<Point X="161" Y="126"/>
	<Point X="160" Y="126"/>
	<Point X="160" Y="127"/>
	<Point X="158" Y="129"/>
	<Point X="156" Y="131"/>
	<Point X="155" Y="132"/>
	<Point X="154" Y="134"/>
	<Point X="152" Y="138"/>
	<Point X="152" Y="140"/>
	<Point X="151" Y="141"/>
	<Point X="151" Y="142"/>
	<Point X="150" Y="144"/>
	<Point X="150" Y="146"/>
	<Point X="150" Y="148"/>
	<Point X="150" Y="150"/>
	<Point X="150" Y="151"/>
	<Point X="149" Y="153"/>
	<Point X="149" Y="154"/>
	<Point X="149" Y="156"/>
	<Point X="149" Y="157"/>
	<Point X="149" Y="159"/>
	<Point X="149" Y="160"/>
	<Point X="149" Y="161"/>
	<Point X="149" Y="162"/>
	<Point X="149" Y="163"/>
	<Point X="149" Y="164"/>
	<Point X="149" Y="165"/>
	<Point X="150" Y="166"/>
	<Point X="150" Y="167"/>
	<Point X="150" Y="168"/>
	<Point X="150" Y="169"/>
	<Point X="150" Y="170"/>
	<Point X="151" Y="170"/>
	<Point X="151" Y="171"/>
	<Point X="151" Y="172"/>
	<Point X="151" Y="173"/>
	<Point X="152" Y="174"/>
	<Point X="152" Y="175"/>
	<Point X="152" Y="176"/>
	<Point X="153" Y="177"/>
	<Point X="153" Y="178"/>
	<Point X="153" Y="179"/>
	<Point X="154" Y="179"/>
	<Point X="154" Y="181"/>
	<Point X="155" Y="182"/>
	<Point X="155" Y="183"/>
	<Point X="155" Y="184"/>
	<Point X="156" Y="185"/>
	<Point X="156" Y="186"/>
	<Point X="157" Y="186"/>
	<Point X="157" Y="187"/>
	<Point X="157" Y="188"/>
	<Point X="157" Y="189"/>
	<Point X="158" Y="190"/>
	<Point X="159" Y="191"/>
	<Point X="159" Y="192"/>
	<Point X="159" Y="193"/>
	<Point X="159" Y="194"/>
	<Point X="160" Y="194"/>
	<Point X="160" Y="195"/>
	<Point X="160" Y="196"/>
	<Point X="160" Y="197"/>
	<Point X="160" Y="198"/>
	<Point X="161" Y="198"/>
	<Point X="161" Y="199"/>
	<Point X="161" Y="200"/>
	<Point X="161" Y="201"/>
	<Point X="161" Y="202"/>
	<Point X="161" Y="203"/>
	<Point X="161" Y="204"/>
	<Point X="161" Y="205"/>
	<Point X="161" Y="206"/>
	<Point X="161" Y="207"/>
	<Point X="161" Y="208"/>
	<Point X="161" Y="209"/>
	<Point X="161" Y="210"/>
	<Point X="161" Y="211"/>
	<Point X="161" Y="212"/>
	<Point X="161" Y="213"/>
	<Point X="160" Y="213"/>
	<Point X="160" Y="214"/>
	<Point X="160" Y="215"/>
	<Point X="159" Y="216"/>
	<Point X="159" Y="217"/>
	<Point X="158" Y="218"/>
	<Point X="158" Y="219"/>
	<Point X="157" Y="219"/>
	<Point X="157" Y="220"/>
	<Point X="156" Y="220"/>
	<Point X="156" Y="221"/>
	<Point X="155" Y="222"/>
	<Point X="154" Y="223"/>
	<Point X="153" Y="223"/>
	<Point X="153" Y="224"/>
	<Point X="152" Y="224"/>
	<Point X="152" Y="225"/>
	<Point X="151" Y="225"/>
	<Point X="150" Y="225"/>
	<Point X="150" Y="226"/>
	<Point X="149" Y="226"/>
	<Point X="148" Y="226"/>
	<Point X="147" Y="226"/>
	<Point X="147" Y="227"/>
	<Point X="146" Y="227"/>
	<Point X="145" Y="227"/>
	<Point X="144" Y="227"/>
	<Point X="143" Y="227"/>
	<Point X="142" Y="227"/>
	<Point X="142" Y="228"/>
	<Point X="141" Y="228"/>
	<Point X="140" Y="228"/>
	<Point X="139" Y="228"/>
	<Point X="140" Y="228"/>
	<Point X="141" Y="228"/>
	<Point X="142" Y="228"/>
	<Point X="142" Y="229"/>
	<Point X="143" Y="229"/>
	<Point X="144" Y="229"/>
	<Point X="144" Y="230"/>
	<Point X="145" Y="230"/>
	<Point X="146" Y="231"/>
	<Point X="147" Y="231"/>
	<Point X="147" Y="232"/>
	<Point X="148" Y="232"/>
	<Point X="149" Y="232"/>
	<Point X="149" Y="233"/>
	<Point X="150" Y="233"/>
	<Point X="150" Y="234"/>
	<Point X="151" Y="234"/>
	<Point X="152" Y="235"/>
	<Point X="153" Y="235"/>
	<Point X="153" Y="236"/>
	<Point X="154" Y="236"/>
	<Point X="154" Y="237"/>
	<Point X="155" Y="237"/>
	<Point X="155" Y="238"/>
	<Point X="156" Y="238"/>
	<Point X="156" Y="239"/>
	<Point X="157" Y="239"/>
	<Point X="157" Y="240"/>
	<Point X="158" Y="241"/>
	<Point X="158" Y="242"/>
	<Point X="159" Y="242"/>
	<Point X="159" Y="243"/>
	<Point X="160" Y="243"/>
	<Point X="160" Y="244"/>
	<Point X="160" Y="245"/>
	<Point X="161" Y="245"/>
	<Point X="161" Y="246"/>
	<Point X="161" Y="247"/>
	<Point X="162" Y="247"/>
	<Point X="162" Y="248"/>
	<Point X="162" Y="249"/>
	<Point X="163" Y="249"/>
	<Point X="163" Y="250"/>
	<Point X="163" Y="251"/>
	<Point X="164" Y="251"/>
	<Point X="164" Y="252"/>
	<Point X="164" Y="253"/>
	<Point X="165" Y="253"/>
	<Point X="165" Y="254"/>
	<Point X="165" Y="255"/>
	<Point X="166" Y="256"/>
	<Point X="166" Y="257"/>
	<Point X="166" Y="258"/>
	<Point X="167" Y="258"/>
	<Point X="167" Y="259"/>
	<Point X="167" Y="260"/>
	<Point X="168" Y="261"/>
	<Point X="168" Y="262"/>
	<Point X="168" Y="263"/>
	<Point X="168" Y="264"/>
	<Point X="169" Y="264"/>
	<Point X="169" Y="265"/>
	<Point X="169" Y="266"/>
	<Point X="169" Y="267"/>
	<Point X="170" Y="267"/>
	<Point X="170" Y="268"/>
	<Point X="170" Y="269"/>
	<Point X="170" Y="270"/>
	<Point X="171" Y="270"/>
	<Point X="171" Y="271"/>
	<Point X="171" Y="272"/>
	<Point X="171" Y="273"/>
	<Point X="172" Y="273"/>
	<Point X="172" Y="274"/>
	<Point X="172" Y="275"/>
	<Point X="173" Y="276"/>
	<Point X="173" Y="277"/>
	<Point X="173" Y="278"/>
	<Point X="174" Y="278"/>
	<Point X="174" Y="279"/>
	<Point X="174" Y="280"/>
	<Point X="174" Y="281"/>
	<Point X="175" Y="281"/>
	<Point X="175" Y="282"/>
	<Point X="175" Y="283"/>
	<Point X="176" Y="283"/>
	<Point X="176" Y="284"/>
	<Point X="176" Y="285"/>
	<Point X="177" Y="285"/>
	<Point X="177" Y="286"/>
	<Point X="177" Y="287"/>
	<Point X="178" Y="287"/>
	<Point X="178" Y="288"/>
	<Point X="178" Y="289"/>
	<Point X="179" Y="289"/>
	<Point X="179" Y="290"/>
	<Point X="179" Y="291"/>
	<Point X="180" Y="291"/>
	<Point X="180" Y="292"/>
	<Point X="180" Y="293"/>
	<Point X="181" Y="293"/>
	<Point X="181" Y="294"/>
	<Point X="181" Y="295"/>
	<Point X="182" Y="295"/>
	<Point X="182" Y="296"/>
	<Point X="183" Y="296"/>
	<Point X="183" Y="297"/>
	<Point X="183" Y="298"/>
	<Point X="184" Y="298"/>
	<Point X="184" Y="299"/>
	<Point X="185" Y="299"/>
	<Point X="185" Y="300"/>
	<Point X="186" Y="300"/>
	<Point X="186" Y="301"/>
	<Point X="187" Y="301"/>
	<Point X="187" Y="302"/>
	<Point X="188" Y="302"/>
	<Point X="188" Y="303"/>
	<Point X="189" Y="303"/>
	<Point X="190" Y="303"/>
	<Point X="190" Y="304"/>
	<Point X="191" Y="304"/>
	<Point X="192" Y="304"/>
	<Point X="193" Y="304"/>
	<Point X="194" Y="304"/>
	<Point X="195" Y="304"/>
	<Point X="196" Y="304"/>
	<Point X="197" Y="304"/>
	<Point X="198" Y="304"/>
	<Point X="199" Y="304"/>
	<Point X="200" Y="304"/>
	<Point X="201" Y="303"/>
	<Point X="202" Y="303"/>
	<Point X="202" Y="302"/>
	<Point X="203" Y="302"/>
	<Point X="203" Y="301"/>
	<Point X="204" Y="301"/>
	<Point X="204" Y="300"/>
	<Point X="205" Y="300"/>
	<Point X="205" Y="299"/>
	<Point X="206" Y="299"/>
	<Point X="206" Y="298"/>
	<Point X="207" Y="298"/>
	<Point X="207" Y="297"/>
	<Point X="208" Y="297"/>
	<Point X="208" Y="296"/>
</Gesture>
