<?xml version="1.0" ?>
<Gesture Name="left_sq_bracket07" Subject="01" Number="07" NumPts="208">
	<Point X="192" Y="143"/>
	<Point X="191" Y="143"/>
	<Point X="190" Y="143"/>
	<Point X="190" Y="142"/>
	<Point X="189" Y="142"/>
	<Point X="188" Y="142"/>
	<Point X="187" Y="142"/>
	<Point X="186" Y="142"/>
	<Point X="185" Y="142"/>
	<Point X="184" Y="142"/>
	<Point X="184" Y="141"/>
	<Point X="183" Y="141"/>
	<Point X="182" Y="141"/>
	<Point X="181" Y="141"/>
	<Point X="180" Y="141"/>
	<Point X="179" Y="141"/>
	<Point X="178" Y="141"/>
	<Point X="178" Y="140"/>
	<Point X="177" Y="140"/>
	<Point X="176" Y="140"/>
	<Point X="175" Y="140"/>
	<Point X="174" Y="140"/>
	<Point X="173" Y="140"/>
	<Point X="172" Y="140"/>
	<Point X="171" Y="139"/>
	<Point X="170" Y="139"/>
	<Point X="169" Y="139"/>
	<Point X="168" Y="139"/>
	<Point X="167" Y="139"/>
	<Point X="166" Y="139"/>
	<Point X="165" Y="139"/>
	<Point X="164" Y="139"/>
	<Point X="163" Y="139"/>
	<Point X="162" Y="139"/>
	<Point X="161" Y="139"/>
	<Point X="160" Y="139"/>
	<Point X="159" Y="139"/>
	<Point X="158" Y="139"/>
	<Point X="157" Y="139"/>
	<Point X="156" Y="139"/>
	<Point X="155" Y="139"/>
	<Point X="154" Y="139"/>
	<Point X="153" Y="139"/>
	<Point X="152" Y="139"/>
	<Point X="151" Y="139"/>
	<Point X="150" Y="139"/>
	<Point X="149" Y="139"/>
	<Point X="148" Y="139"/>
	<Point X="148" Y="140"/>
	<Point X="148" Y="141"/>
	<Point X="148" Y="142"/>
	<Point X="148" Y="143"/>
	<Point X="148" Y="144"/>
	<Point X="148" Y="145"/>
	<Point X="148" Y="146"/>
	<Point X="148" Y="147"/>
	<Point X="148" Y="148"/>
	<Point X="148" Y="149"/>
	<Point X="148" Y="150"/>
	<Point X="148" Y="151"/>
	<Point X="148" Y="152"/>
	<Point X="148" Y="153"/>
	<Point X="147" Y="154"/>
	<Point X="147" Y="155"/>
	<Point X="147" Y="156"/>
	<Point X="147" Y="157"/>
	<Point X="147" Y="158"/>
	<Point X="147" Y="159"/>
	<Point X="147" Y="160"/>
	<Point X="147" Y="161"/>
	<Point X="147" Y="162"/>
	<Point X="147" Y="163"/>
	<Point X="147" Y="164"/>
	<Point X="147" Y="166"/>
	<Point X="147" Y="168"/>
	<Point X="147" Y="169"/>
	<Point X="147" Y="170"/>
	<Point X="147" Y="171"/>
	<Point X="147" Y="172"/>
	<Point X="147" Y="173"/>
	<Point X="147" Y="174"/>
	<Point X="147" Y="175"/>
	<Point X="147" Y="176"/>
	<Point X="147" Y="177"/>
	<Point X="146" Y="177"/>
	<Point X="146" Y="178"/>
	<Point X="146" Y="179"/>
	<Point X="146" Y="180"/>
	<Point X="146" Y="181"/>
	<Point X="146" Y="182"/>
	<Point X="146" Y="183"/>
	<Point X="146" Y="184"/>
	<Point X="146" Y="185"/>
	<Point X="146" Y="186"/>
	<Point X="146" Y="187"/>
	<Point X="146" Y="188"/>
	<Point X="145" Y="189"/>
	<Point X="145" Y="190"/>
	<Point X="145" Y="191"/>
	<Point X="145" Y="192"/>
	<Point X="145" Y="193"/>
	<Point X="145" Y="194"/>
	<Point X="145" Y="195"/>
	<Point X="145" Y="196"/>
	<Point X="145" Y="197"/>
	<Point X="145" Y="198"/>
	<Point X="145" Y="199"/>
	<Point X="145" Y="200"/>
	<Point X="145" Y="201"/>
	<Point X="145" Y="202"/>
	<Point X="145" Y="203"/>
	<Point X="145" Y="204"/>
	<Point X="145" Y="205"/>
	<Point X="145" Y="206"/>
	<Point X="145" Y="207"/>
	<Point X="145" Y="208"/>
	<Point X="145" Y="209"/>
	<Point X="145" Y="210"/>
	<Point X="145" Y="211"/>
	<Point X="145" Y="212"/>
	<Point X="145" Y="213"/>
	<Point X="145" Y="214"/>
	<Point X="145" Y="215"/>
	<Point X="145" Y="216"/>
	<Point X="145" Y="217"/>
	<Point X="145" Y="218"/>
	<Point X="145" Y="220"/>
	<Point X="146" Y="221"/>
	<Point X="146" Y="222"/>
	<Point X="146" Y="223"/>
	<Point X="146" Y="224"/>
	<Point X="146" Y="225"/>
	<Point X="146" Y="226"/>
	<Point X="146" Y="227"/>
	<Point X="146" Y="228"/>
	<Point X="146" Y="229"/>
	<Point X="147" Y="229"/>
	<Point X="147" Y="230"/>
	<Point X="147" Y="231"/>
	<Point X="147" Y="232"/>
	<Point X="147" Y="233"/>
	<Point X="147" Y="234"/>
	<Point X="147" Y="235"/>
	<Point X="147" Y="236"/>
	<Point X="147" Y="237"/>
	<Point X="147" Y="238"/>
	<Point X="147" Y="239"/>
	<Point X="147" Y="240"/>
	<Point X="148" Y="241"/>
	<Point X="148" Y="242"/>
	<Point X="148" Y="243"/>
	<Point X="148" Y="244"/>
	<Point X="148" Y="245"/>
	<Point X="148" Y="246"/>
	<Point X="148" Y="247"/>
	<Point X="148" Y="248"/>
	<Point X="148" Y="249"/>
	<Point X="148" Y="250"/>
	<Point X="148" Y="251"/>
	<Point X="149" Y="251"/>
	<Point X="149" Y="252"/>
	<Point X="150" Y="252"/>
	<Point X="151" Y="252"/>
	<Point X="152" Y="252"/>
	<Point X="153" Y="252"/>
	<Point X="154" Y="252"/>
	<Point X="155" Y="252"/>
	<Point X="156" Y="252"/>
	<Point X="157" Y="252"/>
	<Point X="158" Y="252"/>
	<Point X="159" Y="252"/>
	<Point X="160" Y="252"/>
	<Point X="161" Y="252"/>
	<Point X="162" Y="252"/>
	<Point X="163" Y="252"/>
	<Point X="164" Y="252"/>
	<Point X="165" Y="252"/>
	<Point X="166" Y="252"/>
	<Point X="167" Y="252"/>
	<Point X="168" Y="252"/>
	<Point X="169" Y="252"/>
	<Point X="170" Y="252"/>
	<Point X="171" Y="252"/>
	<Point X="172" Y="252"/>
	<Point X="173" Y="252"/>
	<Point X="174" Y="252"/>
	<Point X="175" Y="252"/>
	<Point X="176" Y="252"/>
	<Point X="177" Y="252"/>
	<Point X="178" Y="252"/>
	<Point X="179" Y="252"/>
	<Point X="180" Y="252"/>
	<Point X="181" Y="252"/>
	<Point X="182" Y="252"/>
	<Point X="183" Y="252"/>
	<Point X="184" Y="252"/>
	<Point X="185" Y="252"/>
	<Point X="186" Y="252"/>
	<Point X="187" Y="252"/>
	<Point X="188" Y="252"/>
	<Point X="189" Y="252"/>
	<Point X="190" Y="252"/>
	<Point X="191" Y="252"/>
	<Point X="192" Y="252"/>
	<Point X="193" Y="252"/>
	<Point X="194" Y="252"/>
	<Point X="195" Y="252"/>
	<Point X="195" Y="251"/>
</Gesture>
