<?xml version="1.0" ?>
<Gesture Name="left_sq_bracket08" Subject="01" Number="08" NumPts="237">
	<Point X="213" Y="140"/>
	<Point X="212" Y="140"/>
	<Point X="211" Y="139"/>
	<Point X="210" Y="139"/>
	<Point X="209" Y="139"/>
	<Point X="208" Y="139"/>
	<Point X="207" Y="139"/>
	<Point X="206" Y="139"/>
	<Point X="205" Y="139"/>
	<Point X="204" Y="139"/>
	<Point X="203" Y="139"/>
	<Point X="202" Y="139"/>
	<Point X="201" Y="139"/>
	<Point X="200" Y="139"/>
	<Point X="199" Y="139"/>
	<Point X="198" Y="139"/>
	<Point X="197" Y="139"/>
	<Point X="196" Y="139"/>
	<Point X="195" Y="139"/>
	<Point X="194" Y="139"/>
	<Point X="193" Y="139"/>
	<Point X="192" Y="139"/>
	<Point X="191" Y="139"/>
	<Point X="190" Y="139"/>
	<Point X="189" Y="139"/>
	<Point X="189" Y="140"/>
	<Point X="188" Y="140"/>
	<Point X="187" Y="140"/>
	<Point X="186" Y="140"/>
	<Point X="185" Y="140"/>
	<Point X="184" Y="140"/>
	<Point X="183" Y="140"/>
	<Point X="182" Y="140"/>
	<Point X="181" Y="140"/>
	<Point X="180" Y="140"/>
	<Point X="179" Y="140"/>
	<Point X="179" Y="141"/>
	<Point X="178" Y="141"/>
	<Point X="177" Y="141"/>
	<Point X="176" Y="141"/>
	<Point X="175" Y="141"/>
	<Point X="174" Y="141"/>
	<Point X="173" Y="141"/>
	<Point X="172" Y="141"/>
	<Point X="171" Y="141"/>
	<Point X="170" Y="141"/>
	<Point X="169" Y="141"/>
	<Point X="168" Y="142"/>
	<Point X="167" Y="142"/>
	<Point X="166" Y="142"/>
	<Point X="165" Y="142"/>
	<Point X="164" Y="142"/>
	<Point X="163" Y="142"/>
	<Point X="162" Y="142"/>
	<Point X="161" Y="142"/>
	<Point X="160" Y="142"/>
	<Point X="159" Y="142"/>
	<Point X="158" Y="142"/>
	<Point X="157" Y="142"/>
	<Point X="156" Y="142"/>
	<Point X="156" Y="143"/>
	<Point X="156" Y="144"/>
	<Point X="156" Y="145"/>
	<Point X="156" Y="146"/>
	<Point X="156" Y="147"/>
	<Point X="156" Y="148"/>
	<Point X="156" Y="149"/>
	<Point X="156" Y="150"/>
	<Point X="156" Y="151"/>
	<Point X="156" Y="152"/>
	<Point X="156" Y="153"/>
	<Point X="157" Y="154"/>
	<Point X="157" Y="155"/>
	<Point X="157" Y="156"/>
	<Point X="157" Y="157"/>
	<Point X="157" Y="158"/>
	<Point X="157" Y="159"/>
	<Point X="158" Y="160"/>
	<Point X="158" Y="161"/>
	<Point X="158" Y="162"/>
	<Point X="158" Y="163"/>
	<Point X="158" Y="164"/>
	<Point X="158" Y="165"/>
	<Point X="158" Y="166"/>
	<Point X="159" Y="167"/>
	<Point X="159" Y="168"/>
	<Point X="159" Y="169"/>
	<Point X="159" Y="170"/>
	<Point X="159" Y="171"/>
	<Point X="159" Y="172"/>
	<Point X="159" Y="173"/>
	<Point X="159" Y="174"/>
	<Point X="159" Y="175"/>
	<Point X="160" Y="176"/>
	<Point X="160" Y="177"/>
	<Point X="160" Y="178"/>
	<Point X="160" Y="179"/>
	<Point X="160" Y="180"/>
	<Point X="160" Y="181"/>
	<Point X="160" Y="182"/>
	<Point X="160" Y="183"/>
	<Point X="160" Y="184"/>
	<Point X="160" Y="185"/>
	<Point X="160" Y="186"/>
	<Point X="161" Y="187"/>
	<Point X="161" Y="188"/>
	<Point X="161" Y="189"/>
	<Point X="161" Y="190"/>
	<Point X="161" Y="191"/>
	<Point X="161" Y="192"/>
	<Point X="161" Y="193"/>
	<Point X="161" Y="194"/>
	<Point X="161" Y="195"/>
	<Point X="161" Y="196"/>
	<Point X="161" Y="197"/>
	<Point X="161" Y="198"/>
	<Point X="161" Y="199"/>
	<Point X="161" Y="200"/>
	<Point X="162" Y="200"/>
	<Point X="162" Y="201"/>
	<Point X="162" Y="202"/>
	<Point X="162" Y="203"/>
	<Point X="162" Y="204"/>
	<Point X="162" Y="205"/>
	<Point X="162" Y="206"/>
	<Point X="162" Y="207"/>
	<Point X="162" Y="208"/>
	<Point X="162" Y="209"/>
	<Point X="162" Y="210"/>
	<Point X="162" Y="211"/>
	<Point X="162" Y="212"/>
	<Point X="162" Y="213"/>
	<Point X="162" Y="214"/>
	<Point X="162" Y="215"/>
	<Point X="162" Y="216"/>
	<Point X="162" Y="217"/>
	<Point X="162" Y="218"/>
	<Point X="163" Y="219"/>
	<Point X="163" Y="220"/>
	<Point X="163" Y="221"/>
	<Point X="163" Y="222"/>
	<Point X="163" Y="223"/>
	<Point X="163" Y="224"/>
	<Point X="163" Y="225"/>
	<Point X="163" Y="226"/>
	<Point X="163" Y="227"/>
	<Point X="163" Y="228"/>
	<Point X="163" Y="229"/>
	<Point X="163" Y="230"/>
	<Point X="163" Y="231"/>
	<Point X="163" Y="232"/>
	<Point X="163" Y="233"/>
	<Point X="163" Y="234"/>
	<Point X="163" Y="235"/>
	<Point X="163" Y="236"/>
	<Point X="163" Y="237"/>
	<Point X="163" Y="238"/>
	<Point X="163" Y="239"/>
	<Point X="163" Y="240"/>
	<Point X="163" Y="241"/>
	<Point X="163" Y="242"/>
	<Point X="163" Y="243"/>
	<Point X="163" Y="244"/>
	<Point X="163" Y="245"/>
	<Point X="163" Y="246"/>
	<Point X="163" Y="247"/>
	<Point X="163" Y="248"/>
	<Point X="163" Y="249"/>
	<Point X="163" Y="250"/>
	<Point X="163" Y="251"/>
	<Point X="163" Y="252"/>
	<Point X="163" Y="253"/>
	<Point X="163" Y="254"/>
	<Point X="163" Y="255"/>
	<Point X="164" Y="255"/>
	<Point X="164" Y="256"/>
	<Point X="164" Y="257"/>
	<Point X="164" Y="258"/>
	<Point X="164" Y="259"/>
	<Point X="164" Y="260"/>
	<Point X="165" Y="260"/>
	<Point X="166" Y="260"/>
	<Point X="167" Y="260"/>
	<Point X="168" Y="260"/>
	<Point X="169" Y="260"/>
	<Point X="170" Y="260"/>
	<Point X="171" Y="260"/>
	<Point X="172" Y="260"/>
	<Point X="173" Y="260"/>
	<Point X="174" Y="260"/>
	<Point X="175" Y="260"/>
	<Point X="176" Y="260"/>
	<Point X="177" Y="260"/>
	<Point X="178" Y="260"/>
	<Point X="178" Y="259"/>
	<Point X="179" Y="259"/>
	<Point X="180" Y="259"/>
	<Point X="181" Y="259"/>
	<Point X="182" Y="259"/>
	<Point X="183" Y="259"/>
	<Point X="184" Y="259"/>
	<Point X="185" Y="259"/>
	<Point X="186" Y="259"/>
	<Point X="187" Y="259"/>
	<Point X="188" Y="259"/>
	<Point X="189" Y="259"/>
	<Point X="190" Y="259"/>
	<Point X="191" Y="259"/>
	<Point X="192" Y="259"/>
	<Point X="193" Y="259"/>
	<Point X="194" Y="259"/>
	<Point X="195" Y="259"/>
	<Point X="196" Y="259"/>
	<Point X="197" Y="259"/>
	<Point X="198" Y="259"/>
	<Point X="199" Y="259"/>
	<Point X="200" Y="259"/>
	<Point X="201" Y="259"/>
	<Point X="202" Y="259"/>
	<Point X="203" Y="259"/>
	<Point X="204" Y="259"/>
	<Point X="204" Y="258"/>
	<Point X="205" Y="258"/>
	<Point X="206" Y="258"/>
	<Point X="207" Y="258"/>
	<Point X="208" Y="258"/>
	<Point X="209" Y="258"/>
	<Point X="210" Y="258"/>
	<Point X="211" Y="258"/>
	<Point X="212" Y="258"/>
	<Point X="213" Y="258"/>
	<Point X="214" Y="258"/>
	<Point X="215" Y="258"/>
	<Point X="215" Y="257"/>
	<Point X="216" Y="257"/>
	<Point X="217" Y="257"/>
	<Point X="218" Y="257"/>
</Gesture>
