<?xml version="1.0" ?>
<Gesture Name="left_curly_brace09" Subject="01" Number="09" NumPts="285">
	<Point X="206" Y="139"/>
	<Point X="205" Y="139"/>
	<Point X="205" Y="138"/>
	<Point X="204" Y="138"/>
	<Point X="203" Y="138"/>
	<Point X="202" Y="138"/>
	<Point X="201" Y="138"/>
	<Point X="200" Y="138"/>
	<Point X="199" Y="138"/>
	<Point X="198" Y="138"/>
	<Point X="197" Y="138"/>
	<Point X="196" Y="138"/>
	<Point X="195" Y="138"/>
	<Point X="194" Y="138"/>
	<Point X="193" Y="138"/>
	<Point X="192" Y="138"/>
	<Point X="192" Y="139"/>
	<Point X="191" Y="139"/>
	<Point X="190" Y="139"/>
	<Point X="189" Y="139"/>
	<Point X="189" Y="140"/>
	<Point X="188" Y="140"/>
	<Point X="187" Y="140"/>
	<Point X="186" Y="140"/>
	<Point X="186" Y="141"/>
	<Point X="185" Y="141"/>
	<Point X="184" Y="141"/>
	<Point X="184" Y="142"/>
	<Point X="183" Y="142"/>
	<Point X="182" Y="142"/>
	<Point X="182" Y="143"/>
	<Point X="181" Y="143"/>
	<Point X="180" Y="143"/>
	<Point X="180" Y="144"/>
	<Point X="179" Y="144"/>
	<Point X="179" Y="145"/>
	<Point X="178" Y="145"/>
	<Point X="177" Y="146"/>
	<Point X="176" Y="146"/>
	<Point X="176" Y="147"/>
	<Point X="175" Y="147"/>
	<Point X="175" Y="148"/>
	<Point X="174" Y="148"/>
	<Point X="174" Y="149"/>
	<Point X="173" Y="149"/>
	<Point X="172" Y="150"/>
	<Point X="172" Y="151"/>
	<Point X="171" Y="151"/>
	<Point X="171" Y="152"/>
	<Point X="170" Y="152"/>
	<Point X="170" Y="153"/>
	<Point X="170" Y="154"/>
	<Point X="169" Y="155"/>
	<Point X="169" Y="156"/>
	<Point X="169" Y="157"/>
	<Point X="169" Y="158"/>
	<Point X="168" Y="158"/>
	<Point X="168" Y="159"/>
	<Point X="168" Y="160"/>
	<Point X="168" Y="161"/>
	<Point X="168" Y="162"/>
	<Point X="168" Y="163"/>
	<Point X="168" Y="164"/>
	<Point X="168" Y="165"/>
	<Point X="168" Y="166"/>
	<Point X="168" Y="167"/>
	<Point X="168" Y="168"/>
	<Point X="168" Y="169"/>
	<Point X="168" Y="170"/>
	<Point X="169" Y="170"/>
	<Point X="169" Y="171"/>
	<Point X="169" Y="172"/>
	<Point X="169" Y="173"/>
	<Point X="170" Y="174"/>
	<Point X="170" Y="175"/>
	<Point X="170" Y="176"/>
	<Point X="171" Y="176"/>
	<Point X="171" Y="177"/>
	<Point X="171" Y="178"/>
	<Point X="172" Y="179"/>
	<Point X="172" Y="180"/>
	<Point X="173" Y="180"/>
	<Point X="173" Y="181"/>
	<Point X="173" Y="182"/>
	<Point X="174" Y="182"/>
	<Point X="174" Y="183"/>
	<Point X="174" Y="184"/>
	<Point X="175" Y="184"/>
	<Point X="175" Y="185"/>
	<Point X="175" Y="186"/>
	<Point X="176" Y="187"/>
	<Point X="176" Y="188"/>
	<Point X="177" Y="189"/>
	<Point X="177" Y="190"/>
	<Point X="178" Y="190"/>
	<Point X="178" Y="191"/>
	<Point X="178" Y="192"/>
	<Point X="179" Y="192"/>
	<Point X="179" Y="193"/>
	<Point X="179" Y="194"/>
	<Point X="180" Y="194"/>
	<Point X="180" Y="195"/>
	<Point X="180" Y="196"/>
	<Point X="181" Y="196"/>
	<Point X="181" Y="197"/>
	<Point X="181" Y="198"/>
	<Point X="182" Y="198"/>
	<Point X="182" Y="199"/>
	<Point X="182" Y="200"/>
	<Point X="182" Y="201"/>
	<Point X="183" Y="201"/>
	<Point X="183" Y="202"/>
	<Point X="183" Y="203"/>
	<Point X="184" Y="204"/>
	<Point X="184" Y="205"/>
	<Point X="184" Y="206"/>
	<Point X="185" Y="206"/>
	<Point X="185" Y="207"/>
	<Point X="185" Y="208"/>
	<Point X="185" Y="209"/>
	<Point X="185" Y="210"/>
	<Point X="186" Y="211"/>
	<Point X="186" Y="212"/>
	<Point X="186" Y="213"/>
	<Point X="186" Y="214"/>
	<Point X="186" Y="215"/>
	<Point X="186" Y="216"/>
	<Point X="186" Y="217"/>
	<Point X="186" Y="218"/>
	<Point X="186" Y="219"/>
	<Point X="186" Y="220"/>
	<Point X="186" Y="221"/>
	<Point X="186" Y="222"/>
	<Point X="186" Y="223"/>
	<Point X="186" Y="224"/>
	<Point X="186" Y="225"/>
	<Point X="186" Y="226"/>
	<Point X="186" Y="227"/>
	<Point X="186" Y="228"/>
	<Point X="186" Y="229"/>
	<Point X="186" Y="230"/>
	<Point X="185" Y="230"/>
	<Point X="185" Y="231"/>
	<Point X="185" Y="232"/>
	<Point X="185" Y="233"/>
	<Point X="184" Y="233"/>
	<Point X="184" Y="234"/>
	<Point X="183" Y="234"/>
	<Point X="183" Y="235"/>
	<Point X="182" Y="235"/>
	<Point X="182" Y="236"/>
	<Point X="181" Y="236"/>
	<Point X="180" Y="236"/>
	<Point X="179" Y="236"/>
	<Point X="179" Y="237"/>
	<Point X="178" Y="237"/>
	<Point X="177" Y="237"/>
	<Point X="176" Y="237"/>
	<Point X="176" Y="238"/>
	<Point X="175" Y="238"/>
	<Point X="174" Y="238"/>
	<Point X="173" Y="238"/>
	<Point X="172" Y="238"/>
	<Point X="171" Y="238"/>
	<Point X="171" Y="239"/>
	<Point X="170" Y="239"/>
	<Point X="169" Y="239"/>
	<Point X="168" Y="239"/>
	<Point X="167" Y="239"/>
	<Point X="167" Y="240"/>
	<Point X="166" Y="240"/>
	<Point X="165" Y="240"/>
	<Point X="165" Y="241"/>
	<Point X="166" Y="241"/>
	<Point X="167" Y="241"/>
	<Point X="167" Y="242"/>
	<Point X="168" Y="242"/>
	<Point X="169" Y="242"/>
	<Point X="169" Y="243"/>
	<Point X="170" Y="243"/>
	<Point X="171" Y="243"/>
	<Point X="172" Y="244"/>
	<Point X="173" Y="244"/>
	<Point X="174" Y="244"/>
	<Point X="174" Y="245"/>
	<Point X="175" Y="245"/>
	<Point X="176" Y="245"/>
	<Point X="176" Y="246"/>
	<Point X="177" Y="246"/>
	<Point X="178" Y="246"/>
	<Point X="179" Y="247"/>
	<Point X="180" Y="247"/>
	<Point X="180" Y="248"/>
	<Point X="181" Y="248"/>
	<Point X="182" Y="248"/>
	<Point X="182" Y="249"/>
	<Point X="183" Y="249"/>
	<Point X="184" Y="250"/>
	<Point X="185" Y="250"/>
	<Point X="185" Y="251"/>
	<Point X="186" Y="251"/>
	<Point X="186" Y="252"/>
	<Point X="187" Y="252"/>
	<Point X="187" Y="253"/>
	<Point X="188" Y="253"/>
	<Point X="188" Y="254"/>
	<Point X="189" Y="255"/>
	<Point X="189" Y="256"/>
	<Point X="190" Y="256"/>
	<Point X="190" Y="257"/>
	<Point X="190" Y="258"/>
	<Point X="191" Y="258"/>
	<Point X="191" Y="259"/>
	<Point X="191" Y="260"/>
	<Point X="192" Y="261"/>
	<Point X="192" Y="262"/>
	<Point X="193" Y="262"/>
	<Point X="193" Y="263"/>
	<Point X="193" Y="264"/>
	<Point X="194" Y="265"/>
	<Point X="194" Y="266"/>
	<Point X="194" Y="267"/>
	<Point X="195" Y="267"/>
	<Point X="195" Y="268"/>
	<Point X="195" Y="269"/>
	<Point X="196" Y="269"/>
	<Point X="196" Y="270"/>
	<Point X="196" Y="271"/>
	<Point X="196" Y="272"/>
	<Point X="197" Y="272"/>
	<Point X="197" Y="273"/>
	<Point X="197" Y="274"/>
	<Point X="198" Y="274"/>
	<Point X="198" Y="275"/>
	<Point X="198" Y="276"/>
	<Point X="199" Y="276"/>
	<Point X="199" Y="277"/>
	<Point X="199" Y="278"/>
	<Point X="200" Y="278"/>
	<Point X="200" Y="279"/>
	<Point X="200" Y="280"/>
	<Point X="201" Y="280"/>
	<Point X="201" Y="281"/>
	<Point X="202" Y="281"/>
	<Point X="202" Y="282"/>
	<Point X="202" Y="283"/>
	<Point X="203" Y="283"/>
	<Point X="203" Y="284"/>
	<Point X="204" Y="284"/>
	<Point X="204" Y="285"/>
	<Point X="205" Y="286"/>
	<Point X="206" Y="286"/>
	<Point X="206" Y="287"/>
	<Point X="207" Y="287"/>
	<Point X="207" Y="288"/>
	<Point X="208" Y="288"/>
	<Point X="208" Y="289"/>
	<Point X="209" Y="289"/>
	<Point X="210" Y="290"/>
	<Point X="211" Y="290"/>
	<Point X="211" Y="291"/>
	<Point X="212" Y="291"/>
	<Point X="213" Y="292"/>
	<Point X="214" Y="292"/>
	<Point X="214" Y="293"/>
	<Point X="215" Y="293"/>
	<Point X="216" Y="293"/>
	<Point X="216" Y="294"/>
	<Point X="217" Y="294"/>
	<Point X="218" Y="294"/>
	<Point X="219" Y="294"/>
	<Point X="219" Y="295"/>
	<Point X="220" Y="295"/>
	<Point X="221" Y="295"/>
	<Point X="222" Y="295"/>
	<Point X="222" Y="296"/>
	<Point X="223" Y="296"/>
	<Point X="224" Y="296"/>
	<Point X="225" Y="296"/>
	<Point X="226" Y="296"/>
	<Point X="227" Y="296"/>
	<Point X="228" Y="296"/>
	<Point X="228" Y="295"/>
	<Point X="228" Y="294"/>
	<Point X="228" Y="293"/>
</Gesture>
