<?xml version="1.0" ?>
<Gesture Name="left_sq_bracket01" Subject="01" Number="01" NumPts="230">
	<Point X="176" Y="146"/>
	<Point X="175" Y="146"/>
	<Point X="174" Y="146"/>
	<Point X="173" Y="146"/>
	<Point X="172" Y="146"/>
	<Point X="171" Y="146"/>
	<Point X="170" Y="146"/>
	<Point X="169" Y="146"/>
	<Point X="168" Y="146"/>
	<Point X="167" Y="146"/>
	<Point X="166" Y="146"/>
	<Point X="165" Y="146"/>
	<Point X="164" Y="146"/>
	<Point X="163" Y="146"/>
	<Point X="162" Y="146"/>
	<Point X="161" Y="146"/>
	<Point X="160" Y="146"/>
	<Point X="159" Y="146"/>
	<Point X="158" Y="146"/>
	<Point X="157" Y="146"/>
	<Point X="156" Y="146"/>
	<Point X="155" Y="146"/>
	<Point X="154" Y="146"/>
	<Point X="153" Y="146"/>
	<Point X="152" Y="146"/>
	<Point X="151" Y="146"/>
	<Point X="150" Y="146"/>
	<Point X="149" Y="146"/>
	<Point X="148" Y="146"/>
	<Point X="147" Y="146"/>
	<Point X="146" Y="146"/>
	<Point X="145" Y="146"/>
	<Point X="144" Y="146"/>
	<Point X="143" Y="146"/>
	<Point X="142" Y="146"/>
	<Point X="141" Y="146"/>
	<Point X="140" Y="146"/>
	<Point X="139" Y="146"/>
	<Point X="138" Y="146"/>
	<Point X="137" Y="146"/>
	<Point X="136" Y="146"/>
	<Point X="135" Y="146"/>
	<Point X="134" Y="146"/>
	<Point X="133" Y="146"/>
	<Point X="132" Y="146"/>
	<Point X="132" Y="147"/>
	<Point X="132" Y="148"/>
	<Point X="131" Y="148"/>
	<Point X="131" Y="149"/>
	<Point X="131" Y="150"/>
	<Point X="131" Y="151"/>
	<Point X="130" Y="151"/>
	<Point X="130" Y="152"/>
	<Point X="130" Y="153"/>
	<Point X="130" Y="154"/>
	<Point X="130" Y="155"/>
	<Point X="129" Y="156"/>
	<Point X="129" Y="157"/>
	<Point X="129" Y="158"/>
	<Point X="129" Y="159"/>
	<Point X="129" Y="160"/>
	<Point X="128" Y="161"/>
	<Point X="128" Y="162"/>
	<Point X="128" Y="163"/>
	<Point X="128" Y="164"/>
	<Point X="128" Y="165"/>
	<Point X="128" Y="166"/>
	<Point X="127" Y="167"/>
	<Point X="127" Y="168"/>
	<Point X="127" Y="170"/>
	<Point X="127" Y="171"/>
	<Point X="127" Y="172"/>
	<Point X="126" Y="173"/>
	<Point X="126" Y="174"/>
	<Point X="126" Y="175"/>
	<Point X="126" Y="176"/>
	<Point X="126" Y="177"/>
	<Point X="126" Y="178"/>
	<Point X="125" Y="178"/>
	<Point X="125" Y="179"/>
	<Point X="125" Y="180"/>
	<Point X="125" Y="181"/>
	<Point X="125" Y="182"/>
	<Point X="125" Y="183"/>
	<Point X="125" Y="184"/>
	<Point X="124" Y="185"/>
	<Point X="124" Y="186"/>
	<Point X="124" Y="187"/>
	<Point X="124" Y="188"/>
	<Point X="124" Y="189"/>
	<Point X="124" Y="190"/>
	<Point X="124" Y="191"/>
	<Point X="123" Y="193"/>
	<Point X="123" Y="194"/>
	<Point X="123" Y="195"/>
	<Point X="123" Y="196"/>
	<Point X="123" Y="197"/>
	<Point X="123" Y="198"/>
	<Point X="123" Y="199"/>
	<Point X="122" Y="200"/>
	<Point X="122" Y="201"/>
	<Point X="122" Y="202"/>
	<Point X="122" Y="203"/>
	<Point X="122" Y="204"/>
	<Point X="122" Y="205"/>
	<Point X="122" Y="206"/>
	<Point X="122" Y="207"/>
	<Point X="122" Y="208"/>
	<Point X="122" Y="209"/>
	<Point X="122" Y="210"/>
	<Point X="121" Y="211"/>
	<Point X="121" Y="212"/>
	<Point X="121" Y="213"/>
	<Point X="121" Y="214"/>
	<Point X="121" Y="215"/>
	<Point X="121" Y="216"/>
	<Point X="121" Y="217"/>
	<Point X="121" Y="218"/>
	<Point X="120" Y="219"/>
	<Point X="120" Y="220"/>
	<Point X="120" Y="222"/>
	<Point X="120" Y="223"/>
	<Point X="120" Y="224"/>
	<Point X="120" Y="225"/>
	<Point X="120" Y="226"/>
	<Point X="120" Y="227"/>
	<Point X="120" Y="228"/>
	<Point X="120" Y="229"/>
	<Point X="119" Y="229"/>
	<Point X="119" Y="230"/>
	<Point X="119" Y="231"/>
	<Point X="119" Y="232"/>
	<Point X="119" Y="233"/>
	<Point X="119" Y="234"/>
	<Point X="119" Y="235"/>
	<Point X="119" Y="236"/>
	<Point X="119" Y="237"/>
	<Point X="118" Y="238"/>
	<Point X="118" Y="239"/>
	<Point X="118" Y="240"/>
	<Point X="118" Y="241"/>
	<Point X="118" Y="242"/>
	<Point X="118" Y="243"/>
	<Point X="118" Y="244"/>
	<Point X="118" Y="245"/>
	<Point X="118" Y="246"/>
	<Point X="118" Y="247"/>
	<Point X="118" Y="248"/>
	<Point X="118" Y="249"/>
	<Point X="118" Y="250"/>
	<Point X="118" Y="251"/>
	<Point X="118" Y="252"/>
	<Point X="118" Y="253"/>
	<Point X="118" Y="254"/>
	<Point X="118" Y="255"/>
	<Point X="118" Y="256"/>
	<Point X="118" Y="257"/>
	<Point X="118" Y="258"/>
	<Point X="118" Y="259"/>
	<Point X="118" Y="260"/>
	<Point X="119" Y="260"/>
	<Point X="119" Y="261"/>
	<Point X="120" Y="261"/>
	<Point X="120" Y="262"/>
	<Point X="121" Y="262"/>
	<Point X="122" Y="262"/>
	<Point X="122" Y="263"/>
	<Point X="123" Y="263"/>
	<Point X="124" Y="263"/>
	<Point X="124" Y="264"/>
	<Point X="125" Y="264"/>
	<Point X="126" Y="264"/>
	<Point X="126" Y="265"/>
	<Point X="127" Y="265"/>
	<Point X="128" Y="265"/>
	<Point X="128" Y="266"/>
	<Point X="129" Y="266"/>
	<Point X="130" Y="266"/>
	<Point X="130" Y="267"/>
	<Point X="131" Y="267"/>
	<Point X="132" Y="267"/>
	<Point X="132" Y="268"/>
	<Point X="133" Y="268"/>
	<Point X="134" Y="268"/>
	<Point X="134" Y="269"/>
	<Point X="135" Y="269"/>
	<Point X="136" Y="269"/>
	<Point X="137" Y="269"/>
	<Point X="137" Y="270"/>
	<Point X="138" Y="270"/>
	<Point X="139" Y="270"/>
	<Point X="140" Y="271"/>
	<Point X="141" Y="271"/>
	<Point X="143" Y="272"/>
	<Point X="144" Y="272"/>
	<Point X="145" Y="272"/>
	<Point X="146" Y="272"/>
	<Point X="147" Y="273"/>
	<Point X="148" Y="273"/>
	<Point X="149" Y="273"/>
	<Point X="150" Y="273"/>
	<Point X="150" Y="274"/>
	<Point X="151" Y="274"/>
	<Point X="152" Y="274"/>
	<Point X="153" Y="274"/>
	<Point X="154" Y="274"/>
	<Point X="156" Y="275"/>
	<Point X="158" Y="275"/>
	<Point X="161" Y="275"/>
	<Point X="164" Y="276"/>
	<Point X="165" Y="276"/>
	<Point X="166" Y="276"/>
	<Point X="167" Y="276"/>
	<Point X="169" Y="276"/>
	<Point X="170" Y="276"/>
	<Point X="171" Y="276"/>
	<Point X="172" Y="276"/>
	<Point X="173" Y="276"/>
	<Point X="174" Y="276"/>
	<Point X="175" Y="276"/>
	<Point X="176" Y="277"/>
	<Point X="178" Y="277"/>
	<Point X="179" Y="277"/>
	<Point X="180" Y="277"/>
	<Point X="181" Y="277"/>
	<Point X="182" Y="277"/>
	<Point X="183" Y="277"/>
	<Point X="184" Y="277"/>
	<Point X="185" Y="277"/>
	<Point X="186" Y="277"/>
</Gesture>
