<?xml version="1.0" ?>
<Gesture Name="left_sq_bracket04" Subject="01" Number="04" NumPts="128">
	<Point X="176" Y="146"/>
	<Point X="175" Y="146"/>
	<Point X="175" Y="145"/>
	<Point X="174" Y="145"/>
	<Point X="173" Y="145"/>
	<Point X="172" Y="145"/>
	<Point X="172" Y="144"/>
	<Point X="171" Y="144"/>
	<Point X="170" Y="144"/>
	<Point X="169" Y="144"/>
	<Point X="169" Y="143"/>
	<Point X="168" Y="143"/>
	<Point X="167" Y="143"/>
	<Point X="166" Y="143"/>
	<Point X="165" Y="143"/>
	<Point X="164" Y="143"/>
	<Point X="163" Y="143"/>
	<Point X="162" Y="143"/>
	<Point X="162" Y="142"/>
	<Point X="161" Y="142"/>
	<Point X="160" Y="142"/>
	<Point X="159" Y="142"/>
	<Point X="158" Y="142"/>
	<Point X="158" Y="143"/>
	<Point X="158" Y="144"/>
	<Point X="157" Y="145"/>
	<Point X="157" Y="146"/>
	<Point X="157" Y="147"/>
	<Point X="157" Y="148"/>
	<Point X="157" Y="149"/>
	<Point X="156" Y="151"/>
	<Point X="156" Y="152"/>
	<Point X="156" Y="154"/>
	<Point X="156" Y="155"/>
	<Point X="156" Y="157"/>
	<Point X="155" Y="158"/>
	<Point X="155" Y="160"/>
	<Point X="155" Y="162"/>
	<Point X="155" Y="165"/>
	<Point X="155" Y="167"/>
	<Point X="155" Y="168"/>
	<Point X="154" Y="169"/>
	<Point X="154" Y="171"/>
	<Point X="154" Y="173"/>
	<Point X="154" Y="175"/>
	<Point X="154" Y="177"/>
	<Point X="154" Y="178"/>
	<Point X="154" Y="179"/>
	<Point X="154" Y="182"/>
	<Point X="154" Y="184"/>
	<Point X="154" Y="186"/>
	<Point X="154" Y="188"/>
	<Point X="154" Y="189"/>
	<Point X="154" Y="191"/>
	<Point X="154" Y="193"/>
	<Point X="154" Y="194"/>
	<Point X="154" Y="195"/>
	<Point X="154" Y="196"/>
	<Point X="154" Y="197"/>
	<Point X="154" Y="198"/>
	<Point X="154" Y="199"/>
	<Point X="154" Y="200"/>
	<Point X="154" Y="202"/>
	<Point X="155" Y="203"/>
	<Point X="155" Y="204"/>
	<Point X="155" Y="205"/>
	<Point X="155" Y="206"/>
	<Point X="155" Y="207"/>
	<Point X="155" Y="208"/>
	<Point X="155" Y="209"/>
	<Point X="155" Y="210"/>
	<Point X="155" Y="211"/>
	<Point X="155" Y="212"/>
	<Point X="155" Y="213"/>
	<Point X="155" Y="214"/>
	<Point X="155" Y="215"/>
	<Point X="155" Y="217"/>
	<Point X="155" Y="218"/>
	<Point X="155" Y="219"/>
	<Point X="155" Y="220"/>
	<Point X="155" Y="221"/>
	<Point X="155" Y="222"/>
	<Point X="154" Y="223"/>
	<Point X="153" Y="227"/>
	<Point X="153" Y="229"/>
	<Point X="152" Y="232"/>
	<Point X="152" Y="234"/>
	<Point X="152" Y="235"/>
	<Point X="151" Y="235"/>
	<Point X="151" Y="236"/>
	<Point X="151" Y="237"/>
	<Point X="151" Y="238"/>
	<Point X="151" Y="239"/>
	<Point X="150" Y="240"/>
	<Point X="150" Y="241"/>
	<Point X="150" Y="242"/>
	<Point X="150" Y="243"/>
	<Point X="150" Y="244"/>
	<Point X="149" Y="244"/>
	<Point X="149" Y="245"/>
	<Point X="150" Y="245"/>
	<Point X="151" Y="245"/>
	<Point X="152" Y="245"/>
	<Point X="153" Y="245"/>
	<Point X="154" Y="245"/>
	<Point X="155" Y="245"/>
	<Point X="156" Y="245"/>
	<Point X="157" Y="245"/>
	<Point X="158" Y="245"/>
	<Point X="159" Y="245"/>
	<Point X="160" Y="245"/>
	<Point X="161" Y="245"/>
	<Point X="162" Y="245"/>
	<Point X="163" Y="245"/>
	<Point X="164" Y="245"/>
	<Point X="165" Y="245"/>
	<Point X="166" Y="245"/>
	<Point X="167" Y="245"/>
	<Point X="168" Y="245"/>
	<Point X="169" Y="245"/>
	<Point X="170" Y="245"/>
	<Point X="171" Y="245"/>
	<Point X="172" Y="245"/>
	<Point X="172" Y="244"/>
	<Point X="173" Y="244"/>
	<Point X="174" Y="244"/>
	<Point X="175" Y="244"/>
	<Point X="176" Y="244"/>
</Gesture>
