<?xml version="1.0" ?>
<Gesture Name="pigtail09" Subject="01" Number="09" NumPts="264">
	<Point X="143" Y="276"/>
	<Point X="144" Y="276"/>
	<Point X="145" Y="276"/>
	<Point X="145" Y="275"/>
	<Point X="146" Y="275"/>
	<Point X="147" Y="275"/>
	<Point X="148" Y="274"/>
	<Point X="149" Y="274"/>
	<Point X="150" Y="273"/>
	<Point X="151" Y="273"/>
	<Point X="152" Y="272"/>
	<Point X="153" Y="272"/>
	<Point X="154" Y="271"/>
	<Point X="155" Y="271"/>
	<Point X="155" Y="270"/>
	<Point X="156" Y="270"/>
	<Point X="157" Y="270"/>
	<Point X="157" Y="269"/>
	<Point X="158" Y="269"/>
	<Point X="159" Y="269"/>
	<Point X="160" Y="268"/>
	<Point X="161" Y="267"/>
	<Point X="162" Y="267"/>
	<Point X="163" Y="266"/>
	<Point X="164" Y="266"/>
	<Point X="164" Y="265"/>
	<Point X="165" Y="265"/>
	<Point X="166" Y="265"/>
	<Point X="167" Y="264"/>
	<Point X="168" Y="263"/>
	<Point X="169" Y="263"/>
	<Point X="170" Y="263"/>
	<Point X="170" Y="262"/>
	<Point X="171" Y="262"/>
	<Point X="172" Y="261"/>
	<Point X="173" Y="261"/>
	<Point X="174" Y="260"/>
	<Point X="175" Y="260"/>
	<Point X="176" Y="259"/>
	<Point X="177" Y="259"/>
	<Point X="177" Y="258"/>
	<Point X="178" Y="258"/>
	<Point X="179" Y="258"/>
	<Point X="179" Y="257"/>
	<Point X="180" Y="257"/>
	<Point X="181" Y="256"/>
	<Point X="182" Y="255"/>
	<Point X="183" Y="255"/>
	<Point X="184" Y="254"/>
	<Point X="185" Y="254"/>
	<Point X="185" Y="253"/>
	<Point X="186" Y="253"/>
	<Point X="187" Y="253"/>
	<Point X="187" Y="252"/>
	<Point X="188" Y="252"/>
	<Point X="189" Y="251"/>
	<Point X="190" Y="251"/>
	<Point X="190" Y="250"/>
	<Point X="191" Y="250"/>
	<Point X="192" Y="249"/>
	<Point X="192" Y="248"/>
	<Point X="193" Y="248"/>
	<Point X="194" Y="247"/>
	<Point X="195" Y="247"/>
	<Point X="195" Y="246"/>
	<Point X="196" Y="246"/>
	<Point X="197" Y="245"/>
	<Point X="197" Y="244"/>
	<Point X="198" Y="244"/>
	<Point X="198" Y="243"/>
	<Point X="199" Y="243"/>
	<Point X="199" Y="242"/>
	<Point X="200" Y="242"/>
	<Point X="200" Y="241"/>
	<Point X="201" Y="241"/>
	<Point X="201" Y="240"/>
	<Point X="201" Y="239"/>
	<Point X="202" Y="239"/>
	<Point X="202" Y="238"/>
	<Point X="203" Y="238"/>
	<Point X="203" Y="237"/>
	<Point X="204" Y="236"/>
	<Point X="204" Y="235"/>
	<Point X="205" Y="234"/>
	<Point X="205" Y="233"/>
	<Point X="206" Y="233"/>
	<Point X="206" Y="232"/>
	<Point X="206" Y="231"/>
	<Point X="207" Y="231"/>
	<Point X="207" Y="230"/>
	<Point X="207" Y="229"/>
	<Point X="207" Y="228"/>
	<Point X="207" Y="227"/>
	<Point X="207" Y="226"/>
	<Point X="207" Y="225"/>
	<Point X="206" Y="225"/>
	<Point X="205" Y="225"/>
	<Point X="205" Y="224"/>
	<Point X="204" Y="224"/>
	<Point X="204" Y="223"/>
	<Point X="203" Y="223"/>
	<Point X="202" Y="223"/>
	<Point X="202" Y="222"/>
	<Point X="201" Y="222"/>
	<Point X="200" Y="222"/>
	<Point X="200" Y="221"/>
	<Point X="199" Y="221"/>
	<Point X="198" Y="221"/>
	<Point X="197" Y="220"/>
	<Point X="196" Y="220"/>
	<Point X="195" Y="220"/>
	<Point X="194" Y="220"/>
	<Point X="194" Y="219"/>
	<Point X="193" Y="219"/>
	<Point X="192" Y="219"/>
	<Point X="191" Y="219"/>
	<Point X="190" Y="219"/>
	<Point X="189" Y="219"/>
	<Point X="188" Y="219"/>
	<Point X="187" Y="219"/>
	<Point X="186" Y="219"/>
	<Point X="185" Y="219"/>
	<Point X="184" Y="219"/>
	<Point X="183" Y="219"/>
	<Point X="183" Y="220"/>
	<Point X="182" Y="220"/>
	<Point X="182" Y="221"/>
	<Point X="181" Y="221"/>
	<Point X="181" Y="222"/>
	<Point X="181" Y="223"/>
	<Point X="180" Y="223"/>
	<Point X="180" Y="224"/>
	<Point X="180" Y="225"/>
	<Point X="180" Y="226"/>
	<Point X="179" Y="226"/>
	<Point X="179" Y="227"/>
	<Point X="179" Y="228"/>
	<Point X="179" Y="229"/>
	<Point X="179" Y="230"/>
	<Point X="179" Y="231"/>
	<Point X="178" Y="232"/>
	<Point X="178" Y="233"/>
	<Point X="178" Y="234"/>
	<Point X="178" Y="235"/>
	<Point X="178" Y="236"/>
	<Point X="178" Y="237"/>
	<Point X="178" Y="238"/>
	<Point X="178" Y="239"/>
	<Point X="178" Y="240"/>
	<Point X="178" Y="241"/>
	<Point X="178" Y="242"/>
	<Point X="178" Y="243"/>
	<Point X="178" Y="244"/>
	<Point X="178" Y="245"/>
	<Point X="178" Y="246"/>
	<Point X="178" Y="247"/>
	<Point X="179" Y="247"/>
	<Point X="179" Y="248"/>
	<Point X="179" Y="249"/>
	<Point X="180" Y="249"/>
	<Point X="180" Y="250"/>
	<Point X="180" Y="251"/>
	<Point X="181" Y="252"/>
	<Point X="181" Y="253"/>
	<Point X="182" Y="253"/>
	<Point X="182" Y="254"/>
	<Point X="183" Y="255"/>
	<Point X="184" Y="256"/>
	<Point X="184" Y="257"/>
	<Point X="185" Y="257"/>
	<Point X="185" Y="258"/>
	<Point X="186" Y="258"/>
	<Point X="187" Y="258"/>
	<Point X="187" Y="259"/>
	<Point X="188" Y="259"/>
	<Point X="189" Y="259"/>
	<Point X="189" Y="260"/>
	<Point X="190" Y="260"/>
	<Point X="191" Y="260"/>
	<Point X="191" Y="261"/>
	<Point X="192" Y="261"/>
	<Point X="193" Y="261"/>
	<Point X="194" Y="261"/>
	<Point X="194" Y="262"/>
	<Point X="195" Y="262"/>
	<Point X="196" Y="262"/>
	<Point X="197" Y="262"/>
	<Point X="197" Y="263"/>
	<Point X="198" Y="263"/>
	<Point X="199" Y="263"/>
	<Point X="200" Y="263"/>
	<Point X="200" Y="264"/>
	<Point X="201" Y="264"/>
	<Point X="202" Y="264"/>
	<Point X="203" Y="264"/>
	<Point X="203" Y="265"/>
	<Point X="204" Y="265"/>
	<Point X="205" Y="265"/>
	<Point X="206" Y="265"/>
	<Point X="207" Y="266"/>
	<Point X="208" Y="266"/>
	<Point X="209" Y="266"/>
	<Point X="210" Y="266"/>
	<Point X="211" Y="266"/>
	<Point X="211" Y="267"/>
	<Point X="212" Y="267"/>
	<Point X="213" Y="267"/>
	<Point X="214" Y="267"/>
	<Point X="215" Y="267"/>
	<Point X="216" Y="267"/>
	<Point X="217" Y="267"/>
	<Point X="218" Y="267"/>
	<Point X="219" Y="267"/>
	<Point X="220" Y="267"/>
	<Point X="221" Y="267"/>
	<Point X="222" Y="267"/>
	<Point X="223" Y="266"/>
	<Point X="224" Y="266"/>
	<Point X="225" Y="266"/>
	<Point X="226" Y="265"/>
	<Point X="227" Y="265"/>
	<Point X="228" Y="265"/>
	<Point X="228" Y="264"/>
	<Point X="229" Y="264"/>
	<Point X="230" Y="264"/>
	<Point X="230" Y="263"/>
	<Point X="231" Y="263"/>
	<Point X="232" Y="263"/>
	<Point X="232" Y="262"/>
	<Point X="233" Y="262"/>
	<Point X="234" Y="262"/>
	<Point X="234" Y="261"/>
	<Point X="235" Y="261"/>
	<Point X="236" Y="260"/>
	<Point X="237" Y="260"/>
	<Point X="238" Y="260"/>
	<Point X="238" Y="259"/>
	<Point X="239" Y="259"/>
	<Point X="240" Y="259"/>
	<Point X="240" Y="258"/>
	<Point X="241" Y="258"/>
	<Point X="242" Y="258"/>
	<Point X="243" Y="257"/>
	<Point X="244" Y="257"/>
	<Point X="244" Y="256"/>
	<Point X="245" Y="256"/>
	<Point X="246" Y="255"/>
	<Point X="247" Y="255"/>
	<Point X="248" Y="255"/>
	<Point X="248" Y="254"/>
	<Point X="249" Y="254"/>
	<Point X="250" Y="254"/>
	<Point X="250" Y="253"/>
	<Point X="251" Y="253"/>
	<Point X="252" Y="253"/>
	<Point X="252" Y="252"/>
	<Point X="253" Y="252"/>
	<Point X="254" Y="252"/>
	<Point X="254" Y="251"/>
	<Point X="255" Y="251"/>
	<Point X="256" Y="251"/>
	<Point X="257" Y="251"/>
	<Point X="257" Y="250"/>
	<Point X="258" Y="250"/>
</Gesture>
