<?xml version="1.0" ?>
<Gesture Name="pigtail04" Subject="01" Number="04" NumPts="320">
	<Point X="147" Y="270"/>
	<Point X="147" Y="269"/>
	<Point X="148" Y="269"/>
	<Point X="148" Y="268"/>
	<Point X="149" Y="268"/>
	<Point X="149" Y="267"/>
	<Point X="150" Y="267"/>
	<Point X="150" Y="266"/>
	<Point X="151" Y="266"/>
	<Point X="151" Y="265"/>
	<Point X="152" Y="265"/>
	<Point X="152" Y="264"/>
	<Point X="153" Y="264"/>
	<Point X="154" Y="263"/>
	<Point X="155" Y="262"/>
	<Point X="156" Y="262"/>
	<Point X="156" Y="261"/>
	<Point X="157" Y="261"/>
	<Point X="157" Y="260"/>
	<Point X="158" Y="260"/>
	<Point X="159" Y="259"/>
	<Point X="160" Y="259"/>
	<Point X="160" Y="258"/>
	<Point X="161" Y="258"/>
	<Point X="162" Y="257"/>
	<Point X="163" Y="257"/>
	<Point X="163" Y="256"/>
	<Point X="164" Y="256"/>
	<Point X="165" Y="255"/>
	<Point X="166" Y="254"/>
	<Point X="167" Y="254"/>
	<Point X="167" Y="253"/>
	<Point X="168" Y="253"/>
	<Point X="169" Y="252"/>
	<Point X="170" Y="252"/>
	<Point X="170" Y="251"/>
	<Point X="171" Y="251"/>
	<Point X="171" Y="250"/>
	<Point X="172" Y="249"/>
	<Point X="173" Y="249"/>
	<Point X="174" Y="248"/>
	<Point X="175" Y="247"/>
	<Point X="176" Y="247"/>
	<Point X="176" Y="246"/>
	<Point X="177" Y="246"/>
	<Point X="178" Y="245"/>
	<Point X="179" Y="244"/>
	<Point X="180" Y="243"/>
	<Point X="181" Y="243"/>
	<Point X="181" Y="242"/>
	<Point X="182" Y="242"/>
	<Point X="182" Y="241"/>
	<Point X="183" Y="241"/>
	<Point X="183" Y="240"/>
	<Point X="184" Y="240"/>
	<Point X="184" Y="239"/>
	<Point X="185" Y="239"/>
	<Point X="185" Y="238"/>
	<Point X="186" Y="238"/>
	<Point X="186" Y="237"/>
	<Point X="187" Y="237"/>
	<Point X="187" Y="236"/>
	<Point X="188" Y="236"/>
	<Point X="188" Y="235"/>
	<Point X="189" Y="234"/>
	<Point X="190" Y="233"/>
	<Point X="190" Y="232"/>
	<Point X="191" Y="231"/>
	<Point X="192" Y="230"/>
	<Point X="193" Y="229"/>
	<Point X="193" Y="228"/>
	<Point X="194" Y="227"/>
	<Point X="194" Y="226"/>
	<Point X="195" Y="226"/>
	<Point X="195" Y="225"/>
	<Point X="196" Y="224"/>
	<Point X="196" Y="223"/>
	<Point X="197" Y="222"/>
	<Point X="197" Y="221"/>
	<Point X="197" Y="220"/>
	<Point X="198" Y="220"/>
	<Point X="198" Y="219"/>
	<Point X="198" Y="218"/>
	<Point X="199" Y="218"/>
	<Point X="199" Y="217"/>
	<Point X="199" Y="216"/>
	<Point X="200" Y="215"/>
	<Point X="200" Y="214"/>
	<Point X="200" Y="213"/>
	<Point X="200" Y="212"/>
	<Point X="201" Y="210"/>
	<Point X="201" Y="209"/>
	<Point X="201" Y="208"/>
	<Point X="202" Y="206"/>
	<Point X="202" Y="204"/>
	<Point X="202" Y="203"/>
	<Point X="202" Y="200"/>
	<Point X="202" Y="199"/>
	<Point X="202" Y="198"/>
	<Point X="202" Y="197"/>
	<Point X="202" Y="196"/>
	<Point X="202" Y="195"/>
	<Point X="202" Y="194"/>
	<Point X="201" Y="193"/>
	<Point X="201" Y="192"/>
	<Point X="201" Y="191"/>
	<Point X="200" Y="191"/>
	<Point X="200" Y="190"/>
	<Point X="199" Y="190"/>
	<Point X="199" Y="189"/>
	<Point X="198" Y="189"/>
	<Point X="198" Y="188"/>
	<Point X="197" Y="188"/>
	<Point X="197" Y="187"/>
	<Point X="196" Y="187"/>
	<Point X="196" Y="186"/>
	<Point X="195" Y="186"/>
	<Point X="195" Y="185"/>
	<Point X="194" Y="185"/>
	<Point X="193" Y="185"/>
	<Point X="192" Y="185"/>
	<Point X="192" Y="184"/>
	<Point X="191" Y="184"/>
	<Point X="190" Y="184"/>
	<Point X="189" Y="184"/>
	<Point X="188" Y="184"/>
	<Point X="187" Y="184"/>
	<Point X="186" Y="184"/>
	<Point X="185" Y="184"/>
	<Point X="185" Y="185"/>
	<Point X="184" Y="185"/>
	<Point X="183" Y="186"/>
	<Point X="182" Y="187"/>
	<Point X="181" Y="188"/>
	<Point X="181" Y="189"/>
	<Point X="180" Y="189"/>
	<Point X="180" Y="190"/>
	<Point X="180" Y="191"/>
	<Point X="179" Y="191"/>
	<Point X="179" Y="192"/>
	<Point X="179" Y="193"/>
	<Point X="179" Y="194"/>
	<Point X="179" Y="195"/>
	<Point X="179" Y="196"/>
	<Point X="179" Y="197"/>
	<Point X="179" Y="198"/>
	<Point X="179" Y="199"/>
	<Point X="179" Y="200"/>
	<Point X="179" Y="201"/>
	<Point X="179" Y="202"/>
	<Point X="179" Y="203"/>
	<Point X="179" Y="204"/>
	<Point X="179" Y="205"/>
	<Point X="179" Y="206"/>
	<Point X="179" Y="207"/>
	<Point X="180" Y="208"/>
	<Point X="180" Y="209"/>
	<Point X="180" Y="210"/>
	<Point X="180" Y="211"/>
	<Point X="181" Y="211"/>
	<Point X="181" Y="212"/>
	<Point X="181" Y="213"/>
	<Point X="181" Y="214"/>
	<Point X="182" Y="214"/>
	<Point X="182" Y="215"/>
	<Point X="182" Y="216"/>
	<Point X="182" Y="217"/>
	<Point X="183" Y="218"/>
	<Point X="183" Y="219"/>
	<Point X="183" Y="220"/>
	<Point X="184" Y="220"/>
	<Point X="184" Y="221"/>
	<Point X="184" Y="222"/>
	<Point X="185" Y="222"/>
	<Point X="185" Y="223"/>
	<Point X="185" Y="224"/>
	<Point X="186" Y="224"/>
	<Point X="186" Y="225"/>
	<Point X="186" Y="226"/>
	<Point X="187" Y="226"/>
	<Point X="187" Y="227"/>
	<Point X="187" Y="228"/>
	<Point X="187" Y="229"/>
	<Point X="188" Y="229"/>
	<Point X="188" Y="230"/>
	<Point X="189" Y="231"/>
	<Point X="189" Y="232"/>
	<Point X="189" Y="233"/>
	<Point X="190" Y="233"/>
	<Point X="190" Y="234"/>
	<Point X="190" Y="235"/>
	<Point X="191" Y="235"/>
	<Point X="191" Y="236"/>
	<Point X="191" Y="237"/>
	<Point X="192" Y="238"/>
	<Point X="192" Y="239"/>
	<Point X="193" Y="240"/>
	<Point X="194" Y="242"/>
	<Point X="194" Y="243"/>
	<Point X="194" Y="244"/>
	<Point X="195" Y="244"/>
	<Point X="195" Y="245"/>
	<Point X="195" Y="246"/>
	<Point X="196" Y="246"/>
	<Point X="196" Y="247"/>
	<Point X="196" Y="248"/>
	<Point X="197" Y="249"/>
	<Point X="197" Y="250"/>
	<Point X="198" Y="251"/>
	<Point X="198" Y="252"/>
	<Point X="199" Y="252"/>
	<Point X="199" Y="253"/>
	<Point X="199" Y="254"/>
	<Point X="200" Y="254"/>
	<Point X="200" Y="255"/>
	<Point X="201" Y="255"/>
	<Point X="201" Y="256"/>
	<Point X="202" Y="257"/>
	<Point X="202" Y="258"/>
	<Point X="203" Y="259"/>
	<Point X="204" Y="260"/>
	<Point X="205" Y="261"/>
	<Point X="205" Y="262"/>
	<Point X="206" Y="262"/>
	<Point X="206" Y="263"/>
	<Point X="207" Y="263"/>
	<Point X="207" Y="264"/>
	<Point X="208" Y="264"/>
	<Point X="209" Y="265"/>
	<Point X="210" Y="266"/>
	<Point X="211" Y="266"/>
	<Point X="211" Y="267"/>
	<Point X="212" Y="267"/>
	<Point X="212" Y="268"/>
	<Point X="213" Y="268"/>
	<Point X="214" Y="268"/>
	<Point X="214" Y="269"/>
	<Point X="215" Y="269"/>
	<Point X="216" Y="269"/>
	<Point X="216" Y="270"/>
	<Point X="217" Y="270"/>
	<Point X="218" Y="270"/>
	<Point X="219" Y="270"/>
	<Point X="220" Y="270"/>
	<Point X="221" Y="270"/>
	<Point X="222" Y="270"/>
	<Point X="223" Y="270"/>
	<Point X="224" Y="270"/>
	<Point X="225" Y="270"/>
	<Point X="226" Y="270"/>
	<Point X="227" Y="270"/>
	<Point X="228" Y="270"/>
	<Point X="229" Y="270"/>
	<Point X="230" Y="270"/>
	<Point X="230" Y="269"/>
	<Point X="231" Y="269"/>
	<Point X="232" Y="268"/>
	<Point X="233" Y="268"/>
	<Point X="233" Y="267"/>
	<Point X="234" Y="267"/>
	<Point X="235" Y="266"/>
	<Point X="236" Y="266"/>
	<Point X="236" Y="265"/>
	<Point X="237" Y="265"/>
	<Point X="238" Y="265"/>
	<Point X="238" Y="264"/>
	<Point X="239" Y="264"/>
	<Point X="239" Y="263"/>
	<Point X="240" Y="263"/>
	<Point X="241" Y="262"/>
	<Point X="242" Y="262"/>
	<Point X="242" Y="261"/>
	<Point X="243" Y="260"/>
	<Point X="244" Y="260"/>
	<Point X="245" Y="259"/>
	<Point X="246" Y="258"/>
	<Point X="247" Y="258"/>
	<Point X="247" Y="257"/>
	<Point X="248" Y="257"/>
	<Point X="249" Y="257"/>
	<Point X="249" Y="256"/>
	<Point X="250" Y="256"/>
	<Point X="251" Y="256"/>
	<Point X="251" Y="255"/>
	<Point X="252" Y="255"/>
	<Point X="252" Y="254"/>
	<Point X="253" Y="254"/>
	<Point X="254" Y="254"/>
	<Point X="254" Y="253"/>
	<Point X="255" Y="253"/>
	<Point X="256" Y="253"/>
	<Point X="256" Y="252"/>
	<Point X="257" Y="252"/>
	<Point X="257" Y="251"/>
	<Point X="258" Y="251"/>
	<Point X="258" Y="250"/>
	<Point X="259" Y="250"/>
	<Point X="259" Y="249"/>
	<Point X="260" Y="249"/>
	<Point X="260" Y="248"/>
	<Point X="261" Y="248"/>
	<Point X="261" Y="247"/>
	<Point X="262" Y="246"/>
	<Point X="262" Y="245"/>
	<Point X="263" Y="245"/>
	<Point X="263" Y="244"/>
	<Point X="264" Y="244"/>
	<Point X="264" Y="243"/>
	<Point X="265" Y="243"/>
	<Point X="265" Y="242"/>
	<Point X="266" Y="241"/>
	<Point X="266" Y="240"/>
	<Point X="267" Y="240"/>
	<Point X="267" Y="239"/>
	<Point X="268" Y="239"/>
	<Point X="268" Y="238"/>
	<Point X="269" Y="237"/>
	<Point X="269" Y="236"/>
	<Point X="269" Y="235"/>
	<Point X="270" Y="235"/>
</Gesture>
