<?xml version="1.0" ?>
<Gesture Name="pigtail06" Subject="01" Number="06" NumPts="306">
	<Point X="158" Y="256"/>
	<Point X="159" Y="256"/>
	<Point X="159" Y="255"/>
	<Point X="160" Y="255"/>
	<Point X="161" Y="255"/>
	<Point X="161" Y="254"/>
	<Point X="162" Y="254"/>
	<Point X="162" Y="253"/>
	<Point X="163" Y="253"/>
	<Point X="163" Y="252"/>
	<Point X="164" Y="252"/>
	<Point X="164" Y="251"/>
	<Point X="165" Y="251"/>
	<Point X="166" Y="250"/>
	<Point X="167" Y="250"/>
	<Point X="167" Y="249"/>
	<Point X="168" Y="249"/>
	<Point X="168" Y="248"/>
	<Point X="169" Y="248"/>
	<Point X="170" Y="247"/>
	<Point X="171" Y="247"/>
	<Point X="171" Y="246"/>
	<Point X="172" Y="246"/>
	<Point X="172" Y="245"/>
	<Point X="173" Y="245"/>
	<Point X="174" Y="244"/>
	<Point X="175" Y="243"/>
	<Point X="176" Y="243"/>
	<Point X="176" Y="242"/>
	<Point X="177" Y="242"/>
	<Point X="177" Y="241"/>
	<Point X="178" Y="241"/>
	<Point X="178" Y="240"/>
	<Point X="179" Y="240"/>
	<Point X="179" Y="239"/>
	<Point X="180" Y="239"/>
	<Point X="180" Y="238"/>
	<Point X="181" Y="238"/>
	<Point X="181" Y="237"/>
	<Point X="182" Y="237"/>
	<Point X="182" Y="236"/>
	<Point X="183" Y="236"/>
	<Point X="184" Y="235"/>
	<Point X="185" Y="234"/>
	<Point X="185" Y="233"/>
	<Point X="186" Y="233"/>
	<Point X="187" Y="232"/>
	<Point X="187" Y="231"/>
	<Point X="188" Y="231"/>
	<Point X="189" Y="230"/>
	<Point X="189" Y="229"/>
	<Point X="190" Y="229"/>
	<Point X="190" Y="228"/>
	<Point X="191" Y="228"/>
	<Point X="192" Y="227"/>
	<Point X="192" Y="226"/>
	<Point X="193" Y="226"/>
	<Point X="193" Y="225"/>
	<Point X="194" Y="225"/>
	<Point X="194" Y="224"/>
	<Point X="195" Y="224"/>
	<Point X="195" Y="223"/>
	<Point X="196" Y="222"/>
	<Point X="197" Y="222"/>
	<Point X="197" Y="221"/>
	<Point X="198" Y="220"/>
	<Point X="198" Y="219"/>
	<Point X="199" Y="219"/>
	<Point X="199" Y="218"/>
	<Point X="200" Y="218"/>
	<Point X="200" Y="217"/>
	<Point X="201" Y="217"/>
	<Point X="201" Y="216"/>
	<Point X="201" Y="215"/>
	<Point X="202" Y="215"/>
	<Point X="202" Y="214"/>
	<Point X="203" Y="214"/>
	<Point X="203" Y="213"/>
	<Point X="203" Y="212"/>
	<Point X="204" Y="212"/>
	<Point X="204" Y="211"/>
	<Point X="205" Y="210"/>
	<Point X="205" Y="209"/>
	<Point X="206" Y="209"/>
	<Point X="206" Y="208"/>
	<Point X="206" Y="207"/>
	<Point X="207" Y="207"/>
	<Point X="207" Y="206"/>
	<Point X="207" Y="205"/>
	<Point X="207" Y="204"/>
	<Point X="208" Y="204"/>
	<Point X="208" Y="203"/>
	<Point X="208" Y="202"/>
	<Point X="209" Y="202"/>
	<Point X="209" Y="201"/>
	<Point X="209" Y="200"/>
	<Point X="209" Y="199"/>
	<Point X="210" Y="198"/>
	<Point X="210" Y="197"/>
	<Point X="210" Y="196"/>
	<Point X="210" Y="195"/>
	<Point X="210" Y="194"/>
	<Point X="210" Y="193"/>
	<Point X="210" Y="192"/>
	<Point X="210" Y="191"/>
	<Point X="210" Y="190"/>
	<Point X="210" Y="189"/>
	<Point X="210" Y="188"/>
	<Point X="210" Y="187"/>
	<Point X="210" Y="186"/>
	<Point X="210" Y="185"/>
	<Point X="209" Y="185"/>
	<Point X="209" Y="184"/>
	<Point X="208" Y="183"/>
	<Point X="208" Y="182"/>
	<Point X="207" Y="181"/>
	<Point X="207" Y="180"/>
	<Point X="206" Y="180"/>
	<Point X="206" Y="179"/>
	<Point X="205" Y="179"/>
	<Point X="205" Y="178"/>
	<Point X="204" Y="178"/>
	<Point X="204" Y="177"/>
	<Point X="203" Y="177"/>
	<Point X="203" Y="176"/>
	<Point X="202" Y="176"/>
	<Point X="201" Y="176"/>
	<Point X="201" Y="175"/>
	<Point X="200" Y="175"/>
	<Point X="199" Y="175"/>
	<Point X="198" Y="175"/>
	<Point X="197" Y="175"/>
	<Point X="196" Y="175"/>
	<Point X="195" Y="176"/>
	<Point X="194" Y="177"/>
	<Point X="193" Y="177"/>
	<Point X="193" Y="178"/>
	<Point X="192" Y="179"/>
	<Point X="191" Y="180"/>
	<Point X="191" Y="181"/>
	<Point X="190" Y="181"/>
	<Point X="190" Y="182"/>
	<Point X="190" Y="183"/>
	<Point X="189" Y="183"/>
	<Point X="189" Y="184"/>
	<Point X="189" Y="185"/>
	<Point X="188" Y="186"/>
	<Point X="188" Y="187"/>
	<Point X="188" Y="188"/>
	<Point X="188" Y="189"/>
	<Point X="187" Y="190"/>
	<Point X="187" Y="191"/>
	<Point X="187" Y="192"/>
	<Point X="187" Y="193"/>
	<Point X="187" Y="194"/>
	<Point X="187" Y="195"/>
	<Point X="187" Y="196"/>
	<Point X="187" Y="197"/>
	<Point X="187" Y="198"/>
	<Point X="187" Y="199"/>
	<Point X="187" Y="200"/>
	<Point X="187" Y="201"/>
	<Point X="187" Y="202"/>
	<Point X="187" Y="203"/>
	<Point X="187" Y="204"/>
	<Point X="187" Y="205"/>
	<Point X="187" Y="206"/>
	<Point X="187" Y="207"/>
	<Point X="187" Y="208"/>
	<Point X="187" Y="209"/>
	<Point X="187" Y="210"/>
	<Point X="187" Y="211"/>
	<Point X="187" Y="212"/>
	<Point X="187" Y="213"/>
	<Point X="187" Y="214"/>
	<Point X="187" Y="215"/>
	<Point X="187" Y="216"/>
	<Point X="187" Y="217"/>
	<Point X="187" Y="218"/>
	<Point X="188" Y="218"/>
	<Point X="188" Y="219"/>
	<Point X="188" Y="220"/>
	<Point X="188" Y="221"/>
	<Point X="188" Y="222"/>
	<Point X="188" Y="223"/>
	<Point X="189" Y="224"/>
	<Point X="189" Y="225"/>
	<Point X="189" Y="226"/>
	<Point X="189" Y="227"/>
	<Point X="189" Y="228"/>
	<Point X="189" Y="229"/>
	<Point X="189" Y="230"/>
	<Point X="190" Y="230"/>
	<Point X="190" Y="231"/>
	<Point X="190" Y="232"/>
	<Point X="190" Y="233"/>
	<Point X="190" Y="234"/>
	<Point X="191" Y="235"/>
	<Point X="191" Y="236"/>
	<Point X="191" Y="237"/>
	<Point X="192" Y="237"/>
	<Point X="192" Y="238"/>
	<Point X="192" Y="239"/>
	<Point X="193" Y="239"/>
	<Point X="193" Y="240"/>
	<Point X="194" Y="241"/>
	<Point X="194" Y="242"/>
	<Point X="195" Y="242"/>
	<Point X="195" Y="243"/>
	<Point X="196" Y="243"/>
	<Point X="196" Y="244"/>
	<Point X="197" Y="244"/>
	<Point X="197" Y="245"/>
	<Point X="198" Y="245"/>
	<Point X="198" Y="246"/>
	<Point X="199" Y="246"/>
	<Point X="199" Y="247"/>
	<Point X="200" Y="247"/>
	<Point X="200" Y="248"/>
	<Point X="201" Y="248"/>
	<Point X="202" Y="248"/>
	<Point X="202" Y="249"/>
	<Point X="203" Y="249"/>
	<Point X="204" Y="249"/>
	<Point X="204" Y="250"/>
	<Point X="205" Y="250"/>
	<Point X="206" Y="250"/>
	<Point X="207" Y="251"/>
	<Point X="208" Y="251"/>
	<Point X="209" Y="251"/>
	<Point X="209" Y="252"/>
	<Point X="210" Y="252"/>
	<Point X="211" Y="252"/>
	<Point X="212" Y="252"/>
	<Point X="212" Y="253"/>
	<Point X="213" Y="253"/>
	<Point X="214" Y="253"/>
	<Point X="215" Y="253"/>
	<Point X="215" Y="254"/>
	<Point X="216" Y="254"/>
	<Point X="217" Y="254"/>
	<Point X="218" Y="255"/>
	<Point X="219" Y="255"/>
	<Point X="220" Y="255"/>
	<Point X="221" Y="255"/>
	<Point X="222" Y="255"/>
	<Point X="222" Y="256"/>
	<Point X="223" Y="256"/>
	<Point X="224" Y="256"/>
	<Point X="225" Y="256"/>
	<Point X="226" Y="256"/>
	<Point X="227" Y="256"/>
	<Point X="228" Y="256"/>
	<Point X="229" Y="256"/>
	<Point X="230" Y="256"/>
	<Point X="231" Y="256"/>
	<Point X="232" Y="256"/>
	<Point X="233" Y="256"/>
	<Point X="234" Y="256"/>
	<Point X="235" Y="256"/>
	<Point X="236" Y="256"/>
	<Point X="237" Y="256"/>
	<Point X="238" Y="256"/>
	<Point X="239" Y="256"/>
	<Point X="240" Y="256"/>
	<Point X="241" Y="256"/>
	<Point X="242" Y="256"/>
	<Point X="242" Y="255"/>
	<Point X="243" Y="255"/>
	<Point X="244" Y="255"/>
	<Point X="245" Y="255"/>
	<Point X="246" Y="254"/>
	<Point X="247" Y="254"/>
	<Point X="248" Y="253"/>
	<Point X="249" Y="253"/>
	<Point X="250" Y="252"/>
	<Point X="251" Y="252"/>
	<Point X="252" Y="251"/>
	<Point X="253" Y="251"/>
	<Point X="253" Y="250"/>
	<Point X="254" Y="250"/>
	<Point X="255" Y="250"/>
	<Point X="256" Y="249"/>
	<Point X="257" Y="248"/>
	<Point X="258" Y="248"/>
	<Point X="259" Y="247"/>
	<Point X="260" Y="247"/>
	<Point X="260" Y="246"/>
	<Point X="261" Y="246"/>
	<Point X="261" Y="245"/>
	<Point X="262" Y="245"/>
	<Point X="262" Y="244"/>
	<Point X="263" Y="244"/>
	<Point X="263" Y="243"/>
	<Point X="263" Y="242"/>
	<Point X="264" Y="242"/>
	<Point X="264" Y="241"/>
	<Point X="265" Y="240"/>
	<Point X="265" Y="239"/>
	<Point X="266" Y="239"/>
	<Point X="266" Y="238"/>
	<Point X="266" Y="237"/>
	<Point X="267" Y="237"/>
	<Point X="267" Y="236"/>
	<Point X="267" Y="235"/>
	<Point X="268" Y="234"/>
</Gesture>
