<?xml version="1.0" ?>
<Gesture Name="pigtail08" Subject="01" Number="08" NumPts="292">
	<Point X="129" Y="264"/>
	<Point X="130" Y="264"/>
	<Point X="131" Y="264"/>
	<Point X="131" Y="263"/>
	<Point X="132" Y="263"/>
	<Point X="133" Y="263"/>
	<Point X="133" Y="262"/>
	<Point X="134" Y="262"/>
	<Point X="135" Y="261"/>
	<Point X="136" Y="261"/>
	<Point X="137" Y="260"/>
	<Point X="138" Y="260"/>
	<Point X="139" Y="259"/>
	<Point X="140" Y="259"/>
	<Point X="140" Y="258"/>
	<Point X="141" Y="258"/>
	<Point X="142" Y="258"/>
	<Point X="143" Y="257"/>
	<Point X="144" Y="257"/>
	<Point X="145" Y="256"/>
	<Point X="146" Y="256"/>
	<Point X="146" Y="255"/>
	<Point X="147" Y="255"/>
	<Point X="148" Y="255"/>
	<Point X="148" Y="254"/>
	<Point X="149" Y="254"/>
	<Point X="150" Y="253"/>
	<Point X="151" Y="253"/>
	<Point X="152" Y="253"/>
	<Point X="152" Y="252"/>
	<Point X="153" Y="252"/>
	<Point X="154" Y="251"/>
	<Point X="155" Y="251"/>
	<Point X="155" Y="250"/>
	<Point X="156" Y="250"/>
	<Point X="157" Y="249"/>
	<Point X="158" Y="249"/>
	<Point X="159" Y="248"/>
	<Point X="160" Y="248"/>
	<Point X="160" Y="247"/>
	<Point X="161" Y="247"/>
	<Point X="162" Y="246"/>
	<Point X="163" Y="246"/>
	<Point X="164" Y="245"/>
	<Point X="165" Y="244"/>
	<Point X="166" Y="244"/>
	<Point X="166" Y="243"/>
	<Point X="167" Y="243"/>
	<Point X="168" Y="242"/>
	<Point X="169" Y="242"/>
	<Point X="169" Y="241"/>
	<Point X="170" Y="241"/>
	<Point X="170" Y="240"/>
	<Point X="171" Y="240"/>
	<Point X="171" Y="239"/>
	<Point X="172" Y="239"/>
	<Point X="172" Y="238"/>
	<Point X="173" Y="238"/>
	<Point X="173" Y="237"/>
	<Point X="174" Y="237"/>
	<Point X="174" Y="236"/>
	<Point X="175" Y="236"/>
	<Point X="175" Y="235"/>
	<Point X="176" Y="235"/>
	<Point X="176" Y="234"/>
	<Point X="177" Y="234"/>
	<Point X="177" Y="233"/>
	<Point X="178" Y="233"/>
	<Point X="178" Y="232"/>
	<Point X="179" Y="231"/>
	<Point X="180" Y="230"/>
	<Point X="180" Y="229"/>
	<Point X="181" Y="229"/>
	<Point X="181" Y="228"/>
	<Point X="182" Y="228"/>
	<Point X="182" Y="227"/>
	<Point X="183" Y="227"/>
	<Point X="183" Y="226"/>
	<Point X="184" Y="225"/>
	<Point X="184" Y="224"/>
	<Point X="185" Y="224"/>
	<Point X="185" Y="223"/>
	<Point X="186" Y="222"/>
	<Point X="186" Y="221"/>
	<Point X="187" Y="221"/>
	<Point X="187" Y="220"/>
	<Point X="187" Y="219"/>
	<Point X="188" Y="219"/>
	<Point X="188" Y="218"/>
	<Point X="188" Y="217"/>
	<Point X="189" Y="217"/>
	<Point X="189" Y="216"/>
	<Point X="189" Y="215"/>
	<Point X="189" Y="214"/>
	<Point X="190" Y="214"/>
	<Point X="190" Y="213"/>
	<Point X="190" Y="212"/>
	<Point X="190" Y="211"/>
	<Point X="190" Y="210"/>
	<Point X="190" Y="209"/>
	<Point X="190" Y="208"/>
	<Point X="190" Y="207"/>
	<Point X="190" Y="206"/>
	<Point X="190" Y="205"/>
	<Point X="190" Y="204"/>
	<Point X="189" Y="203"/>
	<Point X="189" Y="202"/>
	<Point X="188" Y="202"/>
	<Point X="188" Y="201"/>
	<Point X="187" Y="201"/>
	<Point X="187" Y="200"/>
	<Point X="186" Y="200"/>
	<Point X="186" Y="199"/>
	<Point X="185" Y="199"/>
	<Point X="184" Y="199"/>
	<Point X="184" Y="198"/>
	<Point X="183" Y="198"/>
	<Point X="182" Y="198"/>
	<Point X="181" Y="198"/>
	<Point X="180" Y="198"/>
	<Point X="179" Y="198"/>
	<Point X="178" Y="198"/>
	<Point X="177" Y="198"/>
	<Point X="176" Y="198"/>
	<Point X="175" Y="198"/>
	<Point X="174" Y="198"/>
	<Point X="173" Y="198"/>
	<Point X="173" Y="199"/>
	<Point X="172" Y="199"/>
	<Point X="171" Y="200"/>
	<Point X="170" Y="200"/>
	<Point X="170" Y="201"/>
	<Point X="169" Y="201"/>
	<Point X="168" Y="201"/>
	<Point X="168" Y="202"/>
	<Point X="167" Y="202"/>
	<Point X="166" Y="203"/>
	<Point X="165" Y="204"/>
	<Point X="164" Y="204"/>
	<Point X="164" Y="205"/>
	<Point X="163" Y="205"/>
	<Point X="162" Y="206"/>
	<Point X="162" Y="207"/>
	<Point X="161" Y="207"/>
	<Point X="161" Y="208"/>
	<Point X="160" Y="208"/>
	<Point X="160" Y="209"/>
	<Point X="159" Y="209"/>
	<Point X="159" Y="210"/>
	<Point X="158" Y="210"/>
	<Point X="158" Y="211"/>
	<Point X="158" Y="212"/>
	<Point X="157" Y="212"/>
	<Point X="157" Y="213"/>
	<Point X="157" Y="214"/>
	<Point X="157" Y="215"/>
	<Point X="157" Y="218"/>
	<Point X="157" Y="220"/>
	<Point X="157" Y="221"/>
	<Point X="157" Y="222"/>
	<Point X="157" Y="224"/>
	<Point X="157" Y="225"/>
	<Point X="157" Y="226"/>
	<Point X="158" Y="226"/>
	<Point X="158" Y="228"/>
	<Point X="159" Y="229"/>
	<Point X="160" Y="230"/>
	<Point X="160" Y="231"/>
	<Point X="161" Y="231"/>
	<Point X="161" Y="232"/>
	<Point X="162" Y="232"/>
	<Point X="162" Y="233"/>
	<Point X="163" Y="234"/>
	<Point X="164" Y="235"/>
	<Point X="164" Y="236"/>
	<Point X="165" Y="236"/>
	<Point X="165" Y="237"/>
	<Point X="166" Y="237"/>
	<Point X="166" Y="238"/>
	<Point X="167" Y="238"/>
	<Point X="167" Y="239"/>
	<Point X="168" Y="240"/>
	<Point X="168" Y="241"/>
	<Point X="169" Y="241"/>
	<Point X="169" Y="242"/>
	<Point X="170" Y="243"/>
	<Point X="170" Y="244"/>
	<Point X="171" Y="244"/>
	<Point X="171" Y="245"/>
	<Point X="172" Y="246"/>
	<Point X="173" Y="247"/>
	<Point X="173" Y="248"/>
	<Point X="173" Y="249"/>
	<Point X="174" Y="249"/>
	<Point X="174" Y="250"/>
	<Point X="175" Y="251"/>
	<Point X="175" Y="252"/>
	<Point X="176" Y="252"/>
	<Point X="176" Y="253"/>
	<Point X="177" Y="254"/>
	<Point X="178" Y="255"/>
	<Point X="178" Y="256"/>
	<Point X="179" Y="256"/>
	<Point X="179" Y="257"/>
	<Point X="180" Y="257"/>
	<Point X="180" Y="258"/>
	<Point X="181" Y="258"/>
	<Point X="181" Y="259"/>
	<Point X="182" Y="259"/>
	<Point X="183" Y="260"/>
	<Point X="184" Y="260"/>
	<Point X="184" Y="261"/>
	<Point X="185" Y="261"/>
	<Point X="186" Y="261"/>
	<Point X="186" Y="262"/>
	<Point X="187" Y="262"/>
	<Point X="188" Y="262"/>
	<Point X="189" Y="262"/>
	<Point X="189" Y="263"/>
	<Point X="190" Y="263"/>
	<Point X="191" Y="263"/>
	<Point X="192" Y="263"/>
	<Point X="193" Y="263"/>
	<Point X="194" Y="263"/>
	<Point X="195" Y="263"/>
	<Point X="196" Y="263"/>
	<Point X="197" Y="263"/>
	<Point X="198" Y="263"/>
	<Point X="199" Y="263"/>
	<Point X="200" Y="263"/>
	<Point X="201" Y="263"/>
	<Point X="202" Y="263"/>
	<Point X="203" Y="263"/>
	<Point X="203" Y="262"/>
	<Point X="204" Y="262"/>
	<Point X="205" Y="262"/>
	<Point X="206" Y="262"/>
	<Point X="207" Y="262"/>
	<Point X="207" Y="261"/>
	<Point X="208" Y="261"/>
	<Point X="209" Y="261"/>
	<Point X="210" Y="260"/>
	<Point X="211" Y="260"/>
	<Point X="212" Y="260"/>
	<Point X="212" Y="259"/>
	<Point X="214" Y="259"/>
	<Point X="215" Y="258"/>
	<Point X="216" Y="258"/>
	<Point X="217" Y="258"/>
	<Point X="218" Y="257"/>
	<Point X="219" Y="257"/>
	<Point X="220" Y="257"/>
	<Point X="221" Y="257"/>
	<Point X="222" Y="256"/>
	<Point X="223" Y="256"/>
	<Point X="224" Y="256"/>
	<Point X="225" Y="255"/>
	<Point X="226" Y="255"/>
	<Point X="227" Y="255"/>
	<Point X="230" Y="254"/>
	<Point X="231" Y="254"/>
	<Point X="232" Y="253"/>
	<Point X="233" Y="253"/>
	<Point X="234" Y="253"/>
	<Point X="235" Y="252"/>
	<Point X="236" Y="252"/>
	<Point X="237" Y="252"/>
	<Point X="238" Y="251"/>
	<Point X="239" Y="251"/>
	<Point X="240" Y="251"/>
	<Point X="241" Y="251"/>
	<Point X="242" Y="251"/>
	<Point X="242" Y="250"/>
	<Point X="244" Y="250"/>
	<Point X="246" Y="250"/>
	<Point X="246" Y="249"/>
	<Point X="247" Y="249"/>
	<Point X="248" Y="249"/>
	<Point X="249" Y="249"/>
	<Point X="250" Y="249"/>
	<Point X="251" Y="248"/>
	<Point X="252" Y="248"/>
	<Point X="253" Y="248"/>
	<Point X="254" Y="248"/>
	<Point X="255" Y="248"/>
	<Point X="255" Y="247"/>
	<Point X="256" Y="247"/>
	<Point X="257" Y="247"/>
	<Point X="258" Y="247"/>
	<Point X="259" Y="247"/>
	<Point X="259" Y="246"/>
	<Point X="260" Y="246"/>
</Gesture>
