<?xml version="1.0" ?>
<Gesture Name="pigtail01" Subject="01" Number="01" NumPts="314">
	<Point X="130" Y="262"/>
	<Point X="131" Y="261"/>
	<Point X="132" Y="261"/>
	<Point X="132" Y="260"/>
	<Point X="133" Y="260"/>
	<Point X="134" Y="260"/>
	<Point X="134" Y="259"/>
	<Point X="135" Y="259"/>
	<Point X="136" Y="259"/>
	<Point X="136" Y="258"/>
	<Point X="137" Y="258"/>
	<Point X="138" Y="258"/>
	<Point X="138" Y="257"/>
	<Point X="139" Y="257"/>
	<Point X="140" Y="257"/>
	<Point X="140" Y="256"/>
	<Point X="141" Y="256"/>
	<Point X="142" Y="256"/>
	<Point X="142" Y="255"/>
	<Point X="143" Y="255"/>
	<Point X="145" Y="254"/>
	<Point X="146" Y="254"/>
	<Point X="146" Y="253"/>
	<Point X="147" Y="253"/>
	<Point X="148" Y="253"/>
	<Point X="149" Y="252"/>
	<Point X="150" Y="252"/>
	<Point X="151" Y="251"/>
	<Point X="152" Y="251"/>
	<Point X="153" Y="251"/>
	<Point X="153" Y="250"/>
	<Point X="154" Y="250"/>
	<Point X="155" Y="250"/>
	<Point X="155" Y="249"/>
	<Point X="156" Y="249"/>
	<Point X="157" Y="249"/>
	<Point X="158" Y="248"/>
	<Point X="159" Y="248"/>
	<Point X="160" Y="247"/>
	<Point X="161" Y="247"/>
	<Point X="162" Y="247"/>
	<Point X="163" Y="246"/>
	<Point X="164" Y="246"/>
	<Point X="165" Y="245"/>
	<Point X="166" Y="245"/>
	<Point X="167" Y="244"/>
	<Point X="168" Y="244"/>
	<Point X="169" Y="243"/>
	<Point X="170" Y="243"/>
	<Point X="171" Y="242"/>
	<Point X="172" Y="242"/>
	<Point X="173" Y="242"/>
	<Point X="174" Y="241"/>
	<Point X="175" Y="241"/>
	<Point X="175" Y="240"/>
	<Point X="176" Y="240"/>
	<Point X="177" Y="239"/>
	<Point X="178" Y="239"/>
	<Point X="179" Y="238"/>
	<Point X="180" Y="238"/>
	<Point X="181" Y="237"/>
	<Point X="182" Y="237"/>
	<Point X="183" Y="236"/>
	<Point X="184" Y="235"/>
	<Point X="185" Y="235"/>
	<Point X="186" Y="235"/>
	<Point X="186" Y="234"/>
	<Point X="187" Y="234"/>
	<Point X="188" Y="233"/>
	<Point X="189" Y="232"/>
	<Point X="190" Y="232"/>
	<Point X="192" Y="231"/>
	<Point X="192" Y="230"/>
	<Point X="193" Y="230"/>
	<Point X="193" Y="229"/>
	<Point X="194" Y="229"/>
	<Point X="195" Y="228"/>
	<Point X="196" Y="228"/>
	<Point X="196" Y="227"/>
	<Point X="197" Y="227"/>
	<Point X="198" Y="226"/>
	<Point X="198" Y="225"/>
	<Point X="199" Y="225"/>
	<Point X="200" Y="224"/>
	<Point X="201" Y="223"/>
	<Point X="202" Y="223"/>
	<Point X="202" Y="222"/>
	<Point X="203" Y="221"/>
	<Point X="204" Y="220"/>
	<Point X="204" Y="219"/>
	<Point X="205" Y="219"/>
	<Point X="205" Y="218"/>
	<Point X="206" Y="218"/>
	<Point X="206" Y="217"/>
	<Point X="206" Y="216"/>
	<Point X="207" Y="216"/>
	<Point X="207" Y="215"/>
	<Point X="207" Y="214"/>
	<Point X="208" Y="214"/>
	<Point X="208" Y="213"/>
	<Point X="208" Y="212"/>
	<Point X="208" Y="211"/>
	<Point X="208" Y="210"/>
	<Point X="208" Y="209"/>
	<Point X="208" Y="208"/>
	<Point X="208" Y="207"/>
	<Point X="208" Y="206"/>
	<Point X="208" Y="205"/>
	<Point X="208" Y="204"/>
	<Point X="208" Y="203"/>
	<Point X="208" Y="202"/>
	<Point X="208" Y="201"/>
	<Point X="207" Y="201"/>
	<Point X="207" Y="200"/>
	<Point X="207" Y="199"/>
	<Point X="206" Y="198"/>
	<Point X="206" Y="197"/>
	<Point X="205" Y="196"/>
	<Point X="205" Y="195"/>
	<Point X="204" Y="194"/>
	<Point X="204" Y="193"/>
	<Point X="203" Y="193"/>
	<Point X="203" Y="192"/>
	<Point X="202" Y="191"/>
	<Point X="202" Y="190"/>
	<Point X="201" Y="190"/>
	<Point X="201" Y="189"/>
	<Point X="200" Y="188"/>
	<Point X="200" Y="187"/>
	<Point X="199" Y="187"/>
	<Point X="199" Y="186"/>
	<Point X="198" Y="186"/>
	<Point X="198" Y="185"/>
	<Point X="197" Y="185"/>
	<Point X="197" Y="184"/>
	<Point X="196" Y="183"/>
	<Point X="195" Y="182"/>
	<Point X="194" Y="182"/>
	<Point X="194" Y="181"/>
	<Point X="193" Y="181"/>
	<Point X="193" Y="180"/>
	<Point X="192" Y="180"/>
	<Point X="192" Y="179"/>
	<Point X="191" Y="179"/>
	<Point X="191" Y="178"/>
	<Point X="190" Y="178"/>
	<Point X="189" Y="177"/>
	<Point X="188" Y="177"/>
	<Point X="188" Y="176"/>
	<Point X="187" Y="176"/>
	<Point X="186" Y="176"/>
	<Point X="185" Y="175"/>
	<Point X="184" Y="175"/>
	<Point X="183" Y="175"/>
	<Point X="183" Y="174"/>
	<Point X="182" Y="174"/>
	<Point X="181" Y="174"/>
	<Point X="180" Y="174"/>
	<Point X="179" Y="174"/>
	<Point X="178" Y="174"/>
	<Point X="177" Y="174"/>
	<Point X="176" Y="174"/>
	<Point X="175" Y="174"/>
	<Point X="174" Y="174"/>
	<Point X="173" Y="174"/>
	<Point X="172" Y="174"/>
	<Point X="171" Y="174"/>
	<Point X="171" Y="175"/>
	<Point X="170" Y="175"/>
	<Point X="170" Y="176"/>
	<Point X="169" Y="176"/>
	<Point X="169" Y="177"/>
	<Point X="168" Y="177"/>
	<Point X="168" Y="178"/>
	<Point X="167" Y="178"/>
	<Point X="167" Y="179"/>
	<Point X="167" Y="180"/>
	<Point X="166" Y="180"/>
	<Point X="166" Y="181"/>
	<Point X="165" Y="181"/>
	<Point X="165" Y="182"/>
	<Point X="165" Y="183"/>
	<Point X="164" Y="183"/>
	<Point X="164" Y="184"/>
	<Point X="164" Y="185"/>
	<Point X="163" Y="186"/>
	<Point X="163" Y="187"/>
	<Point X="163" Y="188"/>
	<Point X="162" Y="189"/>
	<Point X="162" Y="190"/>
	<Point X="162" Y="191"/>
	<Point X="162" Y="192"/>
	<Point X="161" Y="193"/>
	<Point X="161" Y="194"/>
	<Point X="161" Y="195"/>
	<Point X="161" Y="196"/>
	<Point X="161" Y="197"/>
	<Point X="161" Y="198"/>
	<Point X="161" Y="199"/>
	<Point X="161" Y="200"/>
	<Point X="161" Y="201"/>
	<Point X="161" Y="202"/>
	<Point X="161" Y="203"/>
	<Point X="161" Y="204"/>
	<Point X="161" Y="205"/>
	<Point X="161" Y="206"/>
	<Point X="161" Y="207"/>
	<Point X="161" Y="208"/>
	<Point X="161" Y="209"/>
	<Point X="161" Y="210"/>
	<Point X="161" Y="211"/>
	<Point X="162" Y="212"/>
	<Point X="162" Y="213"/>
	<Point X="162" Y="214"/>
	<Point X="163" Y="215"/>
	<Point X="163" Y="216"/>
	<Point X="163" Y="217"/>
	<Point X="164" Y="217"/>
	<Point X="164" Y="218"/>
	<Point X="165" Y="219"/>
	<Point X="165" Y="220"/>
	<Point X="166" Y="221"/>
	<Point X="166" Y="222"/>
	<Point X="167" Y="223"/>
	<Point X="167" Y="224"/>
	<Point X="168" Y="224"/>
	<Point X="168" Y="225"/>
	<Point X="169" Y="226"/>
	<Point X="169" Y="227"/>
	<Point X="170" Y="228"/>
	<Point X="171" Y="229"/>
	<Point X="171" Y="230"/>
	<Point X="172" Y="230"/>
	<Point X="172" Y="231"/>
	<Point X="173" Y="231"/>
	<Point X="173" Y="232"/>
	<Point X="174" Y="233"/>
	<Point X="175" Y="234"/>
	<Point X="175" Y="235"/>
	<Point X="176" Y="235"/>
	<Point X="176" Y="236"/>
	<Point X="177" Y="236"/>
	<Point X="177" Y="237"/>
	<Point X="178" Y="237"/>
	<Point X="178" Y="238"/>
	<Point X="179" Y="239"/>
	<Point X="180" Y="239"/>
	<Point X="180" Y="240"/>
	<Point X="181" Y="241"/>
	<Point X="182" Y="242"/>
	<Point X="186" Y="246"/>
	<Point X="187" Y="247"/>
	<Point X="188" Y="248"/>
	<Point X="189" Y="249"/>
	<Point X="190" Y="249"/>
	<Point X="190" Y="250"/>
	<Point X="191" Y="250"/>
	<Point X="191" Y="251"/>
	<Point X="192" Y="251"/>
	<Point X="193" Y="251"/>
	<Point X="193" Y="252"/>
	<Point X="194" Y="252"/>
	<Point X="195" Y="253"/>
	<Point X="196" Y="253"/>
	<Point X="196" Y="254"/>
	<Point X="197" Y="254"/>
	<Point X="198" Y="254"/>
	<Point X="198" Y="255"/>
	<Point X="199" Y="255"/>
	<Point X="200" Y="255"/>
	<Point X="201" Y="256"/>
	<Point X="202" Y="256"/>
	<Point X="203" Y="256"/>
	<Point X="204" Y="257"/>
	<Point X="205" Y="257"/>
	<Point X="206" Y="257"/>
	<Point X="207" Y="257"/>
	<Point X="208" Y="257"/>
	<Point X="209" Y="257"/>
	<Point X="209" Y="258"/>
	<Point X="210" Y="258"/>
	<Point X="211" Y="258"/>
	<Point X="212" Y="258"/>
	<Point X="213" Y="258"/>
	<Point X="214" Y="258"/>
	<Point X="215" Y="258"/>
	<Point X="216" Y="258"/>
	<Point X="217" Y="258"/>
	<Point X="218" Y="258"/>
	<Point X="219" Y="258"/>
	<Point X="220" Y="258"/>
	<Point X="221" Y="258"/>
	<Point X="222" Y="258"/>
	<Point X="223" Y="258"/>
	<Point X="223" Y="257"/>
	<Point X="224" Y="257"/>
	<Point X="225" Y="257"/>
	<Point X="225" Y="256"/>
	<Point X="226" Y="256"/>
	<Point X="227" Y="256"/>
	<Point X="228" Y="256"/>
	<Point X="228" Y="255"/>
	<Point X="229" Y="255"/>
	<Point X="230" Y="255"/>
	<Point X="231" Y="255"/>
	<Point X="231" Y="254"/>
	<Point X="232" Y="254"/>
	<Point X="233" Y="254"/>
	<Point X="234" Y="253"/>
	<Point X="235" Y="253"/>
	<Point X="236" Y="253"/>
	<Point X="236" Y="252"/>
	<Point X="237" Y="252"/>
	<Point X="238" Y="252"/>
</Gesture>
