<?xml version="1.0" ?>
<Gesture Name="pigtail10" Subject="01" Number="10" NumPts="347">
	<Point X="123" Y="274"/>
	<Point X="124" Y="274"/>
	<Point X="125" Y="274"/>
	<Point X="126" Y="274"/>
	<Point X="126" Y="273"/>
	<Point X="127" Y="273"/>
	<Point X="128" Y="273"/>
	<Point X="129" Y="273"/>
	<Point X="129" Y="272"/>
	<Point X="130" Y="272"/>
	<Point X="131" Y="272"/>
	<Point X="131" Y="271"/>
	<Point X="132" Y="271"/>
	<Point X="133" Y="271"/>
	<Point X="134" Y="271"/>
	<Point X="134" Y="270"/>
	<Point X="135" Y="270"/>
	<Point X="136" Y="270"/>
	<Point X="136" Y="269"/>
	<Point X="137" Y="269"/>
	<Point X="138" Y="269"/>
	<Point X="139" Y="268"/>
	<Point X="140" Y="268"/>
	<Point X="141" Y="268"/>
	<Point X="141" Y="267"/>
	<Point X="142" Y="267"/>
	<Point X="143" Y="267"/>
	<Point X="144" Y="267"/>
	<Point X="144" Y="266"/>
	<Point X="145" Y="266"/>
	<Point X="146" Y="266"/>
	<Point X="146" Y="265"/>
	<Point X="147" Y="265"/>
	<Point X="148" Y="265"/>
	<Point X="148" Y="264"/>
	<Point X="149" Y="264"/>
	<Point X="150" Y="264"/>
	<Point X="151" Y="263"/>
	<Point X="152" Y="263"/>
	<Point X="153" Y="262"/>
	<Point X="154" Y="262"/>
	<Point X="155" Y="261"/>
	<Point X="156" Y="261"/>
	<Point X="157" Y="261"/>
	<Point X="157" Y="260"/>
	<Point X="158" Y="260"/>
	<Point X="159" Y="260"/>
	<Point X="159" Y="259"/>
	<Point X="160" Y="259"/>
	<Point X="161" Y="259"/>
	<Point X="162" Y="259"/>
	<Point X="162" Y="258"/>
	<Point X="163" Y="258"/>
	<Point X="164" Y="258"/>
	<Point X="165" Y="257"/>
	<Point X="166" Y="257"/>
	<Point X="167" Y="257"/>
	<Point X="167" Y="256"/>
	<Point X="168" Y="256"/>
	<Point X="169" Y="256"/>
	<Point X="169" Y="255"/>
	<Point X="170" Y="255"/>
	<Point X="171" Y="255"/>
	<Point X="172" Y="254"/>
	<Point X="173" Y="254"/>
	<Point X="174" Y="254"/>
	<Point X="174" Y="253"/>
	<Point X="175" Y="253"/>
	<Point X="176" Y="252"/>
	<Point X="178" Y="252"/>
	<Point X="179" Y="251"/>
	<Point X="180" Y="251"/>
	<Point X="181" Y="250"/>
	<Point X="182" Y="250"/>
	<Point X="183" Y="249"/>
	<Point X="184" Y="249"/>
	<Point X="184" Y="248"/>
	<Point X="185" Y="248"/>
	<Point X="186" Y="248"/>
	<Point X="186" Y="247"/>
	<Point X="187" Y="247"/>
	<Point X="188" Y="247"/>
	<Point X="188" Y="246"/>
	<Point X="189" Y="246"/>
	<Point X="190" Y="246"/>
	<Point X="190" Y="245"/>
	<Point X="191" Y="245"/>
	<Point X="191" Y="244"/>
	<Point X="192" Y="244"/>
	<Point X="193" Y="244"/>
	<Point X="193" Y="243"/>
	<Point X="194" Y="243"/>
	<Point X="194" Y="242"/>
	<Point X="195" Y="242"/>
	<Point X="195" Y="241"/>
	<Point X="196" Y="241"/>
	<Point X="196" Y="240"/>
	<Point X="197" Y="240"/>
	<Point X="197" Y="239"/>
	<Point X="198" Y="239"/>
	<Point X="198" Y="238"/>
	<Point X="199" Y="238"/>
	<Point X="199" Y="237"/>
	<Point X="200" Y="237"/>
	<Point X="200" Y="236"/>
	<Point X="201" Y="236"/>
	<Point X="201" Y="235"/>
	<Point X="202" Y="235"/>
	<Point X="202" Y="234"/>
	<Point X="203" Y="234"/>
	<Point X="203" Y="233"/>
	<Point X="204" Y="233"/>
	<Point X="204" Y="232"/>
	<Point X="204" Y="231"/>
	<Point X="205" Y="231"/>
	<Point X="205" Y="230"/>
	<Point X="205" Y="229"/>
	<Point X="205" Y="228"/>
	<Point X="205" Y="227"/>
	<Point X="205" Y="226"/>
	<Point X="205" Y="225"/>
	<Point X="205" Y="224"/>
	<Point X="204" Y="224"/>
	<Point X="204" Y="223"/>
	<Point X="203" Y="223"/>
	<Point X="203" Y="222"/>
	<Point X="202" Y="222"/>
	<Point X="202" Y="221"/>
	<Point X="201" Y="221"/>
	<Point X="201" Y="220"/>
	<Point X="200" Y="220"/>
	<Point X="199" Y="220"/>
	<Point X="199" Y="219"/>
	<Point X="198" Y="219"/>
	<Point X="197" Y="219"/>
	<Point X="197" Y="218"/>
	<Point X="196" Y="218"/>
	<Point X="195" Y="218"/>
	<Point X="195" Y="217"/>
	<Point X="194" Y="217"/>
	<Point X="193" Y="217"/>
	<Point X="192" Y="217"/>
	<Point X="192" Y="216"/>
	<Point X="191" Y="216"/>
	<Point X="190" Y="216"/>
	<Point X="189" Y="216"/>
	<Point X="188" Y="216"/>
	<Point X="188" Y="215"/>
	<Point X="187" Y="215"/>
	<Point X="186" Y="215"/>
	<Point X="185" Y="215"/>
	<Point X="184" Y="215"/>
	<Point X="183" Y="215"/>
	<Point X="182" Y="215"/>
	<Point X="181" Y="215"/>
	<Point X="180" Y="215"/>
	<Point X="179" Y="215"/>
	<Point X="178" Y="215"/>
	<Point X="177" Y="215"/>
	<Point X="176" Y="215"/>
	<Point X="175" Y="215"/>
	<Point X="174" Y="215"/>
	<Point X="173" Y="215"/>
	<Point X="172" Y="215"/>
	<Point X="171" Y="215"/>
	<Point X="171" Y="216"/>
	<Point X="170" Y="216"/>
	<Point X="169" Y="216"/>
	<Point X="168" Y="216"/>
	<Point X="167" Y="216"/>
	<Point X="167" Y="217"/>
	<Point X="166" Y="217"/>
	<Point X="165" Y="217"/>
	<Point X="165" Y="218"/>
	<Point X="164" Y="218"/>
	<Point X="163" Y="218"/>
	<Point X="162" Y="218"/>
	<Point X="162" Y="219"/>
	<Point X="161" Y="219"/>
	<Point X="160" Y="219"/>
	<Point X="160" Y="220"/>
	<Point X="159" Y="220"/>
	<Point X="158" Y="220"/>
	<Point X="158" Y="221"/>
	<Point X="157" Y="221"/>
	<Point X="156" Y="221"/>
	<Point X="156" Y="222"/>
	<Point X="155" Y="222"/>
	<Point X="154" Y="222"/>
	<Point X="154" Y="223"/>
	<Point X="153" Y="223"/>
	<Point X="153" Y="224"/>
	<Point X="152" Y="224"/>
	<Point X="151" Y="225"/>
	<Point X="150" Y="225"/>
	<Point X="150" Y="226"/>
	<Point X="149" Y="226"/>
	<Point X="149" Y="227"/>
	<Point X="148" Y="227"/>
	<Point X="148" Y="228"/>
	<Point X="147" Y="228"/>
	<Point X="147" Y="229"/>
	<Point X="146" Y="229"/>
	<Point X="146" Y="230"/>
	<Point X="145" Y="231"/>
	<Point X="145" Y="232"/>
	<Point X="144" Y="232"/>
	<Point X="144" Y="233"/>
	<Point X="144" Y="234"/>
	<Point X="143" Y="234"/>
	<Point X="143" Y="235"/>
	<Point X="143" Y="236"/>
	<Point X="143" Y="237"/>
	<Point X="142" Y="237"/>
	<Point X="142" Y="238"/>
	<Point X="142" Y="239"/>
	<Point X="142" Y="240"/>
	<Point X="142" Y="241"/>
	<Point X="142" Y="242"/>
	<Point X="142" Y="243"/>
	<Point X="143" Y="243"/>
	<Point X="143" Y="244"/>
	<Point X="143" Y="245"/>
	<Point X="144" Y="245"/>
	<Point X="144" Y="246"/>
	<Point X="144" Y="247"/>
	<Point X="145" Y="247"/>
	<Point X="145" Y="248"/>
	<Point X="145" Y="249"/>
	<Point X="146" Y="250"/>
	<Point X="146" Y="251"/>
	<Point X="147" Y="252"/>
	<Point X="147" Y="253"/>
	<Point X="148" Y="254"/>
	<Point X="148" Y="255"/>
	<Point X="149" Y="256"/>
	<Point X="150" Y="257"/>
	<Point X="150" Y="258"/>
	<Point X="151" Y="259"/>
	<Point X="151" Y="260"/>
	<Point X="152" Y="261"/>
	<Point X="152" Y="262"/>
	<Point X="153" Y="262"/>
	<Point X="155" Y="265"/>
	<Point X="157" Y="266"/>
	<Point X="157" Y="267"/>
	<Point X="158" Y="268"/>
	<Point X="159" Y="268"/>
	<Point X="159" Y="269"/>
	<Point X="160" Y="269"/>
	<Point X="160" Y="270"/>
	<Point X="161" Y="270"/>
	<Point X="162" Y="271"/>
	<Point X="163" Y="272"/>
	<Point X="164" Y="272"/>
	<Point X="165" Y="273"/>
	<Point X="166" Y="273"/>
	<Point X="166" Y="274"/>
	<Point X="167" Y="274"/>
	<Point X="168" Y="274"/>
	<Point X="168" Y="275"/>
	<Point X="169" Y="275"/>
	<Point X="170" Y="275"/>
	<Point X="170" Y="276"/>
	<Point X="171" Y="276"/>
	<Point X="172" Y="276"/>
	<Point X="172" Y="277"/>
	<Point X="173" Y="277"/>
	<Point X="174" Y="277"/>
	<Point X="175" Y="278"/>
	<Point X="176" Y="278"/>
	<Point X="177" Y="278"/>
	<Point X="177" Y="279"/>
	<Point X="178" Y="279"/>
	<Point X="179" Y="279"/>
	<Point X="180" Y="280"/>
	<Point X="181" Y="280"/>
	<Point X="182" Y="280"/>
	<Point X="183" Y="280"/>
	<Point X="183" Y="281"/>
	<Point X="184" Y="281"/>
	<Point X="185" Y="281"/>
	<Point X="186" Y="281"/>
	<Point X="187" Y="282"/>
	<Point X="188" Y="282"/>
	<Point X="189" Y="282"/>
	<Point X="190" Y="282"/>
	<Point X="191" Y="282"/>
	<Point X="191" Y="283"/>
	<Point X="192" Y="283"/>
	<Point X="193" Y="283"/>
	<Point X="194" Y="283"/>
	<Point X="195" Y="283"/>
	<Point X="196" Y="283"/>
	<Point X="197" Y="283"/>
	<Point X="198" Y="283"/>
	<Point X="199" Y="283"/>
	<Point X="200" Y="283"/>
	<Point X="201" Y="283"/>
	<Point X="202" Y="283"/>
	<Point X="203" Y="283"/>
	<Point X="204" Y="283"/>
	<Point X="205" Y="283"/>
	<Point X="206" Y="283"/>
	<Point X="207" Y="283"/>
	<Point X="208" Y="283"/>
	<Point X="209" Y="283"/>
	<Point X="210" Y="283"/>
	<Point X="211" Y="283"/>
	<Point X="211" Y="282"/>
	<Point X="212" Y="282"/>
	<Point X="213" Y="282"/>
	<Point X="214" Y="282"/>
	<Point X="215" Y="281"/>
	<Point X="216" Y="281"/>
	<Point X="218" Y="280"/>
	<Point X="219" Y="280"/>
	<Point X="220" Y="280"/>
	<Point X="221" Y="279"/>
	<Point X="222" Y="279"/>
	<Point X="223" Y="279"/>
	<Point X="223" Y="278"/>
	<Point X="224" Y="278"/>
	<Point X="225" Y="278"/>
	<Point X="226" Y="277"/>
	<Point X="227" Y="277"/>
	<Point X="228" Y="277"/>
	<Point X="228" Y="276"/>
	<Point X="229" Y="276"/>
	<Point X="230" Y="276"/>
	<Point X="231" Y="275"/>
	<Point X="232" Y="275"/>
	<Point X="233" Y="275"/>
	<Point X="233" Y="274"/>
	<Point X="234" Y="274"/>
	<Point X="235" Y="274"/>
	<Point X="236" Y="274"/>
	<Point X="236" Y="273"/>
	<Point X="237" Y="273"/>
	<Point X="238" Y="273"/>
	<Point X="239" Y="273"/>
	<Point X="240" Y="272"/>
	<Point X="241" Y="272"/>
	<Point X="242" Y="272"/>
	<Point X="243" Y="272"/>
	<Point X="244" Y="271"/>
	<Point X="245" Y="271"/>
</Gesture>
