<?xml version="1.0" ?>
<Gesture Name="rectangle09" Subject="01" Number="09" NumPts="485">
	<Point X="122" Y="206"/>
	<Point X="122" Y="207"/>
	<Point X="122" Y="208"/>
	<Point X="122" Y="209"/>
	<Point X="122" Y="210"/>
	<Point X="122" Y="211"/>
	<Point X="122" Y="212"/>
	<Point X="123" Y="212"/>
	<Point X="123" Y="213"/>
	<Point X="123" Y="214"/>
	<Point X="123" Y="215"/>
	<Point X="123" Y="216"/>
	<Point X="123" Y="217"/>
	<Point X="123" Y="218"/>
	<Point X="123" Y="219"/>
	<Point X="123" Y="220"/>
	<Point X="123" Y="221"/>
	<Point X="123" Y="222"/>
	<Point X="123" Y="223"/>
	<Point X="123" Y="224"/>
	<Point X="123" Y="225"/>
	<Point X="123" Y="226"/>
	<Point X="123" Y="227"/>
	<Point X="123" Y="228"/>
	<Point X="124" Y="228"/>
	<Point X="124" Y="229"/>
	<Point X="124" Y="230"/>
	<Point X="124" Y="231"/>
	<Point X="124" Y="232"/>
	<Point X="124" Y="233"/>
	<Point X="124" Y="234"/>
	<Point X="124" Y="235"/>
	<Point X="124" Y="236"/>
	<Point X="124" Y="237"/>
	<Point X="124" Y="238"/>
	<Point X="124" Y="239"/>
	<Point X="124" Y="240"/>
	<Point X="124" Y="241"/>
	<Point X="125" Y="242"/>
	<Point X="125" Y="243"/>
	<Point X="125" Y="244"/>
	<Point X="125" Y="245"/>
	<Point X="125" Y="246"/>
	<Point X="125" Y="247"/>
	<Point X="125" Y="248"/>
	<Point X="125" Y="249"/>
	<Point X="125" Y="250"/>
	<Point X="125" Y="251"/>
	<Point X="125" Y="252"/>
	<Point X="125" Y="253"/>
	<Point X="125" Y="255"/>
	<Point X="125" Y="256"/>
	<Point X="125" Y="257"/>
	<Point X="125" Y="258"/>
	<Point X="125" Y="259"/>
	<Point X="125" Y="260"/>
	<Point X="125" Y="261"/>
	<Point X="125" Y="262"/>
	<Point X="125" Y="263"/>
	<Point X="125" Y="264"/>
	<Point X="125" Y="265"/>
	<Point X="125" Y="266"/>
	<Point X="125" Y="267"/>
	<Point X="125" Y="268"/>
	<Point X="125" Y="269"/>
	<Point X="125" Y="270"/>
	<Point X="125" Y="271"/>
	<Point X="125" Y="272"/>
	<Point X="125" Y="273"/>
	<Point X="125" Y="274"/>
	<Point X="125" Y="275"/>
	<Point X="125" Y="276"/>
	<Point X="125" Y="277"/>
	<Point X="124" Y="277"/>
	<Point X="124" Y="278"/>
	<Point X="124" Y="279"/>
	<Point X="124" Y="280"/>
	<Point X="124" Y="281"/>
	<Point X="124" Y="282"/>
	<Point X="124" Y="283"/>
	<Point X="123" Y="284"/>
	<Point X="123" Y="285"/>
	<Point X="123" Y="286"/>
	<Point X="123" Y="287"/>
	<Point X="123" Y="288"/>
	<Point X="122" Y="288"/>
	<Point X="122" Y="289"/>
	<Point X="122" Y="290"/>
	<Point X="122" Y="291"/>
	<Point X="122" Y="292"/>
	<Point X="121" Y="292"/>
	<Point X="121" Y="293"/>
	<Point X="121" Y="294"/>
	<Point X="121" Y="295"/>
	<Point X="121" Y="296"/>
	<Point X="120" Y="296"/>
	<Point X="120" Y="297"/>
	<Point X="120" Y="298"/>
	<Point X="120" Y="299"/>
	<Point X="120" Y="300"/>
	<Point X="121" Y="300"/>
	<Point X="122" Y="300"/>
	<Point X="123" Y="300"/>
	<Point X="124" Y="300"/>
	<Point X="125" Y="300"/>
	<Point X="126" Y="300"/>
	<Point X="127" Y="300"/>
	<Point X="128" Y="300"/>
	<Point X="129" Y="300"/>
	<Point X="130" Y="300"/>
	<Point X="131" Y="300"/>
	<Point X="132" Y="300"/>
	<Point X="133" Y="300"/>
	<Point X="134" Y="300"/>
	<Point X="135" Y="300"/>
	<Point X="136" Y="300"/>
	<Point X="137" Y="300"/>
	<Point X="138" Y="300"/>
	<Point X="139" Y="300"/>
	<Point X="140" Y="300"/>
	<Point X="141" Y="300"/>
	<Point X="142" Y="300"/>
	<Point X="143" Y="300"/>
	<Point X="144" Y="300"/>
	<Point X="145" Y="300"/>
	<Point X="146" Y="300"/>
	<Point X="147" Y="300"/>
	<Point X="148" Y="300"/>
	<Point X="149" Y="300"/>
	<Point X="150" Y="300"/>
	<Point X="151" Y="300"/>
	<Point X="152" Y="300"/>
	<Point X="153" Y="300"/>
	<Point X="155" Y="300"/>
	<Point X="156" Y="300"/>
	<Point X="157" Y="300"/>
	<Point X="158" Y="300"/>
	<Point X="159" Y="300"/>
	<Point X="160" Y="300"/>
	<Point X="161" Y="300"/>
	<Point X="162" Y="300"/>
	<Point X="164" Y="300"/>
	<Point X="165" Y="300"/>
	<Point X="166" Y="300"/>
	<Point X="167" Y="300"/>
	<Point X="170" Y="300"/>
	<Point X="171" Y="300"/>
	<Point X="173" Y="300"/>
	<Point X="174" Y="299"/>
	<Point X="175" Y="299"/>
	<Point X="177" Y="299"/>
	<Point X="178" Y="299"/>
	<Point X="179" Y="299"/>
	<Point X="181" Y="299"/>
	<Point X="182" Y="299"/>
	<Point X="183" Y="299"/>
	<Point X="185" Y="299"/>
	<Point X="186" Y="299"/>
	<Point X="187" Y="299"/>
	<Point X="188" Y="299"/>
	<Point X="190" Y="299"/>
	<Point X="191" Y="298"/>
	<Point X="192" Y="298"/>
	<Point X="193" Y="298"/>
	<Point X="195" Y="298"/>
	<Point X="196" Y="298"/>
	<Point X="197" Y="298"/>
	<Point X="199" Y="298"/>
	<Point X="200" Y="298"/>
	<Point X="201" Y="298"/>
	<Point X="202" Y="298"/>
	<Point X="204" Y="297"/>
	<Point X="205" Y="297"/>
	<Point X="206" Y="297"/>
	<Point X="208" Y="297"/>
	<Point X="209" Y="297"/>
	<Point X="210" Y="297"/>
	<Point X="211" Y="297"/>
	<Point X="213" Y="297"/>
	<Point X="214" Y="297"/>
	<Point X="215" Y="296"/>
	<Point X="216" Y="296"/>
	<Point X="217" Y="296"/>
	<Point X="219" Y="296"/>
	<Point X="220" Y="296"/>
	<Point X="222" Y="296"/>
	<Point X="225" Y="296"/>
	<Point X="226" Y="295"/>
	<Point X="227" Y="295"/>
	<Point X="228" Y="295"/>
	<Point X="230" Y="295"/>
	<Point X="231" Y="295"/>
	<Point X="232" Y="295"/>
	<Point X="233" Y="295"/>
	<Point X="234" Y="295"/>
	<Point X="236" Y="295"/>
	<Point X="237" Y="295"/>
	<Point X="238" Y="295"/>
	<Point X="239" Y="295"/>
	<Point X="240" Y="295"/>
	<Point X="241" Y="295"/>
	<Point X="242" Y="295"/>
	<Point X="244" Y="294"/>
	<Point X="245" Y="294"/>
	<Point X="246" Y="294"/>
	<Point X="247" Y="294"/>
	<Point X="248" Y="294"/>
	<Point X="249" Y="294"/>
	<Point X="250" Y="294"/>
	<Point X="251" Y="294"/>
	<Point X="252" Y="294"/>
	<Point X="253" Y="294"/>
	<Point X="254" Y="294"/>
	<Point X="255" Y="294"/>
	<Point X="256" Y="294"/>
	<Point X="257" Y="294"/>
	<Point X="258" Y="294"/>
	<Point X="259" Y="294"/>
	<Point X="260" Y="294"/>
	<Point X="261" Y="294"/>
	<Point X="262" Y="294"/>
	<Point X="263" Y="294"/>
	<Point X="264" Y="294"/>
	<Point X="265" Y="294"/>
	<Point X="268" Y="294"/>
	<Point X="269" Y="294"/>
	<Point X="270" Y="294"/>
	<Point X="271" Y="294"/>
	<Point X="272" Y="294"/>
	<Point X="274" Y="294"/>
	<Point X="275" Y="294"/>
	<Point X="277" Y="294"/>
	<Point X="278" Y="294"/>
	<Point X="279" Y="294"/>
	<Point X="279" Y="295"/>
	<Point X="281" Y="295"/>
	<Point X="282" Y="295"/>
	<Point X="284" Y="295"/>
	<Point X="285" Y="295"/>
	<Point X="287" Y="295"/>
	<Point X="288" Y="295"/>
	<Point X="289" Y="295"/>
	<Point X="291" Y="295"/>
	<Point X="292" Y="295"/>
	<Point X="293" Y="295"/>
	<Point X="294" Y="295"/>
	<Point X="295" Y="295"/>
	<Point X="295" Y="294"/>
	<Point X="295" Y="293"/>
	<Point X="295" Y="292"/>
	<Point X="295" Y="291"/>
	<Point X="295" Y="290"/>
	<Point X="295" Y="289"/>
	<Point X="295" Y="288"/>
	<Point X="295" Y="287"/>
	<Point X="295" Y="286"/>
	<Point X="295" Y="285"/>
	<Point X="295" Y="284"/>
	<Point X="295" Y="283"/>
	<Point X="295" Y="282"/>
	<Point X="295" Y="281"/>
	<Point X="295" Y="280"/>
	<Point X="295" Y="279"/>
	<Point X="295" Y="278"/>
	<Point X="295" Y="277"/>
	<Point X="295" Y="276"/>
	<Point X="294" Y="275"/>
	<Point X="294" Y="274"/>
	<Point X="294" Y="273"/>
	<Point X="294" Y="272"/>
	<Point X="294" Y="271"/>
	<Point X="294" Y="270"/>
	<Point X="294" Y="269"/>
	<Point X="294" Y="268"/>
	<Point X="294" Y="267"/>
	<Point X="293" Y="266"/>
	<Point X="293" Y="265"/>
	<Point X="293" Y="263"/>
	<Point X="293" Y="262"/>
	<Point X="293" Y="261"/>
	<Point X="293" Y="260"/>
	<Point X="292" Y="260"/>
	<Point X="292" Y="259"/>
	<Point X="292" Y="258"/>
	<Point X="292" Y="257"/>
	<Point X="292" Y="256"/>
	<Point X="292" Y="255"/>
	<Point X="292" Y="254"/>
	<Point X="291" Y="254"/>
	<Point X="291" Y="253"/>
	<Point X="291" Y="250"/>
	<Point X="290" Y="249"/>
	<Point X="290" Y="248"/>
	<Point X="290" Y="247"/>
	<Point X="290" Y="246"/>
	<Point X="289" Y="246"/>
	<Point X="289" Y="245"/>
	<Point X="289" Y="244"/>
	<Point X="289" Y="243"/>
	<Point X="289" Y="242"/>
	<Point X="288" Y="242"/>
	<Point X="288" Y="241"/>
	<Point X="288" Y="239"/>
	<Point X="288" Y="238"/>
	<Point X="287" Y="237"/>
	<Point X="287" Y="236"/>
	<Point X="287" Y="235"/>
	<Point X="286" Y="234"/>
	<Point X="286" Y="233"/>
	<Point X="286" Y="232"/>
	<Point X="286" Y="231"/>
	<Point X="285" Y="231"/>
	<Point X="285" Y="230"/>
	<Point X="285" Y="229"/>
	<Point X="285" Y="228"/>
	<Point X="285" Y="227"/>
	<Point X="285" Y="226"/>
	<Point X="284" Y="226"/>
	<Point X="284" Y="225"/>
	<Point X="284" Y="224"/>
	<Point X="284" Y="223"/>
	<Point X="283" Y="222"/>
	<Point X="283" Y="221"/>
	<Point X="283" Y="220"/>
	<Point X="283" Y="219"/>
	<Point X="283" Y="218"/>
	<Point X="282" Y="217"/>
	<Point X="282" Y="216"/>
	<Point X="282" Y="215"/>
	<Point X="282" Y="214"/>
	<Point X="282" Y="213"/>
	<Point X="282" Y="212"/>
	<Point X="282" Y="211"/>
	<Point X="281" Y="211"/>
	<Point X="281" Y="210"/>
	<Point X="281" Y="209"/>
	<Point X="281" Y="208"/>
	<Point X="281" Y="207"/>
	<Point X="281" Y="206"/>
	<Point X="280" Y="206"/>
	<Point X="280" Y="205"/>
	<Point X="279" Y="205"/>
	<Point X="278" Y="205"/>
	<Point X="278" Y="204"/>
	<Point X="277" Y="204"/>
	<Point X="276" Y="204"/>
	<Point X="275" Y="204"/>
	<Point X="275" Y="203"/>
	<Point X="274" Y="203"/>
	<Point X="273" Y="203"/>
	<Point X="272" Y="203"/>
	<Point X="271" Y="203"/>
	<Point X="271" Y="202"/>
	<Point X="270" Y="202"/>
	<Point X="269" Y="202"/>
	<Point X="268" Y="202"/>
	<Point X="267" Y="202"/>
	<Point X="266" Y="202"/>
	<Point X="265" Y="202"/>
	<Point X="264" Y="202"/>
	<Point X="263" Y="202"/>
	<Point X="262" Y="202"/>
	<Point X="261" Y="202"/>
	<Point X="260" Y="202"/>
	<Point X="259" Y="202"/>
	<Point X="258" Y="202"/>
	<Point X="257" Y="202"/>
	<Point X="256" Y="202"/>
	<Point X="255" Y="202"/>
	<Point X="254" Y="202"/>
	<Point X="252" Y="202"/>
	<Point X="251" Y="202"/>
	<Point X="250" Y="202"/>
	<Point X="248" Y="202"/>
	<Point X="246" Y="201"/>
	<Point X="244" Y="201"/>
	<Point X="243" Y="201"/>
	<Point X="241" Y="201"/>
	<Point X="240" Y="201"/>
	<Point X="239" Y="201"/>
	<Point X="237" Y="201"/>
	<Point X="236" Y="201"/>
	<Point X="234" Y="201"/>
	<Point X="233" Y="201"/>
	<Point X="232" Y="201"/>
	<Point X="230" Y="201"/>
	<Point X="229" Y="201"/>
	<Point X="227" Y="201"/>
	<Point X="226" Y="201"/>
	<Point X="224" Y="201"/>
	<Point X="223" Y="201"/>
	<Point X="221" Y="201"/>
	<Point X="220" Y="201"/>
	<Point X="218" Y="201"/>
	<Point X="217" Y="201"/>
	<Point X="215" Y="201"/>
	<Point X="214" Y="201"/>
	<Point X="212" Y="201"/>
	<Point X="211" Y="201"/>
	<Point X="210" Y="201"/>
	<Point X="209" Y="201"/>
	<Point X="208" Y="201"/>
	<Point X="206" Y="201"/>
	<Point X="205" Y="201"/>
	<Point X="203" Y="201"/>
	<Point X="202" Y="201"/>
	<Point X="200" Y="201"/>
	<Point X="199" Y="201"/>
	<Point X="197" Y="201"/>
	<Point X="195" Y="201"/>
	<Point X="194" Y="201"/>
	<Point X="192" Y="201"/>
	<Point X="191" Y="202"/>
	<Point X="189" Y="202"/>
	<Point X="187" Y="202"/>
	<Point X="186" Y="202"/>
	<Point X="184" Y="202"/>
	<Point X="183" Y="202"/>
	<Point X="181" Y="202"/>
	<Point X="180" Y="202"/>
	<Point X="178" Y="202"/>
	<Point X="177" Y="202"/>
	<Point X="175" Y="202"/>
	<Point X="174" Y="202"/>
	<Point X="172" Y="202"/>
	<Point X="171" Y="202"/>
	<Point X="169" Y="203"/>
	<Point X="168" Y="203"/>
	<Point X="166" Y="203"/>
	<Point X="165" Y="203"/>
	<Point X="163" Y="203"/>
	<Point X="162" Y="203"/>
	<Point X="160" Y="203"/>
	<Point X="159" Y="203"/>
	<Point X="157" Y="203"/>
	<Point X="156" Y="203"/>
	<Point X="155" Y="203"/>
	<Point X="154" Y="203"/>
	<Point X="152" Y="203"/>
	<Point X="151" Y="204"/>
	<Point X="150" Y="204"/>
	<Point X="148" Y="204"/>
	<Point X="147" Y="204"/>
	<Point X="146" Y="204"/>
	<Point X="144" Y="204"/>
	<Point X="143" Y="204"/>
	<Point X="142" Y="204"/>
	<Point X="141" Y="204"/>
	<Point X="138" Y="204"/>
	<Point X="137" Y="204"/>
	<Point X="136" Y="204"/>
	<Point X="135" Y="204"/>
	<Point X="134" Y="204"/>
	<Point X="133" Y="205"/>
	<Point X="132" Y="205"/>
	<Point X="131" Y="205"/>
	<Point X="130" Y="205"/>
	<Point X="129" Y="205"/>
	<Point X="128" Y="205"/>
	<Point X="127" Y="205"/>
	<Point X="126" Y="205"/>
	<Point X="124" Y="205"/>
	<Point X="123" Y="205"/>
	<Point X="122" Y="205"/>
	<Point X="121" Y="205"/>
	<Point X="120" Y="205"/>
	<Point X="119" Y="205"/>
	<Point X="118" Y="205"/>
	<Point X="117" Y="205"/>
	<Point X="116" Y="205"/>
	<Point X="115" Y="205"/>
	<Point X="114" Y="205"/>
	<Point X="113" Y="205"/>
	<Point X="112" Y="205"/>
	<Point X="111" Y="205"/>
	<Point X="110" Y="205"/>
	<Point X="109" Y="205"/>
	<Point X="108" Y="205"/>
	<Point X="107" Y="205"/>
	<Point X="106" Y="205"/>
	<Point X="105" Y="205"/>
	<Point X="104" Y="205"/>
	<Point X="103" Y="205"/>
	<Point X="102" Y="205"/>
	<Point X="101" Y="205"/>
</Gesture>
