<?xml version="1.0" ?>
<Gesture Name="rectangle03" Subject="01" Number="03" NumPts="402">
	<Point X="120" Y="200"/>
	<Point X="120" Y="201"/>
	<Point X="120" Y="202"/>
	<Point X="120" Y="203"/>
	<Point X="120" Y="204"/>
	<Point X="120" Y="205"/>
	<Point X="120" Y="206"/>
	<Point X="120" Y="207"/>
	<Point X="120" Y="208"/>
	<Point X="120" Y="209"/>
	<Point X="120" Y="210"/>
	<Point X="120" Y="211"/>
	<Point X="120" Y="212"/>
	<Point X="121" Y="213"/>
	<Point X="121" Y="214"/>
	<Point X="121" Y="215"/>
	<Point X="121" Y="216"/>
	<Point X="121" Y="217"/>
	<Point X="121" Y="218"/>
	<Point X="121" Y="219"/>
	<Point X="121" Y="220"/>
	<Point X="121" Y="221"/>
	<Point X="121" Y="222"/>
	<Point X="121" Y="223"/>
	<Point X="121" Y="224"/>
	<Point X="121" Y="225"/>
	<Point X="121" Y="226"/>
	<Point X="122" Y="227"/>
	<Point X="122" Y="228"/>
	<Point X="122" Y="229"/>
	<Point X="122" Y="230"/>
	<Point X="122" Y="231"/>
	<Point X="122" Y="232"/>
	<Point X="122" Y="233"/>
	<Point X="122" Y="234"/>
	<Point X="122" Y="235"/>
	<Point X="122" Y="236"/>
	<Point X="122" Y="237"/>
	<Point X="122" Y="238"/>
	<Point X="122" Y="239"/>
	<Point X="122" Y="240"/>
	<Point X="122" Y="241"/>
	<Point X="122" Y="242"/>
	<Point X="122" Y="243"/>
	<Point X="122" Y="244"/>
	<Point X="122" Y="245"/>
	<Point X="122" Y="246"/>
	<Point X="122" Y="247"/>
	<Point X="122" Y="248"/>
	<Point X="122" Y="249"/>
	<Point X="122" Y="250"/>
	<Point X="122" Y="251"/>
	<Point X="122" Y="252"/>
	<Point X="122" Y="253"/>
	<Point X="122" Y="254"/>
	<Point X="122" Y="255"/>
	<Point X="122" Y="256"/>
	<Point X="122" Y="257"/>
	<Point X="122" Y="258"/>
	<Point X="122" Y="259"/>
	<Point X="122" Y="260"/>
	<Point X="122" Y="261"/>
	<Point X="122" Y="262"/>
	<Point X="122" Y="263"/>
	<Point X="122" Y="264"/>
	<Point X="122" Y="265"/>
	<Point X="122" Y="266"/>
	<Point X="122" Y="267"/>
	<Point X="122" Y="268"/>
	<Point X="122" Y="269"/>
	<Point X="122" Y="270"/>
	<Point X="122" Y="271"/>
	<Point X="122" Y="272"/>
	<Point X="122" Y="273"/>
	<Point X="122" Y="274"/>
	<Point X="122" Y="275"/>
	<Point X="122" Y="276"/>
	<Point X="122" Y="277"/>
	<Point X="122" Y="278"/>
	<Point X="122" Y="279"/>
	<Point X="122" Y="280"/>
	<Point X="123" Y="280"/>
	<Point X="124" Y="280"/>
	<Point X="125" Y="280"/>
	<Point X="125" Y="281"/>
	<Point X="126" Y="281"/>
	<Point X="127" Y="281"/>
	<Point X="128" Y="281"/>
	<Point X="128" Y="282"/>
	<Point X="129" Y="282"/>
	<Point X="130" Y="282"/>
	<Point X="131" Y="283"/>
	<Point X="132" Y="283"/>
	<Point X="133" Y="283"/>
	<Point X="134" Y="283"/>
	<Point X="134" Y="284"/>
	<Point X="135" Y="284"/>
	<Point X="136" Y="284"/>
	<Point X="137" Y="284"/>
	<Point X="138" Y="284"/>
	<Point X="139" Y="284"/>
	<Point X="140" Y="285"/>
	<Point X="141" Y="285"/>
	<Point X="142" Y="285"/>
	<Point X="143" Y="285"/>
	<Point X="144" Y="285"/>
	<Point X="145" Y="285"/>
	<Point X="146" Y="285"/>
	<Point X="147" Y="285"/>
	<Point X="148" Y="285"/>
	<Point X="149" Y="285"/>
	<Point X="150" Y="285"/>
	<Point X="151" Y="285"/>
	<Point X="152" Y="285"/>
	<Point X="153" Y="285"/>
	<Point X="155" Y="285"/>
	<Point X="156" Y="285"/>
	<Point X="157" Y="285"/>
	<Point X="158" Y="285"/>
	<Point X="159" Y="285"/>
	<Point X="160" Y="285"/>
	<Point X="161" Y="285"/>
	<Point X="162" Y="285"/>
	<Point X="163" Y="285"/>
	<Point X="164" Y="285"/>
	<Point X="165" Y="285"/>
	<Point X="166" Y="285"/>
	<Point X="167" Y="285"/>
	<Point X="168" Y="285"/>
	<Point X="169" Y="285"/>
	<Point X="170" Y="285"/>
	<Point X="171" Y="285"/>
	<Point X="172" Y="284"/>
	<Point X="173" Y="284"/>
	<Point X="174" Y="284"/>
	<Point X="175" Y="284"/>
	<Point X="176" Y="284"/>
	<Point X="177" Y="284"/>
	<Point X="178" Y="283"/>
	<Point X="179" Y="283"/>
	<Point X="180" Y="283"/>
	<Point X="181" Y="283"/>
	<Point X="182" Y="283"/>
	<Point X="183" Y="283"/>
	<Point X="183" Y="282"/>
	<Point X="184" Y="282"/>
	<Point X="185" Y="282"/>
	<Point X="186" Y="282"/>
	<Point X="188" Y="282"/>
	<Point X="188" Y="281"/>
	<Point X="190" Y="281"/>
	<Point X="191" Y="281"/>
	<Point X="192" Y="281"/>
	<Point X="193" Y="281"/>
	<Point X="194" Y="281"/>
	<Point X="194" Y="280"/>
	<Point X="195" Y="280"/>
	<Point X="196" Y="280"/>
	<Point X="197" Y="280"/>
	<Point X="198" Y="280"/>
	<Point X="199" Y="280"/>
	<Point X="200" Y="280"/>
	<Point X="201" Y="279"/>
	<Point X="202" Y="279"/>
	<Point X="203" Y="279"/>
	<Point X="204" Y="279"/>
	<Point X="205" Y="279"/>
	<Point X="206" Y="279"/>
	<Point X="207" Y="279"/>
	<Point X="208" Y="279"/>
	<Point X="209" Y="279"/>
	<Point X="210" Y="279"/>
	<Point X="211" Y="278"/>
	<Point X="212" Y="278"/>
	<Point X="213" Y="278"/>
	<Point X="215" Y="278"/>
	<Point X="217" Y="278"/>
	<Point X="218" Y="278"/>
	<Point X="219" Y="278"/>
	<Point X="220" Y="278"/>
	<Point X="221" Y="278"/>
	<Point X="222" Y="278"/>
	<Point X="223" Y="278"/>
	<Point X="224" Y="278"/>
	<Point X="225" Y="278"/>
	<Point X="226" Y="278"/>
	<Point X="227" Y="278"/>
	<Point X="228" Y="278"/>
	<Point X="229" Y="278"/>
	<Point X="230" Y="278"/>
	<Point X="231" Y="278"/>
	<Point X="232" Y="278"/>
	<Point X="233" Y="278"/>
	<Point X="234" Y="278"/>
	<Point X="234" Y="277"/>
	<Point X="235" Y="276"/>
	<Point X="235" Y="275"/>
	<Point X="235" Y="274"/>
	<Point X="235" Y="273"/>
	<Point X="236" Y="272"/>
	<Point X="236" Y="271"/>
	<Point X="236" Y="270"/>
	<Point X="236" Y="269"/>
	<Point X="236" Y="268"/>
	<Point X="236" Y="267"/>
	<Point X="236" Y="266"/>
	<Point X="236" Y="265"/>
	<Point X="236" Y="264"/>
	<Point X="236" Y="263"/>
	<Point X="236" Y="262"/>
	<Point X="236" Y="261"/>
	<Point X="236" Y="260"/>
	<Point X="236" Y="259"/>
	<Point X="236" Y="258"/>
	<Point X="236" Y="257"/>
	<Point X="236" Y="256"/>
	<Point X="236" Y="255"/>
	<Point X="236" Y="254"/>
	<Point X="236" Y="253"/>
	<Point X="236" Y="252"/>
	<Point X="236" Y="251"/>
	<Point X="236" Y="249"/>
	<Point X="236" Y="248"/>
	<Point X="236" Y="247"/>
	<Point X="236" Y="246"/>
	<Point X="236" Y="245"/>
	<Point X="236" Y="244"/>
	<Point X="236" Y="243"/>
	<Point X="236" Y="242"/>
	<Point X="235" Y="241"/>
	<Point X="235" Y="240"/>
	<Point X="235" Y="239"/>
	<Point X="235" Y="238"/>
	<Point X="235" Y="237"/>
	<Point X="234" Y="237"/>
	<Point X="234" Y="236"/>
	<Point X="234" Y="235"/>
	<Point X="234" Y="234"/>
	<Point X="234" Y="233"/>
	<Point X="233" Y="233"/>
	<Point X="233" Y="232"/>
	<Point X="233" Y="231"/>
	<Point X="233" Y="230"/>
	<Point X="232" Y="230"/>
	<Point X="232" Y="229"/>
	<Point X="232" Y="228"/>
	<Point X="232" Y="227"/>
	<Point X="231" Y="226"/>
	<Point X="231" Y="225"/>
	<Point X="231" Y="224"/>
	<Point X="231" Y="223"/>
	<Point X="230" Y="222"/>
	<Point X="230" Y="221"/>
	<Point X="230" Y="220"/>
	<Point X="229" Y="219"/>
	<Point X="229" Y="218"/>
	<Point X="229" Y="217"/>
	<Point X="228" Y="216"/>
	<Point X="228" Y="215"/>
	<Point X="228" Y="214"/>
	<Point X="227" Y="213"/>
	<Point X="227" Y="212"/>
	<Point X="227" Y="211"/>
	<Point X="227" Y="210"/>
	<Point X="226" Y="209"/>
	<Point X="226" Y="208"/>
	<Point X="226" Y="207"/>
	<Point X="226" Y="206"/>
	<Point X="226" Y="205"/>
	<Point X="225" Y="204"/>
	<Point X="225" Y="203"/>
	<Point X="225" Y="202"/>
	<Point X="225" Y="201"/>
	<Point X="225" Y="200"/>
	<Point X="225" Y="199"/>
	<Point X="224" Y="199"/>
	<Point X="224" Y="198"/>
	<Point X="223" Y="198"/>
	<Point X="222" Y="198"/>
	<Point X="221" Y="197"/>
	<Point X="220" Y="197"/>
	<Point X="219" Y="197"/>
	<Point X="219" Y="196"/>
	<Point X="218" Y="196"/>
	<Point X="217" Y="196"/>
	<Point X="216" Y="196"/>
	<Point X="215" Y="196"/>
	<Point X="215" Y="195"/>
	<Point X="214" Y="195"/>
	<Point X="213" Y="195"/>
	<Point X="212" Y="195"/>
	<Point X="211" Y="195"/>
	<Point X="210" Y="195"/>
	<Point X="209" Y="195"/>
	<Point X="208" Y="195"/>
	<Point X="207" Y="195"/>
	<Point X="206" Y="195"/>
	<Point X="205" Y="195"/>
	<Point X="204" Y="195"/>
	<Point X="203" Y="194"/>
	<Point X="202" Y="194"/>
	<Point X="201" Y="194"/>
	<Point X="200" Y="194"/>
	<Point X="199" Y="194"/>
	<Point X="198" Y="194"/>
	<Point X="197" Y="194"/>
	<Point X="196" Y="194"/>
	<Point X="195" Y="194"/>
	<Point X="194" Y="194"/>
	<Point X="193" Y="194"/>
	<Point X="192" Y="194"/>
	<Point X="191" Y="194"/>
	<Point X="189" Y="194"/>
	<Point X="188" Y="194"/>
	<Point X="187" Y="194"/>
	<Point X="186" Y="194"/>
	<Point X="185" Y="194"/>
	<Point X="184" Y="194"/>
	<Point X="183" Y="194"/>
	<Point X="181" Y="194"/>
	<Point X="180" Y="194"/>
	<Point X="179" Y="194"/>
	<Point X="178" Y="194"/>
	<Point X="177" Y="194"/>
	<Point X="176" Y="194"/>
	<Point X="175" Y="194"/>
	<Point X="174" Y="194"/>
	<Point X="172" Y="194"/>
	<Point X="171" Y="194"/>
	<Point X="170" Y="194"/>
	<Point X="169" Y="194"/>
	<Point X="168" Y="194"/>
	<Point X="167" Y="194"/>
	<Point X="166" Y="194"/>
	<Point X="165" Y="194"/>
	<Point X="164" Y="194"/>
	<Point X="163" Y="194"/>
	<Point X="162" Y="194"/>
	<Point X="161" Y="194"/>
	<Point X="160" Y="194"/>
	<Point X="159" Y="194"/>
	<Point X="158" Y="194"/>
	<Point X="157" Y="194"/>
	<Point X="156" Y="194"/>
	<Point X="155" Y="194"/>
	<Point X="154" Y="194"/>
	<Point X="152" Y="194"/>
	<Point X="151" Y="194"/>
	<Point X="150" Y="194"/>
	<Point X="149" Y="194"/>
	<Point X="148" Y="194"/>
	<Point X="147" Y="194"/>
	<Point X="146" Y="194"/>
	<Point X="144" Y="194"/>
	<Point X="143" Y="194"/>
	<Point X="142" Y="194"/>
	<Point X="141" Y="194"/>
	<Point X="140" Y="194"/>
	<Point X="139" Y="194"/>
	<Point X="138" Y="194"/>
	<Point X="137" Y="194"/>
	<Point X="136" Y="194"/>
	<Point X="135" Y="194"/>
	<Point X="134" Y="194"/>
	<Point X="133" Y="194"/>
	<Point X="132" Y="194"/>
	<Point X="131" Y="194"/>
	<Point X="130" Y="194"/>
	<Point X="130" Y="193"/>
	<Point X="129" Y="193"/>
	<Point X="128" Y="193"/>
	<Point X="127" Y="193"/>
	<Point X="126" Y="193"/>
	<Point X="125" Y="193"/>
	<Point X="124" Y="193"/>
	<Point X="123" Y="193"/>
	<Point X="122" Y="193"/>
	<Point X="121" Y="193"/>
	<Point X="120" Y="193"/>
	<Point X="119" Y="193"/>
	<Point X="118" Y="193"/>
	<Point X="117" Y="193"/>
	<Point X="116" Y="193"/>
	<Point X="115" Y="193"/>
	<Point X="114" Y="193"/>
	<Point X="113" Y="193"/>
	<Point X="112" Y="193"/>
	<Point X="111" Y="193"/>
	<Point X="110" Y="193"/>
	<Point X="109" Y="193"/>
	<Point X="108" Y="193"/>
	<Point X="107" Y="193"/>
	<Point X="106" Y="193"/>
	<Point X="105" Y="193"/>
	<Point X="105" Y="192"/>
	<Point X="104" Y="192"/>
	<Point X="103" Y="192"/>
	<Point X="102" Y="192"/>
	<Point X="101" Y="192"/>
	<Point X="100" Y="192"/>
	<Point X="99" Y="192"/>
	<Point X="98" Y="192"/>
</Gesture>
