<?xml version="1.0" ?>
<Gesture Name="rectangle06" Subject="01" Number="06" NumPts="451">
	<Point X="124" Y="207"/>
	<Point X="124" Y="208"/>
	<Point X="124" Y="209"/>
	<Point X="124" Y="210"/>
	<Point X="124" Y="211"/>
	<Point X="124" Y="212"/>
	<Point X="124" Y="213"/>
	<Point X="124" Y="214"/>
	<Point X="125" Y="214"/>
	<Point X="125" Y="215"/>
	<Point X="125" Y="216"/>
	<Point X="125" Y="217"/>
	<Point X="125" Y="218"/>
	<Point X="126" Y="218"/>
	<Point X="126" Y="219"/>
	<Point X="126" Y="220"/>
	<Point X="126" Y="221"/>
	<Point X="126" Y="222"/>
	<Point X="127" Y="223"/>
	<Point X="127" Y="224"/>
	<Point X="127" Y="225"/>
	<Point X="127" Y="226"/>
	<Point X="128" Y="227"/>
	<Point X="128" Y="229"/>
	<Point X="128" Y="230"/>
	<Point X="128" Y="231"/>
	<Point X="128" Y="232"/>
	<Point X="129" Y="233"/>
	<Point X="129" Y="234"/>
	<Point X="129" Y="235"/>
	<Point X="129" Y="236"/>
	<Point X="129" Y="237"/>
	<Point X="129" Y="238"/>
	<Point X="129" Y="239"/>
	<Point X="130" Y="240"/>
	<Point X="130" Y="241"/>
	<Point X="130" Y="242"/>
	<Point X="130" Y="243"/>
	<Point X="130" Y="244"/>
	<Point X="130" Y="245"/>
	<Point X="130" Y="246"/>
	<Point X="130" Y="247"/>
	<Point X="130" Y="248"/>
	<Point X="130" Y="249"/>
	<Point X="130" Y="250"/>
	<Point X="130" Y="251"/>
	<Point X="130" Y="252"/>
	<Point X="130" Y="253"/>
	<Point X="130" Y="254"/>
	<Point X="131" Y="254"/>
	<Point X="131" Y="255"/>
	<Point X="131" Y="256"/>
	<Point X="131" Y="257"/>
	<Point X="131" Y="258"/>
	<Point X="131" Y="259"/>
	<Point X="131" Y="261"/>
	<Point X="131" Y="263"/>
	<Point X="131" Y="264"/>
	<Point X="131" Y="265"/>
	<Point X="131" Y="266"/>
	<Point X="131" Y="267"/>
	<Point X="131" Y="268"/>
	<Point X="131" Y="269"/>
	<Point X="131" Y="270"/>
	<Point X="131" Y="271"/>
	<Point X="131" Y="272"/>
	<Point X="131" Y="273"/>
	<Point X="131" Y="274"/>
	<Point X="131" Y="275"/>
	<Point X="131" Y="276"/>
	<Point X="131" Y="277"/>
	<Point X="131" Y="278"/>
	<Point X="131" Y="279"/>
	<Point X="131" Y="280"/>
	<Point X="131" Y="281"/>
	<Point X="131" Y="282"/>
	<Point X="131" Y="283"/>
	<Point X="131" Y="284"/>
	<Point X="131" Y="285"/>
	<Point X="131" Y="286"/>
	<Point X="132" Y="286"/>
	<Point X="132" Y="287"/>
	<Point X="132" Y="288"/>
	<Point X="132" Y="289"/>
	<Point X="132" Y="290"/>
	<Point X="132" Y="291"/>
	<Point X="132" Y="292"/>
	<Point X="132" Y="293"/>
	<Point X="132" Y="294"/>
	<Point X="132" Y="295"/>
	<Point X="132" Y="296"/>
	<Point X="132" Y="297"/>
	<Point X="133" Y="297"/>
	<Point X="133" Y="298"/>
	<Point X="133" Y="299"/>
	<Point X="133" Y="300"/>
	<Point X="133" Y="301"/>
	<Point X="133" Y="302"/>
	<Point X="133" Y="303"/>
	<Point X="133" Y="304"/>
	<Point X="133" Y="305"/>
	<Point X="133" Y="306"/>
	<Point X="133" Y="307"/>
	<Point X="133" Y="308"/>
	<Point X="133" Y="309"/>
	<Point X="133" Y="310"/>
	<Point X="133" Y="311"/>
	<Point X="134" Y="311"/>
	<Point X="135" Y="311"/>
	<Point X="136" Y="311"/>
	<Point X="137" Y="311"/>
	<Point X="137" Y="310"/>
	<Point X="138" Y="310"/>
	<Point X="139" Y="310"/>
	<Point X="140" Y="310"/>
	<Point X="141" Y="310"/>
	<Point X="142" Y="309"/>
	<Point X="143" Y="309"/>
	<Point X="144" Y="309"/>
	<Point X="145" Y="309"/>
	<Point X="146" Y="309"/>
	<Point X="147" Y="309"/>
	<Point X="147" Y="308"/>
	<Point X="148" Y="308"/>
	<Point X="149" Y="308"/>
	<Point X="150" Y="308"/>
	<Point X="151" Y="308"/>
	<Point X="152" Y="308"/>
	<Point X="153" Y="308"/>
	<Point X="154" Y="308"/>
	<Point X="155" Y="308"/>
	<Point X="156" Y="307"/>
	<Point X="159" Y="307"/>
	<Point X="161" Y="307"/>
	<Point X="162" Y="307"/>
	<Point X="163" Y="307"/>
	<Point X="164" Y="306"/>
	<Point X="165" Y="306"/>
	<Point X="166" Y="306"/>
	<Point X="167" Y="306"/>
	<Point X="168" Y="306"/>
	<Point X="170" Y="306"/>
	<Point X="171" Y="306"/>
	<Point X="172" Y="306"/>
	<Point X="173" Y="306"/>
	<Point X="175" Y="305"/>
	<Point X="176" Y="305"/>
	<Point X="177" Y="305"/>
	<Point X="178" Y="305"/>
	<Point X="180" Y="305"/>
	<Point X="181" Y="305"/>
	<Point X="182" Y="305"/>
	<Point X="184" Y="305"/>
	<Point X="185" Y="305"/>
	<Point X="186" Y="304"/>
	<Point X="187" Y="304"/>
	<Point X="188" Y="304"/>
	<Point X="189" Y="304"/>
	<Point X="190" Y="304"/>
	<Point X="191" Y="304"/>
	<Point X="193" Y="304"/>
	<Point X="194" Y="304"/>
	<Point X="195" Y="304"/>
	<Point X="197" Y="304"/>
	<Point X="198" Y="304"/>
	<Point X="199" Y="303"/>
	<Point X="201" Y="303"/>
	<Point X="202" Y="303"/>
	<Point X="203" Y="303"/>
	<Point X="205" Y="303"/>
	<Point X="207" Y="303"/>
	<Point X="209" Y="302"/>
	<Point X="210" Y="302"/>
	<Point X="212" Y="302"/>
	<Point X="213" Y="302"/>
	<Point X="214" Y="302"/>
	<Point X="215" Y="302"/>
	<Point X="216" Y="301"/>
	<Point X="218" Y="301"/>
	<Point X="219" Y="301"/>
	<Point X="220" Y="301"/>
	<Point X="221" Y="301"/>
	<Point X="222" Y="301"/>
	<Point X="223" Y="301"/>
	<Point X="224" Y="300"/>
	<Point X="225" Y="300"/>
	<Point X="226" Y="300"/>
	<Point X="227" Y="300"/>
	<Point X="229" Y="300"/>
	<Point X="230" Y="300"/>
	<Point X="231" Y="300"/>
	<Point X="232" Y="300"/>
	<Point X="233" Y="300"/>
	<Point X="234" Y="300"/>
	<Point X="235" Y="300"/>
	<Point X="236" Y="299"/>
	<Point X="237" Y="299"/>
	<Point X="238" Y="299"/>
	<Point X="239" Y="299"/>
	<Point X="240" Y="299"/>
	<Point X="241" Y="299"/>
	<Point X="242" Y="299"/>
	<Point X="243" Y="299"/>
	<Point X="244" Y="299"/>
	<Point X="245" Y="299"/>
	<Point X="246" Y="299"/>
	<Point X="247" Y="299"/>
	<Point X="249" Y="299"/>
	<Point X="250" Y="299"/>
	<Point X="251" Y="299"/>
	<Point X="252" Y="299"/>
	<Point X="253" Y="299"/>
	<Point X="254" Y="299"/>
	<Point X="255" Y="299"/>
	<Point X="256" Y="300"/>
	<Point X="257" Y="300"/>
	<Point X="258" Y="300"/>
	<Point X="259" Y="300"/>
	<Point X="260" Y="300"/>
	<Point X="260" Y="301"/>
	<Point X="261" Y="301"/>
	<Point X="262" Y="301"/>
	<Point X="263" Y="301"/>
	<Point X="264" Y="301"/>
	<Point X="265" Y="302"/>
	<Point X="266" Y="302"/>
	<Point X="267" Y="302"/>
	<Point X="268" Y="302"/>
	<Point X="269" Y="303"/>
	<Point X="270" Y="303"/>
	<Point X="271" Y="303"/>
	<Point X="272" Y="303"/>
	<Point X="273" Y="303"/>
	<Point X="274" Y="303"/>
	<Point X="275" Y="303"/>
	<Point X="275" Y="302"/>
	<Point X="276" Y="302"/>
	<Point X="277" Y="302"/>
	<Point X="277" Y="301"/>
	<Point X="277" Y="300"/>
	<Point X="277" Y="299"/>
	<Point X="277" Y="298"/>
	<Point X="277" Y="297"/>
	<Point X="277" Y="296"/>
	<Point X="277" Y="295"/>
	<Point X="277" Y="294"/>
	<Point X="277" Y="293"/>
	<Point X="277" Y="292"/>
	<Point X="277" Y="291"/>
	<Point X="277" Y="290"/>
	<Point X="277" Y="289"/>
	<Point X="277" Y="288"/>
	<Point X="277" Y="287"/>
	<Point X="277" Y="286"/>
	<Point X="276" Y="285"/>
	<Point X="276" Y="284"/>
	<Point X="276" Y="283"/>
	<Point X="276" Y="282"/>
	<Point X="276" Y="281"/>
	<Point X="275" Y="280"/>
	<Point X="275" Y="279"/>
	<Point X="275" Y="278"/>
	<Point X="275" Y="277"/>
	<Point X="275" Y="276"/>
	<Point X="275" Y="275"/>
	<Point X="274" Y="275"/>
	<Point X="274" Y="274"/>
	<Point X="274" Y="273"/>
	<Point X="274" Y="272"/>
	<Point X="273" Y="271"/>
	<Point X="273" Y="270"/>
	<Point X="273" Y="269"/>
	<Point X="272" Y="267"/>
	<Point X="272" Y="266"/>
	<Point X="272" Y="265"/>
	<Point X="271" Y="264"/>
	<Point X="271" Y="263"/>
	<Point X="271" Y="262"/>
	<Point X="270" Y="261"/>
	<Point X="270" Y="260"/>
	<Point X="270" Y="259"/>
	<Point X="270" Y="258"/>
	<Point X="269" Y="257"/>
	<Point X="269" Y="256"/>
	<Point X="269" Y="255"/>
	<Point X="268" Y="254"/>
	<Point X="268" Y="253"/>
	<Point X="268" Y="252"/>
	<Point X="268" Y="251"/>
	<Point X="267" Y="250"/>
	<Point X="267" Y="249"/>
	<Point X="267" Y="248"/>
	<Point X="266" Y="247"/>
	<Point X="266" Y="246"/>
	<Point X="266" Y="245"/>
	<Point X="265" Y="244"/>
	<Point X="265" Y="243"/>
	<Point X="265" Y="242"/>
	<Point X="264" Y="241"/>
	<Point X="264" Y="240"/>
	<Point X="264" Y="239"/>
	<Point X="264" Y="238"/>
	<Point X="263" Y="237"/>
	<Point X="263" Y="236"/>
	<Point X="263" Y="235"/>
	<Point X="262" Y="234"/>
	<Point X="262" Y="233"/>
	<Point X="261" Y="231"/>
	<Point X="261" Y="230"/>
	<Point X="260" Y="229"/>
	<Point X="260" Y="228"/>
	<Point X="260" Y="227"/>
	<Point X="259" Y="226"/>
	<Point X="259" Y="224"/>
	<Point X="259" Y="223"/>
	<Point X="258" Y="222"/>
	<Point X="258" Y="221"/>
	<Point X="258" Y="220"/>
	<Point X="257" Y="219"/>
	<Point X="257" Y="218"/>
	<Point X="257" Y="217"/>
	<Point X="256" Y="216"/>
	<Point X="256" Y="215"/>
	<Point X="256" Y="214"/>
	<Point X="255" Y="213"/>
	<Point X="255" Y="212"/>
	<Point X="255" Y="211"/>
	<Point X="255" Y="210"/>
	<Point X="254" Y="210"/>
	<Point X="254" Y="209"/>
	<Point X="254" Y="208"/>
	<Point X="254" Y="207"/>
	<Point X="253" Y="207"/>
	<Point X="253" Y="206"/>
	<Point X="253" Y="205"/>
	<Point X="253" Y="204"/>
	<Point X="253" Y="203"/>
	<Point X="252" Y="203"/>
	<Point X="252" Y="202"/>
	<Point X="252" Y="201"/>
	<Point X="252" Y="200"/>
	<Point X="252" Y="199"/>
	<Point X="251" Y="199"/>
	<Point X="251" Y="198"/>
	<Point X="251" Y="197"/>
	<Point X="251" Y="196"/>
	<Point X="250" Y="196"/>
	<Point X="249" Y="196"/>
	<Point X="248" Y="196"/>
	<Point X="247" Y="196"/>
	<Point X="246" Y="196"/>
	<Point X="245" Y="196"/>
	<Point X="244" Y="196"/>
	<Point X="243" Y="196"/>
	<Point X="242" Y="196"/>
	<Point X="241" Y="196"/>
	<Point X="240" Y="196"/>
	<Point X="239" Y="196"/>
	<Point X="238" Y="196"/>
	<Point X="237" Y="196"/>
	<Point X="236" Y="196"/>
	<Point X="235" Y="196"/>
	<Point X="234" Y="196"/>
	<Point X="233" Y="196"/>
	<Point X="232" Y="196"/>
	<Point X="231" Y="196"/>
	<Point X="230" Y="196"/>
	<Point X="229" Y="196"/>
	<Point X="228" Y="196"/>
	<Point X="227" Y="196"/>
	<Point X="225" Y="196"/>
	<Point X="224" Y="196"/>
	<Point X="223" Y="197"/>
	<Point X="221" Y="197"/>
	<Point X="220" Y="197"/>
	<Point X="219" Y="197"/>
	<Point X="217" Y="197"/>
	<Point X="216" Y="197"/>
	<Point X="214" Y="197"/>
	<Point X="213" Y="197"/>
	<Point X="211" Y="197"/>
	<Point X="210" Y="197"/>
	<Point X="208" Y="197"/>
	<Point X="207" Y="197"/>
	<Point X="205" Y="197"/>
	<Point X="204" Y="198"/>
	<Point X="203" Y="198"/>
	<Point X="200" Y="198"/>
	<Point X="197" Y="198"/>
	<Point X="196" Y="198"/>
	<Point X="194" Y="198"/>
	<Point X="192" Y="198"/>
	<Point X="190" Y="198"/>
	<Point X="188" Y="198"/>
	<Point X="187" Y="198"/>
	<Point X="185" Y="199"/>
	<Point X="183" Y="199"/>
	<Point X="181" Y="199"/>
	<Point X="179" Y="199"/>
	<Point X="178" Y="199"/>
	<Point X="176" Y="199"/>
	<Point X="174" Y="199"/>
	<Point X="173" Y="200"/>
	<Point X="171" Y="200"/>
	<Point X="169" Y="200"/>
	<Point X="167" Y="200"/>
	<Point X="166" Y="200"/>
	<Point X="164" Y="200"/>
	<Point X="162" Y="201"/>
	<Point X="160" Y="201"/>
	<Point X="159" Y="201"/>
	<Point X="157" Y="201"/>
	<Point X="155" Y="201"/>
	<Point X="154" Y="202"/>
	<Point X="152" Y="202"/>
	<Point X="151" Y="202"/>
	<Point X="149" Y="202"/>
	<Point X="147" Y="202"/>
	<Point X="144" Y="203"/>
	<Point X="141" Y="203"/>
	<Point X="140" Y="203"/>
	<Point X="138" Y="204"/>
	<Point X="137" Y="204"/>
	<Point X="135" Y="204"/>
	<Point X="134" Y="204"/>
	<Point X="133" Y="204"/>
	<Point X="131" Y="205"/>
	<Point X="130" Y="205"/>
	<Point X="129" Y="205"/>
	<Point X="128" Y="205"/>
	<Point X="127" Y="205"/>
	<Point X="126" Y="205"/>
	<Point X="125" Y="206"/>
	<Point X="123" Y="206"/>
	<Point X="121" Y="206"/>
	<Point X="120" Y="206"/>
	<Point X="119" Y="206"/>
	<Point X="119" Y="207"/>
	<Point X="118" Y="207"/>
	<Point X="116" Y="207"/>
	<Point X="115" Y="207"/>
	<Point X="114" Y="207"/>
	<Point X="113" Y="208"/>
	<Point X="112" Y="208"/>
	<Point X="111" Y="208"/>
	<Point X="110" Y="208"/>
	<Point X="109" Y="208"/>
	<Point X="108" Y="208"/>
	<Point X="107" Y="208"/>
	<Point X="107" Y="209"/>
	<Point X="106" Y="209"/>
</Gesture>
