<?xml version="1.0" ?>
<Gesture Name="rectangle01" Subject="01" Number="01" NumPts="489">
	<Point X="102" Y="180"/>
	<Point X="102" Y="181"/>
	<Point X="102" Y="182"/>
	<Point X="102" Y="183"/>
	<Point X="102" Y="184"/>
	<Point X="102" Y="185"/>
	<Point X="103" Y="185"/>
	<Point X="103" Y="186"/>
	<Point X="103" Y="187"/>
	<Point X="103" Y="188"/>
	<Point X="103" Y="189"/>
	<Point X="103" Y="190"/>
	<Point X="104" Y="191"/>
	<Point X="104" Y="192"/>
	<Point X="104" Y="193"/>
	<Point X="104" Y="194"/>
	<Point X="104" Y="195"/>
	<Point X="104" Y="196"/>
	<Point X="104" Y="197"/>
	<Point X="104" Y="198"/>
	<Point X="104" Y="199"/>
	<Point X="104" Y="200"/>
	<Point X="104" Y="201"/>
	<Point X="104" Y="202"/>
	<Point X="104" Y="203"/>
	<Point X="104" Y="204"/>
	<Point X="104" Y="205"/>
	<Point X="104" Y="206"/>
	<Point X="104" Y="207"/>
	<Point X="104" Y="208"/>
	<Point X="104" Y="209"/>
	<Point X="104" Y="210"/>
	<Point X="104" Y="211"/>
	<Point X="104" Y="212"/>
	<Point X="104" Y="213"/>
	<Point X="104" Y="214"/>
	<Point X="104" Y="215"/>
	<Point X="104" Y="216"/>
	<Point X="104" Y="217"/>
	<Point X="104" Y="218"/>
	<Point X="104" Y="219"/>
	<Point X="104" Y="220"/>
	<Point X="104" Y="221"/>
	<Point X="104" Y="222"/>
	<Point X="104" Y="223"/>
	<Point X="104" Y="224"/>
	<Point X="104" Y="225"/>
	<Point X="104" Y="226"/>
	<Point X="104" Y="227"/>
	<Point X="104" Y="228"/>
	<Point X="104" Y="229"/>
	<Point X="104" Y="230"/>
	<Point X="104" Y="231"/>
	<Point X="104" Y="232"/>
	<Point X="104" Y="233"/>
	<Point X="104" Y="234"/>
	<Point X="104" Y="235"/>
	<Point X="104" Y="236"/>
	<Point X="104" Y="237"/>
	<Point X="104" Y="238"/>
	<Point X="104" Y="239"/>
	<Point X="104" Y="240"/>
	<Point X="104" Y="241"/>
	<Point X="104" Y="242"/>
	<Point X="104" Y="243"/>
	<Point X="104" Y="244"/>
	<Point X="104" Y="245"/>
	<Point X="104" Y="246"/>
	<Point X="104" Y="247"/>
	<Point X="104" Y="248"/>
	<Point X="104" Y="249"/>
	<Point X="104" Y="250"/>
	<Point X="105" Y="250"/>
	<Point X="105" Y="252"/>
	<Point X="105" Y="253"/>
	<Point X="105" Y="254"/>
	<Point X="105" Y="255"/>
	<Point X="105" Y="256"/>
	<Point X="105" Y="257"/>
	<Point X="105" Y="258"/>
	<Point X="106" Y="259"/>
	<Point X="106" Y="260"/>
	<Point X="106" Y="261"/>
	<Point X="106" Y="262"/>
	<Point X="106" Y="263"/>
	<Point X="106" Y="264"/>
	<Point X="106" Y="265"/>
	<Point X="106" Y="266"/>
	<Point X="106" Y="267"/>
	<Point X="106" Y="268"/>
	<Point X="106" Y="269"/>
	<Point X="106" Y="270"/>
	<Point X="106" Y="271"/>
	<Point X="106" Y="272"/>
	<Point X="106" Y="273"/>
	<Point X="106" Y="274"/>
	<Point X="107" Y="274"/>
	<Point X="108" Y="274"/>
	<Point X="109" Y="274"/>
	<Point X="110" Y="274"/>
	<Point X="111" Y="274"/>
	<Point X="112" Y="274"/>
	<Point X="113" Y="274"/>
	<Point X="114" Y="274"/>
	<Point X="115" Y="274"/>
	<Point X="116" Y="274"/>
	<Point X="117" Y="274"/>
	<Point X="118" Y="274"/>
	<Point X="119" Y="274"/>
	<Point X="120" Y="274"/>
	<Point X="121" Y="274"/>
	<Point X="122" Y="274"/>
	<Point X="123" Y="274"/>
	<Point X="124" Y="274"/>
	<Point X="125" Y="274"/>
	<Point X="126" Y="274"/>
	<Point X="127" Y="274"/>
	<Point X="128" Y="274"/>
	<Point X="129" Y="274"/>
	<Point X="130" Y="274"/>
	<Point X="131" Y="274"/>
	<Point X="132" Y="274"/>
	<Point X="133" Y="274"/>
	<Point X="134" Y="274"/>
	<Point X="135" Y="274"/>
	<Point X="136" Y="274"/>
	<Point X="137" Y="274"/>
	<Point X="138" Y="274"/>
	<Point X="139" Y="274"/>
	<Point X="140" Y="274"/>
	<Point X="141" Y="274"/>
	<Point X="142" Y="274"/>
	<Point X="143" Y="274"/>
	<Point X="144" Y="274"/>
	<Point X="145" Y="274"/>
	<Point X="148" Y="274"/>
	<Point X="150" Y="273"/>
	<Point X="151" Y="273"/>
	<Point X="152" Y="273"/>
	<Point X="153" Y="273"/>
	<Point X="154" Y="273"/>
	<Point X="155" Y="273"/>
	<Point X="156" Y="273"/>
	<Point X="157" Y="273"/>
	<Point X="158" Y="273"/>
	<Point X="159" Y="273"/>
	<Point X="160" Y="273"/>
	<Point X="161" Y="273"/>
	<Point X="162" Y="272"/>
	<Point X="163" Y="272"/>
	<Point X="164" Y="272"/>
	<Point X="165" Y="272"/>
	<Point X="166" Y="272"/>
	<Point X="167" Y="272"/>
	<Point X="168" Y="272"/>
	<Point X="169" Y="272"/>
	<Point X="171" Y="272"/>
	<Point X="172" Y="272"/>
	<Point X="173" Y="272"/>
	<Point X="174" Y="272"/>
	<Point X="175" Y="272"/>
	<Point X="176" Y="272"/>
	<Point X="177" Y="272"/>
	<Point X="178" Y="272"/>
	<Point X="179" Y="272"/>
	<Point X="180" Y="272"/>
	<Point X="181" Y="272"/>
	<Point X="183" Y="272"/>
	<Point X="184" Y="272"/>
	<Point X="186" Y="271"/>
	<Point X="188" Y="271"/>
	<Point X="190" Y="271"/>
	<Point X="191" Y="271"/>
	<Point X="192" Y="271"/>
	<Point X="193" Y="271"/>
	<Point X="194" Y="271"/>
	<Point X="195" Y="271"/>
	<Point X="196" Y="271"/>
	<Point X="197" Y="271"/>
	<Point X="198" Y="271"/>
	<Point X="199" Y="271"/>
	<Point X="200" Y="271"/>
	<Point X="201" Y="271"/>
	<Point X="202" Y="271"/>
	<Point X="203" Y="271"/>
	<Point X="204" Y="271"/>
	<Point X="205" Y="271"/>
	<Point X="206" Y="271"/>
	<Point X="207" Y="271"/>
	<Point X="208" Y="271"/>
	<Point X="209" Y="271"/>
	<Point X="210" Y="271"/>
	<Point X="211" Y="271"/>
	<Point X="212" Y="271"/>
	<Point X="213" Y="271"/>
	<Point X="214" Y="271"/>
	<Point X="215" Y="271"/>
	<Point X="216" Y="271"/>
	<Point X="217" Y="271"/>
	<Point X="218" Y="271"/>
	<Point X="219" Y="271"/>
	<Point X="220" Y="271"/>
	<Point X="221" Y="271"/>
	<Point X="222" Y="271"/>
	<Point X="223" Y="271"/>
	<Point X="224" Y="271"/>
	<Point X="225" Y="271"/>
	<Point X="226" Y="271"/>
	<Point X="227" Y="271"/>
	<Point X="228" Y="271"/>
	<Point X="229" Y="271"/>
	<Point X="230" Y="271"/>
	<Point X="231" Y="271"/>
	<Point X="232" Y="271"/>
	<Point X="233" Y="271"/>
	<Point X="234" Y="271"/>
	<Point X="235" Y="271"/>
	<Point X="236" Y="271"/>
	<Point X="237" Y="271"/>
	<Point X="238" Y="271"/>
	<Point X="239" Y="271"/>
	<Point X="240" Y="271"/>
	<Point X="241" Y="271"/>
	<Point X="242" Y="271"/>
	<Point X="243" Y="271"/>
	<Point X="244" Y="271"/>
	<Point X="245" Y="271"/>
	<Point X="246" Y="271"/>
	<Point X="247" Y="271"/>
	<Point X="248" Y="271"/>
	<Point X="249" Y="271"/>
	<Point X="250" Y="271"/>
	<Point X="251" Y="271"/>
	<Point X="252" Y="271"/>
	<Point X="253" Y="271"/>
	<Point X="254" Y="271"/>
	<Point X="255" Y="271"/>
	<Point X="256" Y="271"/>
	<Point X="257" Y="271"/>
	<Point X="257" Y="270"/>
	<Point X="258" Y="270"/>
	<Point X="259" Y="270"/>
	<Point X="259" Y="269"/>
	<Point X="260" Y="269"/>
	<Point X="260" Y="268"/>
	<Point X="261" Y="268"/>
	<Point X="261" Y="267"/>
	<Point X="262" Y="267"/>
	<Point X="262" Y="266"/>
	<Point X="262" Y="265"/>
	<Point X="263" Y="264"/>
	<Point X="263" Y="263"/>
	<Point X="264" Y="263"/>
	<Point X="264" Y="262"/>
	<Point X="264" Y="261"/>
	<Point X="264" Y="260"/>
	<Point X="264" Y="259"/>
	<Point X="265" Y="259"/>
	<Point X="265" Y="258"/>
	<Point X="265" Y="257"/>
	<Point X="265" Y="256"/>
	<Point X="265" Y="255"/>
	<Point X="265" Y="254"/>
	<Point X="265" Y="253"/>
	<Point X="265" Y="252"/>
	<Point X="266" Y="252"/>
	<Point X="266" Y="251"/>
	<Point X="266" Y="250"/>
	<Point X="266" Y="249"/>
	<Point X="266" Y="248"/>
	<Point X="266" Y="247"/>
	<Point X="266" Y="246"/>
	<Point X="266" Y="245"/>
	<Point X="266" Y="244"/>
	<Point X="266" Y="243"/>
	<Point X="266" Y="242"/>
	<Point X="266" Y="241"/>
	<Point X="266" Y="240"/>
	<Point X="266" Y="239"/>
	<Point X="266" Y="238"/>
	<Point X="266" Y="237"/>
	<Point X="266" Y="236"/>
	<Point X="266" Y="235"/>
	<Point X="266" Y="234"/>
	<Point X="265" Y="233"/>
	<Point X="265" Y="232"/>
	<Point X="265" Y="231"/>
	<Point X="265" Y="230"/>
	<Point X="265" Y="229"/>
	<Point X="265" Y="228"/>
	<Point X="265" Y="227"/>
	<Point X="265" Y="226"/>
	<Point X="265" Y="225"/>
	<Point X="265" Y="224"/>
	<Point X="265" Y="223"/>
	<Point X="265" Y="222"/>
	<Point X="265" Y="221"/>
	<Point X="265" Y="220"/>
	<Point X="265" Y="219"/>
	<Point X="265" Y="218"/>
	<Point X="265" Y="217"/>
	<Point X="265" Y="216"/>
	<Point X="265" Y="215"/>
	<Point X="265" Y="214"/>
	<Point X="265" Y="213"/>
	<Point X="265" Y="212"/>
	<Point X="265" Y="211"/>
	<Point X="265" Y="210"/>
	<Point X="265" Y="209"/>
	<Point X="265" Y="208"/>
	<Point X="265" Y="207"/>
	<Point X="265" Y="206"/>
	<Point X="265" Y="205"/>
	<Point X="265" Y="204"/>
	<Point X="265" Y="203"/>
	<Point X="265" Y="202"/>
	<Point X="265" Y="201"/>
	<Point X="265" Y="200"/>
	<Point X="265" Y="199"/>
	<Point X="265" Y="198"/>
	<Point X="265" Y="197"/>
	<Point X="265" Y="196"/>
	<Point X="265" Y="195"/>
	<Point X="265" Y="194"/>
	<Point X="265" Y="193"/>
	<Point X="265" Y="192"/>
	<Point X="265" Y="191"/>
	<Point X="265" Y="190"/>
	<Point X="265" Y="189"/>
	<Point X="264" Y="188"/>
	<Point X="264" Y="187"/>
	<Point X="264" Y="186"/>
	<Point X="263" Y="186"/>
	<Point X="263" Y="185"/>
	<Point X="263" Y="184"/>
	<Point X="262" Y="184"/>
	<Point X="262" Y="183"/>
	<Point X="261" Y="183"/>
	<Point X="261" Y="182"/>
	<Point X="260" Y="182"/>
	<Point X="259" Y="181"/>
	<Point X="258" Y="181"/>
	<Point X="258" Y="180"/>
	<Point X="258" Y="179"/>
	<Point X="257" Y="179"/>
	<Point X="256" Y="179"/>
	<Point X="255" Y="179"/>
	<Point X="254" Y="179"/>
	<Point X="253" Y="179"/>
	<Point X="253" Y="178"/>
	<Point X="252" Y="178"/>
	<Point X="251" Y="178"/>
	<Point X="250" Y="178"/>
	<Point X="249" Y="178"/>
	<Point X="248" Y="178"/>
	<Point X="247" Y="178"/>
	<Point X="246" Y="178"/>
	<Point X="245" Y="178"/>
	<Point X="244" Y="178"/>
	<Point X="243" Y="178"/>
	<Point X="242" Y="178"/>
	<Point X="241" Y="178"/>
	<Point X="240" Y="178"/>
	<Point X="239" Y="178"/>
	<Point X="238" Y="178"/>
	<Point X="237" Y="178"/>
	<Point X="236" Y="178"/>
	<Point X="235" Y="178"/>
	<Point X="234" Y="178"/>
	<Point X="233" Y="178"/>
	<Point X="231" Y="178"/>
	<Point X="230" Y="178"/>
	<Point X="229" Y="178"/>
	<Point X="228" Y="178"/>
	<Point X="227" Y="178"/>
	<Point X="226" Y="178"/>
	<Point X="225" Y="178"/>
	<Point X="224" Y="179"/>
	<Point X="223" Y="179"/>
	<Point X="222" Y="179"/>
	<Point X="221" Y="179"/>
	<Point X="220" Y="179"/>
	<Point X="219" Y="179"/>
	<Point X="218" Y="179"/>
	<Point X="217" Y="179"/>
	<Point X="216" Y="179"/>
	<Point X="215" Y="179"/>
	<Point X="214" Y="180"/>
	<Point X="211" Y="180"/>
	<Point X="210" Y="180"/>
	<Point X="208" Y="180"/>
	<Point X="207" Y="180"/>
	<Point X="206" Y="181"/>
	<Point X="205" Y="181"/>
	<Point X="204" Y="181"/>
	<Point X="203" Y="181"/>
	<Point X="201" Y="181"/>
	<Point X="200" Y="181"/>
	<Point X="199" Y="181"/>
	<Point X="198" Y="182"/>
	<Point X="197" Y="182"/>
	<Point X="195" Y="182"/>
	<Point X="194" Y="182"/>
	<Point X="193" Y="182"/>
	<Point X="192" Y="182"/>
	<Point X="191" Y="182"/>
	<Point X="190" Y="182"/>
	<Point X="188" Y="182"/>
	<Point X="187" Y="183"/>
	<Point X="186" Y="183"/>
	<Point X="185" Y="183"/>
	<Point X="184" Y="183"/>
	<Point X="182" Y="183"/>
	<Point X="181" Y="183"/>
	<Point X="180" Y="183"/>
	<Point X="179" Y="183"/>
	<Point X="178" Y="183"/>
	<Point X="177" Y="184"/>
	<Point X="176" Y="184"/>
	<Point X="174" Y="184"/>
	<Point X="172" Y="184"/>
	<Point X="171" Y="184"/>
	<Point X="170" Y="184"/>
	<Point X="169" Y="184"/>
	<Point X="168" Y="184"/>
	<Point X="167" Y="185"/>
	<Point X="166" Y="185"/>
	<Point X="165" Y="185"/>
	<Point X="163" Y="185"/>
	<Point X="162" Y="185"/>
	<Point X="161" Y="185"/>
	<Point X="160" Y="185"/>
	<Point X="159" Y="185"/>
	<Point X="158" Y="185"/>
	<Point X="157" Y="185"/>
	<Point X="157" Y="186"/>
	<Point X="156" Y="186"/>
	<Point X="155" Y="186"/>
	<Point X="154" Y="186"/>
	<Point X="153" Y="186"/>
	<Point X="152" Y="186"/>
	<Point X="151" Y="186"/>
	<Point X="150" Y="186"/>
	<Point X="149" Y="186"/>
	<Point X="148" Y="186"/>
	<Point X="147" Y="186"/>
	<Point X="146" Y="186"/>
	<Point X="145" Y="186"/>
	<Point X="144" Y="187"/>
	<Point X="143" Y="187"/>
	<Point X="142" Y="187"/>
	<Point X="141" Y="187"/>
	<Point X="140" Y="187"/>
	<Point X="139" Y="187"/>
	<Point X="138" Y="187"/>
	<Point X="137" Y="187"/>
	<Point X="136" Y="187"/>
	<Point X="135" Y="187"/>
	<Point X="134" Y="187"/>
	<Point X="133" Y="187"/>
	<Point X="132" Y="187"/>
	<Point X="131" Y="187"/>
	<Point X="130" Y="187"/>
	<Point X="129" Y="187"/>
	<Point X="128" Y="187"/>
	<Point X="127" Y="187"/>
	<Point X="127" Y="186"/>
	<Point X="126" Y="186"/>
	<Point X="125" Y="186"/>
	<Point X="124" Y="186"/>
	<Point X="124" Y="185"/>
	<Point X="123" Y="185"/>
	<Point X="122" Y="185"/>
	<Point X="121" Y="185"/>
	<Point X="120" Y="185"/>
	<Point X="119" Y="185"/>
	<Point X="118" Y="185"/>
	<Point X="117" Y="185"/>
	<Point X="116" Y="185"/>
	<Point X="115" Y="185"/>
	<Point X="114" Y="185"/>
	<Point X="114" Y="184"/>
	<Point X="113" Y="184"/>
	<Point X="112" Y="184"/>
	<Point X="111" Y="184"/>
	<Point X="110" Y="184"/>
	<Point X="109" Y="184"/>
	<Point X="108" Y="184"/>
	<Point X="107" Y="184"/>
</Gesture>
