<?xml version="1.0" ?>
<Gesture Name="rectangle07" Subject="01" Number="07" NumPts="409">
	<Point X="136" Y="214"/>
	<Point X="136" Y="215"/>
	<Point X="136" Y="216"/>
	<Point X="136" Y="217"/>
	<Point X="136" Y="218"/>
	<Point X="136" Y="219"/>
	<Point X="136" Y="220"/>
	<Point X="136" Y="221"/>
	<Point X="136" Y="222"/>
	<Point X="137" Y="223"/>
	<Point X="137" Y="224"/>
	<Point X="137" Y="225"/>
	<Point X="137" Y="226"/>
	<Point X="137" Y="227"/>
	<Point X="137" Y="228"/>
	<Point X="137" Y="229"/>
	<Point X="137" Y="230"/>
	<Point X="137" Y="231"/>
	<Point X="137" Y="233"/>
	<Point X="137" Y="234"/>
	<Point X="137" Y="235"/>
	<Point X="137" Y="236"/>
	<Point X="137" Y="237"/>
	<Point X="137" Y="238"/>
	<Point X="137" Y="239"/>
	<Point X="137" Y="240"/>
	<Point X="137" Y="241"/>
	<Point X="138" Y="242"/>
	<Point X="138" Y="243"/>
	<Point X="138" Y="244"/>
	<Point X="138" Y="245"/>
	<Point X="138" Y="246"/>
	<Point X="138" Y="247"/>
	<Point X="138" Y="248"/>
	<Point X="138" Y="249"/>
	<Point X="138" Y="250"/>
	<Point X="138" Y="251"/>
	<Point X="138" Y="252"/>
	<Point X="138" Y="253"/>
	<Point X="138" Y="254"/>
	<Point X="138" Y="255"/>
	<Point X="138" Y="256"/>
	<Point X="138" Y="257"/>
	<Point X="138" Y="258"/>
	<Point X="138" Y="259"/>
	<Point X="138" Y="260"/>
	<Point X="138" Y="261"/>
	<Point X="138" Y="262"/>
	<Point X="138" Y="263"/>
	<Point X="138" Y="264"/>
	<Point X="138" Y="265"/>
	<Point X="138" Y="266"/>
	<Point X="139" Y="267"/>
	<Point X="139" Y="268"/>
	<Point X="139" Y="269"/>
	<Point X="139" Y="270"/>
	<Point X="139" Y="271"/>
	<Point X="139" Y="272"/>
	<Point X="139" Y="273"/>
	<Point X="139" Y="274"/>
	<Point X="139" Y="275"/>
	<Point X="139" Y="276"/>
	<Point X="139" Y="277"/>
	<Point X="140" Y="278"/>
	<Point X="140" Y="279"/>
	<Point X="140" Y="280"/>
	<Point X="140" Y="281"/>
	<Point X="140" Y="282"/>
	<Point X="140" Y="283"/>
	<Point X="140" Y="284"/>
	<Point X="140" Y="285"/>
	<Point X="140" Y="286"/>
	<Point X="140" Y="287"/>
	<Point X="140" Y="288"/>
	<Point X="140" Y="289"/>
	<Point X="140" Y="290"/>
	<Point X="140" Y="291"/>
	<Point X="140" Y="292"/>
	<Point X="140" Y="293"/>
	<Point X="140" Y="294"/>
	<Point X="140" Y="295"/>
	<Point X="140" Y="296"/>
	<Point X="141" Y="296"/>
	<Point X="142" Y="296"/>
	<Point X="143" Y="296"/>
	<Point X="144" Y="296"/>
	<Point X="145" Y="296"/>
	<Point X="146" Y="296"/>
	<Point X="147" Y="296"/>
	<Point X="148" Y="296"/>
	<Point X="149" Y="296"/>
	<Point X="150" Y="296"/>
	<Point X="151" Y="296"/>
	<Point X="152" Y="296"/>
	<Point X="153" Y="296"/>
	<Point X="154" Y="296"/>
	<Point X="155" Y="296"/>
	<Point X="156" Y="296"/>
	<Point X="157" Y="296"/>
	<Point X="158" Y="296"/>
	<Point X="159" Y="296"/>
	<Point X="160" Y="296"/>
	<Point X="161" Y="296"/>
	<Point X="162" Y="296"/>
	<Point X="163" Y="296"/>
	<Point X="164" Y="296"/>
	<Point X="165" Y="296"/>
	<Point X="166" Y="296"/>
	<Point X="167" Y="296"/>
	<Point X="168" Y="296"/>
	<Point X="169" Y="296"/>
	<Point X="170" Y="296"/>
	<Point X="171" Y="296"/>
	<Point X="172" Y="296"/>
	<Point X="173" Y="296"/>
	<Point X="174" Y="296"/>
	<Point X="175" Y="296"/>
	<Point X="176" Y="296"/>
	<Point X="177" Y="296"/>
	<Point X="178" Y="296"/>
	<Point X="179" Y="296"/>
	<Point X="180" Y="296"/>
	<Point X="181" Y="296"/>
	<Point X="182" Y="296"/>
	<Point X="183" Y="296"/>
	<Point X="184" Y="296"/>
	<Point X="185" Y="296"/>
	<Point X="186" Y="296"/>
	<Point X="187" Y="296"/>
	<Point X="189" Y="296"/>
	<Point X="190" Y="296"/>
	<Point X="193" Y="296"/>
	<Point X="194" Y="296"/>
	<Point X="195" Y="296"/>
	<Point X="196" Y="296"/>
	<Point X="197" Y="296"/>
	<Point X="198" Y="296"/>
	<Point X="199" Y="296"/>
	<Point X="201" Y="296"/>
	<Point X="202" Y="295"/>
	<Point X="203" Y="295"/>
	<Point X="204" Y="295"/>
	<Point X="205" Y="295"/>
	<Point X="206" Y="295"/>
	<Point X="208" Y="295"/>
	<Point X="209" Y="295"/>
	<Point X="210" Y="295"/>
	<Point X="211" Y="295"/>
	<Point X="212" Y="295"/>
	<Point X="213" Y="295"/>
	<Point X="215" Y="295"/>
	<Point X="216" Y="295"/>
	<Point X="217" Y="295"/>
	<Point X="218" Y="295"/>
	<Point X="219" Y="295"/>
	<Point X="221" Y="295"/>
	<Point X="222" Y="295"/>
	<Point X="223" Y="295"/>
	<Point X="224" Y="295"/>
	<Point X="225" Y="295"/>
	<Point X="226" Y="295"/>
	<Point X="228" Y="295"/>
	<Point X="230" Y="295"/>
	<Point X="231" Y="295"/>
	<Point X="232" Y="295"/>
	<Point X="233" Y="295"/>
	<Point X="234" Y="295"/>
	<Point X="235" Y="295"/>
	<Point X="237" Y="294"/>
	<Point X="238" Y="294"/>
	<Point X="239" Y="294"/>
	<Point X="240" Y="294"/>
	<Point X="241" Y="294"/>
	<Point X="242" Y="294"/>
	<Point X="243" Y="294"/>
	<Point X="244" Y="294"/>
	<Point X="245" Y="294"/>
	<Point X="246" Y="294"/>
	<Point X="247" Y="294"/>
	<Point X="248" Y="294"/>
	<Point X="249" Y="294"/>
	<Point X="250" Y="294"/>
	<Point X="251" Y="294"/>
	<Point X="252" Y="294"/>
	<Point X="253" Y="294"/>
	<Point X="254" Y="294"/>
	<Point X="255" Y="294"/>
	<Point X="256" Y="294"/>
	<Point X="257" Y="294"/>
	<Point X="258" Y="294"/>
	<Point X="259" Y="294"/>
	<Point X="260" Y="294"/>
	<Point X="261" Y="294"/>
	<Point X="262" Y="294"/>
	<Point X="263" Y="294"/>
	<Point X="264" Y="294"/>
	<Point X="265" Y="294"/>
	<Point X="266" Y="294"/>
	<Point X="267" Y="294"/>
	<Point X="268" Y="294"/>
	<Point X="269" Y="294"/>
	<Point X="270" Y="294"/>
	<Point X="271" Y="294"/>
	<Point X="272" Y="294"/>
	<Point X="273" Y="294"/>
	<Point X="273" Y="295"/>
	<Point X="274" Y="295"/>
	<Point X="275" Y="295"/>
	<Point X="276" Y="295"/>
	<Point X="276" Y="294"/>
	<Point X="276" Y="293"/>
	<Point X="276" Y="292"/>
	<Point X="276" Y="291"/>
	<Point X="275" Y="291"/>
	<Point X="275" Y="290"/>
	<Point X="275" Y="289"/>
	<Point X="275" Y="288"/>
	<Point X="275" Y="287"/>
	<Point X="274" Y="286"/>
	<Point X="274" Y="285"/>
	<Point X="274" Y="284"/>
	<Point X="274" Y="283"/>
	<Point X="274" Y="282"/>
	<Point X="274" Y="281"/>
	<Point X="273" Y="281"/>
	<Point X="273" Y="280"/>
	<Point X="273" Y="279"/>
	<Point X="273" Y="278"/>
	<Point X="273" Y="277"/>
	<Point X="273" Y="276"/>
	<Point X="272" Y="275"/>
	<Point X="272" Y="274"/>
	<Point X="272" Y="273"/>
	<Point X="272" Y="272"/>
	<Point X="272" Y="271"/>
	<Point X="272" Y="270"/>
	<Point X="271" Y="270"/>
	<Point X="271" Y="269"/>
	<Point X="271" Y="267"/>
	<Point X="271" Y="264"/>
	<Point X="270" Y="264"/>
	<Point X="270" Y="263"/>
	<Point X="270" Y="262"/>
	<Point X="270" Y="261"/>
	<Point X="270" Y="260"/>
	<Point X="270" Y="259"/>
	<Point X="270" Y="258"/>
	<Point X="269" Y="257"/>
	<Point X="269" Y="256"/>
	<Point X="269" Y="255"/>
	<Point X="269" Y="254"/>
	<Point X="269" Y="253"/>
	<Point X="268" Y="252"/>
	<Point X="268" Y="251"/>
	<Point X="268" Y="250"/>
	<Point X="268" Y="249"/>
	<Point X="268" Y="248"/>
	<Point X="268" Y="247"/>
	<Point X="267" Y="247"/>
	<Point X="267" Y="245"/>
	<Point X="267" Y="244"/>
	<Point X="267" Y="242"/>
	<Point X="266" Y="239"/>
	<Point X="266" Y="237"/>
	<Point X="265" Y="236"/>
	<Point X="265" Y="235"/>
	<Point X="265" Y="234"/>
	<Point X="265" Y="233"/>
	<Point X="265" Y="232"/>
	<Point X="264" Y="232"/>
	<Point X="264" Y="231"/>
	<Point X="264" Y="230"/>
	<Point X="264" Y="229"/>
	<Point X="264" Y="228"/>
	<Point X="263" Y="228"/>
	<Point X="263" Y="227"/>
	<Point X="263" Y="226"/>
	<Point X="263" Y="225"/>
	<Point X="263" Y="224"/>
	<Point X="263" Y="223"/>
	<Point X="262" Y="223"/>
	<Point X="262" Y="222"/>
	<Point X="262" Y="221"/>
	<Point X="262" Y="220"/>
	<Point X="262" Y="219"/>
	<Point X="262" Y="218"/>
	<Point X="262" Y="217"/>
	<Point X="261" Y="217"/>
	<Point X="261" Y="216"/>
	<Point X="261" Y="215"/>
	<Point X="260" Y="215"/>
	<Point X="259" Y="215"/>
	<Point X="259" Y="214"/>
	<Point X="258" Y="214"/>
	<Point X="257" Y="214"/>
	<Point X="256" Y="213"/>
	<Point X="255" Y="213"/>
	<Point X="254" Y="213"/>
	<Point X="253" Y="213"/>
	<Point X="252" Y="212"/>
	<Point X="251" Y="212"/>
	<Point X="250" Y="212"/>
	<Point X="249" Y="212"/>
	<Point X="248" Y="212"/>
	<Point X="247" Y="212"/>
	<Point X="247" Y="211"/>
	<Point X="246" Y="211"/>
	<Point X="245" Y="211"/>
	<Point X="244" Y="211"/>
	<Point X="243" Y="211"/>
	<Point X="242" Y="211"/>
	<Point X="241" Y="211"/>
	<Point X="240" Y="211"/>
	<Point X="239" Y="211"/>
	<Point X="238" Y="211"/>
	<Point X="237" Y="210"/>
	<Point X="236" Y="210"/>
	<Point X="235" Y="210"/>
	<Point X="234" Y="210"/>
	<Point X="233" Y="210"/>
	<Point X="232" Y="210"/>
	<Point X="231" Y="210"/>
	<Point X="230" Y="210"/>
	<Point X="229" Y="210"/>
	<Point X="227" Y="210"/>
	<Point X="226" Y="210"/>
	<Point X="225" Y="210"/>
	<Point X="224" Y="210"/>
	<Point X="223" Y="210"/>
	<Point X="222" Y="210"/>
	<Point X="220" Y="210"/>
	<Point X="218" Y="209"/>
	<Point X="217" Y="209"/>
	<Point X="214" Y="209"/>
	<Point X="213" Y="209"/>
	<Point X="211" Y="209"/>
	<Point X="210" Y="209"/>
	<Point X="209" Y="209"/>
	<Point X="207" Y="209"/>
	<Point X="206" Y="209"/>
	<Point X="205" Y="209"/>
	<Point X="204" Y="209"/>
	<Point X="202" Y="209"/>
	<Point X="201" Y="209"/>
	<Point X="200" Y="209"/>
	<Point X="198" Y="209"/>
	<Point X="197" Y="209"/>
	<Point X="196" Y="209"/>
	<Point X="194" Y="209"/>
	<Point X="193" Y="209"/>
	<Point X="192" Y="209"/>
	<Point X="190" Y="209"/>
	<Point X="189" Y="209"/>
	<Point X="187" Y="209"/>
	<Point X="186" Y="209"/>
	<Point X="185" Y="209"/>
	<Point X="183" Y="209"/>
	<Point X="182" Y="209"/>
	<Point X="181" Y="209"/>
	<Point X="180" Y="209"/>
	<Point X="178" Y="209"/>
	<Point X="177" Y="209"/>
	<Point X="176" Y="209"/>
	<Point X="174" Y="209"/>
	<Point X="173" Y="209"/>
	<Point X="172" Y="209"/>
	<Point X="171" Y="209"/>
	<Point X="169" Y="209"/>
	<Point X="168" Y="209"/>
	<Point X="166" Y="209"/>
	<Point X="163" Y="209"/>
	<Point X="162" Y="209"/>
	<Point X="161" Y="209"/>
	<Point X="160" Y="209"/>
	<Point X="158" Y="209"/>
	<Point X="156" Y="209"/>
	<Point X="155" Y="209"/>
	<Point X="154" Y="209"/>
	<Point X="153" Y="210"/>
	<Point X="152" Y="210"/>
	<Point X="151" Y="210"/>
	<Point X="150" Y="210"/>
	<Point X="149" Y="210"/>
	<Point X="148" Y="210"/>
	<Point X="147" Y="210"/>
	<Point X="146" Y="210"/>
	<Point X="145" Y="210"/>
	<Point X="144" Y="210"/>
	<Point X="143" Y="210"/>
	<Point X="142" Y="210"/>
	<Point X="141" Y="210"/>
	<Point X="140" Y="210"/>
	<Point X="139" Y="210"/>
	<Point X="138" Y="210"/>
	<Point X="137" Y="210"/>
	<Point X="136" Y="210"/>
	<Point X="135" Y="210"/>
	<Point X="134" Y="210"/>
	<Point X="133" Y="211"/>
	<Point X="132" Y="211"/>
	<Point X="131" Y="211"/>
	<Point X="130" Y="211"/>
	<Point X="129" Y="211"/>
	<Point X="128" Y="211"/>
	<Point X="127" Y="211"/>
	<Point X="126" Y="211"/>
	<Point X="125" Y="211"/>
	<Point X="124" Y="211"/>
	<Point X="123" Y="211"/>
</Gesture>
