<?xml version="1.0" ?>
<Gesture Name="rectangle08" Subject="01" Number="08" NumPts="417">
	<Point X="132" Y="207"/>
	<Point X="132" Y="208"/>
	<Point X="132" Y="209"/>
	<Point X="132" Y="210"/>
	<Point X="131" Y="210"/>
	<Point X="131" Y="211"/>
	<Point X="131" Y="212"/>
	<Point X="131" Y="213"/>
	<Point X="131" Y="214"/>
	<Point X="131" Y="215"/>
	<Point X="131" Y="216"/>
	<Point X="130" Y="216"/>
	<Point X="130" Y="217"/>
	<Point X="130" Y="218"/>
	<Point X="130" Y="219"/>
	<Point X="130" Y="220"/>
	<Point X="130" Y="221"/>
	<Point X="129" Y="222"/>
	<Point X="129" Y="223"/>
	<Point X="129" Y="224"/>
	<Point X="129" Y="225"/>
	<Point X="129" Y="227"/>
	<Point X="128" Y="227"/>
	<Point X="128" Y="229"/>
	<Point X="128" Y="231"/>
	<Point X="128" Y="232"/>
	<Point X="128" Y="233"/>
	<Point X="128" Y="234"/>
	<Point X="127" Y="235"/>
	<Point X="127" Y="236"/>
	<Point X="127" Y="237"/>
	<Point X="127" Y="238"/>
	<Point X="127" Y="239"/>
	<Point X="127" Y="240"/>
	<Point X="127" Y="241"/>
	<Point X="127" Y="242"/>
	<Point X="127" Y="243"/>
	<Point X="127" Y="244"/>
	<Point X="126" Y="245"/>
	<Point X="126" Y="246"/>
	<Point X="126" Y="247"/>
	<Point X="126" Y="248"/>
	<Point X="126" Y="249"/>
	<Point X="126" Y="250"/>
	<Point X="126" Y="251"/>
	<Point X="126" Y="252"/>
	<Point X="126" Y="253"/>
	<Point X="126" Y="254"/>
	<Point X="125" Y="255"/>
	<Point X="125" Y="256"/>
	<Point X="125" Y="257"/>
	<Point X="125" Y="258"/>
	<Point X="125" Y="259"/>
	<Point X="125" Y="260"/>
	<Point X="125" Y="261"/>
	<Point X="125" Y="262"/>
	<Point X="124" Y="263"/>
	<Point X="124" Y="264"/>
	<Point X="124" Y="265"/>
	<Point X="124" Y="266"/>
	<Point X="124" Y="268"/>
	<Point X="124" Y="270"/>
	<Point X="123" Y="272"/>
	<Point X="123" Y="273"/>
	<Point X="123" Y="274"/>
	<Point X="123" Y="275"/>
	<Point X="123" Y="276"/>
	<Point X="123" Y="277"/>
	<Point X="123" Y="278"/>
	<Point X="123" Y="279"/>
	<Point X="122" Y="280"/>
	<Point X="122" Y="281"/>
	<Point X="122" Y="282"/>
	<Point X="122" Y="283"/>
	<Point X="122" Y="284"/>
	<Point X="122" Y="285"/>
	<Point X="122" Y="286"/>
	<Point X="122" Y="287"/>
	<Point X="121" Y="288"/>
	<Point X="121" Y="289"/>
	<Point X="121" Y="290"/>
	<Point X="121" Y="291"/>
	<Point X="121" Y="292"/>
	<Point X="121" Y="293"/>
	<Point X="121" Y="294"/>
	<Point X="120" Y="294"/>
	<Point X="120" Y="295"/>
	<Point X="120" Y="296"/>
	<Point X="120" Y="297"/>
	<Point X="120" Y="298"/>
	<Point X="120" Y="299"/>
	<Point X="120" Y="300"/>
	<Point X="120" Y="301"/>
	<Point X="120" Y="302"/>
	<Point X="119" Y="302"/>
	<Point X="119" Y="303"/>
	<Point X="119" Y="304"/>
	<Point X="119" Y="305"/>
	<Point X="119" Y="306"/>
	<Point X="120" Y="306"/>
	<Point X="121" Y="306"/>
	<Point X="122" Y="306"/>
	<Point X="123" Y="306"/>
	<Point X="124" Y="306"/>
	<Point X="125" Y="306"/>
	<Point X="126" Y="306"/>
	<Point X="127" Y="306"/>
	<Point X="128" Y="306"/>
	<Point X="129" Y="306"/>
	<Point X="130" Y="306"/>
	<Point X="131" Y="306"/>
	<Point X="132" Y="306"/>
	<Point X="133" Y="306"/>
	<Point X="134" Y="306"/>
	<Point X="135" Y="306"/>
	<Point X="136" Y="306"/>
	<Point X="137" Y="306"/>
	<Point X="138" Y="306"/>
	<Point X="139" Y="306"/>
	<Point X="140" Y="306"/>
	<Point X="141" Y="306"/>
	<Point X="142" Y="306"/>
	<Point X="143" Y="306"/>
	<Point X="144" Y="306"/>
	<Point X="145" Y="306"/>
	<Point X="146" Y="306"/>
	<Point X="148" Y="306"/>
	<Point X="149" Y="306"/>
	<Point X="150" Y="306"/>
	<Point X="151" Y="306"/>
	<Point X="152" Y="306"/>
	<Point X="153" Y="306"/>
	<Point X="154" Y="306"/>
	<Point X="155" Y="306"/>
	<Point X="157" Y="306"/>
	<Point X="158" Y="306"/>
	<Point X="159" Y="306"/>
	<Point X="160" Y="306"/>
	<Point X="161" Y="306"/>
	<Point X="163" Y="306"/>
	<Point X="164" Y="306"/>
	<Point X="165" Y="306"/>
	<Point X="168" Y="306"/>
	<Point X="169" Y="306"/>
	<Point X="171" Y="305"/>
	<Point X="173" Y="305"/>
	<Point X="174" Y="305"/>
	<Point X="175" Y="305"/>
	<Point X="177" Y="305"/>
	<Point X="178" Y="305"/>
	<Point X="179" Y="305"/>
	<Point X="181" Y="305"/>
	<Point X="182" Y="305"/>
	<Point X="183" Y="305"/>
	<Point X="184" Y="305"/>
	<Point X="186" Y="305"/>
	<Point X="187" Y="305"/>
	<Point X="188" Y="305"/>
	<Point X="189" Y="305"/>
	<Point X="191" Y="305"/>
	<Point X="192" Y="305"/>
	<Point X="193" Y="305"/>
	<Point X="195" Y="305"/>
	<Point X="196" Y="305"/>
	<Point X="197" Y="305"/>
	<Point X="198" Y="305"/>
	<Point X="200" Y="305"/>
	<Point X="201" Y="305"/>
	<Point X="202" Y="305"/>
	<Point X="203" Y="305"/>
	<Point X="205" Y="305"/>
	<Point X="206" Y="305"/>
	<Point X="207" Y="305"/>
	<Point X="208" Y="305"/>
	<Point X="209" Y="305"/>
	<Point X="210" Y="305"/>
	<Point X="212" Y="305"/>
	<Point X="213" Y="305"/>
	<Point X="214" Y="305"/>
	<Point X="215" Y="305"/>
	<Point X="216" Y="305"/>
	<Point X="217" Y="305"/>
	<Point X="220" Y="305"/>
	<Point X="221" Y="305"/>
	<Point X="225" Y="304"/>
	<Point X="227" Y="304"/>
	<Point X="231" Y="304"/>
	<Point X="232" Y="304"/>
	<Point X="233" Y="304"/>
	<Point X="234" Y="304"/>
	<Point X="241" Y="304"/>
	<Point X="244" Y="303"/>
	<Point X="246" Y="303"/>
	<Point X="248" Y="303"/>
	<Point X="254" Y="302"/>
	<Point X="256" Y="302"/>
	<Point X="259" Y="301"/>
	<Point X="260" Y="301"/>
	<Point X="262" Y="301"/>
	<Point X="264" Y="300"/>
	<Point X="266" Y="300"/>
	<Point X="267" Y="300"/>
	<Point X="269" Y="300"/>
	<Point X="271" Y="299"/>
	<Point X="273" Y="299"/>
	<Point X="274" Y="299"/>
	<Point X="274" Y="298"/>
	<Point X="275" Y="298"/>
	<Point X="276" Y="298"/>
	<Point X="277" Y="298"/>
	<Point X="278" Y="298"/>
	<Point X="279" Y="298"/>
	<Point X="280" Y="298"/>
	<Point X="281" Y="298"/>
	<Point X="282" Y="298"/>
	<Point X="282" Y="297"/>
	<Point X="282" Y="296"/>
	<Point X="281" Y="295"/>
	<Point X="281" Y="294"/>
	<Point X="281" Y="293"/>
	<Point X="280" Y="292"/>
	<Point X="280" Y="291"/>
	<Point X="280" Y="290"/>
	<Point X="280" Y="289"/>
	<Point X="280" Y="288"/>
	<Point X="279" Y="287"/>
	<Point X="279" Y="286"/>
	<Point X="279" Y="285"/>
	<Point X="279" Y="284"/>
	<Point X="279" Y="283"/>
	<Point X="279" Y="282"/>
	<Point X="278" Y="281"/>
	<Point X="278" Y="280"/>
	<Point X="278" Y="279"/>
	<Point X="278" Y="278"/>
	<Point X="278" Y="277"/>
	<Point X="278" Y="276"/>
	<Point X="278" Y="275"/>
	<Point X="277" Y="274"/>
	<Point X="277" Y="273"/>
	<Point X="277" Y="272"/>
	<Point X="277" Y="271"/>
	<Point X="277" Y="270"/>
	<Point X="277" Y="269"/>
	<Point X="277" Y="268"/>
	<Point X="276" Y="267"/>
	<Point X="276" Y="266"/>
	<Point X="276" Y="265"/>
	<Point X="276" Y="264"/>
	<Point X="276" Y="263"/>
	<Point X="276" Y="262"/>
	<Point X="276" Y="261"/>
	<Point X="276" Y="260"/>
	<Point X="275" Y="259"/>
	<Point X="275" Y="258"/>
	<Point X="275" Y="257"/>
	<Point X="275" Y="256"/>
	<Point X="275" Y="255"/>
	<Point X="275" Y="254"/>
	<Point X="275" Y="253"/>
	<Point X="275" Y="252"/>
	<Point X="275" Y="251"/>
	<Point X="275" Y="250"/>
	<Point X="275" Y="249"/>
	<Point X="275" Y="248"/>
	<Point X="274" Y="248"/>
	<Point X="274" Y="247"/>
	<Point X="274" Y="246"/>
	<Point X="274" Y="245"/>
	<Point X="274" Y="244"/>
	<Point X="274" Y="243"/>
	<Point X="274" Y="242"/>
	<Point X="273" Y="241"/>
	<Point X="273" Y="240"/>
	<Point X="273" Y="239"/>
	<Point X="273" Y="238"/>
	<Point X="273" Y="237"/>
	<Point X="272" Y="236"/>
	<Point X="272" Y="235"/>
	<Point X="272" Y="234"/>
	<Point X="272" Y="233"/>
	<Point X="272" Y="232"/>
	<Point X="272" Y="231"/>
	<Point X="271" Y="230"/>
	<Point X="271" Y="229"/>
	<Point X="271" Y="228"/>
	<Point X="271" Y="227"/>
	<Point X="271" Y="226"/>
	<Point X="271" Y="225"/>
	<Point X="271" Y="224"/>
	<Point X="271" Y="223"/>
	<Point X="271" Y="222"/>
	<Point X="271" Y="221"/>
	<Point X="271" Y="220"/>
	<Point X="271" Y="219"/>
	<Point X="271" Y="218"/>
	<Point X="270" Y="218"/>
	<Point X="269" Y="218"/>
	<Point X="268" Y="218"/>
	<Point X="268" Y="217"/>
	<Point X="267" Y="217"/>
	<Point X="266" Y="217"/>
	<Point X="265" Y="217"/>
	<Point X="264" Y="217"/>
	<Point X="264" Y="216"/>
	<Point X="263" Y="216"/>
	<Point X="262" Y="216"/>
	<Point X="261" Y="216"/>
	<Point X="260" Y="216"/>
	<Point X="259" Y="216"/>
	<Point X="258" Y="216"/>
	<Point X="257" Y="215"/>
	<Point X="256" Y="215"/>
	<Point X="255" Y="215"/>
	<Point X="254" Y="215"/>
	<Point X="253" Y="215"/>
	<Point X="252" Y="215"/>
	<Point X="251" Y="215"/>
	<Point X="250" Y="215"/>
	<Point X="249" Y="215"/>
	<Point X="248" Y="215"/>
	<Point X="247" Y="215"/>
	<Point X="246" Y="214"/>
	<Point X="245" Y="214"/>
	<Point X="244" Y="214"/>
	<Point X="243" Y="214"/>
	<Point X="242" Y="214"/>
	<Point X="241" Y="214"/>
	<Point X="239" Y="214"/>
	<Point X="238" Y="214"/>
	<Point X="237" Y="214"/>
	<Point X="236" Y="214"/>
	<Point X="234" Y="214"/>
	<Point X="233" Y="214"/>
	<Point X="232" Y="214"/>
	<Point X="230" Y="214"/>
	<Point X="229" Y="214"/>
	<Point X="228" Y="214"/>
	<Point X="226" Y="214"/>
	<Point X="225" Y="214"/>
	<Point X="222" Y="214"/>
	<Point X="220" Y="214"/>
	<Point X="219" Y="214"/>
	<Point X="216" Y="214"/>
	<Point X="214" Y="214"/>
	<Point X="213" Y="214"/>
	<Point X="212" Y="214"/>
	<Point X="211" Y="214"/>
	<Point X="209" Y="214"/>
	<Point X="208" Y="214"/>
	<Point X="206" Y="214"/>
	<Point X="205" Y="214"/>
	<Point X="203" Y="214"/>
	<Point X="201" Y="214"/>
	<Point X="200" Y="214"/>
	<Point X="198" Y="214"/>
	<Point X="196" Y="214"/>
	<Point X="195" Y="214"/>
	<Point X="193" Y="214"/>
	<Point X="191" Y="214"/>
	<Point X="189" Y="214"/>
	<Point X="188" Y="214"/>
	<Point X="186" Y="214"/>
	<Point X="184" Y="214"/>
	<Point X="182" Y="214"/>
	<Point X="180" Y="214"/>
	<Point X="179" Y="214"/>
	<Point X="177" Y="214"/>
	<Point X="175" Y="214"/>
	<Point X="174" Y="214"/>
	<Point X="172" Y="214"/>
	<Point X="170" Y="214"/>
	<Point X="168" Y="214"/>
	<Point X="167" Y="214"/>
	<Point X="161" Y="214"/>
	<Point X="160" Y="214"/>
	<Point X="158" Y="215"/>
	<Point X="156" Y="215"/>
	<Point X="155" Y="215"/>
	<Point X="153" Y="215"/>
	<Point X="151" Y="215"/>
	<Point X="150" Y="215"/>
	<Point X="148" Y="215"/>
	<Point X="147" Y="215"/>
	<Point X="145" Y="215"/>
	<Point X="144" Y="216"/>
	<Point X="142" Y="216"/>
	<Point X="141" Y="216"/>
	<Point X="139" Y="216"/>
	<Point X="138" Y="216"/>
	<Point X="136" Y="216"/>
	<Point X="135" Y="216"/>
	<Point X="134" Y="216"/>
	<Point X="130" Y="217"/>
	<Point X="129" Y="217"/>
	<Point X="126" Y="217"/>
	<Point X="125" Y="217"/>
	<Point X="124" Y="217"/>
	<Point X="123" Y="217"/>
	<Point X="122" Y="217"/>
	<Point X="121" Y="217"/>
	<Point X="120" Y="217"/>
	<Point X="119" Y="217"/>
	<Point X="118" Y="217"/>
	<Point X="117" Y="217"/>
	<Point X="116" Y="217"/>
	<Point X="115" Y="217"/>
	<Point X="114" Y="217"/>
	<Point X="113" Y="217"/>
	<Point X="112" Y="217"/>
	<Point X="111" Y="217"/>
	<Point X="110" Y="217"/>
	<Point X="109" Y="217"/>
	<Point X="108" Y="217"/>
	<Point X="107" Y="217"/>
	<Point X="106" Y="217"/>
	<Point X="105" Y="217"/>
</Gesture>
