<?xml version="1.0" ?>
<Gesture Name="rectangle05" Subject="01" Number="05" NumPts="460">
	<Point X="124" Y="209"/>
	<Point X="124" Y="210"/>
	<Point X="124" Y="211"/>
	<Point X="125" Y="211"/>
	<Point X="125" Y="212"/>
	<Point X="125" Y="213"/>
	<Point X="126" Y="214"/>
	<Point X="126" Y="215"/>
	<Point X="126" Y="216"/>
	<Point X="126" Y="217"/>
	<Point X="127" Y="217"/>
	<Point X="127" Y="218"/>
	<Point X="127" Y="219"/>
	<Point X="127" Y="220"/>
	<Point X="127" Y="221"/>
	<Point X="127" Y="222"/>
	<Point X="127" Y="223"/>
	<Point X="127" Y="224"/>
	<Point X="127" Y="225"/>
	<Point X="128" Y="225"/>
	<Point X="128" Y="226"/>
	<Point X="128" Y="227"/>
	<Point X="128" Y="228"/>
	<Point X="128" Y="229"/>
	<Point X="128" Y="230"/>
	<Point X="128" Y="231"/>
	<Point X="128" Y="232"/>
	<Point X="128" Y="233"/>
	<Point X="128" Y="234"/>
	<Point X="128" Y="235"/>
	<Point X="128" Y="236"/>
	<Point X="128" Y="237"/>
	<Point X="128" Y="238"/>
	<Point X="128" Y="239"/>
	<Point X="128" Y="240"/>
	<Point X="128" Y="241"/>
	<Point X="128" Y="242"/>
	<Point X="128" Y="243"/>
	<Point X="128" Y="244"/>
	<Point X="128" Y="245"/>
	<Point X="128" Y="246"/>
	<Point X="128" Y="247"/>
	<Point X="128" Y="248"/>
	<Point X="128" Y="249"/>
	<Point X="128" Y="250"/>
	<Point X="128" Y="251"/>
	<Point X="128" Y="252"/>
	<Point X="128" Y="253"/>
	<Point X="128" Y="254"/>
	<Point X="128" Y="255"/>
	<Point X="128" Y="256"/>
	<Point X="128" Y="257"/>
	<Point X="128" Y="258"/>
	<Point X="128" Y="259"/>
	<Point X="128" Y="260"/>
	<Point X="128" Y="261"/>
	<Point X="128" Y="262"/>
	<Point X="128" Y="263"/>
	<Point X="128" Y="264"/>
	<Point X="128" Y="265"/>
	<Point X="128" Y="266"/>
	<Point X="128" Y="268"/>
	<Point X="128" Y="269"/>
	<Point X="128" Y="270"/>
	<Point X="128" Y="271"/>
	<Point X="128" Y="272"/>
	<Point X="128" Y="273"/>
	<Point X="128" Y="274"/>
	<Point X="128" Y="275"/>
	<Point X="128" Y="276"/>
	<Point X="128" Y="277"/>
	<Point X="128" Y="278"/>
	<Point X="128" Y="279"/>
	<Point X="128" Y="280"/>
	<Point X="128" Y="283"/>
	<Point X="128" Y="286"/>
	<Point X="128" Y="289"/>
	<Point X="128" Y="291"/>
	<Point X="128" Y="293"/>
	<Point X="128" Y="295"/>
	<Point X="128" Y="297"/>
	<Point X="128" Y="299"/>
	<Point X="128" Y="301"/>
	<Point X="128" Y="303"/>
	<Point X="128" Y="307"/>
	<Point X="128" Y="308"/>
	<Point X="128" Y="309"/>
	<Point X="127" Y="311"/>
	<Point X="127" Y="313"/>
	<Point X="126" Y="316"/>
	<Point X="126" Y="317"/>
	<Point X="126" Y="319"/>
	<Point X="125" Y="320"/>
	<Point X="125" Y="321"/>
	<Point X="126" Y="321"/>
	<Point X="127" Y="321"/>
	<Point X="128" Y="321"/>
	<Point X="129" Y="321"/>
	<Point X="130" Y="321"/>
	<Point X="131" Y="321"/>
	<Point X="132" Y="321"/>
	<Point X="133" Y="321"/>
	<Point X="134" Y="321"/>
	<Point X="135" Y="321"/>
	<Point X="136" Y="321"/>
	<Point X="137" Y="321"/>
	<Point X="138" Y="321"/>
	<Point X="139" Y="321"/>
	<Point X="140" Y="321"/>
	<Point X="141" Y="321"/>
	<Point X="142" Y="321"/>
	<Point X="143" Y="321"/>
	<Point X="144" Y="321"/>
	<Point X="145" Y="321"/>
	<Point X="146" Y="321"/>
	<Point X="147" Y="321"/>
	<Point X="148" Y="321"/>
	<Point X="149" Y="321"/>
	<Point X="150" Y="321"/>
	<Point X="151" Y="321"/>
	<Point X="152" Y="321"/>
	<Point X="153" Y="321"/>
	<Point X="154" Y="321"/>
	<Point X="155" Y="321"/>
	<Point X="156" Y="321"/>
	<Point X="157" Y="321"/>
	<Point X="158" Y="321"/>
	<Point X="160" Y="321"/>
	<Point X="161" Y="321"/>
	<Point X="163" Y="321"/>
	<Point X="164" Y="321"/>
	<Point X="165" Y="321"/>
	<Point X="166" Y="321"/>
	<Point X="167" Y="321"/>
	<Point X="168" Y="321"/>
	<Point X="170" Y="321"/>
	<Point X="171" Y="321"/>
	<Point X="172" Y="321"/>
	<Point X="173" Y="321"/>
	<Point X="174" Y="321"/>
	<Point X="175" Y="321"/>
	<Point X="176" Y="321"/>
	<Point X="181" Y="321"/>
	<Point X="183" Y="321"/>
	<Point X="187" Y="322"/>
	<Point X="188" Y="322"/>
	<Point X="189" Y="322"/>
	<Point X="190" Y="322"/>
	<Point X="191" Y="322"/>
	<Point X="192" Y="322"/>
	<Point X="193" Y="322"/>
	<Point X="194" Y="322"/>
	<Point X="195" Y="322"/>
	<Point X="196" Y="322"/>
	<Point X="197" Y="322"/>
	<Point X="201" Y="322"/>
	<Point X="204" Y="322"/>
	<Point X="208" Y="322"/>
	<Point X="209" Y="322"/>
	<Point X="210" Y="322"/>
	<Point X="211" Y="322"/>
	<Point X="212" Y="322"/>
	<Point X="215" Y="321"/>
	<Point X="216" Y="321"/>
	<Point X="219" Y="321"/>
	<Point X="221" Y="321"/>
	<Point X="224" Y="320"/>
	<Point X="225" Y="320"/>
	<Point X="226" Y="320"/>
	<Point X="228" Y="320"/>
	<Point X="230" Y="319"/>
	<Point X="232" Y="319"/>
	<Point X="233" Y="319"/>
	<Point X="234" Y="319"/>
	<Point X="236" Y="318"/>
	<Point X="237" Y="318"/>
	<Point X="238" Y="318"/>
	<Point X="239" Y="318"/>
	<Point X="240" Y="318"/>
	<Point X="241" Y="318"/>
	<Point X="242" Y="318"/>
	<Point X="243" Y="318"/>
	<Point X="244" Y="318"/>
	<Point X="245" Y="318"/>
	<Point X="245" Y="317"/>
	<Point X="246" Y="317"/>
	<Point X="247" Y="317"/>
	<Point X="248" Y="317"/>
	<Point X="249" Y="317"/>
	<Point X="250" Y="317"/>
	<Point X="250" Y="316"/>
	<Point X="251" Y="316"/>
	<Point X="252" Y="316"/>
	<Point X="253" Y="316"/>
	<Point X="254" Y="316"/>
	<Point X="255" Y="316"/>
	<Point X="256" Y="316"/>
	<Point X="257" Y="316"/>
	<Point X="258" Y="316"/>
	<Point X="259" Y="316"/>
	<Point X="260" Y="316"/>
	<Point X="261" Y="316"/>
	<Point X="262" Y="316"/>
	<Point X="263" Y="315"/>
	<Point X="264" Y="315"/>
	<Point X="265" Y="315"/>
	<Point X="266" Y="315"/>
	<Point X="267" Y="315"/>
	<Point X="268" Y="315"/>
	<Point X="269" Y="315"/>
	<Point X="270" Y="315"/>
	<Point X="271" Y="315"/>
	<Point X="272" Y="315"/>
	<Point X="273" Y="315"/>
	<Point X="274" Y="314"/>
	<Point X="275" Y="314"/>
	<Point X="276" Y="314"/>
	<Point X="277" Y="314"/>
	<Point X="278" Y="314"/>
	<Point X="279" Y="314"/>
	<Point X="280" Y="314"/>
	<Point X="281" Y="314"/>
	<Point X="281" Y="313"/>
	<Point X="280" Y="313"/>
	<Point X="280" Y="312"/>
	<Point X="280" Y="311"/>
	<Point X="279" Y="311"/>
	<Point X="279" Y="310"/>
	<Point X="279" Y="309"/>
	<Point X="279" Y="308"/>
	<Point X="278" Y="308"/>
	<Point X="278" Y="307"/>
	<Point X="278" Y="306"/>
	<Point X="277" Y="306"/>
	<Point X="277" Y="305"/>
	<Point X="277" Y="304"/>
	<Point X="277" Y="303"/>
	<Point X="276" Y="303"/>
	<Point X="276" Y="302"/>
	<Point X="276" Y="301"/>
	<Point X="275" Y="300"/>
	<Point X="275" Y="299"/>
	<Point X="275" Y="298"/>
	<Point X="274" Y="297"/>
	<Point X="274" Y="296"/>
	<Point X="274" Y="295"/>
	<Point X="274" Y="294"/>
	<Point X="273" Y="294"/>
	<Point X="273" Y="293"/>
	<Point X="273" Y="292"/>
	<Point X="273" Y="291"/>
	<Point X="272" Y="290"/>
	<Point X="272" Y="289"/>
	<Point X="272" Y="288"/>
	<Point X="271" Y="287"/>
	<Point X="271" Y="286"/>
	<Point X="271" Y="285"/>
	<Point X="271" Y="284"/>
	<Point X="270" Y="283"/>
	<Point X="270" Y="282"/>
	<Point X="270" Y="281"/>
	<Point X="270" Y="280"/>
	<Point X="270" Y="279"/>
	<Point X="269" Y="279"/>
	<Point X="269" Y="278"/>
	<Point X="269" Y="277"/>
	<Point X="269" Y="276"/>
	<Point X="269" Y="275"/>
	<Point X="268" Y="274"/>
	<Point X="268" Y="273"/>
	<Point X="268" Y="271"/>
	<Point X="268" Y="270"/>
	<Point X="268" Y="269"/>
	<Point X="268" Y="268"/>
	<Point X="267" Y="268"/>
	<Point X="267" Y="267"/>
	<Point X="267" Y="266"/>
	<Point X="267" Y="265"/>
	<Point X="267" Y="264"/>
	<Point X="267" Y="263"/>
	<Point X="267" Y="262"/>
	<Point X="266" Y="261"/>
	<Point X="266" Y="260"/>
	<Point X="266" Y="259"/>
	<Point X="266" Y="258"/>
	<Point X="266" Y="257"/>
	<Point X="266" Y="256"/>
	<Point X="266" Y="255"/>
	<Point X="266" Y="254"/>
	<Point X="265" Y="254"/>
	<Point X="265" Y="253"/>
	<Point X="265" Y="252"/>
	<Point X="265" Y="251"/>
	<Point X="265" Y="250"/>
	<Point X="265" Y="249"/>
	<Point X="265" Y="248"/>
	<Point X="264" Y="247"/>
	<Point X="264" Y="246"/>
	<Point X="264" Y="245"/>
	<Point X="264" Y="244"/>
	<Point X="264" Y="243"/>
	<Point X="264" Y="242"/>
	<Point X="264" Y="241"/>
	<Point X="263" Y="241"/>
	<Point X="263" Y="240"/>
	<Point X="263" Y="239"/>
	<Point X="263" Y="238"/>
	<Point X="263" Y="237"/>
	<Point X="263" Y="236"/>
	<Point X="263" Y="235"/>
	<Point X="262" Y="234"/>
	<Point X="262" Y="233"/>
	<Point X="262" Y="232"/>
	<Point X="262" Y="231"/>
	<Point X="262" Y="230"/>
	<Point X="262" Y="229"/>
	<Point X="262" Y="228"/>
	<Point X="262" Y="227"/>
	<Point X="262" Y="226"/>
	<Point X="261" Y="226"/>
	<Point X="261" Y="225"/>
	<Point X="261" Y="224"/>
	<Point X="261" Y="223"/>
	<Point X="261" Y="222"/>
	<Point X="261" Y="221"/>
	<Point X="261" Y="220"/>
	<Point X="261" Y="219"/>
	<Point X="261" Y="218"/>
	<Point X="261" Y="217"/>
	<Point X="261" Y="216"/>
	<Point X="261" Y="215"/>
	<Point X="261" Y="214"/>
	<Point X="261" Y="213"/>
	<Point X="261" Y="212"/>
	<Point X="261" Y="211"/>
	<Point X="261" Y="210"/>
	<Point X="260" Y="210"/>
	<Point X="260" Y="209"/>
	<Point X="259" Y="209"/>
	<Point X="258" Y="209"/>
	<Point X="257" Y="209"/>
	<Point X="256" Y="209"/>
	<Point X="256" Y="208"/>
	<Point X="255" Y="208"/>
	<Point X="254" Y="208"/>
	<Point X="253" Y="208"/>
	<Point X="252" Y="208"/>
	<Point X="251" Y="208"/>
	<Point X="250" Y="208"/>
	<Point X="249" Y="208"/>
	<Point X="248" Y="208"/>
	<Point X="248" Y="207"/>
	<Point X="247" Y="207"/>
	<Point X="246" Y="207"/>
	<Point X="245" Y="207"/>
	<Point X="244" Y="207"/>
	<Point X="243" Y="207"/>
	<Point X="242" Y="207"/>
	<Point X="241" Y="207"/>
	<Point X="240" Y="207"/>
	<Point X="239" Y="207"/>
	<Point X="238" Y="207"/>
	<Point X="237" Y="207"/>
	<Point X="236" Y="207"/>
	<Point X="234" Y="207"/>
	<Point X="232" Y="207"/>
	<Point X="231" Y="207"/>
	<Point X="230" Y="207"/>
	<Point X="229" Y="207"/>
	<Point X="228" Y="207"/>
	<Point X="227" Y="207"/>
	<Point X="226" Y="207"/>
	<Point X="225" Y="207"/>
	<Point X="224" Y="207"/>
	<Point X="223" Y="207"/>
	<Point X="222" Y="207"/>
	<Point X="221" Y="207"/>
	<Point X="220" Y="207"/>
	<Point X="219" Y="207"/>
	<Point X="218" Y="207"/>
	<Point X="216" Y="207"/>
	<Point X="215" Y="207"/>
	<Point X="214" Y="207"/>
	<Point X="213" Y="207"/>
	<Point X="212" Y="207"/>
	<Point X="209" Y="207"/>
	<Point X="208" Y="207"/>
	<Point X="207" Y="207"/>
	<Point X="206" Y="206"/>
	<Point X="205" Y="206"/>
	<Point X="203" Y="206"/>
	<Point X="202" Y="206"/>
	<Point X="201" Y="206"/>
	<Point X="200" Y="206"/>
	<Point X="199" Y="206"/>
	<Point X="198" Y="206"/>
	<Point X="197" Y="206"/>
	<Point X="194" Y="206"/>
	<Point X="193" Y="206"/>
	<Point X="192" Y="206"/>
	<Point X="190" Y="206"/>
	<Point X="189" Y="206"/>
	<Point X="188" Y="206"/>
	<Point X="187" Y="206"/>
	<Point X="186" Y="206"/>
	<Point X="184" Y="206"/>
	<Point X="183" Y="206"/>
	<Point X="182" Y="206"/>
	<Point X="181" Y="206"/>
	<Point X="180" Y="206"/>
	<Point X="179" Y="206"/>
	<Point X="177" Y="206"/>
	<Point X="176" Y="206"/>
	<Point X="175" Y="206"/>
	<Point X="174" Y="206"/>
	<Point X="173" Y="206"/>
	<Point X="172" Y="206"/>
	<Point X="170" Y="206"/>
	<Point X="169" Y="206"/>
	<Point X="168" Y="206"/>
	<Point X="167" Y="206"/>
	<Point X="166" Y="206"/>
	<Point X="165" Y="206"/>
	<Point X="163" Y="206"/>
	<Point X="162" Y="206"/>
	<Point X="161" Y="206"/>
	<Point X="160" Y="206"/>
	<Point X="159" Y="206"/>
	<Point X="158" Y="206"/>
	<Point X="157" Y="206"/>
	<Point X="156" Y="206"/>
	<Point X="155" Y="206"/>
	<Point X="154" Y="206"/>
	<Point X="153" Y="206"/>
	<Point X="152" Y="206"/>
	<Point X="151" Y="207"/>
	<Point X="149" Y="207"/>
	<Point X="147" Y="207"/>
	<Point X="146" Y="207"/>
	<Point X="145" Y="207"/>
	<Point X="144" Y="207"/>
	<Point X="143" Y="207"/>
	<Point X="142" Y="207"/>
	<Point X="141" Y="207"/>
	<Point X="140" Y="207"/>
	<Point X="139" Y="207"/>
	<Point X="138" Y="208"/>
	<Point X="137" Y="208"/>
	<Point X="136" Y="208"/>
	<Point X="135" Y="208"/>
	<Point X="134" Y="208"/>
	<Point X="133" Y="208"/>
	<Point X="132" Y="208"/>
	<Point X="131" Y="208"/>
	<Point X="130" Y="208"/>
	<Point X="129" Y="208"/>
	<Point X="128" Y="208"/>
	<Point X="127" Y="208"/>
	<Point X="127" Y="209"/>
	<Point X="126" Y="209"/>
</Gesture>
