<?xml version="1.0" ?>
<Gesture Name="right_sq_bracket09" Subject="01" Number="09" NumPts="176">
	<Point X="143" Y="207"/>
	<Point X="144" Y="207"/>
	<Point X="145" Y="207"/>
	<Point X="146" Y="207"/>
	<Point X="147" Y="207"/>
	<Point X="148" Y="207"/>
	<Point X="149" Y="207"/>
	<Point X="150" Y="207"/>
	<Point X="151" Y="207"/>
	<Point X="152" Y="207"/>
	<Point X="153" Y="207"/>
	<Point X="154" Y="207"/>
	<Point X="155" Y="207"/>
	<Point X="156" Y="207"/>
	<Point X="157" Y="207"/>
	<Point X="158" Y="207"/>
	<Point X="159" Y="207"/>
	<Point X="160" Y="207"/>
	<Point X="161" Y="207"/>
	<Point X="162" Y="207"/>
	<Point X="162" Y="206"/>
	<Point X="163" Y="206"/>
	<Point X="164" Y="206"/>
	<Point X="165" Y="206"/>
	<Point X="166" Y="206"/>
	<Point X="167" Y="206"/>
	<Point X="168" Y="206"/>
	<Point X="169" Y="206"/>
	<Point X="170" Y="206"/>
	<Point X="171" Y="206"/>
	<Point X="172" Y="206"/>
	<Point X="173" Y="206"/>
	<Point X="174" Y="206"/>
	<Point X="175" Y="206"/>
	<Point X="176" Y="206"/>
	<Point X="177" Y="206"/>
	<Point X="178" Y="206"/>
	<Point X="179" Y="206"/>
	<Point X="180" Y="206"/>
	<Point X="181" Y="206"/>
	<Point X="181" Y="207"/>
	<Point X="181" Y="208"/>
	<Point X="181" Y="209"/>
	<Point X="181" Y="210"/>
	<Point X="181" Y="211"/>
	<Point X="181" Y="212"/>
	<Point X="181" Y="213"/>
	<Point X="181" Y="214"/>
	<Point X="181" Y="215"/>
	<Point X="181" Y="216"/>
	<Point X="181" Y="217"/>
	<Point X="181" Y="218"/>
	<Point X="181" Y="219"/>
	<Point X="181" Y="220"/>
	<Point X="181" Y="221"/>
	<Point X="181" Y="222"/>
	<Point X="181" Y="223"/>
	<Point X="181" Y="224"/>
	<Point X="181" Y="225"/>
	<Point X="181" Y="226"/>
	<Point X="181" Y="227"/>
	<Point X="181" Y="228"/>
	<Point X="181" Y="229"/>
	<Point X="181" Y="230"/>
	<Point X="181" Y="231"/>
	<Point X="181" Y="232"/>
	<Point X="181" Y="233"/>
	<Point X="181" Y="234"/>
	<Point X="181" Y="235"/>
	<Point X="181" Y="236"/>
	<Point X="181" Y="237"/>
	<Point X="181" Y="238"/>
	<Point X="181" Y="239"/>
	<Point X="181" Y="240"/>
	<Point X="181" Y="241"/>
	<Point X="181" Y="242"/>
	<Point X="180" Y="242"/>
	<Point X="180" Y="243"/>
	<Point X="180" Y="245"/>
	<Point X="180" Y="246"/>
	<Point X="180" Y="247"/>
	<Point X="180" Y="248"/>
	<Point X="180" Y="249"/>
	<Point X="180" Y="250"/>
	<Point X="180" Y="251"/>
	<Point X="180" Y="252"/>
	<Point X="180" Y="253"/>
	<Point X="179" Y="254"/>
	<Point X="179" Y="255"/>
	<Point X="179" Y="256"/>
	<Point X="179" Y="257"/>
	<Point X="179" Y="258"/>
	<Point X="179" Y="259"/>
	<Point X="179" Y="260"/>
	<Point X="179" Y="261"/>
	<Point X="179" Y="262"/>
	<Point X="179" Y="263"/>
	<Point X="179" Y="264"/>
	<Point X="179" Y="265"/>
	<Point X="179" Y="266"/>
	<Point X="179" Y="267"/>
	<Point X="179" Y="268"/>
	<Point X="179" Y="269"/>
	<Point X="179" Y="270"/>
	<Point X="179" Y="271"/>
	<Point X="179" Y="272"/>
	<Point X="179" Y="273"/>
	<Point X="179" Y="274"/>
	<Point X="179" Y="275"/>
	<Point X="179" Y="276"/>
	<Point X="179" Y="277"/>
	<Point X="179" Y="278"/>
	<Point X="179" Y="279"/>
	<Point X="179" Y="280"/>
	<Point X="179" Y="281"/>
	<Point X="179" Y="282"/>
	<Point X="179" Y="283"/>
	<Point X="179" Y="284"/>
	<Point X="179" Y="285"/>
	<Point X="179" Y="286"/>
	<Point X="179" Y="287"/>
	<Point X="179" Y="288"/>
	<Point X="179" Y="289"/>
	<Point X="179" Y="290"/>
	<Point X="179" Y="291"/>
	<Point X="179" Y="292"/>
	<Point X="179" Y="293"/>
	<Point X="179" Y="294"/>
	<Point X="179" Y="295"/>
	<Point X="179" Y="296"/>
	<Point X="179" Y="297"/>
	<Point X="179" Y="298"/>
	<Point X="179" Y="299"/>
	<Point X="179" Y="300"/>
	<Point X="179" Y="301"/>
	<Point X="179" Y="302"/>
	<Point X="179" Y="303"/>
	<Point X="178" Y="303"/>
	<Point X="178" Y="304"/>
	<Point X="178" Y="305"/>
	<Point X="178" Y="306"/>
	<Point X="178" Y="307"/>
	<Point X="178" Y="308"/>
	<Point X="177" Y="308"/>
	<Point X="177" Y="309"/>
	<Point X="176" Y="309"/>
	<Point X="175" Y="309"/>
	<Point X="174" Y="309"/>
	<Point X="173" Y="309"/>
	<Point X="172" Y="309"/>
	<Point X="171" Y="309"/>
	<Point X="170" Y="309"/>
	<Point X="169" Y="309"/>
	<Point X="168" Y="309"/>
	<Point X="167" Y="309"/>
	<Point X="166" Y="309"/>
	<Point X="165" Y="309"/>
	<Point X="164" Y="309"/>
	<Point X="163" Y="309"/>
	<Point X="162" Y="309"/>
	<Point X="161" Y="309"/>
	<Point X="160" Y="309"/>
	<Point X="159" Y="309"/>
	<Point X="158" Y="309"/>
	<Point X="157" Y="309"/>
	<Point X="156" Y="309"/>
	<Point X="155" Y="310"/>
	<Point X="154" Y="310"/>
	<Point X="153" Y="310"/>
	<Point X="152" Y="310"/>
	<Point X="151" Y="310"/>
	<Point X="150" Y="310"/>
	<Point X="149" Y="310"/>
	<Point X="148" Y="310"/>
	<Point X="148" Y="311"/>
	<Point X="147" Y="311"/>
</Gesture>
