<?xml version="1.0" ?>
<Gesture Name="right_curly_brace08" Subject="01" Number="08" NumPts="272">
	<Point X="163" Y="139"/>
	<Point X="164" Y="139"/>
	<Point X="164" Y="140"/>
	<Point X="165" Y="140"/>
	<Point X="166" Y="141"/>
	<Point X="167" Y="141"/>
	<Point X="167" Y="142"/>
	<Point X="168" Y="142"/>
	<Point X="168" Y="143"/>
	<Point X="169" Y="143"/>
	<Point X="169" Y="144"/>
	<Point X="170" Y="144"/>
	<Point X="170" Y="145"/>
	<Point X="171" Y="145"/>
	<Point X="172" Y="146"/>
	<Point X="172" Y="147"/>
	<Point X="173" Y="147"/>
	<Point X="174" Y="148"/>
	<Point X="175" Y="149"/>
	<Point X="176" Y="149"/>
	<Point X="176" Y="150"/>
	<Point X="177" Y="151"/>
	<Point X="178" Y="152"/>
	<Point X="179" Y="152"/>
	<Point X="179" Y="153"/>
	<Point X="180" Y="153"/>
	<Point X="180" Y="154"/>
	<Point X="181" Y="154"/>
	<Point X="181" Y="155"/>
	<Point X="182" Y="155"/>
	<Point X="182" Y="156"/>
	<Point X="182" Y="157"/>
	<Point X="183" Y="157"/>
	<Point X="183" Y="158"/>
	<Point X="183" Y="159"/>
	<Point X="183" Y="160"/>
	<Point X="183" Y="161"/>
	<Point X="184" Y="161"/>
	<Point X="184" Y="162"/>
	<Point X="184" Y="163"/>
	<Point X="184" Y="164"/>
	<Point X="184" Y="165"/>
	<Point X="184" Y="166"/>
	<Point X="185" Y="166"/>
	<Point X="185" Y="167"/>
	<Point X="185" Y="168"/>
	<Point X="185" Y="169"/>
	<Point X="185" Y="170"/>
	<Point X="185" Y="171"/>
	<Point X="185" Y="172"/>
	<Point X="185" Y="173"/>
	<Point X="185" Y="174"/>
	<Point X="185" Y="175"/>
	<Point X="185" Y="176"/>
	<Point X="185" Y="177"/>
	<Point X="185" Y="178"/>
	<Point X="185" Y="179"/>
	<Point X="185" Y="180"/>
	<Point X="185" Y="181"/>
	<Point X="185" Y="182"/>
	<Point X="185" Y="184"/>
	<Point X="185" Y="185"/>
	<Point X="185" Y="186"/>
	<Point X="185" Y="188"/>
	<Point X="185" Y="189"/>
	<Point X="185" Y="190"/>
	<Point X="185" Y="191"/>
	<Point X="185" Y="192"/>
	<Point X="185" Y="194"/>
	<Point X="185" Y="195"/>
	<Point X="185" Y="196"/>
	<Point X="185" Y="197"/>
	<Point X="184" Y="197"/>
	<Point X="184" Y="198"/>
	<Point X="184" Y="199"/>
	<Point X="184" Y="200"/>
	<Point X="184" Y="201"/>
	<Point X="184" Y="202"/>
	<Point X="184" Y="203"/>
	<Point X="184" Y="204"/>
	<Point X="184" Y="205"/>
	<Point X="184" Y="206"/>
	<Point X="184" Y="207"/>
	<Point X="184" Y="208"/>
	<Point X="184" Y="209"/>
	<Point X="184" Y="210"/>
	<Point X="184" Y="211"/>
	<Point X="185" Y="211"/>
	<Point X="185" Y="212"/>
	<Point X="185" Y="213"/>
	<Point X="185" Y="214"/>
	<Point X="186" Y="214"/>
	<Point X="186" Y="215"/>
	<Point X="186" Y="216"/>
	<Point X="186" Y="217"/>
	<Point X="187" Y="217"/>
	<Point X="187" Y="218"/>
	<Point X="187" Y="219"/>
	<Point X="188" Y="219"/>
	<Point X="188" Y="220"/>
	<Point X="188" Y="221"/>
	<Point X="189" Y="221"/>
	<Point X="189" Y="222"/>
	<Point X="189" Y="223"/>
	<Point X="190" Y="223"/>
	<Point X="190" Y="224"/>
	<Point X="190" Y="225"/>
	<Point X="191" Y="225"/>
	<Point X="191" Y="226"/>
	<Point X="191" Y="227"/>
	<Point X="192" Y="227"/>
	<Point X="192" Y="228"/>
	<Point X="192" Y="229"/>
	<Point X="193" Y="229"/>
	<Point X="193" Y="230"/>
	<Point X="193" Y="231"/>
	<Point X="194" Y="231"/>
	<Point X="194" Y="232"/>
	<Point X="195" Y="233"/>
	<Point X="195" Y="234"/>
	<Point X="196" Y="234"/>
	<Point X="196" Y="235"/>
	<Point X="196" Y="236"/>
	<Point X="197" Y="236"/>
	<Point X="197" Y="237"/>
	<Point X="198" Y="237"/>
	<Point X="198" Y="238"/>
	<Point X="199" Y="239"/>
	<Point X="199" Y="240"/>
	<Point X="200" Y="240"/>
	<Point X="200" Y="241"/>
	<Point X="201" Y="241"/>
	<Point X="201" Y="242"/>
	<Point X="202" Y="242"/>
	<Point X="203" Y="242"/>
	<Point X="203" Y="243"/>
	<Point X="204" Y="243"/>
	<Point X="205" Y="244"/>
	<Point X="206" Y="244"/>
	<Point X="207" Y="244"/>
	<Point X="207" Y="245"/>
	<Point X="208" Y="245"/>
	<Point X="209" Y="245"/>
	<Point X="210" Y="245"/>
	<Point X="211" Y="245"/>
	<Point X="212" Y="245"/>
	<Point X="213" Y="245"/>
	<Point X="214" Y="245"/>
	<Point X="213" Y="245"/>
	<Point X="213" Y="246"/>
	<Point X="212" Y="246"/>
	<Point X="211" Y="246"/>
	<Point X="210" Y="247"/>
	<Point X="209" Y="247"/>
	<Point X="208" Y="247"/>
	<Point X="208" Y="248"/>
	<Point X="207" Y="248"/>
	<Point X="206" Y="248"/>
	<Point X="205" Y="248"/>
	<Point X="204" Y="248"/>
	<Point X="204" Y="249"/>
	<Point X="203" Y="249"/>
	<Point X="202" Y="249"/>
	<Point X="202" Y="250"/>
	<Point X="201" Y="250"/>
	<Point X="201" Y="251"/>
	<Point X="201" Y="252"/>
	<Point X="200" Y="252"/>
	<Point X="200" Y="253"/>
	<Point X="200" Y="254"/>
	<Point X="199" Y="254"/>
	<Point X="199" Y="255"/>
	<Point X="199" Y="256"/>
	<Point X="199" Y="257"/>
	<Point X="198" Y="257"/>
	<Point X="198" Y="258"/>
	<Point X="198" Y="259"/>
	<Point X="197" Y="259"/>
	<Point X="197" Y="260"/>
	<Point X="197" Y="261"/>
	<Point X="197" Y="262"/>
	<Point X="196" Y="263"/>
	<Point X="196" Y="264"/>
	<Point X="196" Y="265"/>
	<Point X="196" Y="266"/>
	<Point X="196" Y="267"/>
	<Point X="196" Y="268"/>
	<Point X="195" Y="269"/>
	<Point X="195" Y="270"/>
	<Point X="195" Y="271"/>
	<Point X="195" Y="272"/>
	<Point X="195" Y="273"/>
	<Point X="195" Y="274"/>
	<Point X="195" Y="275"/>
	<Point X="195" Y="276"/>
	<Point X="194" Y="276"/>
	<Point X="194" Y="277"/>
	<Point X="194" Y="278"/>
	<Point X="194" Y="279"/>
	<Point X="194" Y="280"/>
	<Point X="194" Y="281"/>
	<Point X="194" Y="282"/>
	<Point X="193" Y="282"/>
	<Point X="193" Y="283"/>
	<Point X="193" Y="284"/>
	<Point X="193" Y="285"/>
	<Point X="192" Y="286"/>
	<Point X="192" Y="287"/>
	<Point X="192" Y="288"/>
	<Point X="192" Y="289"/>
	<Point X="191" Y="290"/>
	<Point X="191" Y="291"/>
	<Point X="191" Y="292"/>
	<Point X="191" Y="293"/>
	<Point X="190" Y="293"/>
	<Point X="190" Y="294"/>
	<Point X="190" Y="295"/>
	<Point X="190" Y="296"/>
	<Point X="190" Y="297"/>
	<Point X="189" Y="297"/>
	<Point X="189" Y="298"/>
	<Point X="189" Y="299"/>
	<Point X="189" Y="300"/>
	<Point X="188" Y="301"/>
	<Point X="188" Y="302"/>
	<Point X="188" Y="303"/>
	<Point X="187" Y="303"/>
	<Point X="187" Y="304"/>
	<Point X="186" Y="305"/>
	<Point X="185" Y="305"/>
	<Point X="185" Y="306"/>
	<Point X="184" Y="306"/>
	<Point X="184" Y="307"/>
	<Point X="183" Y="307"/>
	<Point X="183" Y="308"/>
	<Point X="182" Y="308"/>
	<Point X="181" Y="308"/>
	<Point X="181" Y="309"/>
	<Point X="180" Y="309"/>
	<Point X="179" Y="309"/>
	<Point X="179" Y="310"/>
	<Point X="178" Y="310"/>
	<Point X="177" Y="310"/>
	<Point X="176" Y="310"/>
	<Point X="175" Y="310"/>
	<Point X="174" Y="310"/>
	<Point X="174" Y="311"/>
	<Point X="173" Y="311"/>
	<Point X="172" Y="311"/>
	<Point X="171" Y="311"/>
	<Point X="170" Y="311"/>
	<Point X="169" Y="311"/>
	<Point X="168" Y="311"/>
	<Point X="167" Y="310"/>
	<Point X="166" Y="310"/>
	<Point X="165" Y="310"/>
	<Point X="165" Y="309"/>
	<Point X="164" Y="309"/>
	<Point X="163" Y="309"/>
	<Point X="162" Y="309"/>
	<Point X="161" Y="308"/>
	<Point X="160" Y="308"/>
	<Point X="159" Y="308"/>
	<Point X="158" Y="308"/>
	<Point X="157" Y="308"/>
	<Point X="156" Y="308"/>
	<Point X="155" Y="308"/>
	<Point X="154" Y="308"/>
	<Point X="153" Y="308"/>
	<Point X="152" Y="308"/>
	<Point X="151" Y="308"/>
	<Point X="151" Y="307"/>
</Gesture>
