<?xml version="1.0" ?>
<Gesture Name="right_sq_bracket04" Subject="01" Number="04" NumPts="189">
	<Point X="159" Y="191"/>
	<Point X="160" Y="191"/>
	<Point X="161" Y="191"/>
	<Point X="162" Y="191"/>
	<Point X="163" Y="191"/>
	<Point X="164" Y="191"/>
	<Point X="165" Y="191"/>
	<Point X="165" Y="192"/>
	<Point X="166" Y="192"/>
	<Point X="167" Y="192"/>
	<Point X="168" Y="192"/>
	<Point X="169" Y="192"/>
	<Point X="170" Y="192"/>
	<Point X="171" Y="192"/>
	<Point X="172" Y="192"/>
	<Point X="173" Y="192"/>
	<Point X="174" Y="192"/>
	<Point X="175" Y="192"/>
	<Point X="176" Y="192"/>
	<Point X="177" Y="192"/>
	<Point X="178" Y="192"/>
	<Point X="179" Y="192"/>
	<Point X="180" Y="192"/>
	<Point X="181" Y="192"/>
	<Point X="182" Y="192"/>
	<Point X="183" Y="192"/>
	<Point X="184" Y="192"/>
	<Point X="185" Y="192"/>
	<Point X="186" Y="192"/>
	<Point X="187" Y="192"/>
	<Point X="188" Y="192"/>
	<Point X="189" Y="192"/>
	<Point X="190" Y="192"/>
	<Point X="191" Y="192"/>
	<Point X="192" Y="192"/>
	<Point X="192" Y="193"/>
	<Point X="193" Y="193"/>
	<Point X="194" Y="193"/>
	<Point X="194" Y="194"/>
	<Point X="194" Y="195"/>
	<Point X="195" Y="195"/>
	<Point X="195" Y="196"/>
	<Point X="195" Y="197"/>
	<Point X="195" Y="198"/>
	<Point X="195" Y="199"/>
	<Point X="195" Y="200"/>
	<Point X="195" Y="201"/>
	<Point X="195" Y="202"/>
	<Point X="195" Y="203"/>
	<Point X="196" Y="204"/>
	<Point X="196" Y="205"/>
	<Point X="196" Y="206"/>
	<Point X="196" Y="207"/>
	<Point X="196" Y="208"/>
	<Point X="196" Y="209"/>
	<Point X="196" Y="210"/>
	<Point X="196" Y="211"/>
	<Point X="196" Y="212"/>
	<Point X="196" Y="213"/>
	<Point X="196" Y="214"/>
	<Point X="196" Y="215"/>
	<Point X="196" Y="216"/>
	<Point X="196" Y="217"/>
	<Point X="196" Y="218"/>
	<Point X="196" Y="219"/>
	<Point X="196" Y="220"/>
	<Point X="196" Y="221"/>
	<Point X="196" Y="222"/>
	<Point X="196" Y="223"/>
	<Point X="196" Y="224"/>
	<Point X="196" Y="225"/>
	<Point X="196" Y="226"/>
	<Point X="196" Y="227"/>
	<Point X="196" Y="228"/>
	<Point X="196" Y="229"/>
	<Point X="196" Y="230"/>
	<Point X="196" Y="231"/>
	<Point X="196" Y="232"/>
	<Point X="196" Y="233"/>
	<Point X="196" Y="234"/>
	<Point X="196" Y="235"/>
	<Point X="196" Y="236"/>
	<Point X="196" Y="237"/>
	<Point X="196" Y="238"/>
	<Point X="196" Y="239"/>
	<Point X="196" Y="240"/>
	<Point X="196" Y="241"/>
	<Point X="196" Y="242"/>
	<Point X="196" Y="243"/>
	<Point X="196" Y="244"/>
	<Point X="196" Y="245"/>
	<Point X="196" Y="246"/>
	<Point X="196" Y="247"/>
	<Point X="196" Y="248"/>
	<Point X="196" Y="249"/>
	<Point X="196" Y="250"/>
	<Point X="196" Y="251"/>
	<Point X="196" Y="252"/>
	<Point X="196" Y="253"/>
	<Point X="196" Y="254"/>
	<Point X="196" Y="255"/>
	<Point X="196" Y="256"/>
	<Point X="196" Y="257"/>
	<Point X="196" Y="258"/>
	<Point X="196" Y="259"/>
	<Point X="196" Y="260"/>
	<Point X="196" Y="261"/>
	<Point X="196" Y="262"/>
	<Point X="196" Y="263"/>
	<Point X="196" Y="264"/>
	<Point X="196" Y="265"/>
	<Point X="196" Y="266"/>
	<Point X="196" Y="267"/>
	<Point X="196" Y="268"/>
	<Point X="196" Y="269"/>
	<Point X="196" Y="270"/>
	<Point X="196" Y="271"/>
	<Point X="196" Y="272"/>
	<Point X="196" Y="273"/>
	<Point X="196" Y="274"/>
	<Point X="196" Y="275"/>
	<Point X="196" Y="276"/>
	<Point X="195" Y="277"/>
	<Point X="195" Y="278"/>
	<Point X="195" Y="279"/>
	<Point X="195" Y="280"/>
	<Point X="195" Y="281"/>
	<Point X="195" Y="282"/>
	<Point X="195" Y="283"/>
	<Point X="195" Y="284"/>
	<Point X="195" Y="285"/>
	<Point X="195" Y="286"/>
	<Point X="195" Y="287"/>
	<Point X="195" Y="288"/>
	<Point X="195" Y="289"/>
	<Point X="195" Y="290"/>
	<Point X="194" Y="291"/>
	<Point X="194" Y="292"/>
	<Point X="194" Y="293"/>
	<Point X="194" Y="294"/>
	<Point X="194" Y="295"/>
	<Point X="194" Y="296"/>
	<Point X="194" Y="297"/>
	<Point X="194" Y="298"/>
	<Point X="194" Y="299"/>
	<Point X="194" Y="300"/>
	<Point X="194" Y="301"/>
	<Point X="194" Y="302"/>
	<Point X="194" Y="303"/>
	<Point X="194" Y="304"/>
	<Point X="193" Y="304"/>
	<Point X="193" Y="305"/>
	<Point X="193" Y="306"/>
	<Point X="192" Y="306"/>
	<Point X="192" Y="307"/>
	<Point X="191" Y="307"/>
	<Point X="191" Y="308"/>
	<Point X="190" Y="308"/>
	<Point X="189" Y="308"/>
	<Point X="188" Y="308"/>
	<Point X="188" Y="309"/>
	<Point X="187" Y="309"/>
	<Point X="186" Y="309"/>
	<Point X="185" Y="309"/>
	<Point X="185" Y="310"/>
	<Point X="184" Y="310"/>
	<Point X="183" Y="310"/>
	<Point X="182" Y="310"/>
	<Point X="181" Y="310"/>
	<Point X="180" Y="310"/>
	<Point X="179" Y="310"/>
	<Point X="178" Y="310"/>
	<Point X="177" Y="310"/>
	<Point X="176" Y="310"/>
	<Point X="175" Y="310"/>
	<Point X="174" Y="310"/>
	<Point X="173" Y="310"/>
	<Point X="172" Y="310"/>
	<Point X="171" Y="310"/>
	<Point X="170" Y="310"/>
	<Point X="169" Y="310"/>
	<Point X="168" Y="310"/>
	<Point X="167" Y="310"/>
	<Point X="166" Y="310"/>
	<Point X="165" Y="310"/>
	<Point X="164" Y="310"/>
	<Point X="163" Y="310"/>
	<Point X="162" Y="310"/>
	<Point X="161" Y="310"/>
</Gesture>
