<?xml version="1.0" ?>
<Gesture Name="right_curly_brace01" Subject="01" Number="01" NumPts="270">
	<Point X="168" Y="174"/>
	<Point X="169" Y="174"/>
	<Point X="170" Y="174"/>
	<Point X="171" Y="175"/>
	<Point X="172" Y="175"/>
	<Point X="173" Y="175"/>
	<Point X="173" Y="176"/>
	<Point X="174" Y="176"/>
	<Point X="175" Y="176"/>
	<Point X="175" Y="177"/>
	<Point X="176" Y="177"/>
	<Point X="177" Y="177"/>
	<Point X="177" Y="178"/>
	<Point X="178" Y="178"/>
	<Point X="179" Y="178"/>
	<Point X="180" Y="178"/>
	<Point X="180" Y="179"/>
	<Point X="181" Y="179"/>
	<Point X="182" Y="179"/>
	<Point X="183" Y="179"/>
	<Point X="183" Y="180"/>
	<Point X="184" Y="180"/>
	<Point X="185" Y="180"/>
	<Point X="185" Y="181"/>
	<Point X="186" Y="181"/>
	<Point X="187" Y="181"/>
	<Point X="187" Y="182"/>
	<Point X="188" Y="182"/>
	<Point X="189" Y="182"/>
	<Point X="189" Y="183"/>
	<Point X="190" Y="183"/>
	<Point X="191" Y="183"/>
	<Point X="192" Y="184"/>
	<Point X="193" Y="184"/>
	<Point X="193" Y="185"/>
	<Point X="194" Y="185"/>
	<Point X="195" Y="186"/>
	<Point X="196" Y="186"/>
	<Point X="196" Y="187"/>
	<Point X="197" Y="187"/>
	<Point X="198" Y="188"/>
	<Point X="199" Y="189"/>
	<Point X="200" Y="189"/>
	<Point X="200" Y="190"/>
	<Point X="201" Y="190"/>
	<Point X="201" Y="191"/>
	<Point X="202" Y="191"/>
	<Point X="202" Y="192"/>
	<Point X="203" Y="192"/>
	<Point X="203" Y="193"/>
	<Point X="204" Y="193"/>
	<Point X="204" Y="194"/>
	<Point X="205" Y="195"/>
	<Point X="206" Y="196"/>
	<Point X="206" Y="197"/>
	<Point X="207" Y="197"/>
	<Point X="207" Y="198"/>
	<Point X="208" Y="198"/>
	<Point X="208" Y="199"/>
	<Point X="208" Y="200"/>
	<Point X="209" Y="200"/>
	<Point X="209" Y="201"/>
	<Point X="210" Y="202"/>
	<Point X="210" Y="203"/>
	<Point X="210" Y="204"/>
	<Point X="211" Y="204"/>
	<Point X="211" Y="205"/>
	<Point X="211" Y="206"/>
	<Point X="211" Y="207"/>
	<Point X="211" Y="208"/>
	<Point X="211" Y="209"/>
	<Point X="211" Y="210"/>
	<Point X="211" Y="211"/>
	<Point X="211" Y="212"/>
	<Point X="211" Y="213"/>
	<Point X="211" Y="214"/>
	<Point X="210" Y="214"/>
	<Point X="210" Y="215"/>
	<Point X="209" Y="215"/>
	<Point X="209" Y="216"/>
	<Point X="209" Y="217"/>
	<Point X="208" Y="217"/>
	<Point X="208" Y="218"/>
	<Point X="207" Y="219"/>
	<Point X="206" Y="220"/>
	<Point X="206" Y="221"/>
	<Point X="205" Y="221"/>
	<Point X="205" Y="222"/>
	<Point X="204" Y="222"/>
	<Point X="204" Y="223"/>
	<Point X="203" Y="223"/>
	<Point X="202" Y="224"/>
	<Point X="201" Y="225"/>
	<Point X="201" Y="226"/>
	<Point X="200" Y="226"/>
	<Point X="199" Y="226"/>
	<Point X="199" Y="227"/>
	<Point X="198" Y="227"/>
	<Point X="198" Y="228"/>
	<Point X="197" Y="228"/>
	<Point X="197" Y="229"/>
	<Point X="196" Y="229"/>
	<Point X="196" Y="230"/>
	<Point X="195" Y="230"/>
	<Point X="195" Y="231"/>
	<Point X="194" Y="231"/>
	<Point X="194" Y="232"/>
	<Point X="193" Y="233"/>
	<Point X="193" Y="234"/>
	<Point X="193" Y="235"/>
	<Point X="193" Y="236"/>
	<Point X="193" Y="237"/>
	<Point X="192" Y="238"/>
	<Point X="192" Y="239"/>
	<Point X="192" Y="240"/>
	<Point X="192" Y="241"/>
	<Point X="192" Y="242"/>
	<Point X="192" Y="243"/>
	<Point X="193" Y="244"/>
	<Point X="193" Y="245"/>
	<Point X="193" Y="246"/>
	<Point X="194" Y="246"/>
	<Point X="194" Y="247"/>
	<Point X="194" Y="248"/>
	<Point X="195" Y="248"/>
	<Point X="195" Y="249"/>
	<Point X="196" Y="249"/>
	<Point X="197" Y="249"/>
	<Point X="197" Y="250"/>
	<Point X="198" Y="250"/>
	<Point X="198" Y="251"/>
	<Point X="199" Y="251"/>
	<Point X="200" Y="251"/>
	<Point X="201" Y="252"/>
	<Point X="202" Y="252"/>
	<Point X="203" Y="252"/>
	<Point X="203" Y="253"/>
	<Point X="204" Y="253"/>
	<Point X="205" Y="253"/>
	<Point X="206" Y="253"/>
	<Point X="207" Y="253"/>
	<Point X="207" Y="254"/>
	<Point X="208" Y="254"/>
	<Point X="209" Y="254"/>
	<Point X="210" Y="254"/>
	<Point X="211" Y="254"/>
	<Point X="212" Y="254"/>
	<Point X="213" Y="254"/>
	<Point X="214" Y="255"/>
	<Point X="215" Y="255"/>
	<Point X="216" Y="255"/>
	<Point X="217" Y="255"/>
	<Point X="218" Y="255"/>
	<Point X="219" Y="255"/>
	<Point X="220" Y="255"/>
	<Point X="221" Y="255"/>
	<Point X="221" Y="256"/>
	<Point X="220" Y="256"/>
	<Point X="219" Y="256"/>
	<Point X="218" Y="256"/>
	<Point X="217" Y="256"/>
	<Point X="216" Y="256"/>
	<Point X="215" Y="256"/>
	<Point X="214" Y="256"/>
	<Point X="213" Y="256"/>
	<Point X="212" Y="256"/>
	<Point X="211" Y="256"/>
	<Point X="210" Y="256"/>
	<Point X="209" Y="256"/>
	<Point X="208" Y="256"/>
	<Point X="207" Y="256"/>
	<Point X="206" Y="256"/>
	<Point X="205" Y="256"/>
	<Point X="204" Y="256"/>
	<Point X="203" Y="256"/>
	<Point X="203" Y="257"/>
	<Point X="202" Y="257"/>
	<Point X="201" Y="257"/>
	<Point X="201" Y="258"/>
	<Point X="200" Y="258"/>
	<Point X="200" Y="259"/>
	<Point X="199" Y="259"/>
	<Point X="199" Y="260"/>
	<Point X="198" Y="260"/>
	<Point X="198" Y="261"/>
	<Point X="197" Y="262"/>
	<Point X="197" Y="263"/>
	<Point X="197" Y="264"/>
	<Point X="196" Y="264"/>
	<Point X="196" Y="265"/>
	<Point X="196" Y="266"/>
	<Point X="196" Y="267"/>
	<Point X="196" Y="268"/>
	<Point X="196" Y="269"/>
	<Point X="196" Y="270"/>
	<Point X="196" Y="271"/>
	<Point X="196" Y="272"/>
	<Point X="196" Y="273"/>
	<Point X="196" Y="274"/>
	<Point X="196" Y="275"/>
	<Point X="197" Y="275"/>
	<Point X="197" Y="276"/>
	<Point X="197" Y="277"/>
	<Point X="197" Y="278"/>
	<Point X="198" Y="278"/>
	<Point X="198" Y="279"/>
	<Point X="199" Y="280"/>
	<Point X="199" Y="281"/>
	<Point X="199" Y="282"/>
	<Point X="200" Y="282"/>
	<Point X="200" Y="283"/>
	<Point X="200" Y="284"/>
	<Point X="200" Y="285"/>
	<Point X="200" Y="286"/>
	<Point X="200" Y="287"/>
	<Point X="200" Y="288"/>
	<Point X="200" Y="289"/>
	<Point X="200" Y="290"/>
	<Point X="200" Y="291"/>
	<Point X="200" Y="292"/>
	<Point X="200" Y="293"/>
	<Point X="200" Y="294"/>
	<Point X="200" Y="295"/>
	<Point X="199" Y="295"/>
	<Point X="199" Y="296"/>
	<Point X="199" Y="297"/>
	<Point X="198" Y="297"/>
	<Point X="198" Y="298"/>
	<Point X="197" Y="298"/>
	<Point X="197" Y="299"/>
	<Point X="196" Y="299"/>
	<Point X="196" Y="300"/>
	<Point X="195" Y="300"/>
	<Point X="195" Y="301"/>
	<Point X="194" Y="301"/>
	<Point X="194" Y="302"/>
	<Point X="193" Y="302"/>
	<Point X="192" Y="303"/>
	<Point X="191" Y="303"/>
	<Point X="191" Y="304"/>
	<Point X="190" Y="304"/>
	<Point X="189" Y="304"/>
	<Point X="189" Y="305"/>
	<Point X="188" Y="305"/>
	<Point X="188" Y="306"/>
	<Point X="187" Y="306"/>
	<Point X="186" Y="306"/>
	<Point X="186" Y="307"/>
	<Point X="185" Y="307"/>
	<Point X="184" Y="307"/>
	<Point X="184" Y="308"/>
	<Point X="183" Y="308"/>
	<Point X="182" Y="309"/>
	<Point X="181" Y="309"/>
	<Point X="180" Y="310"/>
	<Point X="179" Y="310"/>
	<Point X="179" Y="311"/>
	<Point X="178" Y="311"/>
	<Point X="177" Y="311"/>
	<Point X="176" Y="312"/>
	<Point X="175" Y="312"/>
	<Point X="174" Y="312"/>
	<Point X="174" Y="313"/>
	<Point X="173" Y="313"/>
	<Point X="172" Y="313"/>
	<Point X="171" Y="313"/>
	<Point X="171" Y="314"/>
	<Point X="170" Y="314"/>
	<Point X="169" Y="314"/>
	<Point X="168" Y="314"/>
</Gesture>
