<?xml version="1.0" ?>
<Gesture Name="right_curly_brace05" Subject="01" Number="05" NumPts="269">
	<Point X="149" Y="164"/>
	<Point X="150" Y="164"/>
	<Point X="151" Y="164"/>
	<Point X="152" Y="165"/>
	<Point X="153" Y="165"/>
	<Point X="154" Y="165"/>
	<Point X="154" Y="166"/>
	<Point X="155" Y="166"/>
	<Point X="156" Y="166"/>
	<Point X="156" Y="167"/>
	<Point X="157" Y="167"/>
	<Point X="158" Y="167"/>
	<Point X="159" Y="168"/>
	<Point X="160" Y="168"/>
	<Point X="161" Y="169"/>
	<Point X="162" Y="169"/>
	<Point X="163" Y="170"/>
	<Point X="164" Y="170"/>
	<Point X="165" Y="171"/>
	<Point X="166" Y="171"/>
	<Point X="167" Y="172"/>
	<Point X="168" Y="172"/>
	<Point X="169" Y="173"/>
	<Point X="170" Y="173"/>
	<Point X="170" Y="174"/>
	<Point X="171" Y="174"/>
	<Point X="172" Y="175"/>
	<Point X="173" Y="175"/>
	<Point X="173" Y="176"/>
	<Point X="174" Y="176"/>
	<Point X="175" Y="177"/>
	<Point X="176" Y="177"/>
	<Point X="176" Y="178"/>
	<Point X="177" Y="178"/>
	<Point X="177" Y="179"/>
	<Point X="178" Y="179"/>
	<Point X="179" Y="180"/>
	<Point X="180" Y="181"/>
	<Point X="180" Y="182"/>
	<Point X="181" Y="182"/>
	<Point X="182" Y="183"/>
	<Point X="182" Y="184"/>
	<Point X="183" Y="184"/>
	<Point X="183" Y="185"/>
	<Point X="184" Y="185"/>
	<Point X="184" Y="186"/>
	<Point X="185" Y="187"/>
	<Point X="185" Y="188"/>
	<Point X="186" Y="188"/>
	<Point X="186" Y="189"/>
	<Point X="187" Y="190"/>
	<Point X="187" Y="191"/>
	<Point X="188" Y="191"/>
	<Point X="188" Y="192"/>
	<Point X="189" Y="193"/>
	<Point X="189" Y="194"/>
	<Point X="190" Y="195"/>
	<Point X="190" Y="196"/>
	<Point X="191" Y="196"/>
	<Point X="191" Y="197"/>
	<Point X="191" Y="198"/>
	<Point X="192" Y="198"/>
	<Point X="192" Y="199"/>
	<Point X="192" Y="200"/>
	<Point X="192" Y="201"/>
	<Point X="193" Y="201"/>
	<Point X="193" Y="202"/>
	<Point X="193" Y="203"/>
	<Point X="193" Y="204"/>
	<Point X="194" Y="204"/>
	<Point X="194" Y="205"/>
	<Point X="194" Y="206"/>
	<Point X="194" Y="207"/>
	<Point X="194" Y="208"/>
	<Point X="194" Y="209"/>
	<Point X="194" Y="210"/>
	<Point X="194" Y="211"/>
	<Point X="194" Y="212"/>
	<Point X="194" Y="213"/>
	<Point X="194" Y="214"/>
	<Point X="193" Y="214"/>
	<Point X="193" Y="215"/>
	<Point X="193" Y="216"/>
	<Point X="192" Y="216"/>
	<Point X="192" Y="217"/>
	<Point X="192" Y="218"/>
	<Point X="191" Y="218"/>
	<Point X="191" Y="219"/>
	<Point X="190" Y="219"/>
	<Point X="190" Y="220"/>
	<Point X="190" Y="221"/>
	<Point X="189" Y="221"/>
	<Point X="189" Y="222"/>
	<Point X="188" Y="222"/>
	<Point X="188" Y="223"/>
	<Point X="187" Y="223"/>
	<Point X="187" Y="224"/>
	<Point X="186" Y="225"/>
	<Point X="186" Y="226"/>
	<Point X="185" Y="226"/>
	<Point X="185" Y="227"/>
	<Point X="184" Y="227"/>
	<Point X="184" Y="228"/>
	<Point X="183" Y="229"/>
	<Point X="183" Y="230"/>
	<Point X="182" Y="230"/>
	<Point X="182" Y="231"/>
	<Point X="182" Y="232"/>
	<Point X="181" Y="232"/>
	<Point X="181" Y="233"/>
	<Point X="181" Y="234"/>
	<Point X="180" Y="234"/>
	<Point X="180" Y="235"/>
	<Point X="180" Y="236"/>
	<Point X="180" Y="237"/>
	<Point X="180" Y="238"/>
	<Point X="180" Y="239"/>
	<Point X="180" Y="240"/>
	<Point X="180" Y="241"/>
	<Point X="180" Y="242"/>
	<Point X="180" Y="243"/>
	<Point X="180" Y="244"/>
	<Point X="180" Y="245"/>
	<Point X="180" Y="246"/>
	<Point X="181" Y="246"/>
	<Point X="181" Y="247"/>
	<Point X="182" Y="247"/>
	<Point X="183" Y="248"/>
	<Point X="183" Y="249"/>
	<Point X="184" Y="249"/>
	<Point X="185" Y="249"/>
	<Point X="185" Y="250"/>
	<Point X="186" Y="250"/>
	<Point X="187" Y="250"/>
	<Point X="187" Y="251"/>
	<Point X="188" Y="251"/>
	<Point X="189" Y="251"/>
	<Point X="189" Y="252"/>
	<Point X="190" Y="252"/>
	<Point X="191" Y="252"/>
	<Point X="192" Y="253"/>
	<Point X="193" Y="253"/>
	<Point X="194" Y="253"/>
	<Point X="194" Y="254"/>
	<Point X="195" Y="254"/>
	<Point X="196" Y="254"/>
	<Point X="197" Y="254"/>
	<Point X="198" Y="254"/>
	<Point X="198" Y="255"/>
	<Point X="199" Y="255"/>
	<Point X="200" Y="255"/>
	<Point X="201" Y="255"/>
	<Point X="201" Y="256"/>
	<Point X="200" Y="256"/>
	<Point X="199" Y="256"/>
	<Point X="199" Y="257"/>
	<Point X="198" Y="257"/>
	<Point X="197" Y="257"/>
	<Point X="196" Y="257"/>
	<Point X="196" Y="258"/>
	<Point X="195" Y="258"/>
	<Point X="194" Y="258"/>
	<Point X="194" Y="259"/>
	<Point X="193" Y="259"/>
	<Point X="192" Y="259"/>
	<Point X="192" Y="260"/>
	<Point X="191" Y="260"/>
	<Point X="191" Y="261"/>
	<Point X="190" Y="261"/>
	<Point X="189" Y="261"/>
	<Point X="189" Y="262"/>
	<Point X="188" Y="263"/>
	<Point X="187" Y="264"/>
	<Point X="187" Y="265"/>
	<Point X="186" Y="265"/>
	<Point X="186" Y="266"/>
	<Point X="185" Y="267"/>
	<Point X="185" Y="268"/>
	<Point X="184" Y="269"/>
	<Point X="184" Y="270"/>
	<Point X="184" Y="271"/>
	<Point X="183" Y="271"/>
	<Point X="183" Y="272"/>
	<Point X="183" Y="273"/>
	<Point X="182" Y="274"/>
	<Point X="182" Y="275"/>
	<Point X="182" Y="276"/>
	<Point X="182" Y="277"/>
	<Point X="182" Y="278"/>
	<Point X="182" Y="279"/>
	<Point X="182" Y="280"/>
	<Point X="182" Y="281"/>
	<Point X="182" Y="282"/>
	<Point X="182" Y="283"/>
	<Point X="182" Y="284"/>
	<Point X="182" Y="285"/>
	<Point X="182" Y="286"/>
	<Point X="182" Y="287"/>
	<Point X="182" Y="288"/>
	<Point X="182" Y="289"/>
	<Point X="182" Y="290"/>
	<Point X="182" Y="291"/>
	<Point X="182" Y="292"/>
	<Point X="182" Y="293"/>
	<Point X="182" Y="294"/>
	<Point X="181" Y="294"/>
	<Point X="181" Y="295"/>
	<Point X="181" Y="296"/>
	<Point X="181" Y="297"/>
	<Point X="180" Y="297"/>
	<Point X="180" Y="298"/>
	<Point X="180" Y="299"/>
	<Point X="180" Y="300"/>
	<Point X="179" Y="300"/>
	<Point X="179" Y="301"/>
	<Point X="178" Y="302"/>
	<Point X="178" Y="303"/>
	<Point X="177" Y="304"/>
	<Point X="177" Y="305"/>
	<Point X="176" Y="306"/>
	<Point X="176" Y="307"/>
	<Point X="175" Y="307"/>
	<Point X="175" Y="308"/>
	<Point X="175" Y="309"/>
	<Point X="174" Y="309"/>
	<Point X="174" Y="310"/>
	<Point X="174" Y="311"/>
	<Point X="173" Y="311"/>
	<Point X="173" Y="312"/>
	<Point X="172" Y="312"/>
	<Point X="172" Y="313"/>
	<Point X="171" Y="314"/>
	<Point X="171" Y="315"/>
	<Point X="170" Y="315"/>
	<Point X="170" Y="316"/>
	<Point X="169" Y="317"/>
	<Point X="169" Y="318"/>
	<Point X="168" Y="319"/>
	<Point X="168" Y="320"/>
	<Point X="167" Y="320"/>
	<Point X="167" Y="321"/>
	<Point X="166" Y="321"/>
	<Point X="166" Y="322"/>
	<Point X="165" Y="323"/>
	<Point X="164" Y="324"/>
	<Point X="164" Y="325"/>
	<Point X="163" Y="325"/>
	<Point X="163" Y="326"/>
	<Point X="162" Y="326"/>
	<Point X="162" Y="327"/>
	<Point X="161" Y="327"/>
	<Point X="161" Y="328"/>
	<Point X="160" Y="328"/>
	<Point X="160" Y="329"/>
	<Point X="159" Y="329"/>
	<Point X="158" Y="330"/>
	<Point X="157" Y="330"/>
	<Point X="157" Y="331"/>
	<Point X="156" Y="331"/>
	<Point X="155" Y="331"/>
	<Point X="155" Y="332"/>
	<Point X="154" Y="332"/>
	<Point X="153" Y="332"/>
	<Point X="153" Y="333"/>
	<Point X="152" Y="333"/>
	<Point X="151" Y="333"/>
	<Point X="150" Y="333"/>
	<Point X="149" Y="333"/>
	<Point X="148" Y="333"/>
</Gesture>
