<?xml version="1.0" ?>
<Gesture Name="right_sq_bracket01" Subject="01" Number="01" NumPts="270">
	<Point X="158" Y="184"/>
	<Point X="159" Y="184"/>
	<Point X="160" Y="184"/>
	<Point X="161" Y="185"/>
	<Point X="162" Y="185"/>
	<Point X="163" Y="185"/>
	<Point X="164" Y="185"/>
	<Point X="164" Y="186"/>
	<Point X="165" Y="186"/>
	<Point X="166" Y="186"/>
	<Point X="166" Y="187"/>
	<Point X="167" Y="187"/>
	<Point X="168" Y="187"/>
	<Point X="169" Y="187"/>
	<Point X="169" Y="188"/>
	<Point X="170" Y="188"/>
	<Point X="171" Y="188"/>
	<Point X="172" Y="188"/>
	<Point X="173" Y="188"/>
	<Point X="174" Y="189"/>
	<Point X="175" Y="189"/>
	<Point X="176" Y="189"/>
	<Point X="177" Y="189"/>
	<Point X="178" Y="189"/>
	<Point X="179" Y="189"/>
	<Point X="180" Y="189"/>
	<Point X="181" Y="190"/>
	<Point X="182" Y="190"/>
	<Point X="183" Y="190"/>
	<Point X="184" Y="190"/>
	<Point X="185" Y="190"/>
	<Point X="186" Y="190"/>
	<Point X="187" Y="190"/>
	<Point X="188" Y="190"/>
	<Point X="189" Y="190"/>
	<Point X="190" Y="190"/>
	<Point X="191" Y="190"/>
	<Point X="192" Y="190"/>
	<Point X="193" Y="190"/>
	<Point X="194" Y="190"/>
	<Point X="195" Y="190"/>
	<Point X="196" Y="190"/>
	<Point X="197" Y="190"/>
	<Point X="198" Y="190"/>
	<Point X="199" Y="190"/>
	<Point X="200" Y="190"/>
	<Point X="201" Y="190"/>
	<Point X="202" Y="190"/>
	<Point X="203" Y="190"/>
	<Point X="203" Y="191"/>
	<Point X="204" Y="191"/>
	<Point X="204" Y="192"/>
	<Point X="204" Y="193"/>
	<Point X="204" Y="194"/>
	<Point X="204" Y="195"/>
	<Point X="204" Y="196"/>
	<Point X="205" Y="196"/>
	<Point X="205" Y="197"/>
	<Point X="205" Y="198"/>
	<Point X="205" Y="199"/>
	<Point X="206" Y="200"/>
	<Point X="206" Y="201"/>
	<Point X="206" Y="202"/>
	<Point X="206" Y="203"/>
	<Point X="206" Y="204"/>
	<Point X="207" Y="204"/>
	<Point X="207" Y="205"/>
	<Point X="207" Y="206"/>
	<Point X="207" Y="207"/>
	<Point X="207" Y="208"/>
	<Point X="208" Y="208"/>
	<Point X="208" Y="209"/>
	<Point X="208" Y="210"/>
	<Point X="208" Y="211"/>
	<Point X="208" Y="212"/>
	<Point X="208" Y="213"/>
	<Point X="209" Y="214"/>
	<Point X="209" Y="215"/>
	<Point X="209" Y="216"/>
	<Point X="209" Y="217"/>
	<Point X="209" Y="218"/>
	<Point X="209" Y="219"/>
	<Point X="209" Y="220"/>
	<Point X="209" Y="221"/>
	<Point X="210" Y="222"/>
	<Point X="210" Y="223"/>
	<Point X="210" Y="224"/>
	<Point X="210" Y="225"/>
	<Point X="210" Y="226"/>
	<Point X="210" Y="227"/>
	<Point X="210" Y="229"/>
	<Point X="210" Y="230"/>
	<Point X="210" Y="231"/>
	<Point X="210" Y="232"/>
	<Point X="210" Y="233"/>
	<Point X="210" Y="234"/>
	<Point X="210" Y="235"/>
	<Point X="210" Y="236"/>
	<Point X="210" Y="237"/>
	<Point X="210" Y="238"/>
	<Point X="210" Y="239"/>
	<Point X="210" Y="240"/>
	<Point X="210" Y="241"/>
	<Point X="210" Y="242"/>
	<Point X="210" Y="243"/>
	<Point X="210" Y="244"/>
	<Point X="210" Y="245"/>
	<Point X="210" Y="246"/>
	<Point X="210" Y="247"/>
	<Point X="210" Y="248"/>
	<Point X="210" Y="249"/>
	<Point X="210" Y="250"/>
	<Point X="210" Y="251"/>
	<Point X="210" Y="252"/>
	<Point X="210" Y="253"/>
	<Point X="210" Y="254"/>
	<Point X="210" Y="255"/>
	<Point X="210" Y="256"/>
	<Point X="210" Y="257"/>
	<Point X="210" Y="258"/>
	<Point X="210" Y="259"/>
	<Point X="210" Y="260"/>
	<Point X="210" Y="261"/>
	<Point X="210" Y="262"/>
	<Point X="210" Y="263"/>
	<Point X="210" Y="264"/>
	<Point X="210" Y="265"/>
	<Point X="210" Y="266"/>
	<Point X="210" Y="267"/>
	<Point X="210" Y="268"/>
	<Point X="210" Y="269"/>
	<Point X="210" Y="270"/>
	<Point X="210" Y="271"/>
	<Point X="210" Y="272"/>
	<Point X="210" Y="273"/>
	<Point X="210" Y="274"/>
	<Point X="210" Y="275"/>
	<Point X="210" Y="276"/>
	<Point X="210" Y="277"/>
	<Point X="210" Y="278"/>
	<Point X="210" Y="279"/>
	<Point X="210" Y="280"/>
	<Point X="210" Y="281"/>
	<Point X="210" Y="282"/>
	<Point X="210" Y="283"/>
	<Point X="210" Y="284"/>
	<Point X="210" Y="285"/>
	<Point X="210" Y="286"/>
	<Point X="210" Y="287"/>
	<Point X="210" Y="288"/>
	<Point X="210" Y="289"/>
	<Point X="210" Y="291"/>
	<Point X="210" Y="292"/>
	<Point X="210" Y="293"/>
	<Point X="210" Y="294"/>
	<Point X="210" Y="295"/>
	<Point X="209" Y="296"/>
	<Point X="209" Y="297"/>
	<Point X="209" Y="298"/>
	<Point X="209" Y="299"/>
	<Point X="209" Y="300"/>
	<Point X="209" Y="301"/>
	<Point X="209" Y="302"/>
	<Point X="209" Y="303"/>
	<Point X="209" Y="304"/>
	<Point X="208" Y="305"/>
	<Point X="208" Y="306"/>
	<Point X="208" Y="307"/>
	<Point X="208" Y="308"/>
	<Point X="208" Y="309"/>
	<Point X="208" Y="310"/>
	<Point X="207" Y="311"/>
	<Point X="207" Y="312"/>
	<Point X="207" Y="314"/>
	<Point X="207" Y="315"/>
	<Point X="206" Y="316"/>
	<Point X="206" Y="317"/>
	<Point X="206" Y="318"/>
	<Point X="206" Y="319"/>
	<Point X="206" Y="320"/>
	<Point X="205" Y="320"/>
	<Point X="205" Y="321"/>
	<Point X="205" Y="322"/>
	<Point X="205" Y="323"/>
	<Point X="204" Y="323"/>
	<Point X="203" Y="323"/>
	<Point X="203" Y="324"/>
	<Point X="202" Y="324"/>
	<Point X="201" Y="324"/>
	<Point X="200" Y="324"/>
	<Point X="199" Y="324"/>
	<Point X="198" Y="324"/>
	<Point X="197" Y="324"/>
	<Point X="196" Y="324"/>
	<Point X="195" Y="324"/>
	<Point X="194" Y="324"/>
	<Point X="193" Y="324"/>
	<Point X="192" Y="324"/>
	<Point X="191" Y="324"/>
	<Point X="190" Y="324"/>
	<Point X="189" Y="324"/>
	<Point X="188" Y="324"/>
	<Point X="187" Y="324"/>
	<Point X="186" Y="324"/>
	<Point X="185" Y="324"/>
	<Point X="184" Y="324"/>
	<Point X="183" Y="324"/>
	<Point X="182" Y="324"/>
	<Point X="181" Y="324"/>
	<Point X="180" Y="324"/>
	<Point X="179" Y="324"/>
	<Point X="178" Y="324"/>
	<Point X="177" Y="324"/>
	<Point X="176" Y="324"/>
	<Point X="175" Y="324"/>
	<Point X="174" Y="324"/>
	<Point X="173" Y="324"/>
	<Point X="172" Y="324"/>
	<Point X="171" Y="324"/>
	<Point X="170" Y="324"/>
	<Point X="169" Y="323"/>
	<Point X="168" Y="323"/>
	<Point X="167" Y="323"/>
	<Point X="166" Y="323"/>
	<Point X="165" Y="323"/>
	<Point X="164" Y="323"/>
	<Point X="162" Y="323"/>
	<Point X="160" Y="323"/>
	<Point X="159" Y="323"/>
	<Point X="157" Y="323"/>
	<Point X="156" Y="322"/>
	<Point X="155" Y="322"/>
	<Point X="154" Y="322"/>
	<Point X="153" Y="322"/>
	<Point X="152" Y="322"/>
	<Point X="151" Y="322"/>
	<Point X="150" Y="322"/>
	<Point X="149" Y="322"/>
	<Point X="148" Y="322"/>
	<Point X="147" Y="322"/>
	<Point X="146" Y="321"/>
	<Point X="145" Y="321"/>
	<Point X="144" Y="321"/>
	<Point X="143" Y="321"/>
	<Point X="142" Y="321"/>
	<Point X="141" Y="321"/>
	<Point X="140" Y="321"/>
	<Point X="139" Y="321"/>
	<Point X="138" Y="321"/>
	<Point X="137" Y="321"/>
	<Point X="136" Y="321"/>
	<Point X="135" Y="321"/>
	<Point X="134" Y="320"/>
	<Point X="133" Y="320"/>
	<Point X="132" Y="320"/>
	<Point X="131" Y="320"/>
	<Point X="130" Y="320"/>
	<Point X="129" Y="320"/>
	<Point X="128" Y="320"/>
	<Point X="127" Y="320"/>
	<Point X="126" Y="320"/>
	<Point X="125" Y="319"/>
	<Point X="123" Y="319"/>
	<Point X="122" Y="319"/>
	<Point X="121" Y="319"/>
	<Point X="120" Y="319"/>
	<Point X="119" Y="319"/>
	<Point X="118" Y="319"/>
	<Point X="117" Y="319"/>
	<Point X="116" Y="319"/>
</Gesture>
