<?xml version="1.0" ?>
<Gesture Name="right_sq_bracket03" Subject="01" Number="03" NumPts="202">
	<Point X="165" Y="190"/>
	<Point X="166" Y="190"/>
	<Point X="166" Y="191"/>
	<Point X="167" Y="191"/>
	<Point X="168" Y="191"/>
	<Point X="169" Y="191"/>
	<Point X="170" Y="191"/>
	<Point X="170" Y="192"/>
	<Point X="171" Y="192"/>
	<Point X="172" Y="192"/>
	<Point X="173" Y="192"/>
	<Point X="174" Y="192"/>
	<Point X="175" Y="192"/>
	<Point X="176" Y="192"/>
	<Point X="177" Y="192"/>
	<Point X="178" Y="192"/>
	<Point X="179" Y="192"/>
	<Point X="180" Y="192"/>
	<Point X="181" Y="192"/>
	<Point X="182" Y="192"/>
	<Point X="183" Y="192"/>
	<Point X="184" Y="192"/>
	<Point X="185" Y="192"/>
	<Point X="186" Y="192"/>
	<Point X="187" Y="192"/>
	<Point X="188" Y="192"/>
	<Point X="189" Y="192"/>
	<Point X="190" Y="192"/>
	<Point X="191" Y="192"/>
	<Point X="192" Y="192"/>
	<Point X="192" Y="191"/>
	<Point X="193" Y="191"/>
	<Point X="194" Y="191"/>
	<Point X="195" Y="191"/>
	<Point X="196" Y="191"/>
	<Point X="197" Y="191"/>
	<Point X="198" Y="191"/>
	<Point X="199" Y="191"/>
	<Point X="200" Y="191"/>
	<Point X="201" Y="191"/>
	<Point X="202" Y="191"/>
	<Point X="203" Y="191"/>
	<Point X="204" Y="191"/>
	<Point X="205" Y="191"/>
	<Point X="206" Y="191"/>
	<Point X="207" Y="191"/>
	<Point X="208" Y="191"/>
	<Point X="208" Y="192"/>
	<Point X="208" Y="193"/>
	<Point X="208" Y="194"/>
	<Point X="208" Y="195"/>
	<Point X="208" Y="196"/>
	<Point X="208" Y="197"/>
	<Point X="209" Y="197"/>
	<Point X="209" Y="198"/>
	<Point X="209" Y="199"/>
	<Point X="209" Y="200"/>
	<Point X="209" Y="201"/>
	<Point X="209" Y="202"/>
	<Point X="209" Y="203"/>
	<Point X="209" Y="204"/>
	<Point X="209" Y="205"/>
	<Point X="209" Y="206"/>
	<Point X="209" Y="207"/>
	<Point X="210" Y="207"/>
	<Point X="210" Y="208"/>
	<Point X="210" Y="209"/>
	<Point X="210" Y="210"/>
	<Point X="210" Y="211"/>
	<Point X="210" Y="212"/>
	<Point X="210" Y="213"/>
	<Point X="210" Y="214"/>
	<Point X="210" Y="215"/>
	<Point X="210" Y="216"/>
	<Point X="210" Y="217"/>
	<Point X="210" Y="218"/>
	<Point X="210" Y="219"/>
	<Point X="210" Y="221"/>
	<Point X="210" Y="222"/>
	<Point X="210" Y="223"/>
	<Point X="210" Y="224"/>
	<Point X="210" Y="225"/>
	<Point X="210" Y="226"/>
	<Point X="210" Y="227"/>
	<Point X="210" Y="228"/>
	<Point X="210" Y="229"/>
	<Point X="210" Y="230"/>
	<Point X="210" Y="231"/>
	<Point X="210" Y="232"/>
	<Point X="210" Y="233"/>
	<Point X="210" Y="234"/>
	<Point X="210" Y="235"/>
	<Point X="210" Y="236"/>
	<Point X="210" Y="237"/>
	<Point X="210" Y="238"/>
	<Point X="210" Y="239"/>
	<Point X="210" Y="240"/>
	<Point X="210" Y="241"/>
	<Point X="210" Y="242"/>
	<Point X="210" Y="243"/>
	<Point X="210" Y="244"/>
	<Point X="210" Y="245"/>
	<Point X="210" Y="246"/>
	<Point X="210" Y="247"/>
	<Point X="210" Y="248"/>
	<Point X="210" Y="249"/>
	<Point X="210" Y="250"/>
	<Point X="210" Y="251"/>
	<Point X="210" Y="252"/>
	<Point X="210" Y="253"/>
	<Point X="210" Y="254"/>
	<Point X="210" Y="255"/>
	<Point X="210" Y="256"/>
	<Point X="209" Y="256"/>
	<Point X="209" Y="257"/>
	<Point X="209" Y="258"/>
	<Point X="209" Y="259"/>
	<Point X="209" Y="260"/>
	<Point X="209" Y="261"/>
	<Point X="209" Y="262"/>
	<Point X="209" Y="263"/>
	<Point X="209" Y="264"/>
	<Point X="209" Y="265"/>
	<Point X="209" Y="266"/>
	<Point X="209" Y="267"/>
	<Point X="209" Y="268"/>
	<Point X="209" Y="269"/>
	<Point X="209" Y="270"/>
	<Point X="208" Y="271"/>
	<Point X="208" Y="272"/>
	<Point X="208" Y="273"/>
	<Point X="208" Y="274"/>
	<Point X="208" Y="275"/>
	<Point X="208" Y="276"/>
	<Point X="208" Y="277"/>
	<Point X="208" Y="278"/>
	<Point X="208" Y="279"/>
	<Point X="208" Y="280"/>
	<Point X="207" Y="281"/>
	<Point X="207" Y="282"/>
	<Point X="207" Y="283"/>
	<Point X="207" Y="284"/>
	<Point X="207" Y="285"/>
	<Point X="207" Y="286"/>
	<Point X="206" Y="287"/>
	<Point X="206" Y="288"/>
	<Point X="206" Y="289"/>
	<Point X="206" Y="290"/>
	<Point X="206" Y="291"/>
	<Point X="206" Y="292"/>
	<Point X="206" Y="293"/>
	<Point X="205" Y="294"/>
	<Point X="205" Y="295"/>
	<Point X="205" Y="296"/>
	<Point X="205" Y="297"/>
	<Point X="205" Y="298"/>
	<Point X="205" Y="299"/>
	<Point X="204" Y="300"/>
	<Point X="204" Y="301"/>
	<Point X="204" Y="302"/>
	<Point X="204" Y="303"/>
	<Point X="204" Y="304"/>
	<Point X="203" Y="304"/>
	<Point X="202" Y="304"/>
	<Point X="201" Y="304"/>
	<Point X="200" Y="304"/>
	<Point X="199" Y="304"/>
	<Point X="198" Y="304"/>
	<Point X="197" Y="304"/>
	<Point X="196" Y="304"/>
	<Point X="195" Y="304"/>
	<Point X="194" Y="304"/>
	<Point X="193" Y="304"/>
	<Point X="192" Y="304"/>
	<Point X="191" Y="304"/>
	<Point X="190" Y="304"/>
	<Point X="189" Y="304"/>
	<Point X="188" Y="304"/>
	<Point X="188" Y="303"/>
	<Point X="187" Y="303"/>
	<Point X="186" Y="303"/>
	<Point X="185" Y="303"/>
	<Point X="184" Y="303"/>
	<Point X="183" Y="303"/>
	<Point X="183" Y="302"/>
	<Point X="182" Y="302"/>
	<Point X="181" Y="302"/>
	<Point X="180" Y="302"/>
	<Point X="179" Y="302"/>
	<Point X="178" Y="302"/>
	<Point X="177" Y="302"/>
	<Point X="177" Y="301"/>
	<Point X="176" Y="301"/>
	<Point X="175" Y="301"/>
	<Point X="174" Y="301"/>
	<Point X="173" Y="301"/>
	<Point X="172" Y="301"/>
	<Point X="171" Y="301"/>
	<Point X="170" Y="301"/>
	<Point X="169" Y="301"/>
	<Point X="168" Y="301"/>
	<Point X="167" Y="301"/>
</Gesture>
