<?xml version="1.0" ?>
<Gesture Name="right_sq_bracket08" Subject="01" Number="08" NumPts="195">
	<Point X="147" Y="198"/>
	<Point X="148" Y="198"/>
	<Point X="149" Y="198"/>
	<Point X="150" Y="198"/>
	<Point X="151" Y="198"/>
	<Point X="152" Y="198"/>
	<Point X="153" Y="198"/>
	<Point X="154" Y="198"/>
	<Point X="155" Y="198"/>
	<Point X="156" Y="198"/>
	<Point X="157" Y="198"/>
	<Point X="158" Y="198"/>
	<Point X="159" Y="198"/>
	<Point X="160" Y="198"/>
	<Point X="161" Y="198"/>
	<Point X="162" Y="198"/>
	<Point X="163" Y="198"/>
	<Point X="164" Y="198"/>
	<Point X="165" Y="198"/>
	<Point X="165" Y="199"/>
	<Point X="166" Y="199"/>
	<Point X="167" Y="199"/>
	<Point X="168" Y="199"/>
	<Point X="169" Y="199"/>
	<Point X="170" Y="199"/>
	<Point X="171" Y="199"/>
	<Point X="172" Y="199"/>
	<Point X="173" Y="199"/>
	<Point X="174" Y="199"/>
	<Point X="175" Y="199"/>
	<Point X="176" Y="199"/>
	<Point X="177" Y="199"/>
	<Point X="178" Y="199"/>
	<Point X="179" Y="199"/>
	<Point X="180" Y="199"/>
	<Point X="181" Y="199"/>
	<Point X="182" Y="199"/>
	<Point X="182" Y="200"/>
	<Point X="182" Y="201"/>
	<Point X="182" Y="202"/>
	<Point X="183" Y="203"/>
	<Point X="183" Y="204"/>
	<Point X="183" Y="205"/>
	<Point X="183" Y="206"/>
	<Point X="183" Y="207"/>
	<Point X="183" Y="208"/>
	<Point X="184" Y="208"/>
	<Point X="184" Y="209"/>
	<Point X="184" Y="210"/>
	<Point X="184" Y="211"/>
	<Point X="184" Y="212"/>
	<Point X="184" Y="213"/>
	<Point X="184" Y="214"/>
	<Point X="184" Y="215"/>
	<Point X="184" Y="216"/>
	<Point X="184" Y="217"/>
	<Point X="184" Y="218"/>
	<Point X="185" Y="218"/>
	<Point X="185" Y="219"/>
	<Point X="185" Y="220"/>
	<Point X="185" Y="221"/>
	<Point X="185" Y="222"/>
	<Point X="185" Y="223"/>
	<Point X="185" Y="224"/>
	<Point X="185" Y="225"/>
	<Point X="185" Y="226"/>
	<Point X="185" Y="227"/>
	<Point X="185" Y="228"/>
	<Point X="186" Y="229"/>
	<Point X="186" Y="230"/>
	<Point X="186" Y="231"/>
	<Point X="186" Y="232"/>
	<Point X="186" Y="233"/>
	<Point X="186" Y="234"/>
	<Point X="186" Y="235"/>
	<Point X="186" Y="236"/>
	<Point X="186" Y="237"/>
	<Point X="186" Y="238"/>
	<Point X="186" Y="239"/>
	<Point X="186" Y="240"/>
	<Point X="186" Y="241"/>
	<Point X="186" Y="242"/>
	<Point X="186" Y="243"/>
	<Point X="186" Y="244"/>
	<Point X="186" Y="245"/>
	<Point X="186" Y="246"/>
	<Point X="186" Y="247"/>
	<Point X="186" Y="248"/>
	<Point X="186" Y="249"/>
	<Point X="186" Y="250"/>
	<Point X="187" Y="250"/>
	<Point X="187" Y="251"/>
	<Point X="187" Y="252"/>
	<Point X="187" Y="253"/>
	<Point X="187" Y="254"/>
	<Point X="187" Y="255"/>
	<Point X="187" Y="257"/>
	<Point X="187" Y="259"/>
	<Point X="187" Y="260"/>
	<Point X="187" Y="261"/>
	<Point X="187" Y="262"/>
	<Point X="187" Y="263"/>
	<Point X="187" Y="264"/>
	<Point X="187" Y="265"/>
	<Point X="187" Y="266"/>
	<Point X="187" Y="267"/>
	<Point X="187" Y="268"/>
	<Point X="187" Y="269"/>
	<Point X="187" Y="270"/>
	<Point X="187" Y="271"/>
	<Point X="187" Y="272"/>
	<Point X="187" Y="273"/>
	<Point X="187" Y="274"/>
	<Point X="187" Y="275"/>
	<Point X="187" Y="276"/>
	<Point X="187" Y="277"/>
	<Point X="187" Y="278"/>
	<Point X="187" Y="279"/>
	<Point X="187" Y="280"/>
	<Point X="187" Y="281"/>
	<Point X="187" Y="282"/>
	<Point X="187" Y="283"/>
	<Point X="187" Y="284"/>
	<Point X="187" Y="285"/>
	<Point X="187" Y="286"/>
	<Point X="187" Y="287"/>
	<Point X="187" Y="288"/>
	<Point X="187" Y="289"/>
	<Point X="187" Y="290"/>
	<Point X="187" Y="291"/>
	<Point X="187" Y="292"/>
	<Point X="187" Y="293"/>
	<Point X="187" Y="294"/>
	<Point X="187" Y="295"/>
	<Point X="187" Y="296"/>
	<Point X="187" Y="297"/>
	<Point X="187" Y="298"/>
	<Point X="187" Y="299"/>
	<Point X="187" Y="300"/>
	<Point X="186" Y="300"/>
	<Point X="186" Y="301"/>
	<Point X="186" Y="302"/>
	<Point X="186" Y="303"/>
	<Point X="186" Y="304"/>
	<Point X="186" Y="305"/>
	<Point X="186" Y="306"/>
	<Point X="186" Y="307"/>
	<Point X="186" Y="308"/>
	<Point X="186" Y="309"/>
	<Point X="186" Y="310"/>
	<Point X="185" Y="310"/>
	<Point X="185" Y="311"/>
	<Point X="185" Y="312"/>
	<Point X="185" Y="313"/>
	<Point X="184" Y="313"/>
	<Point X="183" Y="313"/>
	<Point X="183" Y="314"/>
	<Point X="182" Y="314"/>
	<Point X="181" Y="314"/>
	<Point X="180" Y="314"/>
	<Point X="179" Y="314"/>
	<Point X="178" Y="314"/>
	<Point X="177" Y="314"/>
	<Point X="176" Y="314"/>
	<Point X="175" Y="314"/>
	<Point X="174" Y="314"/>
	<Point X="173" Y="314"/>
	<Point X="172" Y="314"/>
	<Point X="171" Y="314"/>
	<Point X="170" Y="314"/>
	<Point X="169" Y="314"/>
	<Point X="168" Y="314"/>
	<Point X="167" Y="314"/>
	<Point X="166" Y="313"/>
	<Point X="165" Y="313"/>
	<Point X="164" Y="313"/>
	<Point X="163" Y="313"/>
	<Point X="162" Y="313"/>
	<Point X="161" Y="313"/>
	<Point X="160" Y="313"/>
	<Point X="159" Y="313"/>
	<Point X="158" Y="313"/>
	<Point X="157" Y="313"/>
	<Point X="156" Y="313"/>
	<Point X="155" Y="313"/>
	<Point X="154" Y="313"/>
	<Point X="153" Y="313"/>
	<Point X="152" Y="313"/>
	<Point X="151" Y="313"/>
	<Point X="150" Y="313"/>
	<Point X="149" Y="313"/>
	<Point X="148" Y="313"/>
	<Point X="148" Y="312"/>
	<Point X="147" Y="312"/>
	<Point X="146" Y="312"/>
</Gesture>
