<?xml version="1.0" ?>
<Gesture Name="right_sq_bracket10" Subject="01" Number="10" NumPts="189">
	<Point X="138" Y="214"/>
	<Point X="138" Y="213"/>
	<Point X="139" Y="213"/>
	<Point X="140" Y="213"/>
	<Point X="141" Y="213"/>
	<Point X="142" Y="213"/>
	<Point X="143" Y="212"/>
	<Point X="144" Y="212"/>
	<Point X="145" Y="212"/>
	<Point X="146" Y="212"/>
	<Point X="147" Y="212"/>
	<Point X="148" Y="212"/>
	<Point X="149" Y="212"/>
	<Point X="150" Y="212"/>
	<Point X="151" Y="212"/>
	<Point X="152" Y="212"/>
	<Point X="153" Y="212"/>
	<Point X="154" Y="212"/>
	<Point X="155" Y="212"/>
	<Point X="156" Y="212"/>
	<Point X="157" Y="212"/>
	<Point X="158" Y="212"/>
	<Point X="159" Y="212"/>
	<Point X="160" Y="212"/>
	<Point X="161" Y="212"/>
	<Point X="162" Y="212"/>
	<Point X="163" Y="212"/>
	<Point X="164" Y="212"/>
	<Point X="165" Y="212"/>
	<Point X="166" Y="212"/>
	<Point X="167" Y="212"/>
	<Point X="168" Y="212"/>
	<Point X="169" Y="212"/>
	<Point X="170" Y="212"/>
	<Point X="171" Y="212"/>
	<Point X="172" Y="212"/>
	<Point X="173" Y="212"/>
	<Point X="174" Y="212"/>
	<Point X="175" Y="212"/>
	<Point X="176" Y="212"/>
	<Point X="177" Y="212"/>
	<Point X="177" Y="213"/>
	<Point X="178" Y="213"/>
	<Point X="179" Y="213"/>
	<Point X="180" Y="213"/>
	<Point X="181" Y="213"/>
	<Point X="181" Y="214"/>
	<Point X="181" Y="215"/>
	<Point X="181" Y="216"/>
	<Point X="181" Y="217"/>
	<Point X="181" Y="218"/>
	<Point X="181" Y="219"/>
	<Point X="181" Y="220"/>
	<Point X="182" Y="220"/>
	<Point X="182" Y="221"/>
	<Point X="182" Y="222"/>
	<Point X="182" Y="223"/>
	<Point X="182" Y="224"/>
	<Point X="182" Y="225"/>
	<Point X="182" Y="226"/>
	<Point X="182" Y="227"/>
	<Point X="182" Y="228"/>
	<Point X="182" Y="229"/>
	<Point X="182" Y="230"/>
	<Point X="182" Y="231"/>
	<Point X="182" Y="232"/>
	<Point X="182" Y="233"/>
	<Point X="182" Y="234"/>
	<Point X="182" Y="235"/>
	<Point X="182" Y="236"/>
	<Point X="182" Y="237"/>
	<Point X="182" Y="238"/>
	<Point X="182" Y="239"/>
	<Point X="182" Y="240"/>
	<Point X="182" Y="241"/>
	<Point X="182" Y="242"/>
	<Point X="182" Y="243"/>
	<Point X="182" Y="244"/>
	<Point X="182" Y="245"/>
	<Point X="182" Y="246"/>
	<Point X="182" Y="247"/>
	<Point X="182" Y="248"/>
	<Point X="182" Y="249"/>
	<Point X="182" Y="250"/>
	<Point X="182" Y="251"/>
	<Point X="182" Y="252"/>
	<Point X="182" Y="253"/>
	<Point X="182" Y="254"/>
	<Point X="182" Y="255"/>
	<Point X="182" Y="256"/>
	<Point X="182" Y="257"/>
	<Point X="182" Y="258"/>
	<Point X="182" Y="259"/>
	<Point X="182" Y="260"/>
	<Point X="182" Y="261"/>
	<Point X="182" Y="262"/>
	<Point X="182" Y="263"/>
	<Point X="182" Y="264"/>
	<Point X="182" Y="265"/>
	<Point X="182" Y="266"/>
	<Point X="182" Y="267"/>
	<Point X="182" Y="268"/>
	<Point X="182" Y="269"/>
	<Point X="182" Y="270"/>
	<Point X="182" Y="271"/>
	<Point X="182" Y="272"/>
	<Point X="182" Y="273"/>
	<Point X="182" Y="274"/>
	<Point X="182" Y="275"/>
	<Point X="182" Y="276"/>
	<Point X="182" Y="277"/>
	<Point X="182" Y="278"/>
	<Point X="182" Y="279"/>
	<Point X="182" Y="280"/>
	<Point X="182" Y="281"/>
	<Point X="182" Y="282"/>
	<Point X="182" Y="283"/>
	<Point X="182" Y="284"/>
	<Point X="182" Y="285"/>
	<Point X="182" Y="286"/>
	<Point X="182" Y="287"/>
	<Point X="182" Y="288"/>
	<Point X="182" Y="289"/>
	<Point X="182" Y="290"/>
	<Point X="182" Y="291"/>
	<Point X="182" Y="292"/>
	<Point X="182" Y="293"/>
	<Point X="182" Y="294"/>
	<Point X="182" Y="295"/>
	<Point X="182" Y="296"/>
	<Point X="182" Y="297"/>
	<Point X="182" Y="298"/>
	<Point X="182" Y="299"/>
	<Point X="182" Y="300"/>
	<Point X="182" Y="301"/>
	<Point X="182" Y="302"/>
	<Point X="182" Y="303"/>
	<Point X="182" Y="304"/>
	<Point X="182" Y="305"/>
	<Point X="182" Y="306"/>
	<Point X="182" Y="307"/>
	<Point X="182" Y="308"/>
	<Point X="182" Y="309"/>
	<Point X="182" Y="310"/>
	<Point X="182" Y="311"/>
	<Point X="182" Y="312"/>
	<Point X="182" Y="313"/>
	<Point X="182" Y="314"/>
	<Point X="182" Y="315"/>
	<Point X="182" Y="316"/>
	<Point X="181" Y="316"/>
	<Point X="180" Y="316"/>
	<Point X="179" Y="316"/>
	<Point X="179" Y="317"/>
	<Point X="178" Y="317"/>
	<Point X="177" Y="317"/>
	<Point X="176" Y="317"/>
	<Point X="175" Y="317"/>
	<Point X="174" Y="317"/>
	<Point X="173" Y="317"/>
	<Point X="172" Y="317"/>
	<Point X="171" Y="317"/>
	<Point X="170" Y="317"/>
	<Point X="169" Y="317"/>
	<Point X="168" Y="317"/>
	<Point X="167" Y="317"/>
	<Point X="166" Y="318"/>
	<Point X="165" Y="318"/>
	<Point X="164" Y="318"/>
	<Point X="163" Y="318"/>
	<Point X="162" Y="318"/>
	<Point X="161" Y="318"/>
	<Point X="161" Y="319"/>
	<Point X="160" Y="319"/>
	<Point X="159" Y="319"/>
	<Point X="158" Y="319"/>
	<Point X="157" Y="319"/>
	<Point X="156" Y="319"/>
	<Point X="155" Y="319"/>
	<Point X="154" Y="319"/>
	<Point X="153" Y="319"/>
	<Point X="152" Y="319"/>
	<Point X="151" Y="319"/>
	<Point X="150" Y="319"/>
	<Point X="149" Y="319"/>
	<Point X="148" Y="319"/>
	<Point X="147" Y="319"/>
	<Point X="146" Y="319"/>
	<Point X="145" Y="319"/>
</Gesture>
