<?xml version="1.0" ?>
<Gesture Name="right_sq_bracket07" Subject="01" Number="07" NumPts="248">
	<Point X="145" Y="194"/>
	<Point X="145" Y="195"/>
	<Point X="146" Y="195"/>
	<Point X="147" Y="195"/>
	<Point X="148" Y="195"/>
	<Point X="149" Y="195"/>
	<Point X="150" Y="195"/>
	<Point X="151" Y="195"/>
	<Point X="152" Y="195"/>
	<Point X="153" Y="195"/>
	<Point X="154" Y="195"/>
	<Point X="155" Y="195"/>
	<Point X="156" Y="195"/>
	<Point X="157" Y="195"/>
	<Point X="158" Y="195"/>
	<Point X="159" Y="195"/>
	<Point X="160" Y="195"/>
	<Point X="161" Y="195"/>
	<Point X="162" Y="195"/>
	<Point X="163" Y="195"/>
	<Point X="164" Y="195"/>
	<Point X="165" Y="195"/>
	<Point X="166" Y="195"/>
	<Point X="167" Y="195"/>
	<Point X="168" Y="195"/>
	<Point X="169" Y="195"/>
	<Point X="170" Y="195"/>
	<Point X="171" Y="195"/>
	<Point X="172" Y="195"/>
	<Point X="173" Y="195"/>
	<Point X="174" Y="195"/>
	<Point X="175" Y="195"/>
	<Point X="176" Y="195"/>
	<Point X="177" Y="195"/>
	<Point X="178" Y="195"/>
	<Point X="179" Y="195"/>
	<Point X="180" Y="195"/>
	<Point X="181" Y="195"/>
	<Point X="182" Y="195"/>
	<Point X="183" Y="195"/>
	<Point X="184" Y="195"/>
	<Point X="185" Y="195"/>
	<Point X="186" Y="195"/>
	<Point X="187" Y="195"/>
	<Point X="188" Y="195"/>
	<Point X="189" Y="195"/>
	<Point X="190" Y="195"/>
	<Point X="191" Y="195"/>
	<Point X="192" Y="195"/>
	<Point X="193" Y="195"/>
	<Point X="194" Y="195"/>
	<Point X="195" Y="195"/>
	<Point X="196" Y="195"/>
	<Point X="197" Y="195"/>
	<Point X="198" Y="195"/>
	<Point X="199" Y="195"/>
	<Point X="200" Y="195"/>
	<Point X="201" Y="195"/>
	<Point X="202" Y="195"/>
	<Point X="203" Y="195"/>
	<Point X="204" Y="195"/>
	<Point X="205" Y="195"/>
	<Point X="205" Y="196"/>
	<Point X="205" Y="197"/>
	<Point X="205" Y="198"/>
	<Point X="205" Y="199"/>
	<Point X="205" Y="200"/>
	<Point X="205" Y="201"/>
	<Point X="205" Y="202"/>
	<Point X="205" Y="203"/>
	<Point X="205" Y="204"/>
	<Point X="205" Y="205"/>
	<Point X="205" Y="206"/>
	<Point X="205" Y="207"/>
	<Point X="205" Y="208"/>
	<Point X="205" Y="209"/>
	<Point X="205" Y="210"/>
	<Point X="205" Y="211"/>
	<Point X="205" Y="212"/>
	<Point X="205" Y="213"/>
	<Point X="205" Y="214"/>
	<Point X="205" Y="215"/>
	<Point X="205" Y="216"/>
	<Point X="205" Y="217"/>
	<Point X="205" Y="218"/>
	<Point X="205" Y="219"/>
	<Point X="205" Y="220"/>
	<Point X="205" Y="221"/>
	<Point X="205" Y="222"/>
	<Point X="205" Y="223"/>
	<Point X="205" Y="224"/>
	<Point X="205" Y="225"/>
	<Point X="205" Y="226"/>
	<Point X="205" Y="227"/>
	<Point X="205" Y="228"/>
	<Point X="205" Y="229"/>
	<Point X="205" Y="230"/>
	<Point X="205" Y="231"/>
	<Point X="205" Y="232"/>
	<Point X="205" Y="233"/>
	<Point X="205" Y="234"/>
	<Point X="205" Y="235"/>
	<Point X="205" Y="236"/>
	<Point X="205" Y="237"/>
	<Point X="205" Y="238"/>
	<Point X="205" Y="239"/>
	<Point X="205" Y="240"/>
	<Point X="205" Y="241"/>
	<Point X="205" Y="242"/>
	<Point X="205" Y="243"/>
	<Point X="205" Y="244"/>
	<Point X="205" Y="245"/>
	<Point X="205" Y="246"/>
	<Point X="205" Y="247"/>
	<Point X="205" Y="248"/>
	<Point X="205" Y="249"/>
	<Point X="205" Y="250"/>
	<Point X="205" Y="251"/>
	<Point X="205" Y="252"/>
	<Point X="205" Y="253"/>
	<Point X="205" Y="254"/>
	<Point X="205" Y="255"/>
	<Point X="205" Y="256"/>
	<Point X="205" Y="257"/>
	<Point X="205" Y="258"/>
	<Point X="205" Y="259"/>
	<Point X="205" Y="260"/>
	<Point X="205" Y="261"/>
	<Point X="205" Y="262"/>
	<Point X="205" Y="263"/>
	<Point X="205" Y="264"/>
	<Point X="205" Y="265"/>
	<Point X="205" Y="266"/>
	<Point X="205" Y="267"/>
	<Point X="205" Y="268"/>
	<Point X="205" Y="269"/>
	<Point X="205" Y="270"/>
	<Point X="205" Y="271"/>
	<Point X="205" Y="272"/>
	<Point X="205" Y="273"/>
	<Point X="205" Y="274"/>
	<Point X="205" Y="275"/>
	<Point X="205" Y="276"/>
	<Point X="205" Y="277"/>
	<Point X="205" Y="278"/>
	<Point X="205" Y="279"/>
	<Point X="205" Y="280"/>
	<Point X="205" Y="281"/>
	<Point X="205" Y="282"/>
	<Point X="205" Y="284"/>
	<Point X="205" Y="285"/>
	<Point X="205" Y="286"/>
	<Point X="205" Y="288"/>
	<Point X="205" Y="289"/>
	<Point X="205" Y="290"/>
	<Point X="204" Y="292"/>
	<Point X="204" Y="293"/>
	<Point X="204" Y="294"/>
	<Point X="204" Y="296"/>
	<Point X="204" Y="298"/>
	<Point X="204" Y="301"/>
	<Point X="204" Y="303"/>
	<Point X="204" Y="305"/>
	<Point X="204" Y="306"/>
	<Point X="204" Y="307"/>
	<Point X="204" Y="308"/>
	<Point X="204" Y="309"/>
	<Point X="204" Y="310"/>
	<Point X="204" Y="311"/>
	<Point X="204" Y="312"/>
	<Point X="204" Y="313"/>
	<Point X="204" Y="314"/>
	<Point X="204" Y="315"/>
	<Point X="204" Y="316"/>
	<Point X="204" Y="317"/>
	<Point X="204" Y="318"/>
	<Point X="203" Y="318"/>
	<Point X="203" Y="319"/>
	<Point X="203" Y="320"/>
	<Point X="202" Y="320"/>
	<Point X="202" Y="321"/>
	<Point X="202" Y="322"/>
	<Point X="201" Y="322"/>
	<Point X="201" Y="323"/>
	<Point X="201" Y="324"/>
	<Point X="201" Y="325"/>
	<Point X="200" Y="325"/>
	<Point X="200" Y="326"/>
	<Point X="199" Y="326"/>
	<Point X="198" Y="326"/>
	<Point X="197" Y="326"/>
	<Point X="196" Y="326"/>
	<Point X="196" Y="325"/>
	<Point X="195" Y="325"/>
	<Point X="194" Y="325"/>
	<Point X="193" Y="325"/>
	<Point X="192" Y="325"/>
	<Point X="192" Y="324"/>
	<Point X="191" Y="324"/>
	<Point X="190" Y="324"/>
	<Point X="189" Y="324"/>
	<Point X="188" Y="324"/>
	<Point X="187" Y="324"/>
	<Point X="186" Y="324"/>
	<Point X="186" Y="323"/>
	<Point X="185" Y="323"/>
	<Point X="184" Y="323"/>
	<Point X="183" Y="323"/>
	<Point X="182" Y="323"/>
	<Point X="181" Y="323"/>
	<Point X="180" Y="323"/>
	<Point X="179" Y="323"/>
	<Point X="178" Y="323"/>
	<Point X="177" Y="323"/>
	<Point X="176" Y="323"/>
	<Point X="175" Y="323"/>
	<Point X="174" Y="323"/>
	<Point X="173" Y="323"/>
	<Point X="172" Y="323"/>
	<Point X="171" Y="323"/>
	<Point X="170" Y="323"/>
	<Point X="169" Y="323"/>
	<Point X="168" Y="323"/>
	<Point X="167" Y="323"/>
	<Point X="166" Y="323"/>
	<Point X="165" Y="323"/>
	<Point X="164" Y="323"/>
	<Point X="163" Y="323"/>
	<Point X="162" Y="323"/>
	<Point X="161" Y="323"/>
	<Point X="160" Y="323"/>
	<Point X="159" Y="323"/>
	<Point X="158" Y="323"/>
	<Point X="157" Y="323"/>
	<Point X="156" Y="323"/>
	<Point X="155" Y="323"/>
	<Point X="154" Y="323"/>
	<Point X="153" Y="323"/>
	<Point X="152" Y="323"/>
	<Point X="151" Y="323"/>
	<Point X="150" Y="323"/>
	<Point X="149" Y="323"/>
	<Point X="148" Y="323"/>
	<Point X="147" Y="323"/>
	<Point X="147" Y="322"/>
	<Point X="146" Y="322"/>
	<Point X="145" Y="322"/>
	<Point X="144" Y="322"/>
</Gesture>
