<?xml version="1.0" ?>
<Gesture Name="star09" Subject="01" Number="09" NumPts="567">
	<Point X="118" Y="298"/>
	<Point X="118" Y="297"/>
	<Point X="118" Y="296"/>
	<Point X="119" Y="296"/>
	<Point X="119" Y="295"/>
	<Point X="120" Y="294"/>
	<Point X="120" Y="293"/>
	<Point X="121" Y="292"/>
	<Point X="121" Y="291"/>
	<Point X="122" Y="290"/>
	<Point X="122" Y="289"/>
	<Point X="123" Y="289"/>
	<Point X="123" Y="288"/>
	<Point X="123" Y="287"/>
	<Point X="124" Y="286"/>
	<Point X="124" Y="285"/>
	<Point X="124" Y="284"/>
	<Point X="125" Y="284"/>
	<Point X="125" Y="283"/>
	<Point X="125" Y="282"/>
	<Point X="126" Y="282"/>
	<Point X="126" Y="281"/>
	<Point X="126" Y="280"/>
	<Point X="127" Y="280"/>
	<Point X="127" Y="279"/>
	<Point X="127" Y="278"/>
	<Point X="128" Y="277"/>
	<Point X="128" Y="276"/>
	<Point X="129" Y="275"/>
	<Point X="129" Y="274"/>
	<Point X="130" Y="273"/>
	<Point X="130" Y="272"/>
	<Point X="130" Y="271"/>
	<Point X="131" Y="270"/>
	<Point X="131" Y="269"/>
	<Point X="131" Y="268"/>
	<Point X="132" Y="267"/>
	<Point X="132" Y="266"/>
	<Point X="133" Y="265"/>
	<Point X="133" Y="264"/>
	<Point X="133" Y="263"/>
	<Point X="134" Y="262"/>
	<Point X="134" Y="261"/>
	<Point X="134" Y="260"/>
	<Point X="135" Y="259"/>
	<Point X="135" Y="258"/>
	<Point X="135" Y="257"/>
	<Point X="136" Y="256"/>
	<Point X="136" Y="255"/>
	<Point X="136" Y="254"/>
	<Point X="137" Y="253"/>
	<Point X="137" Y="252"/>
	<Point X="137" Y="250"/>
	<Point X="138" Y="249"/>
	<Point X="138" Y="248"/>
	<Point X="138" Y="247"/>
	<Point X="139" Y="246"/>
	<Point X="139" Y="245"/>
	<Point X="139" Y="243"/>
	<Point X="139" Y="242"/>
	<Point X="140" Y="241"/>
	<Point X="140" Y="240"/>
	<Point X="140" Y="239"/>
	<Point X="140" Y="237"/>
	<Point X="141" Y="235"/>
	<Point X="142" Y="232"/>
	<Point X="142" Y="231"/>
	<Point X="142" Y="230"/>
	<Point X="143" Y="228"/>
	<Point X="143" Y="227"/>
	<Point X="143" Y="226"/>
	<Point X="143" Y="225"/>
	<Point X="144" Y="223"/>
	<Point X="144" Y="222"/>
	<Point X="144" Y="221"/>
	<Point X="144" Y="220"/>
	<Point X="145" Y="218"/>
	<Point X="145" Y="217"/>
	<Point X="145" Y="216"/>
	<Point X="145" Y="214"/>
	<Point X="145" Y="213"/>
	<Point X="146" Y="212"/>
	<Point X="146" Y="210"/>
	<Point X="146" Y="209"/>
	<Point X="146" Y="208"/>
	<Point X="146" Y="207"/>
	<Point X="147" Y="205"/>
	<Point X="147" Y="204"/>
	<Point X="147" Y="203"/>
	<Point X="147" Y="202"/>
	<Point X="147" Y="200"/>
	<Point X="148" Y="200"/>
	<Point X="148" Y="198"/>
	<Point X="148" Y="197"/>
	<Point X="148" Y="196"/>
	<Point X="148" Y="195"/>
	<Point X="148" Y="194"/>
	<Point X="148" Y="193"/>
	<Point X="149" Y="192"/>
	<Point X="149" Y="190"/>
	<Point X="149" Y="189"/>
	<Point X="149" Y="187"/>
	<Point X="149" Y="185"/>
	<Point X="149" Y="184"/>
	<Point X="149" Y="183"/>
	<Point X="149" Y="182"/>
	<Point X="149" Y="181"/>
	<Point X="150" Y="180"/>
	<Point X="150" Y="179"/>
	<Point X="150" Y="178"/>
	<Point X="150" Y="177"/>
	<Point X="150" Y="176"/>
	<Point X="150" Y="175"/>
	<Point X="150" Y="174"/>
	<Point X="150" Y="173"/>
	<Point X="150" Y="172"/>
	<Point X="150" Y="171"/>
	<Point X="150" Y="170"/>
	<Point X="150" Y="169"/>
	<Point X="150" Y="168"/>
	<Point X="150" Y="167"/>
	<Point X="150" Y="166"/>
	<Point X="150" Y="165"/>
	<Point X="150" Y="164"/>
	<Point X="150" Y="163"/>
	<Point X="150" Y="162"/>
	<Point X="150" Y="161"/>
	<Point X="150" Y="160"/>
	<Point X="150" Y="159"/>
	<Point X="150" Y="158"/>
	<Point X="151" Y="158"/>
	<Point X="151" Y="159"/>
	<Point X="152" Y="159"/>
	<Point X="152" Y="160"/>
	<Point X="153" Y="160"/>
	<Point X="153" Y="161"/>
	<Point X="154" Y="162"/>
	<Point X="154" Y="163"/>
	<Point X="155" Y="164"/>
	<Point X="156" Y="165"/>
	<Point X="156" Y="166"/>
	<Point X="157" Y="167"/>
	<Point X="157" Y="168"/>
	<Point X="158" Y="168"/>
	<Point X="158" Y="169"/>
	<Point X="159" Y="170"/>
	<Point X="159" Y="171"/>
	<Point X="160" Y="172"/>
	<Point X="161" Y="173"/>
	<Point X="161" Y="174"/>
	<Point X="162" Y="175"/>
	<Point X="163" Y="176"/>
	<Point X="163" Y="177"/>
	<Point X="164" Y="179"/>
	<Point X="165" Y="180"/>
	<Point X="165" Y="181"/>
	<Point X="166" Y="182"/>
	<Point X="167" Y="183"/>
	<Point X="167" Y="185"/>
	<Point X="168" Y="186"/>
	<Point X="169" Y="187"/>
	<Point X="169" Y="188"/>
	<Point X="170" Y="190"/>
	<Point X="172" Y="194"/>
	<Point X="173" Y="195"/>
	<Point X="174" Y="197"/>
	<Point X="174" Y="198"/>
	<Point X="175" Y="200"/>
	<Point X="176" Y="201"/>
	<Point X="177" Y="202"/>
	<Point X="177" Y="204"/>
	<Point X="178" Y="205"/>
	<Point X="179" Y="207"/>
	<Point X="180" Y="208"/>
	<Point X="180" Y="210"/>
	<Point X="181" Y="211"/>
	<Point X="181" Y="212"/>
	<Point X="182" Y="214"/>
	<Point X="183" Y="215"/>
	<Point X="184" Y="217"/>
	<Point X="184" Y="218"/>
	<Point X="185" Y="220"/>
	<Point X="186" Y="221"/>
	<Point X="186" Y="222"/>
	<Point X="187" Y="224"/>
	<Point X="188" Y="225"/>
	<Point X="189" Y="227"/>
	<Point X="189" Y="228"/>
	<Point X="190" Y="229"/>
	<Point X="191" Y="231"/>
	<Point X="191" Y="232"/>
	<Point X="192" Y="233"/>
	<Point X="192" Y="234"/>
	<Point X="193" Y="235"/>
	<Point X="194" Y="237"/>
	<Point X="195" Y="239"/>
	<Point X="196" Y="240"/>
	<Point X="196" Y="241"/>
	<Point X="197" Y="243"/>
	<Point X="198" Y="244"/>
	<Point X="198" Y="245"/>
	<Point X="199" Y="246"/>
	<Point X="200" Y="247"/>
	<Point X="200" Y="248"/>
	<Point X="201" Y="249"/>
	<Point X="201" Y="250"/>
	<Point X="202" Y="251"/>
	<Point X="204" Y="254"/>
	<Point X="205" Y="256"/>
	<Point X="206" Y="258"/>
	<Point X="207" Y="260"/>
	<Point X="209" Y="262"/>
	<Point X="210" Y="264"/>
	<Point X="212" Y="268"/>
	<Point X="214" Y="271"/>
	<Point X="215" Y="273"/>
	<Point X="216" Y="274"/>
	<Point X="219" Y="279"/>
	<Point X="220" Y="280"/>
	<Point X="221" Y="282"/>
	<Point X="221" Y="283"/>
	<Point X="222" Y="283"/>
	<Point X="222" Y="284"/>
	<Point X="222" Y="285"/>
	<Point X="222" Y="286"/>
	<Point X="221" Y="286"/>
	<Point X="220" Y="286"/>
	<Point X="219" Y="286"/>
	<Point X="218" Y="286"/>
	<Point X="218" Y="285"/>
	<Point X="217" Y="285"/>
	<Point X="217" Y="284"/>
	<Point X="216" Y="284"/>
	<Point X="216" Y="283"/>
	<Point X="215" Y="283"/>
	<Point X="214" Y="282"/>
	<Point X="213" Y="281"/>
	<Point X="213" Y="280"/>
	<Point X="212" Y="280"/>
	<Point X="211" Y="279"/>
	<Point X="210" Y="278"/>
	<Point X="209" Y="276"/>
	<Point X="208" Y="275"/>
	<Point X="207" Y="275"/>
	<Point X="207" Y="274"/>
	<Point X="206" Y="273"/>
	<Point X="205" Y="272"/>
	<Point X="204" Y="271"/>
	<Point X="204" Y="270"/>
	<Point X="203" Y="269"/>
	<Point X="202" Y="268"/>
	<Point X="201" Y="267"/>
	<Point X="200" Y="266"/>
	<Point X="199" Y="265"/>
	<Point X="198" Y="264"/>
	<Point X="198" Y="263"/>
	<Point X="197" Y="262"/>
	<Point X="196" Y="261"/>
	<Point X="194" Y="259"/>
	<Point X="193" Y="258"/>
	<Point X="192" Y="257"/>
	<Point X="191" Y="256"/>
	<Point X="190" Y="255"/>
	<Point X="189" Y="254"/>
	<Point X="188" Y="253"/>
	<Point X="187" Y="252"/>
	<Point X="186" Y="251"/>
	<Point X="185" Y="250"/>
	<Point X="184" Y="249"/>
	<Point X="183" Y="248"/>
	<Point X="182" Y="247"/>
	<Point X="181" Y="246"/>
	<Point X="181" Y="245"/>
	<Point X="180" Y="244"/>
	<Point X="179" Y="243"/>
	<Point X="178" Y="242"/>
	<Point X="177" Y="241"/>
	<Point X="176" Y="240"/>
	<Point X="175" Y="239"/>
	<Point X="174" Y="238"/>
	<Point X="173" Y="237"/>
	<Point X="172" Y="237"/>
	<Point X="171" Y="236"/>
	<Point X="170" Y="235"/>
	<Point X="169" Y="234"/>
	<Point X="167" Y="233"/>
	<Point X="166" Y="232"/>
	<Point X="165" Y="231"/>
	<Point X="164" Y="230"/>
	<Point X="162" Y="229"/>
	<Point X="161" Y="228"/>
	<Point X="160" Y="227"/>
	<Point X="159" Y="226"/>
	<Point X="158" Y="225"/>
	<Point X="157" Y="225"/>
	<Point X="155" Y="223"/>
	<Point X="153" Y="222"/>
	<Point X="152" Y="221"/>
	<Point X="151" Y="221"/>
	<Point X="150" Y="220"/>
	<Point X="146" Y="218"/>
	<Point X="145" Y="217"/>
	<Point X="144" Y="217"/>
	<Point X="143" Y="216"/>
	<Point X="142" Y="216"/>
	<Point X="140" Y="215"/>
	<Point X="139" Y="215"/>
	<Point X="138" Y="214"/>
	<Point X="137" Y="213"/>
	<Point X="135" Y="213"/>
	<Point X="134" Y="212"/>
	<Point X="133" Y="212"/>
	<Point X="131" Y="212"/>
	<Point X="130" Y="211"/>
	<Point X="129" Y="211"/>
	<Point X="128" Y="210"/>
	<Point X="126" Y="210"/>
	<Point X="125" Y="210"/>
	<Point X="124" Y="209"/>
	<Point X="123" Y="209"/>
	<Point X="121" Y="209"/>
	<Point X="120" Y="208"/>
	<Point X="119" Y="208"/>
	<Point X="118" Y="208"/>
	<Point X="116" Y="208"/>
	<Point X="115" Y="207"/>
	<Point X="114" Y="207"/>
	<Point X="113" Y="207"/>
	<Point X="111" Y="207"/>
	<Point X="110" Y="207"/>
	<Point X="108" Y="206"/>
	<Point X="107" Y="206"/>
	<Point X="104" Y="206"/>
	<Point X="102" Y="206"/>
	<Point X="101" Y="206"/>
	<Point X="100" Y="206"/>
	<Point X="99" Y="206"/>
	<Point X="98" Y="206"/>
	<Point X="97" Y="206"/>
	<Point X="96" Y="206"/>
	<Point X="95" Y="206"/>
	<Point X="94" Y="206"/>
	<Point X="93" Y="206"/>
	<Point X="92" Y="206"/>
	<Point X="91" Y="206"/>
	<Point X="90" Y="206"/>
	<Point X="89" Y="206"/>
	<Point X="88" Y="206"/>
	<Point X="87" Y="206"/>
	<Point X="86" Y="206"/>
	<Point X="85" Y="206"/>
	<Point X="84" Y="206"/>
	<Point X="83" Y="206"/>
	<Point X="82" Y="206"/>
	<Point X="83" Y="206"/>
	<Point X="84" Y="206"/>
	<Point X="85" Y="206"/>
	<Point X="86" Y="206"/>
	<Point X="87" Y="206"/>
	<Point X="88" Y="206"/>
	<Point X="89" Y="206"/>
	<Point X="90" Y="206"/>
	<Point X="91" Y="206"/>
	<Point X="92" Y="206"/>
	<Point X="93" Y="206"/>
	<Point X="95" Y="206"/>
	<Point X="96" Y="206"/>
	<Point X="97" Y="206"/>
	<Point X="98" Y="206"/>
	<Point X="99" Y="206"/>
	<Point X="100" Y="206"/>
	<Point X="101" Y="206"/>
	<Point X="102" Y="206"/>
	<Point X="103" Y="206"/>
	<Point X="109" Y="206"/>
	<Point X="111" Y="206"/>
	<Point X="113" Y="206"/>
	<Point X="114" Y="205"/>
	<Point X="115" Y="205"/>
	<Point X="116" Y="205"/>
	<Point X="117" Y="205"/>
	<Point X="119" Y="205"/>
	<Point X="120" Y="205"/>
	<Point X="121" Y="205"/>
	<Point X="124" Y="205"/>
	<Point X="125" Y="205"/>
	<Point X="128" Y="205"/>
	<Point X="129" Y="205"/>
	<Point X="130" Y="204"/>
	<Point X="132" Y="204"/>
	<Point X="133" Y="204"/>
	<Point X="134" Y="204"/>
	<Point X="136" Y="204"/>
	<Point X="137" Y="204"/>
	<Point X="139" Y="204"/>
	<Point X="140" Y="204"/>
	<Point X="142" Y="204"/>
	<Point X="143" Y="203"/>
	<Point X="144" Y="203"/>
	<Point X="146" Y="203"/>
	<Point X="147" Y="203"/>
	<Point X="149" Y="203"/>
	<Point X="151" Y="203"/>
	<Point X="153" Y="203"/>
	<Point X="154" Y="202"/>
	<Point X="156" Y="202"/>
	<Point X="157" Y="202"/>
	<Point X="160" Y="202"/>
	<Point X="163" Y="202"/>
	<Point X="165" Y="202"/>
	<Point X="166" Y="201"/>
	<Point X="168" Y="201"/>
	<Point X="169" Y="201"/>
	<Point X="171" Y="201"/>
	<Point X="172" Y="201"/>
	<Point X="173" Y="201"/>
	<Point X="174" Y="201"/>
	<Point X="176" Y="200"/>
	<Point X="177" Y="200"/>
	<Point X="179" Y="200"/>
	<Point X="180" Y="200"/>
	<Point X="182" Y="200"/>
	<Point X="183" Y="200"/>
	<Point X="184" Y="200"/>
	<Point X="186" Y="200"/>
	<Point X="187" Y="200"/>
	<Point X="188" Y="199"/>
	<Point X="190" Y="199"/>
	<Point X="191" Y="199"/>
	<Point X="192" Y="199"/>
	<Point X="194" Y="199"/>
	<Point X="195" Y="199"/>
	<Point X="196" Y="199"/>
	<Point X="197" Y="198"/>
	<Point X="198" Y="198"/>
	<Point X="199" Y="198"/>
	<Point X="200" Y="198"/>
	<Point X="202" Y="198"/>
	<Point X="203" Y="198"/>
	<Point X="204" Y="198"/>
	<Point X="205" Y="198"/>
	<Point X="206" Y="198"/>
	<Point X="207" Y="198"/>
	<Point X="208" Y="198"/>
	<Point X="211" Y="198"/>
	<Point X="213" Y="198"/>
	<Point X="214" Y="197"/>
	<Point X="215" Y="197"/>
	<Point X="216" Y="197"/>
	<Point X="217" Y="197"/>
	<Point X="218" Y="197"/>
	<Point X="219" Y="197"/>
	<Point X="220" Y="197"/>
	<Point X="221" Y="197"/>
	<Point X="222" Y="197"/>
	<Point X="223" Y="197"/>
	<Point X="224" Y="197"/>
	<Point X="224" Y="198"/>
	<Point X="223" Y="199"/>
	<Point X="223" Y="200"/>
	<Point X="222" Y="200"/>
	<Point X="222" Y="201"/>
	<Point X="221" Y="201"/>
	<Point X="221" Y="202"/>
	<Point X="220" Y="202"/>
	<Point X="219" Y="203"/>
	<Point X="219" Y="204"/>
	<Point X="218" Y="204"/>
	<Point X="217" Y="205"/>
	<Point X="216" Y="206"/>
	<Point X="215" Y="207"/>
	<Point X="214" Y="208"/>
	<Point X="213" Y="208"/>
	<Point X="212" Y="209"/>
	<Point X="211" Y="210"/>
	<Point X="210" Y="211"/>
	<Point X="209" Y="211"/>
	<Point X="208" Y="212"/>
	<Point X="207" Y="213"/>
	<Point X="206" Y="213"/>
	<Point X="205" Y="214"/>
	<Point X="204" Y="215"/>
	<Point X="203" Y="215"/>
	<Point X="202" Y="216"/>
	<Point X="201" Y="217"/>
	<Point X="200" Y="217"/>
	<Point X="199" Y="218"/>
	<Point X="198" Y="219"/>
	<Point X="197" Y="219"/>
	<Point X="196" Y="220"/>
	<Point X="195" Y="221"/>
	<Point X="194" Y="222"/>
	<Point X="193" Y="223"/>
	<Point X="192" Y="223"/>
	<Point X="191" Y="224"/>
	<Point X="189" Y="225"/>
	<Point X="188" Y="226"/>
	<Point X="187" Y="227"/>
	<Point X="186" Y="228"/>
	<Point X="185" Y="228"/>
	<Point X="184" Y="229"/>
	<Point X="183" Y="230"/>
	<Point X="181" Y="231"/>
	<Point X="180" Y="232"/>
	<Point X="179" Y="233"/>
	<Point X="178" Y="233"/>
	<Point X="176" Y="235"/>
	<Point X="174" Y="237"/>
	<Point X="173" Y="238"/>
	<Point X="172" Y="239"/>
	<Point X="170" Y="241"/>
	<Point X="169" Y="242"/>
	<Point X="168" Y="243"/>
	<Point X="167" Y="244"/>
	<Point X="166" Y="245"/>
	<Point X="165" Y="246"/>
	<Point X="164" Y="247"/>
	<Point X="163" Y="248"/>
	<Point X="162" Y="249"/>
	<Point X="161" Y="251"/>
	<Point X="160" Y="251"/>
	<Point X="159" Y="253"/>
	<Point X="158" Y="254"/>
	<Point X="158" Y="255"/>
	<Point X="157" Y="256"/>
	<Point X="156" Y="257"/>
	<Point X="155" Y="257"/>
	<Point X="154" Y="259"/>
	<Point X="154" Y="260"/>
	<Point X="153" Y="260"/>
	<Point X="152" Y="261"/>
	<Point X="152" Y="262"/>
	<Point X="151" Y="263"/>
	<Point X="150" Y="264"/>
	<Point X="150" Y="265"/>
	<Point X="149" Y="266"/>
	<Point X="148" Y="267"/>
	<Point X="148" Y="268"/>
	<Point X="147" Y="269"/>
	<Point X="146" Y="270"/>
	<Point X="145" Y="271"/>
	<Point X="144" Y="273"/>
	<Point X="143" Y="276"/>
	<Point X="142" Y="276"/>
	<Point X="141" Y="279"/>
	<Point X="140" Y="280"/>
	<Point X="139" Y="281"/>
	<Point X="139" Y="282"/>
	<Point X="138" Y="283"/>
	<Point X="138" Y="284"/>
	<Point X="137" Y="285"/>
	<Point X="136" Y="286"/>
	<Point X="136" Y="287"/>
	<Point X="135" Y="288"/>
	<Point X="135" Y="289"/>
	<Point X="134" Y="290"/>
	<Point X="134" Y="291"/>
	<Point X="133" Y="292"/>
	<Point X="133" Y="293"/>
	<Point X="132" Y="294"/>
	<Point X="132" Y="295"/>
	<Point X="131" Y="296"/>
	<Point X="131" Y="297"/>
	<Point X="131" Y="298"/>
	<Point X="130" Y="298"/>
	<Point X="130" Y="299"/>
	<Point X="130" Y="300"/>
</Gesture>
