<?xml version="1.0" ?>
<Gesture Name="star03" Subject="01" Number="03" NumPts="600">
	<Point X="128" Y="290"/>
	<Point X="129" Y="290"/>
	<Point X="129" Y="289"/>
	<Point X="129" Y="288"/>
	<Point X="130" Y="288"/>
	<Point X="130" Y="287"/>
	<Point X="131" Y="286"/>
	<Point X="132" Y="285"/>
	<Point X="132" Y="284"/>
	<Point X="133" Y="284"/>
	<Point X="133" Y="283"/>
	<Point X="134" Y="282"/>
	<Point X="135" Y="281"/>
	<Point X="136" Y="280"/>
	<Point X="136" Y="279"/>
	<Point X="137" Y="278"/>
	<Point X="138" Y="276"/>
	<Point X="138" Y="275"/>
	<Point X="140" Y="273"/>
	<Point X="141" Y="271"/>
	<Point X="142" Y="270"/>
	<Point X="142" Y="268"/>
	<Point X="143" Y="268"/>
	<Point X="144" Y="266"/>
	<Point X="144" Y="265"/>
	<Point X="146" Y="263"/>
	<Point X="147" Y="261"/>
	<Point X="147" Y="260"/>
	<Point X="148" Y="259"/>
	<Point X="148" Y="258"/>
	<Point X="149" Y="257"/>
	<Point X="149" Y="256"/>
	<Point X="150" Y="255"/>
	<Point X="150" Y="254"/>
	<Point X="150" Y="253"/>
	<Point X="151" Y="252"/>
	<Point X="152" Y="250"/>
	<Point X="153" Y="249"/>
	<Point X="153" Y="248"/>
	<Point X="154" Y="246"/>
	<Point X="156" Y="242"/>
	<Point X="157" Y="240"/>
	<Point X="157" Y="239"/>
	<Point X="158" Y="238"/>
	<Point X="158" Y="237"/>
	<Point X="159" Y="236"/>
	<Point X="159" Y="235"/>
	<Point X="160" Y="234"/>
	<Point X="160" Y="233"/>
	<Point X="161" Y="232"/>
	<Point X="161" Y="231"/>
	<Point X="162" Y="230"/>
	<Point X="162" Y="229"/>
	<Point X="163" Y="228"/>
	<Point X="163" Y="227"/>
	<Point X="163" Y="226"/>
	<Point X="164" Y="225"/>
	<Point X="164" Y="223"/>
	<Point X="165" Y="222"/>
	<Point X="165" Y="221"/>
	<Point X="166" Y="220"/>
	<Point X="166" Y="219"/>
	<Point X="166" Y="218"/>
	<Point X="167" Y="217"/>
	<Point X="167" Y="216"/>
	<Point X="168" Y="215"/>
	<Point X="168" Y="214"/>
	<Point X="168" Y="213"/>
	<Point X="169" Y="212"/>
	<Point X="169" Y="211"/>
	<Point X="169" Y="210"/>
	<Point X="170" Y="209"/>
	<Point X="170" Y="207"/>
	<Point X="170" Y="206"/>
	<Point X="171" Y="205"/>
	<Point X="171" Y="204"/>
	<Point X="171" Y="202"/>
	<Point X="172" Y="201"/>
	<Point X="172" Y="200"/>
	<Point X="172" Y="199"/>
	<Point X="173" Y="198"/>
	<Point X="173" Y="197"/>
	<Point X="173" Y="195"/>
	<Point X="174" Y="194"/>
	<Point X="174" Y="192"/>
	<Point X="174" Y="191"/>
	<Point X="174" Y="190"/>
	<Point X="175" Y="189"/>
	<Point X="175" Y="188"/>
	<Point X="175" Y="187"/>
	<Point X="175" Y="186"/>
	<Point X="176" Y="185"/>
	<Point X="176" Y="184"/>
	<Point X="176" Y="183"/>
	<Point X="176" Y="182"/>
	<Point X="176" Y="181"/>
	<Point X="176" Y="180"/>
	<Point X="177" Y="179"/>
	<Point X="177" Y="178"/>
	<Point X="177" Y="177"/>
	<Point X="177" Y="176"/>
	<Point X="177" Y="175"/>
	<Point X="177" Y="174"/>
	<Point X="177" Y="173"/>
	<Point X="178" Y="172"/>
	<Point X="178" Y="171"/>
	<Point X="178" Y="170"/>
	<Point X="178" Y="169"/>
	<Point X="178" Y="168"/>
	<Point X="178" Y="167"/>
	<Point X="178" Y="166"/>
	<Point X="178" Y="165"/>
	<Point X="179" Y="163"/>
	<Point X="179" Y="161"/>
	<Point X="179" Y="160"/>
	<Point X="179" Y="159"/>
	<Point X="179" Y="158"/>
	<Point X="179" Y="157"/>
	<Point X="179" Y="156"/>
	<Point X="179" Y="155"/>
	<Point X="179" Y="154"/>
	<Point X="180" Y="154"/>
	<Point X="180" Y="153"/>
	<Point X="180" Y="152"/>
	<Point X="180" Y="151"/>
	<Point X="180" Y="150"/>
	<Point X="180" Y="149"/>
	<Point X="180" Y="148"/>
	<Point X="180" Y="149"/>
	<Point X="181" Y="150"/>
	<Point X="181" Y="151"/>
	<Point X="181" Y="152"/>
	<Point X="182" Y="153"/>
	<Point X="182" Y="154"/>
	<Point X="182" Y="155"/>
	<Point X="183" Y="155"/>
	<Point X="183" Y="157"/>
	<Point X="183" Y="158"/>
	<Point X="184" Y="158"/>
	<Point X="184" Y="159"/>
	<Point X="185" Y="160"/>
	<Point X="185" Y="162"/>
	<Point X="186" Y="163"/>
	<Point X="186" Y="165"/>
	<Point X="187" Y="166"/>
	<Point X="187" Y="167"/>
	<Point X="188" Y="169"/>
	<Point X="188" Y="170"/>
	<Point X="189" Y="171"/>
	<Point X="189" Y="172"/>
	<Point X="190" Y="173"/>
	<Point X="190" Y="174"/>
	<Point X="191" Y="175"/>
	<Point X="191" Y="177"/>
	<Point X="191" Y="178"/>
	<Point X="192" Y="179"/>
	<Point X="192" Y="181"/>
	<Point X="193" Y="182"/>
	<Point X="193" Y="183"/>
	<Point X="194" Y="184"/>
	<Point X="194" Y="186"/>
	<Point X="195" Y="187"/>
	<Point X="195" Y="188"/>
	<Point X="196" Y="191"/>
	<Point X="197" Y="193"/>
	<Point X="198" Y="195"/>
	<Point X="198" Y="196"/>
	<Point X="199" Y="198"/>
	<Point X="199" Y="199"/>
	<Point X="200" Y="200"/>
	<Point X="200" Y="202"/>
	<Point X="201" Y="203"/>
	<Point X="201" Y="204"/>
	<Point X="202" Y="206"/>
	<Point X="202" Y="207"/>
	<Point X="203" Y="208"/>
	<Point X="203" Y="210"/>
	<Point X="204" Y="211"/>
	<Point X="205" Y="212"/>
	<Point X="205" Y="214"/>
	<Point X="206" Y="215"/>
	<Point X="206" Y="216"/>
	<Point X="207" Y="218"/>
	<Point X="207" Y="219"/>
	<Point X="208" Y="220"/>
	<Point X="208" Y="221"/>
	<Point X="209" Y="223"/>
	<Point X="209" Y="224"/>
	<Point X="210" Y="225"/>
	<Point X="210" Y="226"/>
	<Point X="211" Y="228"/>
	<Point X="211" Y="229"/>
	<Point X="212" Y="230"/>
	<Point X="212" Y="231"/>
	<Point X="213" Y="233"/>
	<Point X="213" Y="234"/>
	<Point X="214" Y="235"/>
	<Point X="214" Y="236"/>
	<Point X="215" Y="238"/>
	<Point X="215" Y="239"/>
	<Point X="216" Y="240"/>
	<Point X="217" Y="242"/>
	<Point X="217" Y="243"/>
	<Point X="218" Y="245"/>
	<Point X="219" Y="247"/>
	<Point X="219" Y="248"/>
	<Point X="220" Y="249"/>
	<Point X="220" Y="250"/>
	<Point X="221" Y="251"/>
	<Point X="221" Y="252"/>
	<Point X="221" Y="253"/>
	<Point X="222" Y="254"/>
	<Point X="222" Y="255"/>
	<Point X="223" Y="256"/>
	<Point X="223" Y="257"/>
	<Point X="224" Y="258"/>
	<Point X="224" Y="259"/>
	<Point X="225" Y="260"/>
	<Point X="225" Y="261"/>
	<Point X="226" Y="262"/>
	<Point X="226" Y="263"/>
	<Point X="227" Y="264"/>
	<Point X="227" Y="265"/>
	<Point X="228" Y="266"/>
	<Point X="228" Y="267"/>
	<Point X="229" Y="268"/>
	<Point X="229" Y="269"/>
	<Point X="230" Y="270"/>
	<Point X="230" Y="271"/>
	<Point X="231" Y="272"/>
	<Point X="231" Y="273"/>
	<Point X="232" Y="274"/>
	<Point X="232" Y="275"/>
	<Point X="233" Y="275"/>
	<Point X="233" Y="276"/>
	<Point X="233" Y="277"/>
	<Point X="234" Y="278"/>
	<Point X="234" Y="279"/>
	<Point X="235" Y="281"/>
	<Point X="236" Y="281"/>
	<Point X="236" Y="283"/>
	<Point X="237" Y="284"/>
	<Point X="237" Y="285"/>
	<Point X="238" Y="285"/>
	<Point X="238" Y="286"/>
	<Point X="238" Y="287"/>
	<Point X="239" Y="287"/>
	<Point X="239" Y="288"/>
	<Point X="239" Y="289"/>
	<Point X="239" Y="290"/>
	<Point X="240" Y="290"/>
	<Point X="240" Y="291"/>
	<Point X="239" Y="291"/>
	<Point X="238" Y="291"/>
	<Point X="237" Y="291"/>
	<Point X="236" Y="291"/>
	<Point X="236" Y="290"/>
	<Point X="235" Y="290"/>
	<Point X="234" Y="290"/>
	<Point X="234" Y="289"/>
	<Point X="233" Y="289"/>
	<Point X="233" Y="288"/>
	<Point X="232" Y="288"/>
	<Point X="232" Y="287"/>
	<Point X="231" Y="287"/>
	<Point X="230" Y="286"/>
	<Point X="229" Y="286"/>
	<Point X="228" Y="285"/>
	<Point X="228" Y="284"/>
	<Point X="227" Y="284"/>
	<Point X="226" Y="283"/>
	<Point X="225" Y="282"/>
	<Point X="224" Y="282"/>
	<Point X="223" Y="281"/>
	<Point X="223" Y="280"/>
	<Point X="222" Y="280"/>
	<Point X="221" Y="279"/>
	<Point X="220" Y="278"/>
	<Point X="219" Y="278"/>
	<Point X="218" Y="277"/>
	<Point X="217" Y="276"/>
	<Point X="216" Y="276"/>
	<Point X="215" Y="275"/>
	<Point X="214" Y="274"/>
	<Point X="213" Y="273"/>
	<Point X="212" Y="272"/>
	<Point X="211" Y="272"/>
	<Point X="210" Y="271"/>
	<Point X="209" Y="270"/>
	<Point X="208" Y="269"/>
	<Point X="207" Y="268"/>
	<Point X="206" Y="268"/>
	<Point X="205" Y="267"/>
	<Point X="204" Y="266"/>
	<Point X="203" Y="265"/>
	<Point X="202" Y="264"/>
	<Point X="200" Y="264"/>
	<Point X="198" Y="262"/>
	<Point X="196" Y="260"/>
	<Point X="195" Y="259"/>
	<Point X="193" Y="258"/>
	<Point X="192" Y="258"/>
	<Point X="191" Y="257"/>
	<Point X="190" Y="256"/>
	<Point X="189" Y="255"/>
	<Point X="188" Y="254"/>
	<Point X="187" Y="254"/>
	<Point X="185" Y="253"/>
	<Point X="184" Y="252"/>
	<Point X="183" Y="251"/>
	<Point X="182" Y="250"/>
	<Point X="181" Y="249"/>
	<Point X="179" Y="249"/>
	<Point X="178" Y="248"/>
	<Point X="177" Y="247"/>
	<Point X="176" Y="246"/>
	<Point X="175" Y="245"/>
	<Point X="173" Y="245"/>
	<Point X="172" Y="244"/>
	<Point X="171" Y="243"/>
	<Point X="170" Y="242"/>
	<Point X="169" Y="242"/>
	<Point X="168" Y="241"/>
	<Point X="167" Y="240"/>
	<Point X="165" Y="240"/>
	<Point X="164" Y="239"/>
	<Point X="163" Y="238"/>
	<Point X="162" Y="237"/>
	<Point X="161" Y="237"/>
	<Point X="158" Y="235"/>
	<Point X="157" Y="235"/>
	<Point X="156" Y="234"/>
	<Point X="155" Y="233"/>
	<Point X="154" Y="233"/>
	<Point X="150" Y="231"/>
	<Point X="149" Y="230"/>
	<Point X="148" Y="230"/>
	<Point X="147" Y="229"/>
	<Point X="146" Y="229"/>
	<Point X="145" Y="228"/>
	<Point X="144" Y="228"/>
	<Point X="143" Y="227"/>
	<Point X="142" Y="227"/>
	<Point X="141" Y="227"/>
	<Point X="140" Y="226"/>
	<Point X="139" Y="226"/>
	<Point X="138" Y="225"/>
	<Point X="137" Y="225"/>
	<Point X="136" Y="225"/>
	<Point X="135" Y="224"/>
	<Point X="134" Y="224"/>
	<Point X="133" Y="224"/>
	<Point X="132" Y="223"/>
	<Point X="131" Y="223"/>
	<Point X="130" Y="223"/>
	<Point X="129" Y="223"/>
	<Point X="128" Y="222"/>
	<Point X="127" Y="222"/>
	<Point X="126" Y="222"/>
	<Point X="125" Y="222"/>
	<Point X="124" Y="222"/>
	<Point X="123" Y="221"/>
	<Point X="122" Y="221"/>
	<Point X="121" Y="221"/>
	<Point X="120" Y="221"/>
	<Point X="119" Y="221"/>
	<Point X="118" Y="221"/>
	<Point X="117" Y="221"/>
	<Point X="118" Y="221"/>
	<Point X="119" Y="221"/>
	<Point X="120" Y="221"/>
	<Point X="121" Y="221"/>
	<Point X="122" Y="221"/>
	<Point X="123" Y="221"/>
	<Point X="124" Y="221"/>
	<Point X="125" Y="221"/>
	<Point X="126" Y="220"/>
	<Point X="127" Y="220"/>
	<Point X="128" Y="220"/>
	<Point X="129" Y="220"/>
	<Point X="131" Y="220"/>
	<Point X="132" Y="219"/>
	<Point X="133" Y="219"/>
	<Point X="135" Y="219"/>
	<Point X="136" Y="218"/>
	<Point X="137" Y="218"/>
	<Point X="138" Y="218"/>
	<Point X="139" Y="218"/>
	<Point X="140" Y="218"/>
	<Point X="141" Y="217"/>
	<Point X="142" Y="217"/>
	<Point X="143" Y="217"/>
	<Point X="144" Y="217"/>
	<Point X="145" Y="216"/>
	<Point X="146" Y="216"/>
	<Point X="147" Y="216"/>
	<Point X="148" Y="215"/>
	<Point X="149" Y="215"/>
	<Point X="150" Y="215"/>
	<Point X="151" Y="214"/>
	<Point X="152" Y="214"/>
	<Point X="153" Y="214"/>
	<Point X="155" Y="213"/>
	<Point X="156" Y="213"/>
	<Point X="157" Y="213"/>
	<Point X="158" Y="212"/>
	<Point X="159" Y="212"/>
	<Point X="160" Y="212"/>
	<Point X="161" Y="211"/>
	<Point X="162" Y="211"/>
	<Point X="164" Y="210"/>
	<Point X="165" Y="210"/>
	<Point X="166" Y="210"/>
	<Point X="167" Y="209"/>
	<Point X="171" Y="208"/>
	<Point X="172" Y="207"/>
	<Point X="173" Y="207"/>
	<Point X="176" Y="206"/>
	<Point X="177" Y="205"/>
	<Point X="178" Y="205"/>
	<Point X="179" Y="205"/>
	<Point X="181" Y="204"/>
	<Point X="182" Y="203"/>
	<Point X="183" Y="203"/>
	<Point X="184" Y="202"/>
	<Point X="185" Y="202"/>
	<Point X="186" Y="202"/>
	<Point X="187" Y="201"/>
	<Point X="188" Y="201"/>
	<Point X="189" Y="200"/>
	<Point X="190" Y="200"/>
	<Point X="191" Y="199"/>
	<Point X="192" Y="199"/>
	<Point X="193" Y="198"/>
	<Point X="194" Y="198"/>
	<Point X="195" Y="197"/>
	<Point X="196" Y="197"/>
	<Point X="197" Y="196"/>
	<Point X="198" Y="196"/>
	<Point X="200" Y="195"/>
	<Point X="201" Y="195"/>
	<Point X="202" Y="194"/>
	<Point X="203" Y="194"/>
	<Point X="204" Y="194"/>
	<Point X="205" Y="193"/>
	<Point X="206" Y="193"/>
	<Point X="207" Y="193"/>
	<Point X="208" Y="192"/>
	<Point X="209" Y="192"/>
	<Point X="212" Y="191"/>
	<Point X="213" Y="191"/>
	<Point X="214" Y="190"/>
	<Point X="215" Y="190"/>
	<Point X="216" Y="190"/>
	<Point X="217" Y="190"/>
	<Point X="218" Y="189"/>
	<Point X="219" Y="189"/>
	<Point X="220" Y="189"/>
	<Point X="221" Y="189"/>
	<Point X="222" Y="189"/>
	<Point X="223" Y="189"/>
	<Point X="224" Y="188"/>
	<Point X="225" Y="188"/>
	<Point X="226" Y="188"/>
	<Point X="227" Y="188"/>
	<Point X="228" Y="188"/>
	<Point X="229" Y="188"/>
	<Point X="230" Y="188"/>
	<Point X="231" Y="188"/>
	<Point X="232" Y="188"/>
	<Point X="233" Y="188"/>
	<Point X="234" Y="188"/>
	<Point X="235" Y="189"/>
	<Point X="236" Y="189"/>
	<Point X="236" Y="190"/>
	<Point X="237" Y="191"/>
	<Point X="237" Y="192"/>
	<Point X="237" Y="193"/>
	<Point X="237" Y="194"/>
	<Point X="237" Y="195"/>
	<Point X="237" Y="196"/>
	<Point X="237" Y="197"/>
	<Point X="237" Y="198"/>
	<Point X="237" Y="199"/>
	<Point X="236" Y="199"/>
	<Point X="236" Y="200"/>
	<Point X="235" Y="200"/>
	<Point X="235" Y="201"/>
	<Point X="234" Y="201"/>
	<Point X="234" Y="202"/>
	<Point X="233" Y="202"/>
	<Point X="232" Y="203"/>
	<Point X="231" Y="204"/>
	<Point X="230" Y="205"/>
	<Point X="229" Y="206"/>
	<Point X="227" Y="207"/>
	<Point X="226" Y="208"/>
	<Point X="225" Y="208"/>
	<Point X="224" Y="209"/>
	<Point X="223" Y="209"/>
	<Point X="222" Y="210"/>
	<Point X="221" Y="211"/>
	<Point X="220" Y="211"/>
	<Point X="218" Y="212"/>
	<Point X="217" Y="213"/>
	<Point X="216" Y="214"/>
	<Point X="214" Y="214"/>
	<Point X="213" Y="215"/>
	<Point X="211" Y="216"/>
	<Point X="210" Y="217"/>
	<Point X="208" Y="218"/>
	<Point X="207" Y="219"/>
	<Point X="206" Y="219"/>
	<Point X="205" Y="220"/>
	<Point X="204" Y="220"/>
	<Point X="202" Y="221"/>
	<Point X="201" Y="222"/>
	<Point X="199" Y="223"/>
	<Point X="197" Y="224"/>
	<Point X="195" Y="225"/>
	<Point X="193" Y="226"/>
	<Point X="191" Y="227"/>
	<Point X="189" Y="228"/>
	<Point X="187" Y="229"/>
	<Point X="185" Y="230"/>
	<Point X="183" Y="231"/>
	<Point X="181" Y="232"/>
	<Point X="180" Y="233"/>
	<Point X="178" Y="235"/>
	<Point X="174" Y="237"/>
	<Point X="172" Y="238"/>
	<Point X="170" Y="239"/>
	<Point X="168" Y="240"/>
	<Point X="166" Y="241"/>
	<Point X="164" Y="243"/>
	<Point X="163" Y="244"/>
	<Point X="161" Y="245"/>
	<Point X="159" Y="246"/>
	<Point X="157" Y="247"/>
	<Point X="155" Y="249"/>
	<Point X="154" Y="250"/>
	<Point X="152" Y="251"/>
	<Point X="150" Y="252"/>
	<Point X="148" Y="253"/>
	<Point X="147" Y="255"/>
	<Point X="144" Y="257"/>
	<Point X="142" Y="258"/>
	<Point X="141" Y="259"/>
	<Point X="139" Y="260"/>
	<Point X="138" Y="261"/>
	<Point X="136" Y="262"/>
	<Point X="135" Y="264"/>
	<Point X="133" Y="265"/>
	<Point X="132" Y="266"/>
	<Point X="130" Y="267"/>
	<Point X="129" Y="268"/>
	<Point X="127" Y="269"/>
	<Point X="126" Y="270"/>
	<Point X="125" Y="271"/>
	<Point X="124" Y="272"/>
	<Point X="122" Y="273"/>
	<Point X="121" Y="274"/>
	<Point X="120" Y="275"/>
	<Point X="119" Y="276"/>
	<Point X="118" Y="277"/>
	<Point X="117" Y="278"/>
	<Point X="115" Y="280"/>
	<Point X="112" Y="282"/>
	<Point X="111" Y="283"/>
	<Point X="110" Y="284"/>
	<Point X="109" Y="285"/>
	<Point X="109" Y="286"/>
	<Point X="108" Y="286"/>
	<Point X="107" Y="287"/>
	<Point X="106" Y="288"/>
	<Point X="106" Y="289"/>
	<Point X="105" Y="289"/>
	<Point X="104" Y="290"/>
	<Point X="103" Y="291"/>
	<Point X="103" Y="292"/>
	<Point X="102" Y="292"/>
	<Point X="102" Y="293"/>
	<Point X="101" Y="293"/>
	<Point X="101" Y="294"/>
	<Point X="100" Y="294"/>
	<Point X="100" Y="295"/>
	<Point X="99" Y="296"/>
	<Point X="99" Y="297"/>
	<Point X="98" Y="298"/>
	<Point X="98" Y="299"/>
	<Point X="97" Y="299"/>
	<Point X="97" Y="300"/>
	<Point X="97" Y="301"/>
	<Point X="98" Y="301"/>
	<Point X="99" Y="301"/>
	<Point X="99" Y="300"/>
	<Point X="100" Y="300"/>
	<Point X="100" Y="299"/>
	<Point X="101" Y="299"/>
	<Point X="101" Y="298"/>
</Gesture>
