<?xml version="1.0" ?>
<Gesture Name="star05" Subject="01" Number="05" NumPts="485">
	<Point X="147" Y="291"/>
	<Point X="147" Y="290"/>
	<Point X="147" Y="289"/>
	<Point X="148" Y="289"/>
	<Point X="148" Y="288"/>
	<Point X="148" Y="287"/>
	<Point X="148" Y="286"/>
	<Point X="149" Y="285"/>
	<Point X="149" Y="284"/>
	<Point X="149" Y="283"/>
	<Point X="150" Y="283"/>
	<Point X="150" Y="282"/>
	<Point X="150" Y="281"/>
	<Point X="150" Y="280"/>
	<Point X="151" Y="280"/>
	<Point X="151" Y="279"/>
	<Point X="151" Y="278"/>
	<Point X="152" Y="277"/>
	<Point X="152" Y="276"/>
	<Point X="153" Y="275"/>
	<Point X="153" Y="274"/>
	<Point X="153" Y="273"/>
	<Point X="154" Y="273"/>
	<Point X="154" Y="271"/>
	<Point X="155" Y="270"/>
	<Point X="155" Y="269"/>
	<Point X="156" Y="268"/>
	<Point X="156" Y="267"/>
	<Point X="157" Y="266"/>
	<Point X="157" Y="265"/>
	<Point X="158" Y="264"/>
	<Point X="158" Y="263"/>
	<Point X="158" Y="262"/>
	<Point X="159" Y="261"/>
	<Point X="159" Y="260"/>
	<Point X="160" Y="259"/>
	<Point X="160" Y="258"/>
	<Point X="160" Y="257"/>
	<Point X="161" Y="256"/>
	<Point X="161" Y="255"/>
	<Point X="161" Y="254"/>
	<Point X="162" Y="253"/>
	<Point X="162" Y="252"/>
	<Point X="163" Y="251"/>
	<Point X="163" Y="250"/>
	<Point X="163" Y="249"/>
	<Point X="164" Y="247"/>
	<Point X="164" Y="246"/>
	<Point X="165" Y="245"/>
	<Point X="165" Y="244"/>
	<Point X="165" Y="243"/>
	<Point X="166" Y="241"/>
	<Point X="166" Y="240"/>
	<Point X="167" Y="239"/>
	<Point X="167" Y="237"/>
	<Point X="167" Y="236"/>
	<Point X="168" Y="235"/>
	<Point X="168" Y="234"/>
	<Point X="168" Y="232"/>
	<Point X="169" Y="231"/>
	<Point X="169" Y="230"/>
	<Point X="170" Y="229"/>
	<Point X="170" Y="227"/>
	<Point X="171" Y="225"/>
	<Point X="171" Y="223"/>
	<Point X="171" Y="222"/>
	<Point X="172" Y="220"/>
	<Point X="172" Y="218"/>
	<Point X="173" Y="217"/>
	<Point X="173" Y="216"/>
	<Point X="173" Y="215"/>
	<Point X="173" Y="213"/>
	<Point X="174" Y="212"/>
	<Point X="174" Y="211"/>
	<Point X="174" Y="210"/>
	<Point X="174" Y="208"/>
	<Point X="175" Y="207"/>
	<Point X="175" Y="206"/>
	<Point X="175" Y="205"/>
	<Point X="175" Y="204"/>
	<Point X="176" Y="203"/>
	<Point X="176" Y="201"/>
	<Point X="176" Y="200"/>
	<Point X="176" Y="199"/>
	<Point X="176" Y="198"/>
	<Point X="177" Y="197"/>
	<Point X="177" Y="196"/>
	<Point X="177" Y="195"/>
	<Point X="177" Y="194"/>
	<Point X="177" Y="193"/>
	<Point X="177" Y="192"/>
	<Point X="177" Y="191"/>
	<Point X="177" Y="190"/>
	<Point X="177" Y="189"/>
	<Point X="178" Y="188"/>
	<Point X="178" Y="187"/>
	<Point X="178" Y="185"/>
	<Point X="178" Y="183"/>
	<Point X="178" Y="182"/>
	<Point X="178" Y="181"/>
	<Point X="178" Y="180"/>
	<Point X="178" Y="179"/>
	<Point X="178" Y="178"/>
	<Point X="178" Y="177"/>
	<Point X="179" Y="177"/>
	<Point X="179" Y="176"/>
	<Point X="179" Y="175"/>
	<Point X="179" Y="174"/>
	<Point X="179" Y="175"/>
	<Point X="179" Y="176"/>
	<Point X="180" Y="176"/>
	<Point X="180" Y="177"/>
	<Point X="180" Y="178"/>
	<Point X="181" Y="179"/>
	<Point X="181" Y="180"/>
	<Point X="181" Y="181"/>
	<Point X="182" Y="182"/>
	<Point X="182" Y="183"/>
	<Point X="183" Y="184"/>
	<Point X="183" Y="185"/>
	<Point X="183" Y="186"/>
	<Point X="184" Y="187"/>
	<Point X="184" Y="188"/>
	<Point X="184" Y="189"/>
	<Point X="185" Y="190"/>
	<Point X="185" Y="191"/>
	<Point X="186" Y="192"/>
	<Point X="186" Y="193"/>
	<Point X="187" Y="194"/>
	<Point X="187" Y="196"/>
	<Point X="187" Y="197"/>
	<Point X="188" Y="198"/>
	<Point X="189" Y="199"/>
	<Point X="189" Y="201"/>
	<Point X="190" Y="202"/>
	<Point X="190" Y="203"/>
	<Point X="191" Y="204"/>
	<Point X="192" Y="206"/>
	<Point X="192" Y="207"/>
	<Point X="193" Y="208"/>
	<Point X="193" Y="210"/>
	<Point X="194" Y="211"/>
	<Point X="195" Y="212"/>
	<Point X="195" Y="213"/>
	<Point X="197" Y="216"/>
	<Point X="197" Y="217"/>
	<Point X="198" Y="219"/>
	<Point X="199" Y="220"/>
	<Point X="200" Y="221"/>
	<Point X="200" Y="223"/>
	<Point X="201" Y="224"/>
	<Point X="202" Y="225"/>
	<Point X="203" Y="226"/>
	<Point X="203" Y="228"/>
	<Point X="204" Y="229"/>
	<Point X="205" Y="230"/>
	<Point X="206" Y="231"/>
	<Point X="207" Y="233"/>
	<Point X="208" Y="235"/>
	<Point X="209" Y="236"/>
	<Point X="209" Y="237"/>
	<Point X="211" Y="240"/>
	<Point X="212" Y="241"/>
	<Point X="213" Y="242"/>
	<Point X="213" Y="243"/>
	<Point X="214" Y="244"/>
	<Point X="215" Y="246"/>
	<Point X="216" Y="247"/>
	<Point X="217" Y="248"/>
	<Point X="217" Y="249"/>
	<Point X="218" Y="250"/>
	<Point X="219" Y="251"/>
	<Point X="220" Y="252"/>
	<Point X="220" Y="253"/>
	<Point X="221" Y="254"/>
	<Point X="222" Y="255"/>
	<Point X="222" Y="256"/>
	<Point X="223" Y="257"/>
	<Point X="224" Y="258"/>
	<Point X="225" Y="259"/>
	<Point X="225" Y="261"/>
	<Point X="226" Y="262"/>
	<Point X="227" Y="263"/>
	<Point X="227" Y="264"/>
	<Point X="228" Y="265"/>
	<Point X="229" Y="266"/>
	<Point X="229" Y="267"/>
	<Point X="230" Y="268"/>
	<Point X="231" Y="269"/>
	<Point X="231" Y="270"/>
	<Point X="232" Y="271"/>
	<Point X="232" Y="272"/>
	<Point X="233" Y="273"/>
	<Point X="234" Y="274"/>
	<Point X="235" Y="276"/>
	<Point X="236" Y="278"/>
	<Point X="236" Y="279"/>
	<Point X="237" Y="280"/>
	<Point X="237" Y="281"/>
	<Point X="238" Y="281"/>
	<Point X="238" Y="282"/>
	<Point X="239" Y="283"/>
	<Point X="239" Y="284"/>
	<Point X="240" Y="285"/>
	<Point X="240" Y="286"/>
	<Point X="240" Y="287"/>
	<Point X="241" Y="287"/>
	<Point X="241" Y="288"/>
	<Point X="242" Y="289"/>
	<Point X="242" Y="290"/>
	<Point X="242" Y="291"/>
	<Point X="243" Y="291"/>
	<Point X="243" Y="292"/>
	<Point X="243" Y="293"/>
	<Point X="244" Y="294"/>
	<Point X="244" Y="295"/>
	<Point X="245" Y="296"/>
	<Point X="245" Y="297"/>
	<Point X="245" Y="298"/>
	<Point X="246" Y="299"/>
	<Point X="246" Y="300"/>
	<Point X="246" Y="301"/>
	<Point X="246" Y="300"/>
	<Point X="245" Y="300"/>
	<Point X="244" Y="299"/>
	<Point X="243" Y="298"/>
	<Point X="242" Y="298"/>
	<Point X="242" Y="297"/>
	<Point X="241" Y="296"/>
	<Point X="240" Y="295"/>
	<Point X="239" Y="294"/>
	<Point X="238" Y="292"/>
	<Point X="236" Y="289"/>
	<Point X="235" Y="288"/>
	<Point X="233" Y="286"/>
	<Point X="232" Y="285"/>
	<Point X="232" Y="284"/>
	<Point X="230" Y="283"/>
	<Point X="229" Y="281"/>
	<Point X="228" Y="280"/>
	<Point X="227" Y="279"/>
	<Point X="226" Y="278"/>
	<Point X="225" Y="277"/>
	<Point X="224" Y="276"/>
	<Point X="222" Y="274"/>
	<Point X="220" Y="272"/>
	<Point X="216" Y="268"/>
	<Point X="213" Y="267"/>
	<Point X="212" Y="266"/>
	<Point X="211" Y="265"/>
	<Point X="210" Y="264"/>
	<Point X="209" Y="264"/>
	<Point X="208" Y="263"/>
	<Point X="207" Y="262"/>
	<Point X="206" Y="261"/>
	<Point X="205" Y="261"/>
	<Point X="204" Y="260"/>
	<Point X="203" Y="259"/>
	<Point X="202" Y="259"/>
	<Point X="201" Y="258"/>
	<Point X="200" Y="258"/>
	<Point X="199" Y="257"/>
	<Point X="198" Y="257"/>
	<Point X="197" Y="256"/>
	<Point X="196" Y="256"/>
	<Point X="195" Y="255"/>
	<Point X="192" Y="254"/>
	<Point X="191" Y="254"/>
	<Point X="190" Y="253"/>
	<Point X="188" Y="252"/>
	<Point X="187" Y="252"/>
	<Point X="185" Y="251"/>
	<Point X="184" Y="251"/>
	<Point X="183" Y="251"/>
	<Point X="182" Y="250"/>
	<Point X="180" Y="250"/>
	<Point X="179" Y="249"/>
	<Point X="178" Y="249"/>
	<Point X="176" Y="249"/>
	<Point X="175" Y="248"/>
	<Point X="174" Y="248"/>
	<Point X="173" Y="248"/>
	<Point X="172" Y="248"/>
	<Point X="171" Y="247"/>
	<Point X="170" Y="247"/>
	<Point X="168" Y="247"/>
	<Point X="167" Y="247"/>
	<Point X="166" Y="247"/>
	<Point X="165" Y="246"/>
	<Point X="164" Y="246"/>
	<Point X="163" Y="246"/>
	<Point X="162" Y="246"/>
	<Point X="161" Y="245"/>
	<Point X="159" Y="245"/>
	<Point X="157" Y="245"/>
	<Point X="156" Y="245"/>
	<Point X="155" Y="245"/>
	<Point X="154" Y="245"/>
	<Point X="153" Y="244"/>
	<Point X="152" Y="244"/>
	<Point X="151" Y="244"/>
	<Point X="150" Y="244"/>
	<Point X="149" Y="244"/>
	<Point X="148" Y="244"/>
	<Point X="147" Y="244"/>
	<Point X="146" Y="244"/>
	<Point X="145" Y="243"/>
	<Point X="144" Y="243"/>
	<Point X="143" Y="243"/>
	<Point X="142" Y="243"/>
	<Point X="140" Y="243"/>
	<Point X="139" Y="243"/>
	<Point X="138" Y="243"/>
	<Point X="137" Y="243"/>
	<Point X="136" Y="242"/>
	<Point X="135" Y="242"/>
	<Point X="134" Y="242"/>
	<Point X="133" Y="242"/>
	<Point X="132" Y="242"/>
	<Point X="131" Y="242"/>
	<Point X="132" Y="242"/>
	<Point X="132" Y="241"/>
	<Point X="133" Y="241"/>
	<Point X="134" Y="241"/>
	<Point X="135" Y="241"/>
	<Point X="135" Y="240"/>
	<Point X="136" Y="240"/>
	<Point X="137" Y="240"/>
	<Point X="138" Y="239"/>
	<Point X="139" Y="239"/>
	<Point X="140" Y="239"/>
	<Point X="140" Y="238"/>
	<Point X="141" Y="238"/>
	<Point X="142" Y="238"/>
	<Point X="143" Y="237"/>
	<Point X="144" Y="237"/>
	<Point X="145" Y="237"/>
	<Point X="146" Y="236"/>
	<Point X="147" Y="236"/>
	<Point X="148" Y="235"/>
	<Point X="149" Y="235"/>
	<Point X="150" Y="235"/>
	<Point X="151" Y="234"/>
	<Point X="152" Y="234"/>
	<Point X="153" Y="234"/>
	<Point X="154" Y="233"/>
	<Point X="155" Y="233"/>
	<Point X="156" Y="233"/>
	<Point X="157" Y="232"/>
	<Point X="158" Y="232"/>
	<Point X="160" Y="232"/>
	<Point X="161" Y="232"/>
	<Point X="162" Y="231"/>
	<Point X="163" Y="231"/>
	<Point X="164" Y="231"/>
	<Point X="166" Y="230"/>
	<Point X="167" Y="230"/>
	<Point X="168" Y="230"/>
	<Point X="170" Y="229"/>
	<Point X="172" Y="229"/>
	<Point X="175" Y="228"/>
	<Point X="176" Y="228"/>
	<Point X="181" Y="227"/>
	<Point X="184" Y="227"/>
	<Point X="186" Y="226"/>
	<Point X="187" Y="226"/>
	<Point X="189" Y="226"/>
	<Point X="190" Y="226"/>
	<Point X="192" Y="226"/>
	<Point X="193" Y="225"/>
	<Point X="195" Y="225"/>
	<Point X="196" Y="225"/>
	<Point X="198" Y="225"/>
	<Point X="199" Y="225"/>
	<Point X="200" Y="225"/>
	<Point X="206" Y="225"/>
	<Point X="211" Y="224"/>
	<Point X="213" Y="224"/>
	<Point X="215" Y="224"/>
	<Point X="216" Y="224"/>
	<Point X="218" Y="224"/>
	<Point X="219" Y="224"/>
	<Point X="221" Y="224"/>
	<Point X="222" Y="224"/>
	<Point X="223" Y="224"/>
	<Point X="224" Y="224"/>
	<Point X="226" Y="224"/>
	<Point X="227" Y="224"/>
	<Point X="228" Y="224"/>
	<Point X="230" Y="224"/>
	<Point X="231" Y="224"/>
	<Point X="232" Y="224"/>
	<Point X="234" Y="224"/>
	<Point X="235" Y="224"/>
	<Point X="236" Y="224"/>
	<Point X="237" Y="224"/>
	<Point X="238" Y="224"/>
	<Point X="240" Y="224"/>
	<Point X="241" Y="224"/>
	<Point X="242" Y="224"/>
	<Point X="243" Y="224"/>
	<Point X="245" Y="224"/>
	<Point X="246" Y="224"/>
	<Point X="247" Y="224"/>
	<Point X="248" Y="224"/>
	<Point X="249" Y="224"/>
	<Point X="250" Y="224"/>
	<Point X="251" Y="224"/>
	<Point X="252" Y="224"/>
	<Point X="253" Y="224"/>
	<Point X="254" Y="224"/>
	<Point X="255" Y="224"/>
	<Point X="256" Y="224"/>
	<Point X="257" Y="224"/>
	<Point X="258" Y="224"/>
	<Point X="259" Y="224"/>
	<Point X="260" Y="224"/>
	<Point X="261" Y="224"/>
	<Point X="262" Y="224"/>
	<Point X="263" Y="224"/>
	<Point X="264" Y="224"/>
	<Point X="265" Y="224"/>
	<Point X="266" Y="224"/>
	<Point X="267" Y="224"/>
	<Point X="268" Y="224"/>
	<Point X="267" Y="224"/>
	<Point X="266" Y="224"/>
	<Point X="265" Y="224"/>
	<Point X="264" Y="224"/>
	<Point X="263" Y="224"/>
	<Point X="262" Y="224"/>
	<Point X="261" Y="225"/>
	<Point X="256" Y="228"/>
	<Point X="255" Y="228"/>
	<Point X="249" Y="233"/>
	<Point X="244" Y="237"/>
	<Point X="235" Y="244"/>
	<Point X="231" Y="247"/>
	<Point X="229" Y="249"/>
	<Point X="226" Y="251"/>
	<Point X="222" Y="254"/>
	<Point X="217" Y="258"/>
	<Point X="209" Y="263"/>
	<Point X="206" Y="265"/>
	<Point X="202" Y="268"/>
	<Point X="200" Y="269"/>
	<Point X="197" Y="271"/>
	<Point X="196" Y="272"/>
	<Point X="194" Y="273"/>
	<Point X="193" Y="274"/>
	<Point X="192" Y="274"/>
	<Point X="190" Y="275"/>
	<Point X="189" Y="276"/>
	<Point X="187" Y="277"/>
	<Point X="186" Y="278"/>
	<Point X="182" Y="280"/>
	<Point X="180" Y="281"/>
	<Point X="179" Y="282"/>
	<Point X="177" Y="283"/>
	<Point X="176" Y="284"/>
	<Point X="175" Y="284"/>
	<Point X="172" Y="286"/>
	<Point X="170" Y="287"/>
	<Point X="166" Y="289"/>
	<Point X="164" Y="290"/>
	<Point X="162" Y="290"/>
	<Point X="161" Y="291"/>
	<Point X="160" Y="291"/>
	<Point X="159" Y="292"/>
	<Point X="157" Y="293"/>
	<Point X="156" Y="293"/>
	<Point X="155" Y="294"/>
	<Point X="154" Y="294"/>
	<Point X="153" Y="295"/>
	<Point X="151" Y="295"/>
	<Point X="149" Y="296"/>
	<Point X="147" Y="297"/>
	<Point X="146" Y="298"/>
	<Point X="145" Y="298"/>
	<Point X="144" Y="298"/>
	<Point X="144" Y="299"/>
	<Point X="143" Y="299"/>
	<Point X="142" Y="299"/>
	<Point X="142" Y="300"/>
	<Point X="141" Y="300"/>
</Gesture>
