<?xml version="1.0" ?>
<Gesture Name="star01" Subject="01" Number="01" NumPts="516">
	<Point X="140" Y="289"/>
	<Point X="140" Y="288"/>
	<Point X="140" Y="287"/>
	<Point X="140" Y="286"/>
	<Point X="140" Y="285"/>
	<Point X="141" Y="284"/>
	<Point X="141" Y="283"/>
	<Point X="141" Y="282"/>
	<Point X="142" Y="281"/>
	<Point X="142" Y="280"/>
	<Point X="142" Y="279"/>
	<Point X="143" Y="278"/>
	<Point X="143" Y="277"/>
	<Point X="143" Y="276"/>
	<Point X="144" Y="275"/>
	<Point X="144" Y="274"/>
	<Point X="145" Y="273"/>
	<Point X="145" Y="272"/>
	<Point X="145" Y="271"/>
	<Point X="146" Y="270"/>
	<Point X="146" Y="269"/>
	<Point X="146" Y="268"/>
	<Point X="147" Y="267"/>
	<Point X="147" Y="266"/>
	<Point X="148" Y="265"/>
	<Point X="148" Y="264"/>
	<Point X="149" Y="263"/>
	<Point X="149" Y="261"/>
	<Point X="150" Y="260"/>
	<Point X="150" Y="259"/>
	<Point X="151" Y="258"/>
	<Point X="151" Y="257"/>
	<Point X="152" Y="256"/>
	<Point X="152" Y="254"/>
	<Point X="153" Y="253"/>
	<Point X="153" Y="252"/>
	<Point X="154" Y="250"/>
	<Point X="154" Y="249"/>
	<Point X="155" Y="248"/>
	<Point X="155" Y="247"/>
	<Point X="156" Y="245"/>
	<Point X="156" Y="244"/>
	<Point X="157" Y="243"/>
	<Point X="158" Y="240"/>
	<Point X="159" Y="237"/>
	<Point X="159" Y="236"/>
	<Point X="160" Y="235"/>
	<Point X="160" Y="234"/>
	<Point X="161" Y="232"/>
	<Point X="161" Y="231"/>
	<Point X="162" Y="230"/>
	<Point X="162" Y="228"/>
	<Point X="163" Y="227"/>
	<Point X="163" Y="226"/>
	<Point X="164" Y="224"/>
	<Point X="164" Y="223"/>
	<Point X="165" Y="222"/>
	<Point X="165" Y="220"/>
	<Point X="166" Y="219"/>
	<Point X="166" Y="218"/>
	<Point X="167" Y="216"/>
	<Point X="167" Y="215"/>
	<Point X="167" Y="214"/>
	<Point X="168" Y="213"/>
	<Point X="168" Y="211"/>
	<Point X="169" Y="210"/>
	<Point X="169" Y="209"/>
	<Point X="170" Y="207"/>
	<Point X="170" Y="206"/>
	<Point X="170" Y="205"/>
	<Point X="171" Y="204"/>
	<Point X="171" Y="202"/>
	<Point X="172" Y="201"/>
	<Point X="172" Y="200"/>
	<Point X="173" Y="198"/>
	<Point X="173" Y="197"/>
	<Point X="173" Y="196"/>
	<Point X="174" Y="195"/>
	<Point X="174" Y="194"/>
	<Point X="175" Y="192"/>
	<Point X="175" Y="191"/>
	<Point X="175" Y="190"/>
	<Point X="176" Y="189"/>
	<Point X="176" Y="187"/>
	<Point X="177" Y="186"/>
	<Point X="177" Y="185"/>
	<Point X="178" Y="183"/>
	<Point X="179" Y="180"/>
	<Point X="179" Y="178"/>
	<Point X="180" Y="177"/>
	<Point X="180" Y="175"/>
	<Point X="181" Y="174"/>
	<Point X="181" Y="173"/>
	<Point X="181" Y="172"/>
	<Point X="182" Y="171"/>
	<Point X="182" Y="170"/>
	<Point X="182" Y="169"/>
	<Point X="183" Y="167"/>
	<Point X="183" Y="166"/>
	<Point X="183" Y="165"/>
	<Point X="184" Y="164"/>
	<Point X="184" Y="163"/>
	<Point X="184" Y="162"/>
	<Point X="185" Y="161"/>
	<Point X="185" Y="160"/>
	<Point X="185" Y="159"/>
	<Point X="186" Y="158"/>
	<Point X="186" Y="157"/>
	<Point X="186" Y="156"/>
	<Point X="187" Y="155"/>
	<Point X="187" Y="154"/>
	<Point X="188" Y="153"/>
	<Point X="188" Y="152"/>
	<Point X="188" Y="151"/>
	<Point X="188" Y="150"/>
	<Point X="189" Y="150"/>
	<Point X="189" Y="149"/>
	<Point X="189" Y="148"/>
	<Point X="190" Y="147"/>
	<Point X="190" Y="146"/>
	<Point X="190" Y="145"/>
	<Point X="191" Y="145"/>
	<Point X="191" Y="144"/>
	<Point X="191" Y="143"/>
	<Point X="192" Y="143"/>
	<Point X="192" Y="142"/>
	<Point X="192" Y="141"/>
	<Point X="193" Y="141"/>
	<Point X="193" Y="142"/>
	<Point X="193" Y="143"/>
	<Point X="194" Y="144"/>
	<Point X="194" Y="145"/>
	<Point X="194" Y="146"/>
	<Point X="194" Y="147"/>
	<Point X="194" Y="148"/>
	<Point X="194" Y="149"/>
	<Point X="194" Y="150"/>
	<Point X="195" Y="151"/>
	<Point X="195" Y="153"/>
	<Point X="195" Y="154"/>
	<Point X="195" Y="156"/>
	<Point X="195" Y="157"/>
	<Point X="196" Y="158"/>
	<Point X="196" Y="159"/>
	<Point X="196" Y="160"/>
	<Point X="196" Y="161"/>
	<Point X="196" Y="162"/>
	<Point X="197" Y="163"/>
	<Point X="197" Y="164"/>
	<Point X="197" Y="166"/>
	<Point X="198" Y="167"/>
	<Point X="198" Y="168"/>
	<Point X="198" Y="170"/>
	<Point X="199" Y="171"/>
	<Point X="199" Y="172"/>
	<Point X="199" Y="174"/>
	<Point X="200" Y="176"/>
	<Point X="201" Y="179"/>
	<Point X="201" Y="180"/>
	<Point X="201" Y="181"/>
	<Point X="202" Y="183"/>
	<Point X="202" Y="184"/>
	<Point X="203" Y="185"/>
	<Point X="203" Y="187"/>
	<Point X="204" Y="188"/>
	<Point X="204" Y="190"/>
	<Point X="205" Y="191"/>
	<Point X="205" Y="192"/>
	<Point X="206" Y="194"/>
	<Point X="206" Y="195"/>
	<Point X="207" Y="196"/>
	<Point X="208" Y="197"/>
	<Point X="208" Y="199"/>
	<Point X="209" Y="200"/>
	<Point X="209" Y="201"/>
	<Point X="210" Y="202"/>
	<Point X="210" Y="203"/>
	<Point X="211" Y="205"/>
	<Point X="211" Y="206"/>
	<Point X="212" Y="207"/>
	<Point X="212" Y="208"/>
	<Point X="213" Y="209"/>
	<Point X="213" Y="211"/>
	<Point X="214" Y="212"/>
	<Point X="215" Y="213"/>
	<Point X="215" Y="214"/>
	<Point X="216" Y="215"/>
	<Point X="216" Y="216"/>
	<Point X="217" Y="218"/>
	<Point X="218" Y="219"/>
	<Point X="219" Y="220"/>
	<Point X="219" Y="221"/>
	<Point X="220" Y="222"/>
	<Point X="220" Y="223"/>
	<Point X="221" Y="224"/>
	<Point X="221" Y="225"/>
	<Point X="222" Y="226"/>
	<Point X="222" Y="227"/>
	<Point X="223" Y="228"/>
	<Point X="223" Y="229"/>
	<Point X="224" Y="230"/>
	<Point X="224" Y="231"/>
	<Point X="225" Y="231"/>
	<Point X="225" Y="232"/>
	<Point X="226" Y="233"/>
	<Point X="226" Y="234"/>
	<Point X="227" Y="235"/>
	<Point X="227" Y="236"/>
	<Point X="228" Y="236"/>
	<Point X="228" Y="237"/>
	<Point X="228" Y="238"/>
	<Point X="229" Y="239"/>
	<Point X="230" Y="240"/>
	<Point X="230" Y="241"/>
	<Point X="231" Y="242"/>
	<Point X="231" Y="243"/>
	<Point X="232" Y="244"/>
	<Point X="232" Y="245"/>
	<Point X="233" Y="245"/>
	<Point X="234" Y="247"/>
	<Point X="234" Y="248"/>
	<Point X="234" Y="249"/>
	<Point X="235" Y="250"/>
	<Point X="235" Y="251"/>
	<Point X="236" Y="252"/>
	<Point X="236" Y="253"/>
	<Point X="237" Y="254"/>
	<Point X="237" Y="255"/>
	<Point X="238" Y="256"/>
	<Point X="238" Y="257"/>
	<Point X="238" Y="258"/>
	<Point X="238" Y="259"/>
	<Point X="239" Y="259"/>
	<Point X="239" Y="260"/>
	<Point X="239" Y="261"/>
	<Point X="239" Y="262"/>
	<Point X="239" Y="263"/>
	<Point X="239" Y="264"/>
	<Point X="240" Y="264"/>
	<Point X="240" Y="265"/>
	<Point X="240" Y="266"/>
	<Point X="240" Y="267"/>
	<Point X="240" Y="268"/>
	<Point X="240" Y="269"/>
	<Point X="240" Y="270"/>
	<Point X="240" Y="271"/>
	<Point X="240" Y="272"/>
	<Point X="239" Y="272"/>
	<Point X="239" Y="273"/>
	<Point X="239" Y="274"/>
	<Point X="238" Y="274"/>
	<Point X="238" Y="275"/>
	<Point X="237" Y="275"/>
	<Point X="237" Y="276"/>
	<Point X="236" Y="276"/>
	<Point X="235" Y="276"/>
	<Point X="233" Y="276"/>
	<Point X="228" Y="275"/>
	<Point X="226" Y="274"/>
	<Point X="225" Y="273"/>
	<Point X="223" Y="272"/>
	<Point X="222" Y="272"/>
	<Point X="219" Y="269"/>
	<Point X="213" Y="266"/>
	<Point X="209" Y="264"/>
	<Point X="205" Y="261"/>
	<Point X="201" Y="259"/>
	<Point X="198" Y="256"/>
	<Point X="194" Y="254"/>
	<Point X="192" Y="253"/>
	<Point X="189" Y="252"/>
	<Point X="188" Y="251"/>
	<Point X="187" Y="250"/>
	<Point X="181" Y="247"/>
	<Point X="180" Y="246"/>
	<Point X="178" Y="245"/>
	<Point X="177" Y="245"/>
	<Point X="175" Y="244"/>
	<Point X="174" Y="243"/>
	<Point X="171" Y="242"/>
	<Point X="167" Y="240"/>
	<Point X="166" Y="240"/>
	<Point X="165" Y="239"/>
	<Point X="162" Y="238"/>
	<Point X="161" Y="238"/>
	<Point X="159" Y="237"/>
	<Point X="156" Y="236"/>
	<Point X="155" Y="236"/>
	<Point X="148" Y="233"/>
	<Point X="146" Y="233"/>
	<Point X="143" Y="232"/>
	<Point X="142" Y="232"/>
	<Point X="141" Y="231"/>
	<Point X="138" Y="231"/>
	<Point X="137" Y="231"/>
	<Point X="136" Y="231"/>
	<Point X="135" Y="230"/>
	<Point X="134" Y="230"/>
	<Point X="131" Y="230"/>
	<Point X="130" Y="230"/>
	<Point X="129" Y="230"/>
	<Point X="128" Y="230"/>
	<Point X="127" Y="229"/>
	<Point X="126" Y="229"/>
	<Point X="125" Y="229"/>
	<Point X="123" Y="229"/>
	<Point X="122" Y="229"/>
	<Point X="121" Y="229"/>
	<Point X="120" Y="229"/>
	<Point X="119" Y="229"/>
	<Point X="118" Y="229"/>
	<Point X="117" Y="229"/>
	<Point X="116" Y="229"/>
	<Point X="115" Y="229"/>
	<Point X="114" Y="229"/>
	<Point X="113" Y="229"/>
	<Point X="112" Y="229"/>
	<Point X="112" Y="228"/>
	<Point X="111" Y="228"/>
	<Point X="110" Y="228"/>
	<Point X="109" Y="228"/>
	<Point X="110" Y="228"/>
	<Point X="111" Y="228"/>
	<Point X="112" Y="228"/>
	<Point X="113" Y="228"/>
	<Point X="114" Y="228"/>
	<Point X="114" Y="227"/>
	<Point X="115" Y="227"/>
	<Point X="116" Y="227"/>
	<Point X="117" Y="227"/>
	<Point X="118" Y="226"/>
	<Point X="119" Y="226"/>
	<Point X="120" Y="226"/>
	<Point X="121" Y="225"/>
	<Point X="122" Y="225"/>
	<Point X="123" Y="225"/>
	<Point X="124" Y="224"/>
	<Point X="125" Y="224"/>
	<Point X="126" Y="223"/>
	<Point X="128" Y="223"/>
	<Point X="129" Y="222"/>
	<Point X="130" Y="222"/>
	<Point X="131" Y="222"/>
	<Point X="132" Y="222"/>
	<Point X="134" Y="221"/>
	<Point X="135" Y="220"/>
	<Point X="136" Y="220"/>
	<Point X="137" Y="219"/>
	<Point X="138" Y="219"/>
	<Point X="139" Y="219"/>
	<Point X="140" Y="218"/>
	<Point X="141" Y="218"/>
	<Point X="142" Y="217"/>
	<Point X="143" Y="217"/>
	<Point X="145" Y="217"/>
	<Point X="146" Y="216"/>
	<Point X="147" Y="216"/>
	<Point X="148" Y="215"/>
	<Point X="149" Y="215"/>
	<Point X="150" Y="214"/>
	<Point X="151" Y="214"/>
	<Point X="152" Y="213"/>
	<Point X="154" Y="213"/>
	<Point X="155" Y="212"/>
	<Point X="156" Y="212"/>
	<Point X="159" Y="210"/>
	<Point X="162" Y="209"/>
	<Point X="163" Y="208"/>
	<Point X="164" Y="208"/>
	<Point X="165" Y="207"/>
	<Point X="166" Y="207"/>
	<Point X="168" Y="206"/>
	<Point X="169" Y="206"/>
	<Point X="170" Y="205"/>
	<Point X="171" Y="204"/>
	<Point X="172" Y="204"/>
	<Point X="174" Y="203"/>
	<Point X="175" Y="202"/>
	<Point X="177" Y="202"/>
	<Point X="178" Y="201"/>
	<Point X="179" Y="201"/>
	<Point X="180" Y="200"/>
	<Point X="181" Y="199"/>
	<Point X="182" Y="199"/>
	<Point X="184" Y="198"/>
	<Point X="185" Y="198"/>
	<Point X="186" Y="197"/>
	<Point X="187" Y="197"/>
	<Point X="188" Y="196"/>
	<Point X="189" Y="196"/>
	<Point X="190" Y="195"/>
	<Point X="191" Y="195"/>
	<Point X="192" Y="194"/>
	<Point X="195" Y="193"/>
	<Point X="195" Y="192"/>
	<Point X="196" Y="192"/>
	<Point X="197" Y="191"/>
	<Point X="198" Y="191"/>
	<Point X="199" Y="191"/>
	<Point X="200" Y="190"/>
	<Point X="201" Y="190"/>
	<Point X="202" Y="190"/>
	<Point X="203" Y="189"/>
	<Point X="204" Y="189"/>
	<Point X="205" Y="189"/>
	<Point X="205" Y="188"/>
	<Point X="207" Y="188"/>
	<Point X="208" Y="188"/>
	<Point X="209" Y="187"/>
	<Point X="210" Y="187"/>
	<Point X="211" Y="187"/>
	<Point X="212" Y="186"/>
	<Point X="213" Y="186"/>
	<Point X="214" Y="186"/>
	<Point X="215" Y="186"/>
	<Point X="216" Y="185"/>
	<Point X="217" Y="185"/>
	<Point X="218" Y="185"/>
	<Point X="219" Y="185"/>
	<Point X="219" Y="184"/>
	<Point X="220" Y="184"/>
	<Point X="221" Y="184"/>
	<Point X="222" Y="184"/>
	<Point X="222" Y="185"/>
	<Point X="222" Y="186"/>
	<Point X="222" Y="187"/>
	<Point X="222" Y="188"/>
	<Point X="222" Y="189"/>
	<Point X="221" Y="189"/>
	<Point X="221" Y="190"/>
	<Point X="221" Y="191"/>
	<Point X="220" Y="192"/>
	<Point X="219" Y="193"/>
	<Point X="219" Y="194"/>
	<Point X="219" Y="195"/>
	<Point X="218" Y="195"/>
	<Point X="218" Y="196"/>
	<Point X="217" Y="197"/>
	<Point X="217" Y="198"/>
	<Point X="216" Y="198"/>
	<Point X="216" Y="199"/>
	<Point X="215" Y="200"/>
	<Point X="214" Y="201"/>
	<Point X="214" Y="202"/>
	<Point X="213" Y="203"/>
	<Point X="212" Y="204"/>
	<Point X="211" Y="205"/>
	<Point X="211" Y="206"/>
	<Point X="210" Y="207"/>
	<Point X="209" Y="207"/>
	<Point X="208" Y="208"/>
	<Point X="207" Y="210"/>
	<Point X="205" Y="212"/>
	<Point X="201" Y="216"/>
	<Point X="200" Y="217"/>
	<Point X="199" Y="218"/>
	<Point X="198" Y="219"/>
	<Point X="197" Y="220"/>
	<Point X="196" Y="221"/>
	<Point X="195" Y="222"/>
	<Point X="194" Y="223"/>
	<Point X="193" Y="224"/>
	<Point X="192" Y="225"/>
	<Point X="190" Y="226"/>
	<Point X="189" Y="227"/>
	<Point X="188" Y="228"/>
	<Point X="187" Y="229"/>
	<Point X="186" Y="230"/>
	<Point X="185" Y="231"/>
	<Point X="183" Y="232"/>
	<Point X="182" Y="233"/>
	<Point X="181" Y="234"/>
	<Point X="180" Y="235"/>
	<Point X="179" Y="236"/>
	<Point X="178" Y="237"/>
	<Point X="177" Y="238"/>
	<Point X="176" Y="239"/>
	<Point X="175" Y="240"/>
	<Point X="174" Y="241"/>
	<Point X="172" Y="242"/>
	<Point X="171" Y="243"/>
	<Point X="170" Y="244"/>
	<Point X="169" Y="245"/>
	<Point X="168" Y="246"/>
	<Point X="167" Y="247"/>
	<Point X="166" Y="248"/>
	<Point X="164" Y="251"/>
	<Point X="163" Y="252"/>
	<Point X="162" Y="253"/>
	<Point X="160" Y="255"/>
	<Point X="159" Y="256"/>
	<Point X="157" Y="258"/>
	<Point X="156" Y="259"/>
	<Point X="156" Y="260"/>
	<Point X="154" Y="262"/>
	<Point X="153" Y="263"/>
	<Point X="152" Y="264"/>
	<Point X="151" Y="265"/>
	<Point X="151" Y="266"/>
	<Point X="150" Y="267"/>
	<Point X="149" Y="267"/>
	<Point X="149" Y="268"/>
	<Point X="148" Y="269"/>
	<Point X="147" Y="270"/>
	<Point X="147" Y="271"/>
	<Point X="146" Y="271"/>
	<Point X="146" Y="272"/>
	<Point X="145" Y="273"/>
	<Point X="144" Y="274"/>
	<Point X="144" Y="275"/>
	<Point X="143" Y="275"/>
	<Point X="143" Y="276"/>
	<Point X="142" Y="276"/>
	<Point X="142" Y="277"/>
	<Point X="141" Y="277"/>
	<Point X="141" Y="278"/>
</Gesture>
