<?xml version="1.0" ?>
<Gesture Name="star10" Subject="01" Number="10" NumPts="516">
	<Point X="136" Y="302"/>
	<Point X="137" Y="302"/>
	<Point X="137" Y="301"/>
	<Point X="137" Y="300"/>
	<Point X="137" Y="299"/>
	<Point X="138" Y="299"/>
	<Point X="138" Y="298"/>
	<Point X="138" Y="297"/>
	<Point X="138" Y="296"/>
	<Point X="139" Y="295"/>
	<Point X="139" Y="294"/>
	<Point X="139" Y="293"/>
	<Point X="140" Y="292"/>
	<Point X="140" Y="291"/>
	<Point X="140" Y="290"/>
	<Point X="141" Y="289"/>
	<Point X="141" Y="288"/>
	<Point X="141" Y="287"/>
	<Point X="142" Y="286"/>
	<Point X="142" Y="285"/>
	<Point X="142" Y="284"/>
	<Point X="143" Y="284"/>
	<Point X="143" Y="283"/>
	<Point X="143" Y="282"/>
	<Point X="143" Y="281"/>
	<Point X="144" Y="281"/>
	<Point X="144" Y="280"/>
	<Point X="144" Y="279"/>
	<Point X="145" Y="279"/>
	<Point X="145" Y="278"/>
	<Point X="145" Y="277"/>
	<Point X="146" Y="276"/>
	<Point X="146" Y="275"/>
	<Point X="146" Y="274"/>
	<Point X="147" Y="273"/>
	<Point X="147" Y="272"/>
	<Point X="147" Y="271"/>
	<Point X="148" Y="270"/>
	<Point X="148" Y="269"/>
	<Point X="148" Y="268"/>
	<Point X="149" Y="267"/>
	<Point X="149" Y="266"/>
	<Point X="149" Y="265"/>
	<Point X="150" Y="264"/>
	<Point X="150" Y="263"/>
	<Point X="150" Y="262"/>
	<Point X="151" Y="261"/>
	<Point X="152" Y="259"/>
	<Point X="152" Y="257"/>
	<Point X="153" Y="254"/>
	<Point X="154" Y="251"/>
	<Point X="154" Y="250"/>
	<Point X="155" Y="249"/>
	<Point X="155" Y="248"/>
	<Point X="155" Y="247"/>
	<Point X="156" Y="246"/>
	<Point X="156" Y="245"/>
	<Point X="156" Y="244"/>
	<Point X="157" Y="243"/>
	<Point X="157" Y="242"/>
	<Point X="157" Y="241"/>
	<Point X="158" Y="240"/>
	<Point X="158" Y="239"/>
	<Point X="158" Y="238"/>
	<Point X="159" Y="237"/>
	<Point X="159" Y="236"/>
	<Point X="159" Y="235"/>
	<Point X="160" Y="233"/>
	<Point X="160" Y="232"/>
	<Point X="160" Y="231"/>
	<Point X="160" Y="230"/>
	<Point X="161" Y="229"/>
	<Point X="161" Y="228"/>
	<Point X="161" Y="227"/>
	<Point X="162" Y="226"/>
	<Point X="162" Y="225"/>
	<Point X="162" Y="224"/>
	<Point X="162" Y="223"/>
	<Point X="163" Y="222"/>
	<Point X="163" Y="220"/>
	<Point X="163" Y="219"/>
	<Point X="164" Y="218"/>
	<Point X="164" Y="217"/>
	<Point X="164" Y="215"/>
	<Point X="165" Y="214"/>
	<Point X="165" Y="213"/>
	<Point X="165" Y="212"/>
	<Point X="165" Y="210"/>
	<Point X="165" Y="209"/>
	<Point X="166" Y="208"/>
	<Point X="166" Y="207"/>
	<Point X="166" Y="206"/>
	<Point X="166" Y="205"/>
	<Point X="166" Y="204"/>
	<Point X="167" Y="203"/>
	<Point X="167" Y="202"/>
	<Point X="167" Y="201"/>
	<Point X="167" Y="200"/>
	<Point X="167" Y="199"/>
	<Point X="167" Y="198"/>
	<Point X="167" Y="197"/>
	<Point X="168" Y="196"/>
	<Point X="168" Y="195"/>
	<Point X="168" Y="194"/>
	<Point X="168" Y="193"/>
	<Point X="168" Y="192"/>
	<Point X="168" Y="191"/>
	<Point X="168" Y="190"/>
	<Point X="168" Y="188"/>
	<Point X="169" Y="187"/>
	<Point X="169" Y="186"/>
	<Point X="169" Y="185"/>
	<Point X="169" Y="184"/>
	<Point X="169" Y="183"/>
	<Point X="169" Y="182"/>
	<Point X="169" Y="181"/>
	<Point X="169" Y="180"/>
	<Point X="170" Y="179"/>
	<Point X="170" Y="178"/>
	<Point X="170" Y="177"/>
	<Point X="170" Y="176"/>
	<Point X="170" Y="175"/>
	<Point X="170" Y="176"/>
	<Point X="171" Y="176"/>
	<Point X="171" Y="177"/>
	<Point X="171" Y="178"/>
	<Point X="172" Y="178"/>
	<Point X="172" Y="179"/>
	<Point X="172" Y="180"/>
	<Point X="173" Y="180"/>
	<Point X="173" Y="181"/>
	<Point X="173" Y="182"/>
	<Point X="174" Y="183"/>
	<Point X="174" Y="184"/>
	<Point X="175" Y="185"/>
	<Point X="175" Y="186"/>
	<Point X="175" Y="187"/>
	<Point X="176" Y="187"/>
	<Point X="176" Y="188"/>
	<Point X="177" Y="189"/>
	<Point X="177" Y="191"/>
	<Point X="178" Y="192"/>
	<Point X="178" Y="193"/>
	<Point X="179" Y="194"/>
	<Point X="179" Y="195"/>
	<Point X="179" Y="196"/>
	<Point X="180" Y="197"/>
	<Point X="180" Y="198"/>
	<Point X="181" Y="199"/>
	<Point X="181" Y="200"/>
	<Point X="182" Y="201"/>
	<Point X="182" Y="202"/>
	<Point X="183" Y="204"/>
	<Point X="183" Y="205"/>
	<Point X="183" Y="206"/>
	<Point X="184" Y="207"/>
	<Point X="184" Y="208"/>
	<Point X="185" Y="209"/>
	<Point X="185" Y="210"/>
	<Point X="185" Y="212"/>
	<Point X="186" Y="213"/>
	<Point X="186" Y="214"/>
	<Point X="187" Y="215"/>
	<Point X="187" Y="217"/>
	<Point X="188" Y="218"/>
	<Point X="188" Y="220"/>
	<Point X="189" Y="223"/>
	<Point X="190" Y="225"/>
	<Point X="190" Y="227"/>
	<Point X="190" Y="228"/>
	<Point X="191" Y="229"/>
	<Point X="191" Y="230"/>
	<Point X="191" Y="231"/>
	<Point X="192" Y="232"/>
	<Point X="192" Y="234"/>
	<Point X="192" Y="235"/>
	<Point X="193" Y="236"/>
	<Point X="193" Y="237"/>
	<Point X="193" Y="238"/>
	<Point X="193" Y="240"/>
	<Point X="194" Y="241"/>
	<Point X="194" Y="242"/>
	<Point X="194" Y="243"/>
	<Point X="194" Y="244"/>
	<Point X="195" Y="245"/>
	<Point X="195" Y="246"/>
	<Point X="195" Y="247"/>
	<Point X="195" Y="248"/>
	<Point X="195" Y="249"/>
	<Point X="196" Y="251"/>
	<Point X="196" Y="252"/>
	<Point X="196" Y="253"/>
	<Point X="196" Y="254"/>
	<Point X="196" Y="255"/>
	<Point X="197" Y="256"/>
	<Point X="197" Y="257"/>
	<Point X="197" Y="258"/>
	<Point X="197" Y="259"/>
	<Point X="197" Y="260"/>
	<Point X="198" Y="261"/>
	<Point X="198" Y="263"/>
	<Point X="198" Y="265"/>
	<Point X="199" Y="268"/>
	<Point X="199" Y="269"/>
	<Point X="200" Y="270"/>
	<Point X="200" Y="271"/>
	<Point X="200" Y="272"/>
	<Point X="200" Y="273"/>
	<Point X="200" Y="274"/>
	<Point X="200" Y="275"/>
	<Point X="201" Y="276"/>
	<Point X="201" Y="277"/>
	<Point X="201" Y="278"/>
	<Point X="201" Y="279"/>
	<Point X="201" Y="280"/>
	<Point X="202" Y="281"/>
	<Point X="202" Y="282"/>
	<Point X="202" Y="283"/>
	<Point X="203" Y="284"/>
	<Point X="203" Y="285"/>
	<Point X="203" Y="286"/>
	<Point X="203" Y="287"/>
	<Point X="204" Y="288"/>
	<Point X="204" Y="289"/>
	<Point X="204" Y="290"/>
	<Point X="204" Y="291"/>
	<Point X="205" Y="292"/>
	<Point X="205" Y="293"/>
	<Point X="205" Y="294"/>
	<Point X="206" Y="295"/>
	<Point X="206" Y="296"/>
	<Point X="206" Y="297"/>
	<Point X="207" Y="298"/>
	<Point X="207" Y="299"/>
	<Point X="207" Y="300"/>
	<Point X="208" Y="301"/>
	<Point X="208" Y="302"/>
	<Point X="208" Y="303"/>
	<Point X="209" Y="304"/>
	<Point X="209" Y="305"/>
	<Point X="209" Y="306"/>
	<Point X="209" Y="305"/>
	<Point X="209" Y="304"/>
	<Point X="208" Y="303"/>
	<Point X="208" Y="302"/>
	<Point X="207" Y="301"/>
	<Point X="207" Y="300"/>
	<Point X="206" Y="299"/>
	<Point X="206" Y="298"/>
	<Point X="205" Y="297"/>
	<Point X="204" Y="296"/>
	<Point X="204" Y="295"/>
	<Point X="203" Y="294"/>
	<Point X="202" Y="293"/>
	<Point X="202" Y="292"/>
	<Point X="201" Y="291"/>
	<Point X="200" Y="290"/>
	<Point X="200" Y="289"/>
	<Point X="198" Y="288"/>
	<Point X="197" Y="286"/>
	<Point X="194" Y="283"/>
	<Point X="194" Y="282"/>
	<Point X="192" Y="280"/>
	<Point X="191" Y="280"/>
	<Point X="190" Y="279"/>
	<Point X="189" Y="278"/>
	<Point X="189" Y="277"/>
	<Point X="188" Y="276"/>
	<Point X="187" Y="276"/>
	<Point X="186" Y="275"/>
	<Point X="185" Y="274"/>
	<Point X="184" Y="273"/>
	<Point X="183" Y="272"/>
	<Point X="182" Y="271"/>
	<Point X="181" Y="270"/>
	<Point X="180" Y="270"/>
	<Point X="179" Y="269"/>
	<Point X="178" Y="268"/>
	<Point X="177" Y="267"/>
	<Point X="176" Y="266"/>
	<Point X="175" Y="266"/>
	<Point X="174" Y="265"/>
	<Point X="173" Y="264"/>
	<Point X="171" Y="263"/>
	<Point X="169" Y="262"/>
	<Point X="168" Y="261"/>
	<Point X="167" Y="260"/>
	<Point X="166" Y="260"/>
	<Point X="165" Y="259"/>
	<Point X="164" Y="259"/>
	<Point X="162" Y="258"/>
	<Point X="161" Y="257"/>
	<Point X="160" Y="257"/>
	<Point X="159" Y="256"/>
	<Point X="158" Y="255"/>
	<Point X="157" Y="255"/>
	<Point X="155" Y="254"/>
	<Point X="154" Y="254"/>
	<Point X="152" Y="253"/>
	<Point X="151" Y="252"/>
	<Point X="148" Y="251"/>
	<Point X="146" Y="251"/>
	<Point X="145" Y="250"/>
	<Point X="144" Y="250"/>
	<Point X="143" Y="250"/>
	<Point X="142" Y="249"/>
	<Point X="141" Y="249"/>
	<Point X="140" Y="248"/>
	<Point X="139" Y="248"/>
	<Point X="137" Y="248"/>
	<Point X="136" Y="247"/>
	<Point X="135" Y="247"/>
	<Point X="134" Y="247"/>
	<Point X="133" Y="246"/>
	<Point X="132" Y="246"/>
	<Point X="131" Y="246"/>
	<Point X="130" Y="246"/>
	<Point X="129" Y="245"/>
	<Point X="128" Y="245"/>
	<Point X="127" Y="245"/>
	<Point X="126" Y="244"/>
	<Point X="125" Y="244"/>
	<Point X="124" Y="244"/>
	<Point X="123" Y="244"/>
	<Point X="122" Y="243"/>
	<Point X="121" Y="243"/>
	<Point X="120" Y="243"/>
	<Point X="119" Y="242"/>
	<Point X="118" Y="242"/>
	<Point X="117" Y="242"/>
	<Point X="116" Y="242"/>
	<Point X="115" Y="242"/>
	<Point X="114" Y="241"/>
	<Point X="112" Y="241"/>
	<Point X="111" Y="240"/>
	<Point X="110" Y="240"/>
	<Point X="109" Y="240"/>
	<Point X="108" Y="240"/>
	<Point X="107" Y="239"/>
	<Point X="106" Y="239"/>
	<Point X="105" Y="239"/>
	<Point X="105" Y="238"/>
	<Point X="104" Y="238"/>
	<Point X="105" Y="238"/>
	<Point X="106" Y="238"/>
	<Point X="107" Y="238"/>
	<Point X="108" Y="238"/>
	<Point X="109" Y="238"/>
	<Point X="110" Y="238"/>
	<Point X="111" Y="238"/>
	<Point X="112" Y="238"/>
	<Point X="113" Y="238"/>
	<Point X="114" Y="238"/>
	<Point X="115" Y="238"/>
	<Point X="116" Y="238"/>
	<Point X="117" Y="238"/>
	<Point X="118" Y="238"/>
	<Point X="119" Y="238"/>
	<Point X="120" Y="238"/>
	<Point X="121" Y="238"/>
	<Point X="122" Y="238"/>
	<Point X="123" Y="238"/>
	<Point X="124" Y="238"/>
	<Point X="125" Y="238"/>
	<Point X="127" Y="239"/>
	<Point X="128" Y="239"/>
	<Point X="131" Y="239"/>
	<Point X="132" Y="239"/>
	<Point X="133" Y="239"/>
	<Point X="135" Y="239"/>
	<Point X="136" Y="239"/>
	<Point X="137" Y="239"/>
	<Point X="139" Y="239"/>
	<Point X="140" Y="239"/>
	<Point X="141" Y="239"/>
	<Point X="143" Y="239"/>
	<Point X="144" Y="239"/>
	<Point X="146" Y="239"/>
	<Point X="147" Y="239"/>
	<Point X="148" Y="239"/>
	<Point X="150" Y="239"/>
	<Point X="151" Y="239"/>
	<Point X="152" Y="239"/>
	<Point X="154" Y="239"/>
	<Point X="155" Y="239"/>
	<Point X="157" Y="239"/>
	<Point X="158" Y="239"/>
	<Point X="160" Y="239"/>
	<Point X="161" Y="239"/>
	<Point X="162" Y="238"/>
	<Point X="164" Y="238"/>
	<Point X="172" Y="237"/>
	<Point X="176" Y="237"/>
	<Point X="177" Y="237"/>
	<Point X="178" Y="236"/>
	<Point X="179" Y="236"/>
	<Point X="181" Y="236"/>
	<Point X="182" Y="236"/>
	<Point X="183" Y="235"/>
	<Point X="184" Y="235"/>
	<Point X="186" Y="235"/>
	<Point X="187" Y="235"/>
	<Point X="188" Y="235"/>
	<Point X="189" Y="234"/>
	<Point X="190" Y="234"/>
	<Point X="191" Y="234"/>
	<Point X="192" Y="234"/>
	<Point X="194" Y="234"/>
	<Point X="195" Y="233"/>
	<Point X="197" Y="233"/>
	<Point X="198" Y="233"/>
	<Point X="199" Y="232"/>
	<Point X="200" Y="232"/>
	<Point X="201" Y="232"/>
	<Point X="202" Y="232"/>
	<Point X="203" Y="231"/>
	<Point X="204" Y="231"/>
	<Point X="205" Y="231"/>
	<Point X="206" Y="231"/>
	<Point X="207" Y="231"/>
	<Point X="208" Y="230"/>
	<Point X="210" Y="230"/>
	<Point X="212" Y="229"/>
	<Point X="213" Y="229"/>
	<Point X="214" Y="229"/>
	<Point X="215" Y="229"/>
	<Point X="216" Y="228"/>
	<Point X="217" Y="228"/>
	<Point X="218" Y="228"/>
	<Point X="219" Y="228"/>
	<Point X="220" Y="228"/>
	<Point X="220" Y="227"/>
	<Point X="221" Y="227"/>
	<Point X="222" Y="227"/>
	<Point X="223" Y="227"/>
	<Point X="223" Y="228"/>
	<Point X="222" Y="228"/>
	<Point X="222" Y="229"/>
	<Point X="221" Y="229"/>
	<Point X="221" Y="230"/>
	<Point X="220" Y="231"/>
	<Point X="220" Y="232"/>
	<Point X="219" Y="232"/>
	<Point X="219" Y="233"/>
	<Point X="218" Y="233"/>
	<Point X="217" Y="235"/>
	<Point X="216" Y="236"/>
	<Point X="215" Y="237"/>
	<Point X="214" Y="238"/>
	<Point X="213" Y="239"/>
	<Point X="212" Y="240"/>
	<Point X="211" Y="241"/>
	<Point X="210" Y="242"/>
	<Point X="209" Y="243"/>
	<Point X="208" Y="244"/>
	<Point X="207" Y="244"/>
	<Point X="206" Y="245"/>
	<Point X="206" Y="246"/>
	<Point X="205" Y="246"/>
	<Point X="204" Y="247"/>
	<Point X="203" Y="248"/>
	<Point X="202" Y="249"/>
	<Point X="201" Y="250"/>
	<Point X="200" Y="250"/>
	<Point X="199" Y="251"/>
	<Point X="198" Y="252"/>
	<Point X="197" Y="253"/>
	<Point X="195" Y="254"/>
	<Point X="193" Y="256"/>
	<Point X="192" Y="257"/>
	<Point X="191" Y="257"/>
	<Point X="188" Y="259"/>
	<Point X="187" Y="260"/>
	<Point X="186" Y="261"/>
	<Point X="185" Y="262"/>
	<Point X="184" Y="263"/>
	<Point X="182" Y="264"/>
	<Point X="178" Y="267"/>
	<Point X="175" Y="269"/>
	<Point X="173" Y="270"/>
	<Point X="172" Y="271"/>
	<Point X="170" Y="273"/>
	<Point X="169" Y="274"/>
	<Point X="168" Y="275"/>
	<Point X="166" Y="276"/>
	<Point X="165" Y="277"/>
	<Point X="164" Y="277"/>
	<Point X="163" Y="278"/>
	<Point X="162" Y="279"/>
	<Point X="161" Y="280"/>
	<Point X="159" Y="281"/>
	<Point X="158" Y="282"/>
	<Point X="157" Y="283"/>
	<Point X="156" Y="284"/>
	<Point X="155" Y="284"/>
	<Point X="154" Y="285"/>
	<Point X="153" Y="286"/>
	<Point X="152" Y="287"/>
	<Point X="151" Y="288"/>
	<Point X="150" Y="288"/>
	<Point X="150" Y="289"/>
	<Point X="149" Y="290"/>
	<Point X="148" Y="291"/>
	<Point X="147" Y="291"/>
	<Point X="146" Y="292"/>
	<Point X="145" Y="293"/>
	<Point X="144" Y="294"/>
	<Point X="141" Y="296"/>
	<Point X="140" Y="297"/>
	<Point X="139" Y="298"/>
	<Point X="138" Y="299"/>
	<Point X="137" Y="300"/>
	<Point X="136" Y="301"/>
	<Point X="135" Y="302"/>
	<Point X="134" Y="303"/>
	<Point X="133" Y="304"/>
</Gesture>
