<?xml version="1.0" ?>
<Gesture Name="star08" Subject="01" Number="08" NumPts="574">
	<Point X="130" Y="289"/>
	<Point X="130" Y="288"/>
	<Point X="130" Y="287"/>
	<Point X="130" Y="286"/>
	<Point X="130" Y="285"/>
	<Point X="130" Y="284"/>
	<Point X="131" Y="284"/>
	<Point X="131" Y="283"/>
	<Point X="131" Y="282"/>
	<Point X="131" Y="281"/>
	<Point X="132" Y="281"/>
	<Point X="132" Y="280"/>
	<Point X="132" Y="279"/>
	<Point X="133" Y="278"/>
	<Point X="133" Y="277"/>
	<Point X="133" Y="276"/>
	<Point X="134" Y="275"/>
	<Point X="134" Y="274"/>
	<Point X="134" Y="273"/>
	<Point X="135" Y="273"/>
	<Point X="135" Y="272"/>
	<Point X="135" Y="271"/>
	<Point X="136" Y="270"/>
	<Point X="137" Y="269"/>
	<Point X="137" Y="268"/>
	<Point X="137" Y="267"/>
	<Point X="138" Y="266"/>
	<Point X="138" Y="265"/>
	<Point X="139" Y="264"/>
	<Point X="139" Y="263"/>
	<Point X="140" Y="262"/>
	<Point X="140" Y="261"/>
	<Point X="141" Y="260"/>
	<Point X="141" Y="259"/>
	<Point X="142" Y="258"/>
	<Point X="142" Y="257"/>
	<Point X="143" Y="256"/>
	<Point X="143" Y="255"/>
	<Point X="144" Y="254"/>
	<Point X="144" Y="253"/>
	<Point X="145" Y="252"/>
	<Point X="145" Y="251"/>
	<Point X="146" Y="250"/>
	<Point X="146" Y="249"/>
	<Point X="147" Y="248"/>
	<Point X="148" Y="246"/>
	<Point X="148" Y="245"/>
	<Point X="149" Y="244"/>
	<Point X="149" Y="243"/>
	<Point X="150" Y="242"/>
	<Point X="150" Y="241"/>
	<Point X="151" Y="239"/>
	<Point X="151" Y="238"/>
	<Point X="152" Y="237"/>
	<Point X="152" Y="236"/>
	<Point X="153" Y="235"/>
	<Point X="154" Y="233"/>
	<Point X="154" Y="232"/>
	<Point X="155" Y="229"/>
	<Point X="156" Y="228"/>
	<Point X="156" Y="227"/>
	<Point X="157" Y="225"/>
	<Point X="157" Y="224"/>
	<Point X="158" Y="223"/>
	<Point X="158" Y="221"/>
	<Point X="159" Y="220"/>
	<Point X="159" Y="219"/>
	<Point X="160" Y="218"/>
	<Point X="160" Y="217"/>
	<Point X="161" Y="215"/>
	<Point X="162" Y="213"/>
	<Point X="162" Y="210"/>
	<Point X="163" Y="208"/>
	<Point X="164" Y="205"/>
	<Point X="164" Y="204"/>
	<Point X="165" Y="203"/>
	<Point X="165" Y="202"/>
	<Point X="166" Y="198"/>
	<Point X="167" Y="196"/>
	<Point X="167" Y="194"/>
	<Point X="168" Y="190"/>
	<Point X="169" Y="187"/>
	<Point X="170" Y="184"/>
	<Point X="170" Y="182"/>
	<Point X="171" Y="178"/>
	<Point X="172" Y="175"/>
	<Point X="173" Y="172"/>
	<Point X="173" Y="170"/>
	<Point X="173" Y="169"/>
	<Point X="174" Y="167"/>
	<Point X="174" Y="166"/>
	<Point X="174" Y="165"/>
	<Point X="175" Y="163"/>
	<Point X="175" Y="162"/>
	<Point X="175" Y="161"/>
	<Point X="175" Y="162"/>
	<Point X="175" Y="163"/>
	<Point X="176" Y="163"/>
	<Point X="176" Y="164"/>
	<Point X="176" Y="165"/>
	<Point X="177" Y="166"/>
	<Point X="177" Y="167"/>
	<Point X="177" Y="168"/>
	<Point X="178" Y="170"/>
	<Point X="179" Y="172"/>
	<Point X="179" Y="173"/>
	<Point X="180" Y="174"/>
	<Point X="180" Y="176"/>
	<Point X="181" Y="176"/>
	<Point X="181" Y="177"/>
	<Point X="182" Y="178"/>
	<Point X="182" Y="179"/>
	<Point X="182" Y="180"/>
	<Point X="183" Y="181"/>
	<Point X="184" Y="182"/>
	<Point X="184" Y="184"/>
	<Point X="185" Y="185"/>
	<Point X="185" Y="186"/>
	<Point X="186" Y="187"/>
	<Point X="186" Y="188"/>
	<Point X="187" Y="189"/>
	<Point X="187" Y="191"/>
	<Point X="188" Y="192"/>
	<Point X="188" Y="193"/>
	<Point X="189" Y="194"/>
	<Point X="190" Y="196"/>
	<Point X="191" Y="198"/>
	<Point X="191" Y="199"/>
	<Point X="192" Y="200"/>
	<Point X="194" Y="204"/>
	<Point X="195" Y="207"/>
	<Point X="196" Y="208"/>
	<Point X="196" Y="209"/>
	<Point X="197" Y="210"/>
	<Point X="198" Y="212"/>
	<Point X="198" Y="213"/>
	<Point X="199" Y="214"/>
	<Point X="200" Y="216"/>
	<Point X="200" Y="217"/>
	<Point X="201" Y="218"/>
	<Point X="201" Y="219"/>
	<Point X="202" Y="220"/>
	<Point X="203" Y="222"/>
	<Point X="203" Y="223"/>
	<Point X="204" Y="224"/>
	<Point X="204" Y="225"/>
	<Point X="205" Y="226"/>
	<Point X="206" Y="228"/>
	<Point X="206" Y="229"/>
	<Point X="207" Y="230"/>
	<Point X="207" Y="231"/>
	<Point X="208" Y="232"/>
	<Point X="208" Y="234"/>
	<Point X="209" Y="235"/>
	<Point X="210" Y="236"/>
	<Point X="210" Y="237"/>
	<Point X="211" Y="238"/>
	<Point X="211" Y="239"/>
	<Point X="212" Y="240"/>
	<Point X="212" Y="241"/>
	<Point X="213" Y="242"/>
	<Point X="213" Y="243"/>
	<Point X="214" Y="244"/>
	<Point X="215" Y="246"/>
	<Point X="216" Y="249"/>
	<Point X="216" Y="250"/>
	<Point X="217" Y="251"/>
	<Point X="217" Y="252"/>
	<Point X="218" Y="253"/>
	<Point X="218" Y="254"/>
	<Point X="219" Y="255"/>
	<Point X="219" Y="256"/>
	<Point X="220" Y="257"/>
	<Point X="220" Y="258"/>
	<Point X="220" Y="259"/>
	<Point X="221" Y="260"/>
	<Point X="221" Y="261"/>
	<Point X="222" Y="262"/>
	<Point X="222" Y="263"/>
	<Point X="223" Y="264"/>
	<Point X="223" Y="265"/>
	<Point X="223" Y="266"/>
	<Point X="224" Y="267"/>
	<Point X="224" Y="268"/>
	<Point X="224" Y="269"/>
	<Point X="224" Y="270"/>
	<Point X="225" Y="270"/>
	<Point X="225" Y="271"/>
	<Point X="225" Y="272"/>
	<Point X="225" Y="273"/>
	<Point X="226" Y="273"/>
	<Point X="226" Y="274"/>
	<Point X="226" Y="275"/>
	<Point X="227" Y="276"/>
	<Point X="227" Y="277"/>
	<Point X="227" Y="278"/>
	<Point X="227" Y="279"/>
	<Point X="228" Y="280"/>
	<Point X="228" Y="281"/>
	<Point X="228" Y="283"/>
	<Point X="229" Y="284"/>
	<Point X="229" Y="285"/>
	<Point X="229" Y="286"/>
	<Point X="229" Y="287"/>
	<Point X="229" Y="288"/>
	<Point X="230" Y="288"/>
	<Point X="230" Y="289"/>
	<Point X="230" Y="290"/>
	<Point X="230" Y="291"/>
	<Point X="230" Y="292"/>
	<Point X="230" Y="293"/>
	<Point X="231" Y="294"/>
	<Point X="231" Y="295"/>
	<Point X="231" Y="296"/>
	<Point X="231" Y="297"/>
	<Point X="231" Y="298"/>
	<Point X="231" Y="299"/>
	<Point X="231" Y="300"/>
	<Point X="231" Y="301"/>
	<Point X="231" Y="302"/>
	<Point X="230" Y="302"/>
	<Point X="230" Y="301"/>
	<Point X="229" Y="301"/>
	<Point X="229" Y="300"/>
	<Point X="228" Y="300"/>
	<Point X="227" Y="299"/>
	<Point X="227" Y="298"/>
	<Point X="226" Y="298"/>
	<Point X="225" Y="297"/>
	<Point X="225" Y="296"/>
	<Point X="224" Y="296"/>
	<Point X="224" Y="295"/>
	<Point X="223" Y="295"/>
	<Point X="223" Y="294"/>
	<Point X="222" Y="294"/>
	<Point X="221" Y="293"/>
	<Point X="221" Y="292"/>
	<Point X="220" Y="292"/>
	<Point X="220" Y="291"/>
	<Point X="219" Y="290"/>
	<Point X="218" Y="289"/>
	<Point X="217" Y="288"/>
	<Point X="216" Y="287"/>
	<Point X="216" Y="286"/>
	<Point X="215" Y="285"/>
	<Point X="214" Y="285"/>
	<Point X="214" Y="284"/>
	<Point X="213" Y="283"/>
	<Point X="212" Y="282"/>
	<Point X="211" Y="281"/>
	<Point X="209" Y="279"/>
	<Point X="208" Y="278"/>
	<Point X="207" Y="277"/>
	<Point X="206" Y="276"/>
	<Point X="205" Y="275"/>
	<Point X="203" Y="273"/>
	<Point X="202" Y="272"/>
	<Point X="201" Y="271"/>
	<Point X="200" Y="270"/>
	<Point X="199" Y="269"/>
	<Point X="198" Y="268"/>
	<Point X="197" Y="267"/>
	<Point X="196" Y="266"/>
	<Point X="194" Y="265"/>
	<Point X="193" Y="264"/>
	<Point X="192" Y="263"/>
	<Point X="191" Y="263"/>
	<Point X="190" Y="262"/>
	<Point X="189" Y="261"/>
	<Point X="188" Y="260"/>
	<Point X="186" Y="259"/>
	<Point X="185" Y="258"/>
	<Point X="184" Y="257"/>
	<Point X="183" Y="256"/>
	<Point X="181" Y="255"/>
	<Point X="180" Y="255"/>
	<Point X="179" Y="254"/>
	<Point X="177" Y="253"/>
	<Point X="176" Y="252"/>
	<Point X="175" Y="251"/>
	<Point X="174" Y="250"/>
	<Point X="172" Y="250"/>
	<Point X="171" Y="249"/>
	<Point X="170" Y="248"/>
	<Point X="168" Y="247"/>
	<Point X="167" Y="247"/>
	<Point X="164" Y="245"/>
	<Point X="163" Y="244"/>
	<Point X="162" Y="244"/>
	<Point X="160" Y="243"/>
	<Point X="159" Y="242"/>
	<Point X="157" Y="241"/>
	<Point X="156" Y="241"/>
	<Point X="155" Y="240"/>
	<Point X="153" Y="239"/>
	<Point X="152" Y="239"/>
	<Point X="150" Y="238"/>
	<Point X="149" Y="237"/>
	<Point X="147" Y="237"/>
	<Point X="146" Y="236"/>
	<Point X="145" Y="236"/>
	<Point X="143" Y="235"/>
	<Point X="142" Y="234"/>
	<Point X="140" Y="234"/>
	<Point X="139" Y="233"/>
	<Point X="138" Y="233"/>
	<Point X="136" Y="232"/>
	<Point X="135" Y="232"/>
	<Point X="133" Y="231"/>
	<Point X="132" Y="231"/>
	<Point X="131" Y="230"/>
	<Point X="129" Y="230"/>
	<Point X="128" Y="230"/>
	<Point X="126" Y="229"/>
	<Point X="125" Y="229"/>
	<Point X="124" Y="228"/>
	<Point X="122" Y="228"/>
	<Point X="121" Y="228"/>
	<Point X="120" Y="227"/>
	<Point X="119" Y="227"/>
	<Point X="118" Y="226"/>
	<Point X="116" Y="226"/>
	<Point X="115" Y="226"/>
	<Point X="114" Y="225"/>
	<Point X="113" Y="225"/>
	<Point X="110" Y="225"/>
	<Point X="108" Y="224"/>
	<Point X="107" Y="224"/>
	<Point X="106" Y="223"/>
	<Point X="105" Y="223"/>
	<Point X="104" Y="223"/>
	<Point X="103" Y="223"/>
	<Point X="102" Y="223"/>
	<Point X="101" Y="222"/>
	<Point X="100" Y="222"/>
	<Point X="99" Y="222"/>
	<Point X="98" Y="222"/>
	<Point X="97" Y="222"/>
	<Point X="96" Y="221"/>
	<Point X="95" Y="221"/>
	<Point X="94" Y="221"/>
	<Point X="93" Y="221"/>
	<Point X="92" Y="221"/>
	<Point X="91" Y="220"/>
	<Point X="90" Y="220"/>
	<Point X="89" Y="220"/>
	<Point X="90" Y="220"/>
	<Point X="91" Y="220"/>
	<Point X="92" Y="220"/>
	<Point X="93" Y="220"/>
	<Point X="94" Y="220"/>
	<Point X="95" Y="220"/>
	<Point X="96" Y="219"/>
	<Point X="97" Y="219"/>
	<Point X="98" Y="219"/>
	<Point X="99" Y="219"/>
	<Point X="100" Y="219"/>
	<Point X="101" Y="219"/>
	<Point X="102" Y="218"/>
	<Point X="103" Y="218"/>
	<Point X="104" Y="218"/>
	<Point X="105" Y="218"/>
	<Point X="107" Y="218"/>
	<Point X="108" Y="218"/>
	<Point X="109" Y="217"/>
	<Point X="110" Y="217"/>
	<Point X="111" Y="217"/>
	<Point X="112" Y="217"/>
	<Point X="114" Y="217"/>
	<Point X="115" Y="216"/>
	<Point X="116" Y="216"/>
	<Point X="117" Y="216"/>
	<Point X="119" Y="216"/>
	<Point X="120" Y="216"/>
	<Point X="121" Y="216"/>
	<Point X="123" Y="215"/>
	<Point X="124" Y="215"/>
	<Point X="126" Y="215"/>
	<Point X="127" Y="215"/>
	<Point X="129" Y="215"/>
	<Point X="130" Y="215"/>
	<Point X="132" Y="214"/>
	<Point X="133" Y="214"/>
	<Point X="135" Y="214"/>
	<Point X="136" Y="214"/>
	<Point X="138" Y="213"/>
	<Point X="139" Y="213"/>
	<Point X="140" Y="213"/>
	<Point X="143" Y="213"/>
	<Point X="144" Y="213"/>
	<Point X="146" Y="213"/>
	<Point X="147" Y="213"/>
	<Point X="150" Y="212"/>
	<Point X="152" Y="212"/>
	<Point X="153" Y="212"/>
	<Point X="155" Y="211"/>
	<Point X="156" Y="211"/>
	<Point X="158" Y="211"/>
	<Point X="160" Y="211"/>
	<Point X="161" Y="211"/>
	<Point X="163" Y="211"/>
	<Point X="164" Y="210"/>
	<Point X="166" Y="210"/>
	<Point X="168" Y="210"/>
	<Point X="169" Y="210"/>
	<Point X="171" Y="210"/>
	<Point X="172" Y="210"/>
	<Point X="174" Y="209"/>
	<Point X="175" Y="209"/>
	<Point X="177" Y="209"/>
	<Point X="178" Y="209"/>
	<Point X="180" Y="209"/>
	<Point X="181" Y="209"/>
	<Point X="183" Y="209"/>
	<Point X="184" Y="209"/>
	<Point X="186" Y="209"/>
	<Point X="187" Y="209"/>
	<Point X="188" Y="209"/>
	<Point X="190" Y="208"/>
	<Point X="191" Y="208"/>
	<Point X="194" Y="208"/>
	<Point X="195" Y="208"/>
	<Point X="196" Y="208"/>
	<Point X="198" Y="208"/>
	<Point X="199" Y="208"/>
	<Point X="200" Y="208"/>
	<Point X="204" Y="208"/>
	<Point X="205" Y="208"/>
	<Point X="207" Y="208"/>
	<Point X="208" Y="208"/>
	<Point X="209" Y="208"/>
	<Point X="210" Y="208"/>
	<Point X="211" Y="208"/>
	<Point X="213" Y="208"/>
	<Point X="214" Y="208"/>
	<Point X="215" Y="208"/>
	<Point X="216" Y="208"/>
	<Point X="217" Y="208"/>
	<Point X="218" Y="208"/>
	<Point X="219" Y="208"/>
	<Point X="220" Y="208"/>
	<Point X="221" Y="208"/>
	<Point X="222" Y="208"/>
	<Point X="223" Y="208"/>
	<Point X="224" Y="208"/>
	<Point X="225" Y="208"/>
	<Point X="226" Y="208"/>
	<Point X="227" Y="208"/>
	<Point X="228" Y="209"/>
	<Point X="229" Y="209"/>
	<Point X="230" Y="209"/>
	<Point X="231" Y="209"/>
	<Point X="232" Y="209"/>
	<Point X="233" Y="209"/>
	<Point X="234" Y="209"/>
	<Point X="235" Y="209"/>
	<Point X="236" Y="209"/>
	<Point X="237" Y="209"/>
	<Point X="238" Y="209"/>
	<Point X="240" Y="209"/>
	<Point X="241" Y="209"/>
	<Point X="242" Y="209"/>
	<Point X="243" Y="209"/>
	<Point X="244" Y="209"/>
	<Point X="245" Y="209"/>
	<Point X="246" Y="209"/>
	<Point X="247" Y="209"/>
	<Point X="248" Y="209"/>
	<Point X="248" Y="208"/>
	<Point X="247" Y="209"/>
	<Point X="246" Y="210"/>
	<Point X="246" Y="211"/>
	<Point X="245" Y="211"/>
	<Point X="245" Y="212"/>
	<Point X="244" Y="212"/>
	<Point X="244" Y="213"/>
	<Point X="243" Y="214"/>
	<Point X="242" Y="215"/>
	<Point X="241" Y="216"/>
	<Point X="240" Y="217"/>
	<Point X="239" Y="218"/>
	<Point X="238" Y="219"/>
	<Point X="237" Y="220"/>
	<Point X="237" Y="221"/>
	<Point X="236" Y="221"/>
	<Point X="236" Y="222"/>
	<Point X="235" Y="223"/>
	<Point X="234" Y="224"/>
	<Point X="233" Y="224"/>
	<Point X="232" Y="225"/>
	<Point X="232" Y="226"/>
	<Point X="231" Y="227"/>
	<Point X="230" Y="227"/>
	<Point X="229" Y="228"/>
	<Point X="229" Y="229"/>
	<Point X="228" Y="230"/>
	<Point X="227" Y="231"/>
	<Point X="226" Y="231"/>
	<Point X="225" Y="232"/>
	<Point X="224" Y="233"/>
	<Point X="223" Y="234"/>
	<Point X="222" Y="235"/>
	<Point X="220" Y="237"/>
	<Point X="218" Y="239"/>
	<Point X="217" Y="240"/>
	<Point X="215" Y="241"/>
	<Point X="214" Y="242"/>
	<Point X="213" Y="243"/>
	<Point X="210" Y="245"/>
	<Point X="209" Y="246"/>
	<Point X="208" Y="247"/>
	<Point X="207" Y="248"/>
	<Point X="205" Y="249"/>
	<Point X="204" Y="250"/>
	<Point X="202" Y="251"/>
	<Point X="201" Y="252"/>
	<Point X="200" Y="253"/>
	<Point X="199" Y="254"/>
	<Point X="197" Y="255"/>
	<Point X="196" Y="256"/>
	<Point X="195" Y="257"/>
	<Point X="193" Y="258"/>
	<Point X="192" Y="259"/>
	<Point X="190" Y="260"/>
	<Point X="189" Y="261"/>
	<Point X="187" Y="261"/>
	<Point X="186" Y="262"/>
	<Point X="184" Y="263"/>
	<Point X="183" Y="264"/>
	<Point X="182" Y="265"/>
	<Point X="180" Y="266"/>
	<Point X="179" Y="267"/>
	<Point X="177" Y="268"/>
	<Point X="176" Y="268"/>
	<Point X="175" Y="269"/>
	<Point X="173" Y="270"/>
	<Point X="172" Y="271"/>
	<Point X="170" Y="271"/>
	<Point X="169" Y="272"/>
	<Point X="167" Y="273"/>
	<Point X="166" Y="273"/>
	<Point X="165" Y="274"/>
	<Point X="163" Y="275"/>
	<Point X="160" Y="276"/>
	<Point X="158" Y="277"/>
	<Point X="156" Y="278"/>
	<Point X="155" Y="278"/>
	<Point X="154" Y="279"/>
	<Point X="152" Y="279"/>
	<Point X="151" Y="280"/>
	<Point X="150" Y="280"/>
	<Point X="149" Y="281"/>
	<Point X="148" Y="281"/>
	<Point X="147" Y="282"/>
	<Point X="145" Y="282"/>
	<Point X="144" Y="283"/>
	<Point X="143" Y="283"/>
	<Point X="142" Y="284"/>
	<Point X="141" Y="284"/>
	<Point X="140" Y="284"/>
	<Point X="139" Y="285"/>
	<Point X="138" Y="285"/>
	<Point X="137" Y="285"/>
	<Point X="136" Y="286"/>
	<Point X="135" Y="286"/>
	<Point X="134" Y="286"/>
	<Point X="134" Y="287"/>
	<Point X="133" Y="287"/>
	<Point X="132" Y="287"/>
	<Point X="131" Y="287"/>
	<Point X="130" Y="288"/>
	<Point X="129" Y="288"/>
	<Point X="128" Y="288"/>
	<Point X="127" Y="288"/>
</Gesture>
