<?xml version="1.0" ?>
<Gesture Name="star06" Subject="01" Number="06" NumPts="451">
	<Point X="137" Y="308"/>
	<Point X="137" Y="307"/>
	<Point X="137" Y="306"/>
	<Point X="137" Y="305"/>
	<Point X="137" Y="304"/>
	<Point X="137" Y="303"/>
	<Point X="137" Y="302"/>
	<Point X="137" Y="301"/>
	<Point X="138" Y="301"/>
	<Point X="138" Y="300"/>
	<Point X="138" Y="299"/>
	<Point X="138" Y="298"/>
	<Point X="139" Y="298"/>
	<Point X="139" Y="297"/>
	<Point X="139" Y="296"/>
	<Point X="140" Y="295"/>
	<Point X="140" Y="294"/>
	<Point X="140" Y="293"/>
	<Point X="141" Y="292"/>
	<Point X="141" Y="291"/>
	<Point X="142" Y="290"/>
	<Point X="142" Y="289"/>
	<Point X="142" Y="288"/>
	<Point X="143" Y="287"/>
	<Point X="143" Y="286"/>
	<Point X="144" Y="285"/>
	<Point X="144" Y="284"/>
	<Point X="145" Y="283"/>
	<Point X="145" Y="282"/>
	<Point X="146" Y="281"/>
	<Point X="146" Y="280"/>
	<Point X="146" Y="279"/>
	<Point X="147" Y="278"/>
	<Point X="147" Y="277"/>
	<Point X="148" Y="276"/>
	<Point X="148" Y="275"/>
	<Point X="149" Y="274"/>
	<Point X="149" Y="273"/>
	<Point X="150" Y="272"/>
	<Point X="150" Y="271"/>
	<Point X="150" Y="270"/>
	<Point X="151" Y="269"/>
	<Point X="151" Y="268"/>
	<Point X="152" Y="267"/>
	<Point X="152" Y="266"/>
	<Point X="152" Y="265"/>
	<Point X="153" Y="264"/>
	<Point X="153" Y="263"/>
	<Point X="154" Y="262"/>
	<Point X="154" Y="261"/>
	<Point X="154" Y="260"/>
	<Point X="155" Y="258"/>
	<Point X="155" Y="257"/>
	<Point X="156" Y="255"/>
	<Point X="157" Y="253"/>
	<Point X="157" Y="252"/>
	<Point X="158" Y="251"/>
	<Point X="158" Y="249"/>
	<Point X="159" Y="248"/>
	<Point X="159" Y="247"/>
	<Point X="159" Y="246"/>
	<Point X="160" Y="245"/>
	<Point X="160" Y="243"/>
	<Point X="161" Y="242"/>
	<Point X="161" Y="241"/>
	<Point X="161" Y="240"/>
	<Point X="162" Y="239"/>
	<Point X="162" Y="237"/>
	<Point X="163" Y="236"/>
	<Point X="163" Y="235"/>
	<Point X="163" Y="234"/>
	<Point X="164" Y="233"/>
	<Point X="164" Y="231"/>
	<Point X="164" Y="230"/>
	<Point X="165" Y="229"/>
	<Point X="165" Y="228"/>
	<Point X="165" Y="227"/>
	<Point X="165" Y="225"/>
	<Point X="166" Y="224"/>
	<Point X="166" Y="223"/>
	<Point X="166" Y="222"/>
	<Point X="167" Y="221"/>
	<Point X="167" Y="219"/>
	<Point X="167" Y="218"/>
	<Point X="168" Y="217"/>
	<Point X="168" Y="216"/>
	<Point X="168" Y="215"/>
	<Point X="168" Y="214"/>
	<Point X="168" Y="213"/>
	<Point X="169" Y="211"/>
	<Point X="169" Y="208"/>
	<Point X="170" Y="203"/>
	<Point X="171" Y="199"/>
	<Point X="171" Y="198"/>
	<Point X="171" Y="197"/>
	<Point X="171" Y="196"/>
	<Point X="171" Y="195"/>
	<Point X="171" Y="194"/>
	<Point X="171" Y="193"/>
	<Point X="172" Y="192"/>
	<Point X="172" Y="191"/>
	<Point X="172" Y="190"/>
	<Point X="172" Y="189"/>
	<Point X="172" Y="188"/>
	<Point X="172" Y="187"/>
	<Point X="172" Y="188"/>
	<Point X="173" Y="189"/>
	<Point X="173" Y="190"/>
	<Point X="173" Y="191"/>
	<Point X="174" Y="192"/>
	<Point X="174" Y="193"/>
	<Point X="175" Y="194"/>
	<Point X="175" Y="195"/>
	<Point X="175" Y="196"/>
	<Point X="176" Y="196"/>
	<Point X="176" Y="197"/>
	<Point X="177" Y="199"/>
	<Point X="177" Y="200"/>
	<Point X="178" Y="201"/>
	<Point X="179" Y="202"/>
	<Point X="179" Y="203"/>
	<Point X="179" Y="204"/>
	<Point X="180" Y="205"/>
	<Point X="180" Y="206"/>
	<Point X="181" Y="207"/>
	<Point X="182" Y="208"/>
	<Point X="182" Y="209"/>
	<Point X="183" Y="210"/>
	<Point X="183" Y="211"/>
	<Point X="184" Y="212"/>
	<Point X="184" Y="213"/>
	<Point X="185" Y="214"/>
	<Point X="185" Y="215"/>
	<Point X="186" Y="216"/>
	<Point X="187" Y="218"/>
	<Point X="187" Y="219"/>
	<Point X="188" Y="221"/>
	<Point X="189" Y="223"/>
	<Point X="190" Y="224"/>
	<Point X="190" Y="225"/>
	<Point X="190" Y="226"/>
	<Point X="191" Y="227"/>
	<Point X="191" Y="228"/>
	<Point X="192" Y="229"/>
	<Point X="192" Y="230"/>
	<Point X="193" Y="230"/>
	<Point X="193" Y="231"/>
	<Point X="193" Y="232"/>
	<Point X="194" Y="233"/>
	<Point X="194" Y="234"/>
	<Point X="195" Y="235"/>
	<Point X="195" Y="236"/>
	<Point X="195" Y="237"/>
	<Point X="196" Y="238"/>
	<Point X="196" Y="239"/>
	<Point X="196" Y="240"/>
	<Point X="197" Y="240"/>
	<Point X="197" Y="241"/>
	<Point X="197" Y="242"/>
	<Point X="198" Y="243"/>
	<Point X="198" Y="244"/>
	<Point X="198" Y="245"/>
	<Point X="199" Y="246"/>
	<Point X="199" Y="247"/>
	<Point X="200" Y="248"/>
	<Point X="200" Y="249"/>
	<Point X="200" Y="250"/>
	<Point X="201" Y="252"/>
	<Point X="201" Y="253"/>
	<Point X="201" Y="254"/>
	<Point X="202" Y="255"/>
	<Point X="202" Y="256"/>
	<Point X="202" Y="257"/>
	<Point X="202" Y="258"/>
	<Point X="203" Y="259"/>
	<Point X="203" Y="260"/>
	<Point X="203" Y="261"/>
	<Point X="203" Y="262"/>
	<Point X="203" Y="263"/>
	<Point X="204" Y="263"/>
	<Point X="204" Y="264"/>
	<Point X="204" Y="265"/>
	<Point X="204" Y="266"/>
	<Point X="204" Y="267"/>
	<Point X="204" Y="268"/>
	<Point X="205" Y="268"/>
	<Point X="205" Y="269"/>
	<Point X="205" Y="270"/>
	<Point X="205" Y="271"/>
	<Point X="205" Y="272"/>
	<Point X="205" Y="273"/>
	<Point X="205" Y="274"/>
	<Point X="205" Y="275"/>
	<Point X="205" Y="276"/>
	<Point X="205" Y="277"/>
	<Point X="205" Y="278"/>
	<Point X="206" Y="278"/>
	<Point X="206" Y="279"/>
	<Point X="206" Y="280"/>
	<Point X="206" Y="281"/>
	<Point X="206" Y="282"/>
	<Point X="206" Y="283"/>
	<Point X="206" Y="284"/>
	<Point X="206" Y="285"/>
	<Point X="206" Y="286"/>
	<Point X="206" Y="287"/>
	<Point X="206" Y="288"/>
	<Point X="206" Y="289"/>
	<Point X="206" Y="290"/>
	<Point X="206" Y="291"/>
	<Point X="206" Y="292"/>
	<Point X="205" Y="292"/>
	<Point X="204" Y="292"/>
	<Point X="204" Y="291"/>
	<Point X="203" Y="291"/>
	<Point X="202" Y="290"/>
	<Point X="201" Y="289"/>
	<Point X="200" Y="288"/>
	<Point X="197" Y="284"/>
	<Point X="196" Y="283"/>
	<Point X="193" Y="280"/>
	<Point X="192" Y="278"/>
	<Point X="190" Y="277"/>
	<Point X="189" Y="276"/>
	<Point X="189" Y="275"/>
	<Point X="187" Y="274"/>
	<Point X="186" Y="273"/>
	<Point X="185" Y="272"/>
	<Point X="184" Y="271"/>
	<Point X="182" Y="269"/>
	<Point X="181" Y="269"/>
	<Point X="178" Y="266"/>
	<Point X="176" Y="264"/>
	<Point X="173" Y="262"/>
	<Point X="171" Y="261"/>
	<Point X="170" Y="260"/>
	<Point X="168" Y="259"/>
	<Point X="168" Y="258"/>
	<Point X="167" Y="258"/>
	<Point X="166" Y="257"/>
	<Point X="165" Y="257"/>
	<Point X="164" Y="256"/>
	<Point X="162" Y="255"/>
	<Point X="161" Y="254"/>
	<Point X="160" Y="254"/>
	<Point X="158" Y="253"/>
	<Point X="156" Y="252"/>
	<Point X="155" Y="252"/>
	<Point X="151" Y="251"/>
	<Point X="149" Y="250"/>
	<Point X="148" Y="250"/>
	<Point X="147" Y="250"/>
	<Point X="146" Y="249"/>
	<Point X="145" Y="249"/>
	<Point X="144" Y="249"/>
	<Point X="143" Y="249"/>
	<Point X="142" Y="248"/>
	<Point X="141" Y="248"/>
	<Point X="140" Y="248"/>
	<Point X="139" Y="248"/>
	<Point X="138" Y="248"/>
	<Point X="137" Y="248"/>
	<Point X="136" Y="248"/>
	<Point X="136" Y="247"/>
	<Point X="135" Y="247"/>
	<Point X="134" Y="247"/>
	<Point X="133" Y="247"/>
	<Point X="132" Y="247"/>
	<Point X="131" Y="247"/>
	<Point X="131" Y="246"/>
	<Point X="131" Y="245"/>
	<Point X="132" Y="245"/>
	<Point X="133" Y="245"/>
	<Point X="133" Y="244"/>
	<Point X="134" Y="244"/>
	<Point X="135" Y="244"/>
	<Point X="135" Y="243"/>
	<Point X="136" Y="243"/>
	<Point X="137" Y="243"/>
	<Point X="138" Y="243"/>
	<Point X="139" Y="242"/>
	<Point X="140" Y="242"/>
	<Point X="141" Y="242"/>
	<Point X="142" Y="242"/>
	<Point X="143" Y="242"/>
	<Point X="144" Y="241"/>
	<Point X="145" Y="241"/>
	<Point X="146" Y="241"/>
	<Point X="147" Y="241"/>
	<Point X="148" Y="241"/>
	<Point X="149" Y="241"/>
	<Point X="150" Y="241"/>
	<Point X="151" Y="241"/>
	<Point X="152" Y="241"/>
	<Point X="153" Y="240"/>
	<Point X="154" Y="240"/>
	<Point X="155" Y="240"/>
	<Point X="156" Y="240"/>
	<Point X="157" Y="240"/>
	<Point X="158" Y="240"/>
	<Point X="159" Y="240"/>
	<Point X="160" Y="240"/>
	<Point X="161" Y="240"/>
	<Point X="166" Y="240"/>
	<Point X="168" Y="240"/>
	<Point X="169" Y="240"/>
	<Point X="170" Y="239"/>
	<Point X="172" Y="239"/>
	<Point X="173" Y="239"/>
	<Point X="174" Y="239"/>
	<Point X="175" Y="239"/>
	<Point X="176" Y="239"/>
	<Point X="177" Y="239"/>
	<Point X="178" Y="239"/>
	<Point X="180" Y="239"/>
	<Point X="181" Y="239"/>
	<Point X="182" Y="239"/>
	<Point X="183" Y="239"/>
	<Point X="184" Y="239"/>
	<Point X="186" Y="238"/>
	<Point X="187" Y="238"/>
	<Point X="188" Y="238"/>
	<Point X="189" Y="238"/>
	<Point X="190" Y="238"/>
	<Point X="191" Y="238"/>
	<Point X="192" Y="238"/>
	<Point X="193" Y="238"/>
	<Point X="194" Y="238"/>
	<Point X="195" Y="237"/>
	<Point X="196" Y="237"/>
	<Point X="198" Y="237"/>
	<Point X="199" Y="237"/>
	<Point X="200" Y="236"/>
	<Point X="202" Y="236"/>
	<Point X="203" Y="236"/>
	<Point X="204" Y="236"/>
	<Point X="205" Y="235"/>
	<Point X="206" Y="235"/>
	<Point X="207" Y="235"/>
	<Point X="208" Y="234"/>
	<Point X="209" Y="234"/>
	<Point X="211" Y="233"/>
	<Point X="212" Y="233"/>
	<Point X="213" Y="232"/>
	<Point X="214" Y="232"/>
	<Point X="215" Y="232"/>
	<Point X="216" Y="231"/>
	<Point X="217" Y="231"/>
	<Point X="218" Y="230"/>
	<Point X="219" Y="230"/>
	<Point X="220" Y="230"/>
	<Point X="220" Y="229"/>
	<Point X="221" Y="229"/>
	<Point X="222" Y="228"/>
	<Point X="223" Y="228"/>
	<Point X="224" Y="227"/>
	<Point X="225" Y="227"/>
	<Point X="226" Y="227"/>
	<Point X="226" Y="226"/>
	<Point X="227" Y="226"/>
	<Point X="227" Y="225"/>
	<Point X="228" Y="225"/>
	<Point X="227" Y="225"/>
	<Point X="226" Y="225"/>
	<Point X="226" Y="226"/>
	<Point X="225" Y="226"/>
	<Point X="225" Y="227"/>
	<Point X="224" Y="227"/>
	<Point X="224" Y="228"/>
	<Point X="223" Y="229"/>
	<Point X="223" Y="230"/>
	<Point X="222" Y="230"/>
	<Point X="222" Y="231"/>
	<Point X="221" Y="231"/>
	<Point X="221" Y="232"/>
	<Point X="220" Y="233"/>
	<Point X="220" Y="234"/>
	<Point X="219" Y="234"/>
	<Point X="218" Y="235"/>
	<Point X="217" Y="236"/>
	<Point X="216" Y="237"/>
	<Point X="214" Y="239"/>
	<Point X="214" Y="240"/>
	<Point X="213" Y="241"/>
	<Point X="212" Y="241"/>
	<Point X="211" Y="242"/>
	<Point X="210" Y="243"/>
	<Point X="209" Y="244"/>
	<Point X="208" Y="245"/>
	<Point X="207" Y="246"/>
	<Point X="206" Y="246"/>
	<Point X="205" Y="247"/>
	<Point X="204" Y="248"/>
	<Point X="203" Y="249"/>
	<Point X="202" Y="250"/>
	<Point X="201" Y="251"/>
	<Point X="197" Y="254"/>
	<Point X="195" Y="255"/>
	<Point X="194" Y="256"/>
	<Point X="193" Y="257"/>
	<Point X="191" Y="258"/>
	<Point X="190" Y="259"/>
	<Point X="188" Y="260"/>
	<Point X="187" Y="261"/>
	<Point X="185" Y="262"/>
	<Point X="184" Y="263"/>
	<Point X="183" Y="264"/>
	<Point X="181" Y="265"/>
	<Point X="180" Y="266"/>
	<Point X="178" Y="267"/>
	<Point X="175" Y="268"/>
	<Point X="174" Y="269"/>
	<Point X="172" Y="270"/>
	<Point X="171" Y="271"/>
	<Point X="170" Y="272"/>
	<Point X="168" Y="273"/>
	<Point X="167" Y="274"/>
	<Point X="164" Y="276"/>
	<Point X="162" Y="277"/>
	<Point X="161" Y="278"/>
	<Point X="160" Y="278"/>
	<Point X="158" Y="279"/>
	<Point X="157" Y="280"/>
	<Point X="156" Y="281"/>
	<Point X="154" Y="282"/>
	<Point X="153" Y="283"/>
	<Point X="152" Y="283"/>
	<Point X="151" Y="284"/>
	<Point X="149" Y="285"/>
	<Point X="148" Y="286"/>
	<Point X="147" Y="286"/>
	<Point X="145" Y="288"/>
	<Point X="142" Y="290"/>
	<Point X="141" Y="290"/>
	<Point X="140" Y="291"/>
	<Point X="139" Y="292"/>
	<Point X="138" Y="292"/>
	<Point X="137" Y="293"/>
	<Point X="136" Y="293"/>
	<Point X="135" Y="295"/>
	<Point X="134" Y="295"/>
	<Point X="133" Y="296"/>
	<Point X="132" Y="297"/>
	<Point X="131" Y="298"/>
	<Point X="130" Y="298"/>
	<Point X="129" Y="299"/>
	<Point X="128" Y="300"/>
	<Point X="127" Y="301"/>
	<Point X="126" Y="302"/>
	<Point X="126" Y="303"/>
	<Point X="125" Y="303"/>
</Gesture>
