<?xml version="1.0" ?>
<Gesture Name="star07" Subject="01" Number="07" NumPts="499">
	<Point X="153" Y="290"/>
	<Point X="153" Y="289"/>
	<Point X="153" Y="288"/>
	<Point X="153" Y="287"/>
	<Point X="153" Y="286"/>
	<Point X="153" Y="285"/>
	<Point X="153" Y="284"/>
	<Point X="153" Y="283"/>
	<Point X="153" Y="282"/>
	<Point X="153" Y="281"/>
	<Point X="153" Y="280"/>
	<Point X="153" Y="279"/>
	<Point X="154" Y="279"/>
	<Point X="154" Y="278"/>
	<Point X="154" Y="277"/>
	<Point X="154" Y="276"/>
	<Point X="154" Y="275"/>
	<Point X="155" Y="274"/>
	<Point X="155" Y="273"/>
	<Point X="155" Y="272"/>
	<Point X="155" Y="271"/>
	<Point X="156" Y="271"/>
	<Point X="156" Y="270"/>
	<Point X="156" Y="269"/>
	<Point X="156" Y="268"/>
	<Point X="157" Y="267"/>
	<Point X="157" Y="266"/>
	<Point X="157" Y="265"/>
	<Point X="157" Y="264"/>
	<Point X="158" Y="262"/>
	<Point X="158" Y="261"/>
	<Point X="159" Y="260"/>
	<Point X="159" Y="259"/>
	<Point X="159" Y="258"/>
	<Point X="159" Y="257"/>
	<Point X="160" Y="256"/>
	<Point X="160" Y="255"/>
	<Point X="160" Y="254"/>
	<Point X="160" Y="253"/>
	<Point X="161" Y="252"/>
	<Point X="161" Y="251"/>
	<Point X="161" Y="250"/>
	<Point X="161" Y="249"/>
	<Point X="162" Y="248"/>
	<Point X="162" Y="247"/>
	<Point X="162" Y="245"/>
	<Point X="163" Y="244"/>
	<Point X="163" Y="243"/>
	<Point X="163" Y="242"/>
	<Point X="163" Y="241"/>
	<Point X="164" Y="240"/>
	<Point X="164" Y="238"/>
	<Point X="164" Y="237"/>
	<Point X="164" Y="236"/>
	<Point X="165" Y="235"/>
	<Point X="165" Y="233"/>
	<Point X="165" Y="232"/>
	<Point X="165" Y="231"/>
	<Point X="166" Y="230"/>
	<Point X="166" Y="228"/>
	<Point X="166" Y="227"/>
	<Point X="167" Y="226"/>
	<Point X="167" Y="225"/>
	<Point X="167" Y="223"/>
	<Point X="167" Y="222"/>
	<Point X="167" Y="221"/>
	<Point X="168" Y="220"/>
	<Point X="168" Y="217"/>
	<Point X="169" Y="215"/>
	<Point X="169" Y="214"/>
	<Point X="169" Y="212"/>
	<Point X="169" Y="211"/>
	<Point X="170" Y="210"/>
	<Point X="170" Y="209"/>
	<Point X="170" Y="208"/>
	<Point X="170" Y="207"/>
	<Point X="170" Y="205"/>
	<Point X="171" Y="204"/>
	<Point X="171" Y="203"/>
	<Point X="171" Y="202"/>
	<Point X="171" Y="201"/>
	<Point X="171" Y="200"/>
	<Point X="171" Y="199"/>
	<Point X="172" Y="197"/>
	<Point X="172" Y="196"/>
	<Point X="172" Y="195"/>
	<Point X="172" Y="194"/>
	<Point X="172" Y="193"/>
	<Point X="172" Y="192"/>
	<Point X="173" Y="191"/>
	<Point X="173" Y="190"/>
	<Point X="173" Y="189"/>
	<Point X="173" Y="188"/>
	<Point X="173" Y="187"/>
	<Point X="173" Y="186"/>
	<Point X="173" Y="185"/>
	<Point X="174" Y="184"/>
	<Point X="174" Y="183"/>
	<Point X="174" Y="182"/>
	<Point X="174" Y="181"/>
	<Point X="174" Y="180"/>
	<Point X="174" Y="179"/>
	<Point X="174" Y="178"/>
	<Point X="174" Y="177"/>
	<Point X="174" Y="176"/>
	<Point X="175" Y="175"/>
	<Point X="175" Y="174"/>
	<Point X="175" Y="173"/>
	<Point X="175" Y="172"/>
	<Point X="175" Y="171"/>
	<Point X="175" Y="170"/>
	<Point X="175" Y="169"/>
	<Point X="176" Y="168"/>
	<Point X="176" Y="167"/>
	<Point X="176" Y="166"/>
	<Point X="176" Y="167"/>
	<Point X="177" Y="167"/>
	<Point X="177" Y="168"/>
	<Point X="177" Y="169"/>
	<Point X="177" Y="170"/>
	<Point X="178" Y="170"/>
	<Point X="178" Y="171"/>
	<Point X="179" Y="173"/>
	<Point X="179" Y="175"/>
	<Point X="180" Y="176"/>
	<Point X="180" Y="178"/>
	<Point X="181" Y="180"/>
	<Point X="182" Y="181"/>
	<Point X="182" Y="182"/>
	<Point X="182" Y="183"/>
	<Point X="183" Y="184"/>
	<Point X="183" Y="185"/>
	<Point X="183" Y="186"/>
	<Point X="184" Y="187"/>
	<Point X="184" Y="188"/>
	<Point X="184" Y="189"/>
	<Point X="185" Y="190"/>
	<Point X="185" Y="191"/>
	<Point X="185" Y="192"/>
	<Point X="186" Y="193"/>
	<Point X="186" Y="194"/>
	<Point X="186" Y="195"/>
	<Point X="187" Y="196"/>
	<Point X="187" Y="197"/>
	<Point X="188" Y="198"/>
	<Point X="188" Y="199"/>
	<Point X="189" Y="200"/>
	<Point X="189" Y="201"/>
	<Point X="189" Y="202"/>
	<Point X="190" Y="203"/>
	<Point X="190" Y="204"/>
	<Point X="191" Y="205"/>
	<Point X="191" Y="206"/>
	<Point X="191" Y="207"/>
	<Point X="192" Y="208"/>
	<Point X="192" Y="209"/>
	<Point X="194" Y="212"/>
	<Point X="194" Y="214"/>
	<Point X="195" Y="215"/>
	<Point X="195" Y="216"/>
	<Point X="195" Y="217"/>
	<Point X="196" Y="218"/>
	<Point X="196" Y="219"/>
	<Point X="197" Y="220"/>
	<Point X="197" Y="221"/>
	<Point X="198" Y="222"/>
	<Point X="198" Y="224"/>
	<Point X="199" Y="225"/>
	<Point X="199" Y="226"/>
	<Point X="199" Y="227"/>
	<Point X="200" Y="229"/>
	<Point X="200" Y="230"/>
	<Point X="201" Y="231"/>
	<Point X="201" Y="232"/>
	<Point X="201" Y="233"/>
	<Point X="202" Y="234"/>
	<Point X="202" Y="235"/>
	<Point X="202" Y="236"/>
	<Point X="203" Y="237"/>
	<Point X="203" Y="238"/>
	<Point X="203" Y="239"/>
	<Point X="204" Y="240"/>
	<Point X="204" Y="241"/>
	<Point X="204" Y="242"/>
	<Point X="205" Y="243"/>
	<Point X="205" Y="244"/>
	<Point X="205" Y="245"/>
	<Point X="205" Y="246"/>
	<Point X="206" Y="246"/>
	<Point X="206" Y="247"/>
	<Point X="206" Y="248"/>
	<Point X="206" Y="249"/>
	<Point X="207" Y="250"/>
	<Point X="207" Y="252"/>
	<Point X="207" Y="253"/>
	<Point X="208" Y="254"/>
	<Point X="208" Y="255"/>
	<Point X="208" Y="256"/>
	<Point X="208" Y="257"/>
	<Point X="209" Y="258"/>
	<Point X="209" Y="259"/>
	<Point X="209" Y="260"/>
	<Point X="209" Y="261"/>
	<Point X="209" Y="262"/>
	<Point X="210" Y="264"/>
	<Point X="210" Y="265"/>
	<Point X="210" Y="266"/>
	<Point X="210" Y="267"/>
	<Point X="211" Y="268"/>
	<Point X="211" Y="269"/>
	<Point X="211" Y="270"/>
	<Point X="211" Y="271"/>
	<Point X="212" Y="272"/>
	<Point X="212" Y="273"/>
	<Point X="212" Y="274"/>
	<Point X="212" Y="275"/>
	<Point X="212" Y="276"/>
	<Point X="213" Y="276"/>
	<Point X="213" Y="277"/>
	<Point X="213" Y="278"/>
	<Point X="213" Y="279"/>
	<Point X="214" Y="280"/>
	<Point X="214" Y="281"/>
	<Point X="214" Y="282"/>
	<Point X="214" Y="283"/>
	<Point X="214" Y="284"/>
	<Point X="215" Y="284"/>
	<Point X="215" Y="285"/>
	<Point X="215" Y="286"/>
	<Point X="215" Y="287"/>
	<Point X="215" Y="288"/>
	<Point X="214" Y="288"/>
	<Point X="213" Y="288"/>
	<Point X="213" Y="287"/>
	<Point X="212" Y="287"/>
	<Point X="211" Y="287"/>
	<Point X="211" Y="286"/>
	<Point X="210" Y="286"/>
	<Point X="210" Y="285"/>
	<Point X="209" Y="285"/>
	<Point X="208" Y="284"/>
	<Point X="207" Y="284"/>
	<Point X="207" Y="283"/>
	<Point X="206" Y="282"/>
	<Point X="205" Y="282"/>
	<Point X="204" Y="282"/>
	<Point X="204" Y="281"/>
	<Point X="203" Y="281"/>
	<Point X="202" Y="280"/>
	<Point X="201" Y="279"/>
	<Point X="200" Y="279"/>
	<Point X="200" Y="278"/>
	<Point X="199" Y="278"/>
	<Point X="198" Y="277"/>
	<Point X="197" Y="276"/>
	<Point X="196" Y="276"/>
	<Point X="193" Y="274"/>
	<Point X="191" Y="273"/>
	<Point X="190" Y="273"/>
	<Point X="189" Y="271"/>
	<Point X="187" Y="271"/>
	<Point X="185" Y="269"/>
	<Point X="182" Y="268"/>
	<Point X="178" Y="266"/>
	<Point X="174" Y="264"/>
	<Point X="172" Y="264"/>
	<Point X="170" Y="263"/>
	<Point X="167" Y="262"/>
	<Point X="164" Y="261"/>
	<Point X="162" Y="260"/>
	<Point X="158" Y="259"/>
	<Point X="154" Y="257"/>
	<Point X="143" Y="254"/>
	<Point X="137" Y="253"/>
	<Point X="134" Y="251"/>
	<Point X="133" Y="251"/>
	<Point X="132" Y="250"/>
	<Point X="131" Y="250"/>
	<Point X="130" Y="249"/>
	<Point X="129" Y="249"/>
	<Point X="128" Y="248"/>
	<Point X="127" Y="248"/>
	<Point X="126" Y="247"/>
	<Point X="125" Y="247"/>
	<Point X="124" Y="246"/>
	<Point X="124" Y="245"/>
	<Point X="123" Y="245"/>
	<Point X="122" Y="244"/>
	<Point X="121" Y="243"/>
	<Point X="120" Y="242"/>
	<Point X="120" Y="241"/>
	<Point X="120" Y="240"/>
	<Point X="119" Y="240"/>
	<Point X="119" Y="239"/>
	<Point X="119" Y="238"/>
	<Point X="118" Y="238"/>
	<Point X="118" Y="237"/>
	<Point X="118" Y="236"/>
	<Point X="118" Y="235"/>
	<Point X="117" Y="235"/>
	<Point X="117" Y="234"/>
	<Point X="118" Y="234"/>
	<Point X="119" Y="234"/>
	<Point X="120" Y="234"/>
	<Point X="121" Y="234"/>
	<Point X="122" Y="234"/>
	<Point X="123" Y="234"/>
	<Point X="124" Y="234"/>
	<Point X="125" Y="234"/>
	<Point X="126" Y="234"/>
	<Point X="127" Y="234"/>
	<Point X="128" Y="234"/>
	<Point X="129" Y="234"/>
	<Point X="130" Y="234"/>
	<Point X="131" Y="234"/>
	<Point X="132" Y="234"/>
	<Point X="133" Y="234"/>
	<Point X="134" Y="234"/>
	<Point X="135" Y="234"/>
	<Point X="136" Y="234"/>
	<Point X="137" Y="234"/>
	<Point X="138" Y="234"/>
	<Point X="139" Y="234"/>
	<Point X="140" Y="234"/>
	<Point X="141" Y="234"/>
	<Point X="142" Y="234"/>
	<Point X="143" Y="234"/>
	<Point X="144" Y="233"/>
	<Point X="145" Y="233"/>
	<Point X="146" Y="233"/>
	<Point X="147" Y="233"/>
	<Point X="148" Y="233"/>
	<Point X="149" Y="233"/>
	<Point X="150" Y="232"/>
	<Point X="151" Y="232"/>
	<Point X="152" Y="232"/>
	<Point X="153" Y="232"/>
	<Point X="154" Y="231"/>
	<Point X="156" Y="231"/>
	<Point X="157" Y="231"/>
	<Point X="158" Y="231"/>
	<Point X="159" Y="230"/>
	<Point X="160" Y="230"/>
	<Point X="162" Y="230"/>
	<Point X="163" Y="229"/>
	<Point X="164" Y="229"/>
	<Point X="168" Y="228"/>
	<Point X="171" Y="227"/>
	<Point X="172" Y="227"/>
	<Point X="173" Y="226"/>
	<Point X="176" Y="226"/>
	<Point X="177" Y="225"/>
	<Point X="178" Y="225"/>
	<Point X="179" Y="225"/>
	<Point X="180" Y="224"/>
	<Point X="181" Y="224"/>
	<Point X="182" Y="224"/>
	<Point X="183" Y="223"/>
	<Point X="184" Y="223"/>
	<Point X="185" Y="223"/>
	<Point X="186" Y="222"/>
	<Point X="187" Y="222"/>
	<Point X="188" Y="222"/>
	<Point X="190" Y="221"/>
	<Point X="191" Y="221"/>
	<Point X="192" Y="221"/>
	<Point X="193" Y="220"/>
	<Point X="194" Y="220"/>
	<Point X="196" Y="219"/>
	<Point X="197" Y="219"/>
	<Point X="198" Y="219"/>
	<Point X="199" Y="218"/>
	<Point X="200" Y="218"/>
	<Point X="201" Y="218"/>
	<Point X="202" Y="217"/>
	<Point X="204" Y="217"/>
	<Point X="205" Y="217"/>
	<Point X="207" Y="216"/>
	<Point X="208" Y="216"/>
	<Point X="209" Y="216"/>
	<Point X="210" Y="215"/>
	<Point X="211" Y="215"/>
	<Point X="212" Y="215"/>
	<Point X="213" Y="215"/>
	<Point X="214" Y="215"/>
	<Point X="214" Y="214"/>
	<Point X="215" Y="214"/>
	<Point X="216" Y="214"/>
	<Point X="217" Y="214"/>
	<Point X="218" Y="214"/>
	<Point X="219" Y="214"/>
	<Point X="220" Y="214"/>
	<Point X="221" Y="214"/>
	<Point X="221" Y="213"/>
	<Point X="222" Y="213"/>
	<Point X="223" Y="213"/>
	<Point X="224" Y="213"/>
	<Point X="225" Y="213"/>
	<Point X="226" Y="213"/>
	<Point X="227" Y="213"/>
	<Point X="228" Y="213"/>
	<Point X="228" Y="214"/>
	<Point X="228" Y="215"/>
	<Point X="227" Y="216"/>
	<Point X="227" Y="217"/>
	<Point X="226" Y="218"/>
	<Point X="226" Y="219"/>
	<Point X="225" Y="220"/>
	<Point X="225" Y="221"/>
	<Point X="224" Y="221"/>
	<Point X="224" Y="222"/>
	<Point X="223" Y="222"/>
	<Point X="223" Y="223"/>
	<Point X="223" Y="224"/>
	<Point X="222" Y="224"/>
	<Point X="222" Y="225"/>
	<Point X="221" Y="225"/>
	<Point X="221" Y="226"/>
	<Point X="220" Y="226"/>
	<Point X="220" Y="227"/>
	<Point X="219" Y="228"/>
	<Point X="218" Y="229"/>
	<Point X="217" Y="230"/>
	<Point X="216" Y="231"/>
	<Point X="216" Y="232"/>
	<Point X="215" Y="232"/>
	<Point X="214" Y="233"/>
	<Point X="213" Y="233"/>
	<Point X="213" Y="234"/>
	<Point X="212" Y="235"/>
	<Point X="211" Y="236"/>
	<Point X="210" Y="236"/>
	<Point X="209" Y="237"/>
	<Point X="208" Y="238"/>
	<Point X="207" Y="239"/>
	<Point X="206" Y="239"/>
	<Point X="205" Y="240"/>
	<Point X="204" Y="241"/>
	<Point X="202" Y="242"/>
	<Point X="198" Y="245"/>
	<Point X="195" Y="247"/>
	<Point X="194" Y="248"/>
	<Point X="193" Y="249"/>
	<Point X="192" Y="250"/>
	<Point X="190" Y="250"/>
	<Point X="189" Y="251"/>
	<Point X="188" Y="252"/>
	<Point X="186" Y="253"/>
	<Point X="185" Y="254"/>
	<Point X="184" Y="255"/>
	<Point X="182" Y="256"/>
	<Point X="181" Y="256"/>
	<Point X="180" Y="257"/>
	<Point X="178" Y="258"/>
	<Point X="177" Y="259"/>
	<Point X="176" Y="260"/>
	<Point X="174" Y="260"/>
	<Point X="173" Y="261"/>
	<Point X="171" Y="262"/>
	<Point X="170" Y="263"/>
	<Point X="168" Y="263"/>
	<Point X="167" Y="264"/>
	<Point X="165" Y="265"/>
	<Point X="164" Y="266"/>
	<Point X="163" Y="266"/>
	<Point X="161" Y="267"/>
	<Point X="160" Y="268"/>
	<Point X="159" Y="268"/>
	<Point X="154" Y="271"/>
	<Point X="152" Y="272"/>
	<Point X="146" Y="275"/>
	<Point X="145" Y="275"/>
	<Point X="144" Y="276"/>
	<Point X="143" Y="277"/>
	<Point X="142" Y="277"/>
	<Point X="140" Y="278"/>
	<Point X="139" Y="278"/>
	<Point X="138" Y="279"/>
	<Point X="137" Y="279"/>
	<Point X="136" Y="280"/>
	<Point X="135" Y="280"/>
	<Point X="134" Y="281"/>
	<Point X="133" Y="281"/>
	<Point X="133" Y="282"/>
	<Point X="132" Y="282"/>
	<Point X="131" Y="282"/>
	<Point X="130" Y="283"/>
	<Point X="129" Y="283"/>
	<Point X="128" Y="284"/>
	<Point X="127" Y="284"/>
	<Point X="126" Y="285"/>
	<Point X="125" Y="285"/>
	<Point X="125" Y="286"/>
	<Point X="124" Y="286"/>
	<Point X="124" Y="287"/>
	<Point X="123" Y="287"/>
	<Point X="122" Y="287"/>
	<Point X="122" Y="288"/>
	<Point X="121" Y="288"/>
</Gesture>
