<?xml version="1.0" ?>
<Gesture Name="triangle03" Subject="01" Number="03" NumPts="309">
	<Point X="173" Y="174"/>
	<Point X="173" Y="175"/>
	<Point X="172" Y="175"/>
	<Point X="172" Y="176"/>
	<Point X="172" Y="177"/>
	<Point X="171" Y="177"/>
	<Point X="171" Y="178"/>
	<Point X="171" Y="179"/>
	<Point X="170" Y="179"/>
	<Point X="170" Y="180"/>
	<Point X="169" Y="181"/>
	<Point X="169" Y="182"/>
	<Point X="168" Y="183"/>
	<Point X="167" Y="184"/>
	<Point X="167" Y="185"/>
	<Point X="166" Y="185"/>
	<Point X="165" Y="186"/>
	<Point X="165" Y="187"/>
	<Point X="164" Y="189"/>
	<Point X="163" Y="190"/>
	<Point X="162" Y="190"/>
	<Point X="162" Y="191"/>
	<Point X="161" Y="192"/>
	<Point X="160" Y="193"/>
	<Point X="160" Y="194"/>
	<Point X="159" Y="195"/>
	<Point X="158" Y="196"/>
	<Point X="157" Y="196"/>
	<Point X="156" Y="198"/>
	<Point X="155" Y="199"/>
	<Point X="154" Y="200"/>
	<Point X="153" Y="201"/>
	<Point X="152" Y="202"/>
	<Point X="152" Y="203"/>
	<Point X="151" Y="204"/>
	<Point X="150" Y="206"/>
	<Point X="148" Y="207"/>
	<Point X="146" Y="211"/>
	<Point X="145" Y="212"/>
	<Point X="144" Y="213"/>
	<Point X="144" Y="214"/>
	<Point X="143" Y="215"/>
	<Point X="142" Y="216"/>
	<Point X="141" Y="217"/>
	<Point X="141" Y="219"/>
	<Point X="140" Y="220"/>
	<Point X="139" Y="221"/>
	<Point X="139" Y="222"/>
	<Point X="138" Y="223"/>
	<Point X="137" Y="225"/>
	<Point X="137" Y="226"/>
	<Point X="136" Y="227"/>
	<Point X="136" Y="228"/>
	<Point X="135" Y="229"/>
	<Point X="134" Y="230"/>
	<Point X="134" Y="231"/>
	<Point X="133" Y="233"/>
	<Point X="133" Y="234"/>
	<Point X="132" Y="235"/>
	<Point X="132" Y="236"/>
	<Point X="131" Y="238"/>
	<Point X="130" Y="240"/>
	<Point X="129" Y="242"/>
	<Point X="129" Y="243"/>
	<Point X="128" Y="244"/>
	<Point X="128" Y="245"/>
	<Point X="127" Y="246"/>
	<Point X="127" Y="248"/>
	<Point X="127" Y="249"/>
	<Point X="126" Y="251"/>
	<Point X="125" Y="253"/>
	<Point X="125" Y="254"/>
	<Point X="124" Y="256"/>
	<Point X="124" Y="257"/>
	<Point X="124" Y="258"/>
	<Point X="123" Y="259"/>
	<Point X="123" Y="260"/>
	<Point X="123" Y="261"/>
	<Point X="122" Y="262"/>
	<Point X="122" Y="263"/>
	<Point X="122" Y="264"/>
	<Point X="121" Y="265"/>
	<Point X="121" Y="266"/>
	<Point X="121" Y="267"/>
	<Point X="121" Y="268"/>
	<Point X="120" Y="269"/>
	<Point X="120" Y="270"/>
	<Point X="119" Y="271"/>
	<Point X="119" Y="272"/>
	<Point X="119" Y="273"/>
	<Point X="119" Y="274"/>
	<Point X="118" Y="275"/>
	<Point X="118" Y="276"/>
	<Point X="118" Y="277"/>
	<Point X="118" Y="278"/>
	<Point X="117" Y="279"/>
	<Point X="117" Y="280"/>
	<Point X="117" Y="281"/>
	<Point X="117" Y="282"/>
	<Point X="117" Y="283"/>
	<Point X="116" Y="283"/>
	<Point X="116" Y="284"/>
	<Point X="116" Y="285"/>
	<Point X="116" Y="286"/>
	<Point X="116" Y="287"/>
	<Point X="115" Y="288"/>
	<Point X="115" Y="289"/>
	<Point X="115" Y="290"/>
	<Point X="115" Y="291"/>
	<Point X="115" Y="292"/>
	<Point X="114" Y="292"/>
	<Point X="114" Y="293"/>
	<Point X="114" Y="294"/>
	<Point X="114" Y="295"/>
	<Point X="114" Y="296"/>
	<Point X="113" Y="297"/>
	<Point X="113" Y="298"/>
	<Point X="113" Y="299"/>
	<Point X="113" Y="300"/>
	<Point X="113" Y="301"/>
	<Point X="113" Y="302"/>
	<Point X="112" Y="302"/>
	<Point X="112" Y="303"/>
	<Point X="112" Y="304"/>
	<Point X="112" Y="305"/>
	<Point X="113" Y="305"/>
	<Point X="114" Y="305"/>
	<Point X="115" Y="305"/>
	<Point X="116" Y="305"/>
	<Point X="117" Y="305"/>
	<Point X="118" Y="305"/>
	<Point X="119" Y="305"/>
	<Point X="120" Y="305"/>
	<Point X="121" Y="305"/>
	<Point X="121" Y="304"/>
	<Point X="122" Y="304"/>
	<Point X="123" Y="304"/>
	<Point X="124" Y="304"/>
	<Point X="125" Y="304"/>
	<Point X="126" Y="304"/>
	<Point X="127" Y="304"/>
	<Point X="128" Y="304"/>
	<Point X="129" Y="304"/>
	<Point X="130" Y="304"/>
	<Point X="131" Y="303"/>
	<Point X="132" Y="303"/>
	<Point X="133" Y="303"/>
	<Point X="135" Y="303"/>
	<Point X="137" Y="303"/>
	<Point X="138" Y="303"/>
	<Point X="140" Y="303"/>
	<Point X="141" Y="303"/>
	<Point X="143" Y="303"/>
	<Point X="144" Y="302"/>
	<Point X="150" Y="302"/>
	<Point X="161" Y="301"/>
	<Point X="168" Y="301"/>
	<Point X="182" Y="301"/>
	<Point X="186" Y="300"/>
	<Point X="190" Y="300"/>
	<Point X="195" Y="300"/>
	<Point X="199" Y="300"/>
	<Point X="205" Y="300"/>
	<Point X="211" Y="300"/>
	<Point X="215" Y="300"/>
	<Point X="219" Y="300"/>
	<Point X="223" Y="300"/>
	<Point X="228" Y="300"/>
	<Point X="230" Y="300"/>
	<Point X="232" Y="300"/>
	<Point X="234" Y="300"/>
	<Point X="236" Y="300"/>
	<Point X="238" Y="300"/>
	<Point X="239" Y="300"/>
	<Point X="240" Y="300"/>
	<Point X="240" Y="301"/>
	<Point X="241" Y="301"/>
	<Point X="242" Y="301"/>
	<Point X="243" Y="301"/>
	<Point X="243" Y="300"/>
	<Point X="243" Y="299"/>
	<Point X="243" Y="298"/>
	<Point X="243" Y="297"/>
	<Point X="242" Y="297"/>
	<Point X="242" Y="296"/>
	<Point X="242" Y="295"/>
	<Point X="241" Y="294"/>
	<Point X="241" Y="293"/>
	<Point X="241" Y="292"/>
	<Point X="240" Y="292"/>
	<Point X="240" Y="291"/>
	<Point X="239" Y="290"/>
	<Point X="239" Y="289"/>
	<Point X="238" Y="288"/>
	<Point X="238" Y="287"/>
	<Point X="237" Y="286"/>
	<Point X="237" Y="285"/>
	<Point X="236" Y="284"/>
	<Point X="236" Y="283"/>
	<Point X="235" Y="282"/>
	<Point X="234" Y="281"/>
	<Point X="234" Y="280"/>
	<Point X="233" Y="279"/>
	<Point X="232" Y="278"/>
	<Point X="232" Y="277"/>
	<Point X="231" Y="276"/>
	<Point X="231" Y="275"/>
	<Point X="231" Y="274"/>
	<Point X="230" Y="273"/>
	<Point X="229" Y="273"/>
	<Point X="229" Y="271"/>
	<Point X="228" Y="269"/>
	<Point X="227" Y="268"/>
	<Point X="226" Y="267"/>
	<Point X="226" Y="266"/>
	<Point X="225" Y="265"/>
	<Point X="225" Y="264"/>
	<Point X="224" Y="263"/>
	<Point X="223" Y="262"/>
	<Point X="223" Y="261"/>
	<Point X="222" Y="260"/>
	<Point X="222" Y="259"/>
	<Point X="221" Y="258"/>
	<Point X="220" Y="257"/>
	<Point X="220" Y="256"/>
	<Point X="219" Y="255"/>
	<Point X="219" Y="254"/>
	<Point X="218" Y="253"/>
	<Point X="217" Y="251"/>
	<Point X="217" Y="250"/>
	<Point X="216" Y="249"/>
	<Point X="215" Y="248"/>
	<Point X="215" Y="247"/>
	<Point X="214" Y="246"/>
	<Point X="213" Y="245"/>
	<Point X="213" Y="244"/>
	<Point X="212" Y="243"/>
	<Point X="211" Y="242"/>
	<Point X="211" Y="241"/>
	<Point X="210" Y="240"/>
	<Point X="209" Y="239"/>
	<Point X="209" Y="238"/>
	<Point X="208" Y="237"/>
	<Point X="208" Y="236"/>
	<Point X="207" Y="235"/>
	<Point X="206" Y="233"/>
	<Point X="205" Y="232"/>
	<Point X="204" Y="230"/>
	<Point X="202" Y="228"/>
	<Point X="201" Y="226"/>
	<Point X="200" Y="225"/>
	<Point X="199" Y="225"/>
	<Point X="199" Y="224"/>
	<Point X="198" Y="223"/>
	<Point X="197" Y="222"/>
	<Point X="197" Y="221"/>
	<Point X="196" Y="221"/>
	<Point X="196" Y="220"/>
	<Point X="195" Y="219"/>
	<Point X="194" Y="218"/>
	<Point X="194" Y="217"/>
	<Point X="193" Y="217"/>
	<Point X="193" Y="216"/>
	<Point X="192" Y="216"/>
	<Point X="192" Y="215"/>
	<Point X="191" Y="214"/>
	<Point X="191" Y="213"/>
	<Point X="190" Y="213"/>
	<Point X="189" Y="212"/>
	<Point X="189" Y="211"/>
	<Point X="188" Y="210"/>
	<Point X="187" Y="210"/>
	<Point X="187" Y="209"/>
	<Point X="186" Y="208"/>
	<Point X="185" Y="207"/>
	<Point X="184" Y="206"/>
	<Point X="184" Y="205"/>
	<Point X="183" Y="205"/>
	<Point X="183" Y="204"/>
	<Point X="182" Y="204"/>
	<Point X="182" Y="203"/>
	<Point X="181" Y="202"/>
	<Point X="180" Y="201"/>
	<Point X="180" Y="200"/>
	<Point X="179" Y="200"/>
	<Point X="179" Y="199"/>
	<Point X="178" Y="198"/>
	<Point X="178" Y="197"/>
	<Point X="177" Y="197"/>
	<Point X="177" Y="196"/>
	<Point X="177" Y="195"/>
	<Point X="176" Y="195"/>
	<Point X="176" Y="194"/>
	<Point X="176" Y="193"/>
	<Point X="175" Y="193"/>
	<Point X="175" Y="192"/>
	<Point X="175" Y="191"/>
	<Point X="175" Y="190"/>
	<Point X="174" Y="190"/>
	<Point X="174" Y="189"/>
	<Point X="174" Y="188"/>
	<Point X="174" Y="187"/>
	<Point X="174" Y="186"/>
	<Point X="173" Y="186"/>
	<Point X="173" Y="185"/>
	<Point X="173" Y="184"/>
	<Point X="173" Y="183"/>
	<Point X="173" Y="182"/>
	<Point X="172" Y="182"/>
</Gesture>
