<?xml version="1.0" ?>
<Gesture Name="triangle09" Subject="01" Number="09" NumPts="354">
	<Point X="188" Y="198"/>
	<Point X="188" Y="199"/>
	<Point X="188" Y="200"/>
	<Point X="187" Y="200"/>
	<Point X="187" Y="201"/>
	<Point X="187" Y="202"/>
	<Point X="187" Y="203"/>
	<Point X="186" Y="204"/>
	<Point X="186" Y="205"/>
	<Point X="186" Y="206"/>
	<Point X="185" Y="207"/>
	<Point X="185" Y="208"/>
	<Point X="185" Y="209"/>
	<Point X="184" Y="209"/>
	<Point X="184" Y="210"/>
	<Point X="184" Y="211"/>
	<Point X="183" Y="212"/>
	<Point X="183" Y="213"/>
	<Point X="183" Y="214"/>
	<Point X="182" Y="215"/>
	<Point X="182" Y="216"/>
	<Point X="181" Y="217"/>
	<Point X="181" Y="219"/>
	<Point X="181" Y="220"/>
	<Point X="180" Y="220"/>
	<Point X="180" Y="221"/>
	<Point X="180" Y="222"/>
	<Point X="179" Y="223"/>
	<Point X="179" Y="224"/>
	<Point X="178" Y="225"/>
	<Point X="178" Y="226"/>
	<Point X="177" Y="227"/>
	<Point X="177" Y="228"/>
	<Point X="177" Y="229"/>
	<Point X="176" Y="230"/>
	<Point X="176" Y="231"/>
	<Point X="175" Y="232"/>
	<Point X="175" Y="233"/>
	<Point X="174" Y="234"/>
	<Point X="174" Y="235"/>
	<Point X="174" Y="236"/>
	<Point X="173" Y="237"/>
	<Point X="172" Y="238"/>
	<Point X="172" Y="239"/>
	<Point X="172" Y="240"/>
	<Point X="171" Y="241"/>
	<Point X="170" Y="242"/>
	<Point X="170" Y="243"/>
	<Point X="170" Y="244"/>
	<Point X="169" Y="245"/>
	<Point X="168" Y="246"/>
	<Point X="168" Y="247"/>
	<Point X="167" Y="248"/>
	<Point X="167" Y="249"/>
	<Point X="166" Y="251"/>
	<Point X="165" Y="253"/>
	<Point X="165" Y="254"/>
	<Point X="164" Y="255"/>
	<Point X="163" Y="256"/>
	<Point X="163" Y="257"/>
	<Point X="163" Y="258"/>
	<Point X="162" Y="258"/>
	<Point X="162" Y="259"/>
	<Point X="162" Y="260"/>
	<Point X="161" Y="261"/>
	<Point X="160" Y="262"/>
	<Point X="160" Y="263"/>
	<Point X="160" Y="264"/>
	<Point X="159" Y="265"/>
	<Point X="159" Y="266"/>
	<Point X="158" Y="267"/>
	<Point X="158" Y="268"/>
	<Point X="157" Y="269"/>
	<Point X="157" Y="270"/>
	<Point X="157" Y="271"/>
	<Point X="156" Y="272"/>
	<Point X="156" Y="273"/>
	<Point X="155" Y="274"/>
	<Point X="155" Y="275"/>
	<Point X="155" Y="276"/>
	<Point X="154" Y="277"/>
	<Point X="154" Y="278"/>
	<Point X="153" Y="280"/>
	<Point X="153" Y="281"/>
	<Point X="152" Y="282"/>
	<Point X="152" Y="283"/>
	<Point X="151" Y="284"/>
	<Point X="151" Y="285"/>
	<Point X="151" Y="286"/>
	<Point X="150" Y="286"/>
	<Point X="150" Y="287"/>
	<Point X="150" Y="288"/>
	<Point X="150" Y="289"/>
	<Point X="149" Y="289"/>
	<Point X="149" Y="290"/>
	<Point X="149" Y="291"/>
	<Point X="148" Y="292"/>
	<Point X="148" Y="293"/>
	<Point X="148" Y="294"/>
	<Point X="147" Y="294"/>
	<Point X="147" Y="295"/>
	<Point X="147" Y="296"/>
	<Point X="146" Y="297"/>
	<Point X="146" Y="298"/>
	<Point X="146" Y="299"/>
	<Point X="145" Y="300"/>
	<Point X="145" Y="301"/>
	<Point X="145" Y="302"/>
	<Point X="144" Y="302"/>
	<Point X="144" Y="303"/>
	<Point X="144" Y="304"/>
	<Point X="144" Y="305"/>
	<Point X="143" Y="305"/>
	<Point X="143" Y="306"/>
	<Point X="143" Y="307"/>
	<Point X="144" Y="307"/>
	<Point X="145" Y="307"/>
	<Point X="146" Y="307"/>
	<Point X="147" Y="307"/>
	<Point X="148" Y="307"/>
	<Point X="149" Y="307"/>
	<Point X="150" Y="307"/>
	<Point X="151" Y="307"/>
	<Point X="152" Y="307"/>
	<Point X="153" Y="307"/>
	<Point X="154" Y="307"/>
	<Point X="155" Y="307"/>
	<Point X="156" Y="307"/>
	<Point X="157" Y="307"/>
	<Point X="158" Y="307"/>
	<Point X="159" Y="307"/>
	<Point X="160" Y="307"/>
	<Point X="161" Y="307"/>
	<Point X="162" Y="307"/>
	<Point X="163" Y="307"/>
	<Point X="164" Y="307"/>
	<Point X="165" Y="307"/>
	<Point X="166" Y="307"/>
	<Point X="167" Y="307"/>
	<Point X="168" Y="307"/>
	<Point X="169" Y="307"/>
	<Point X="170" Y="307"/>
	<Point X="171" Y="307"/>
	<Point X="172" Y="307"/>
	<Point X="173" Y="307"/>
	<Point X="174" Y="307"/>
	<Point X="176" Y="307"/>
	<Point X="177" Y="307"/>
	<Point X="179" Y="307"/>
	<Point X="180" Y="307"/>
	<Point X="181" Y="307"/>
	<Point X="182" Y="307"/>
	<Point X="183" Y="307"/>
	<Point X="184" Y="307"/>
	<Point X="185" Y="307"/>
	<Point X="186" Y="307"/>
	<Point X="187" Y="307"/>
	<Point X="188" Y="307"/>
	<Point X="189" Y="307"/>
	<Point X="190" Y="307"/>
	<Point X="191" Y="307"/>
	<Point X="192" Y="307"/>
	<Point X="193" Y="307"/>
	<Point X="194" Y="307"/>
	<Point X="195" Y="307"/>
	<Point X="196" Y="307"/>
	<Point X="197" Y="307"/>
	<Point X="199" Y="307"/>
	<Point X="200" Y="307"/>
	<Point X="201" Y="307"/>
	<Point X="202" Y="307"/>
	<Point X="203" Y="307"/>
	<Point X="204" Y="307"/>
	<Point X="205" Y="307"/>
	<Point X="206" Y="307"/>
	<Point X="207" Y="307"/>
	<Point X="209" Y="307"/>
	<Point X="210" Y="307"/>
	<Point X="211" Y="307"/>
	<Point X="212" Y="307"/>
	<Point X="213" Y="307"/>
	<Point X="214" Y="307"/>
	<Point X="215" Y="307"/>
	<Point X="216" Y="307"/>
	<Point X="217" Y="307"/>
	<Point X="218" Y="307"/>
	<Point X="219" Y="307"/>
	<Point X="220" Y="307"/>
	<Point X="221" Y="307"/>
	<Point X="223" Y="307"/>
	<Point X="224" Y="307"/>
	<Point X="225" Y="307"/>
	<Point X="226" Y="307"/>
	<Point X="228" Y="307"/>
	<Point X="229" Y="307"/>
	<Point X="230" Y="307"/>
	<Point X="231" Y="307"/>
	<Point X="232" Y="307"/>
	<Point X="233" Y="307"/>
	<Point X="234" Y="307"/>
	<Point X="235" Y="307"/>
	<Point X="236" Y="307"/>
	<Point X="237" Y="307"/>
	<Point X="238" Y="307"/>
	<Point X="239" Y="307"/>
	<Point X="240" Y="307"/>
	<Point X="241" Y="307"/>
	<Point X="242" Y="307"/>
	<Point X="243" Y="307"/>
	<Point X="244" Y="307"/>
	<Point X="245" Y="307"/>
	<Point X="246" Y="307"/>
	<Point X="248" Y="307"/>
	<Point X="249" Y="307"/>
	<Point X="251" Y="307"/>
	<Point X="252" Y="307"/>
	<Point X="253" Y="307"/>
	<Point X="254" Y="307"/>
	<Point X="255" Y="307"/>
	<Point X="256" Y="307"/>
	<Point X="257" Y="307"/>
	<Point X="258" Y="307"/>
	<Point X="259" Y="307"/>
	<Point X="260" Y="307"/>
	<Point X="261" Y="307"/>
	<Point X="262" Y="307"/>
	<Point X="263" Y="307"/>
	<Point X="263" Y="306"/>
	<Point X="263" Y="305"/>
	<Point X="263" Y="304"/>
	<Point X="263" Y="303"/>
	<Point X="262" Y="303"/>
	<Point X="262" Y="302"/>
	<Point X="262" Y="301"/>
	<Point X="261" Y="301"/>
	<Point X="261" Y="300"/>
	<Point X="261" Y="299"/>
	<Point X="260" Y="299"/>
	<Point X="260" Y="298"/>
	<Point X="260" Y="297"/>
	<Point X="259" Y="297"/>
	<Point X="259" Y="296"/>
	<Point X="259" Y="295"/>
	<Point X="258" Y="295"/>
	<Point X="258" Y="294"/>
	<Point X="258" Y="293"/>
	<Point X="257" Y="293"/>
	<Point X="257" Y="292"/>
	<Point X="256" Y="291"/>
	<Point X="256" Y="290"/>
	<Point X="255" Y="289"/>
	<Point X="254" Y="287"/>
	<Point X="253" Y="286"/>
	<Point X="253" Y="285"/>
	<Point X="252" Y="284"/>
	<Point X="252" Y="283"/>
	<Point X="251" Y="282"/>
	<Point X="250" Y="281"/>
	<Point X="250" Y="280"/>
	<Point X="249" Y="279"/>
	<Point X="249" Y="278"/>
	<Point X="248" Y="277"/>
	<Point X="247" Y="277"/>
	<Point X="247" Y="276"/>
	<Point X="246" Y="275"/>
	<Point X="246" Y="274"/>
	<Point X="245" Y="273"/>
	<Point X="245" Y="272"/>
	<Point X="244" Y="271"/>
	<Point X="243" Y="270"/>
	<Point X="243" Y="269"/>
	<Point X="242" Y="269"/>
	<Point X="241" Y="268"/>
	<Point X="241" Y="267"/>
	<Point X="240" Y="266"/>
	<Point X="239" Y="265"/>
	<Point X="239" Y="264"/>
	<Point X="238" Y="263"/>
	<Point X="237" Y="262"/>
	<Point X="236" Y="261"/>
	<Point X="236" Y="260"/>
	<Point X="235" Y="259"/>
	<Point X="234" Y="258"/>
	<Point X="233" Y="257"/>
	<Point X="232" Y="254"/>
	<Point X="230" Y="252"/>
	<Point X="230" Y="251"/>
	<Point X="229" Y="251"/>
	<Point X="228" Y="250"/>
	<Point X="227" Y="249"/>
	<Point X="227" Y="247"/>
	<Point X="226" Y="246"/>
	<Point X="225" Y="245"/>
	<Point X="224" Y="244"/>
	<Point X="224" Y="243"/>
	<Point X="223" Y="242"/>
	<Point X="222" Y="241"/>
	<Point X="221" Y="240"/>
	<Point X="220" Y="239"/>
	<Point X="220" Y="238"/>
	<Point X="219" Y="237"/>
	<Point X="218" Y="236"/>
	<Point X="217" Y="235"/>
	<Point X="216" Y="234"/>
	<Point X="215" Y="233"/>
	<Point X="215" Y="232"/>
	<Point X="214" Y="231"/>
	<Point X="213" Y="230"/>
	<Point X="213" Y="229"/>
	<Point X="212" Y="228"/>
	<Point X="211" Y="227"/>
	<Point X="211" Y="226"/>
	<Point X="210" Y="226"/>
	<Point X="210" Y="225"/>
	<Point X="209" Y="224"/>
	<Point X="208" Y="223"/>
	<Point X="208" Y="222"/>
	<Point X="207" Y="221"/>
	<Point X="207" Y="220"/>
	<Point X="206" Y="220"/>
	<Point X="206" Y="219"/>
	<Point X="205" Y="218"/>
	<Point X="205" Y="217"/>
	<Point X="204" Y="217"/>
	<Point X="204" Y="216"/>
	<Point X="203" Y="215"/>
	<Point X="203" Y="214"/>
	<Point X="202" Y="213"/>
	<Point X="201" Y="211"/>
	<Point X="200" Y="210"/>
	<Point X="200" Y="209"/>
	<Point X="199" Y="208"/>
	<Point X="199" Y="207"/>
	<Point X="198" Y="206"/>
	<Point X="198" Y="205"/>
	<Point X="197" Y="204"/>
	<Point X="197" Y="203"/>
	<Point X="196" Y="202"/>
	<Point X="196" Y="201"/>
	<Point X="195" Y="201"/>
	<Point X="195" Y="200"/>
	<Point X="195" Y="199"/>
	<Point X="195" Y="198"/>
	<Point X="194" Y="198"/>
	<Point X="194" Y="197"/>
	<Point X="194" Y="196"/>
	<Point X="193" Y="196"/>
	<Point X="193" Y="195"/>
	<Point X="193" Y="194"/>
	<Point X="192" Y="193"/>
	<Point X="192" Y="192"/>
	<Point X="192" Y="191"/>
	<Point X="191" Y="191"/>
	<Point X="191" Y="190"/>
</Gesture>
