<?xml version="1.0" ?>
<Gesture Name="triangle06" Subject="01" Number="06" NumPts="257">
	<Point X="200" Y="183"/>
	<Point X="200" Y="184"/>
	<Point X="200" Y="185"/>
	<Point X="199" Y="185"/>
	<Point X="199" Y="186"/>
	<Point X="198" Y="187"/>
	<Point X="198" Y="188"/>
	<Point X="197" Y="188"/>
	<Point X="197" Y="189"/>
	<Point X="196" Y="190"/>
	<Point X="195" Y="191"/>
	<Point X="195" Y="192"/>
	<Point X="194" Y="193"/>
	<Point X="193" Y="194"/>
	<Point X="192" Y="195"/>
	<Point X="192" Y="196"/>
	<Point X="191" Y="197"/>
	<Point X="190" Y="198"/>
	<Point X="189" Y="199"/>
	<Point X="189" Y="200"/>
	<Point X="188" Y="201"/>
	<Point X="187" Y="202"/>
	<Point X="187" Y="203"/>
	<Point X="186" Y="203"/>
	<Point X="185" Y="204"/>
	<Point X="184" Y="205"/>
	<Point X="184" Y="206"/>
	<Point X="183" Y="207"/>
	<Point X="182" Y="208"/>
	<Point X="181" Y="209"/>
	<Point X="181" Y="210"/>
	<Point X="179" Y="213"/>
	<Point X="178" Y="214"/>
	<Point X="175" Y="219"/>
	<Point X="172" Y="222"/>
	<Point X="171" Y="224"/>
	<Point X="169" Y="227"/>
	<Point X="169" Y="228"/>
	<Point X="167" Y="231"/>
	<Point X="165" Y="234"/>
	<Point X="163" Y="238"/>
	<Point X="162" Y="240"/>
	<Point X="159" Y="246"/>
	<Point X="156" Y="250"/>
	<Point X="154" Y="254"/>
	<Point X="152" Y="257"/>
	<Point X="150" Y="261"/>
	<Point X="149" Y="263"/>
	<Point X="147" Y="267"/>
	<Point X="145" Y="270"/>
	<Point X="143" Y="273"/>
	<Point X="141" Y="276"/>
	<Point X="138" Y="281"/>
	<Point X="135" Y="284"/>
	<Point X="132" Y="289"/>
	<Point X="132" Y="290"/>
	<Point X="131" Y="291"/>
	<Point X="131" Y="292"/>
	<Point X="130" Y="293"/>
	<Point X="129" Y="294"/>
	<Point X="129" Y="295"/>
	<Point X="128" Y="296"/>
	<Point X="128" Y="297"/>
	<Point X="127" Y="298"/>
	<Point X="127" Y="299"/>
	<Point X="126" Y="300"/>
	<Point X="126" Y="301"/>
	<Point X="125" Y="302"/>
	<Point X="125" Y="303"/>
	<Point X="125" Y="304"/>
	<Point X="124" Y="304"/>
	<Point X="124" Y="305"/>
	<Point X="124" Y="306"/>
	<Point X="124" Y="307"/>
	<Point X="123" Y="307"/>
	<Point X="123" Y="308"/>
	<Point X="123" Y="309"/>
	<Point X="123" Y="310"/>
	<Point X="123" Y="311"/>
	<Point X="124" Y="311"/>
	<Point X="125" Y="311"/>
	<Point X="126" Y="311"/>
	<Point X="127" Y="311"/>
	<Point X="128" Y="311"/>
	<Point X="128" Y="310"/>
	<Point X="129" Y="310"/>
	<Point X="133" Y="310"/>
	<Point X="137" Y="310"/>
	<Point X="140" Y="309"/>
	<Point X="142" Y="309"/>
	<Point X="143" Y="309"/>
	<Point X="146" Y="309"/>
	<Point X="147" Y="309"/>
	<Point X="150" Y="309"/>
	<Point X="154" Y="309"/>
	<Point X="157" Y="309"/>
	<Point X="159" Y="308"/>
	<Point X="163" Y="308"/>
	<Point X="167" Y="308"/>
	<Point X="170" Y="308"/>
	<Point X="173" Y="308"/>
	<Point X="178" Y="308"/>
	<Point X="183" Y="308"/>
	<Point X="189" Y="307"/>
	<Point X="195" Y="307"/>
	<Point X="200" Y="307"/>
	<Point X="205" Y="307"/>
	<Point X="209" Y="306"/>
	<Point X="212" Y="306"/>
	<Point X="213" Y="306"/>
	<Point X="215" Y="306"/>
	<Point X="217" Y="306"/>
	<Point X="219" Y="306"/>
	<Point X="221" Y="306"/>
	<Point X="224" Y="306"/>
	<Point X="226" Y="305"/>
	<Point X="228" Y="305"/>
	<Point X="232" Y="305"/>
	<Point X="234" Y="305"/>
	<Point X="236" Y="304"/>
	<Point X="237" Y="304"/>
	<Point X="239" Y="304"/>
	<Point X="241" Y="304"/>
	<Point X="243" Y="304"/>
	<Point X="244" Y="304"/>
	<Point X="245" Y="304"/>
	<Point X="246" Y="304"/>
	<Point X="247" Y="304"/>
	<Point X="248" Y="303"/>
	<Point X="249" Y="303"/>
	<Point X="250" Y="303"/>
	<Point X="251" Y="303"/>
	<Point X="252" Y="303"/>
	<Point X="253" Y="303"/>
	<Point X="254" Y="303"/>
	<Point X="255" Y="303"/>
	<Point X="256" Y="302"/>
	<Point X="257" Y="302"/>
	<Point X="258" Y="302"/>
	<Point X="259" Y="302"/>
	<Point X="260" Y="302"/>
	<Point X="261" Y="302"/>
	<Point X="262" Y="301"/>
	<Point X="263" Y="301"/>
	<Point X="264" Y="301"/>
	<Point X="265" Y="301"/>
	<Point X="266" Y="301"/>
	<Point X="266" Y="300"/>
	<Point X="266" Y="299"/>
	<Point X="265" Y="298"/>
	<Point X="265" Y="297"/>
	<Point X="264" Y="296"/>
	<Point X="264" Y="295"/>
	<Point X="264" Y="294"/>
	<Point X="263" Y="294"/>
	<Point X="263" Y="293"/>
	<Point X="263" Y="292"/>
	<Point X="262" Y="292"/>
	<Point X="262" Y="291"/>
	<Point X="262" Y="290"/>
	<Point X="261" Y="289"/>
	<Point X="261" Y="288"/>
	<Point X="260" Y="287"/>
	<Point X="259" Y="285"/>
	<Point X="259" Y="283"/>
	<Point X="258" Y="282"/>
	<Point X="258" Y="281"/>
	<Point X="257" Y="280"/>
	<Point X="257" Y="279"/>
	<Point X="256" Y="278"/>
	<Point X="256" Y="277"/>
	<Point X="256" Y="276"/>
	<Point X="255" Y="275"/>
	<Point X="255" Y="274"/>
	<Point X="254" Y="272"/>
	<Point X="254" Y="271"/>
	<Point X="253" Y="270"/>
	<Point X="253" Y="269"/>
	<Point X="252" Y="268"/>
	<Point X="252" Y="267"/>
	<Point X="252" Y="266"/>
	<Point X="251" Y="265"/>
	<Point X="250" Y="263"/>
	<Point X="250" Y="262"/>
	<Point X="249" Y="261"/>
	<Point X="249" Y="260"/>
	<Point X="248" Y="259"/>
	<Point X="247" Y="257"/>
	<Point X="247" Y="256"/>
	<Point X="246" Y="255"/>
	<Point X="245" Y="253"/>
	<Point X="245" Y="252"/>
	<Point X="244" Y="251"/>
	<Point X="243" Y="250"/>
	<Point X="243" Y="248"/>
	<Point X="242" Y="247"/>
	<Point X="241" Y="246"/>
	<Point X="240" Y="243"/>
	<Point X="239" Y="241"/>
	<Point X="238" Y="240"/>
	<Point X="237" Y="238"/>
	<Point X="237" Y="237"/>
	<Point X="236" Y="236"/>
	<Point X="235" Y="235"/>
	<Point X="234" Y="234"/>
	<Point X="234" Y="233"/>
	<Point X="233" Y="231"/>
	<Point X="232" Y="230"/>
	<Point X="231" Y="229"/>
	<Point X="231" Y="228"/>
	<Point X="230" Y="227"/>
	<Point X="230" Y="226"/>
	<Point X="229" Y="225"/>
	<Point X="228" Y="224"/>
	<Point X="227" Y="223"/>
	<Point X="227" Y="222"/>
	<Point X="226" Y="221"/>
	<Point X="225" Y="220"/>
	<Point X="225" Y="219"/>
	<Point X="224" Y="218"/>
	<Point X="223" Y="217"/>
	<Point X="223" Y="216"/>
	<Point X="222" Y="215"/>
	<Point X="221" Y="214"/>
	<Point X="220" Y="213"/>
	<Point X="220" Y="212"/>
	<Point X="219" Y="211"/>
	<Point X="218" Y="211"/>
	<Point X="218" Y="210"/>
	<Point X="217" Y="209"/>
	<Point X="217" Y="208"/>
	<Point X="216" Y="208"/>
	<Point X="216" Y="207"/>
	<Point X="215" Y="206"/>
	<Point X="214" Y="205"/>
	<Point X="213" Y="204"/>
	<Point X="212" Y="203"/>
	<Point X="212" Y="202"/>
	<Point X="211" Y="201"/>
	<Point X="210" Y="200"/>
	<Point X="209" Y="199"/>
	<Point X="209" Y="198"/>
	<Point X="208" Y="198"/>
	<Point X="208" Y="197"/>
	<Point X="207" Y="196"/>
	<Point X="207" Y="195"/>
	<Point X="206" Y="194"/>
	<Point X="205" Y="193"/>
	<Point X="205" Y="192"/>
	<Point X="204" Y="192"/>
	<Point X="204" Y="191"/>
	<Point X="203" Y="190"/>
	<Point X="203" Y="189"/>
	<Point X="202" Y="189"/>
	<Point X="202" Y="188"/>
	<Point X="202" Y="187"/>
	<Point X="201" Y="187"/>
</Gesture>
