<?xml version="1.0" ?>
<Gesture Name="x01" Subject="01" Number="01" NumPts="392">
	<Point X="136" Y="175"/>
	<Point X="136" Y="176"/>
	<Point X="137" Y="176"/>
	<Point X="138" Y="176"/>
	<Point X="138" Y="177"/>
	<Point X="139" Y="177"/>
	<Point X="139" Y="178"/>
	<Point X="140" Y="178"/>
	<Point X="141" Y="178"/>
	<Point X="141" Y="179"/>
	<Point X="142" Y="179"/>
	<Point X="143" Y="180"/>
	<Point X="144" Y="180"/>
	<Point X="144" Y="181"/>
	<Point X="145" Y="181"/>
	<Point X="145" Y="182"/>
	<Point X="146" Y="182"/>
	<Point X="147" Y="183"/>
	<Point X="148" Y="184"/>
	<Point X="149" Y="184"/>
	<Point X="149" Y="185"/>
	<Point X="150" Y="185"/>
	<Point X="150" Y="186"/>
	<Point X="151" Y="187"/>
	<Point X="152" Y="188"/>
	<Point X="153" Y="189"/>
	<Point X="154" Y="190"/>
	<Point X="155" Y="191"/>
	<Point X="156" Y="192"/>
	<Point X="156" Y="193"/>
	<Point X="157" Y="193"/>
	<Point X="157" Y="194"/>
	<Point X="158" Y="195"/>
	<Point X="159" Y="195"/>
	<Point X="159" Y="196"/>
	<Point X="160" Y="197"/>
	<Point X="160" Y="198"/>
	<Point X="161" Y="198"/>
	<Point X="161" Y="199"/>
	<Point X="162" Y="200"/>
	<Point X="163" Y="201"/>
	<Point X="164" Y="202"/>
	<Point X="164" Y="203"/>
	<Point X="165" Y="203"/>
	<Point X="165" Y="204"/>
	<Point X="166" Y="205"/>
	<Point X="167" Y="206"/>
	<Point X="167" Y="207"/>
	<Point X="168" Y="208"/>
	<Point X="169" Y="208"/>
	<Point X="169" Y="209"/>
	<Point X="170" Y="210"/>
	<Point X="171" Y="211"/>
	<Point X="171" Y="212"/>
	<Point X="172" Y="213"/>
	<Point X="173" Y="214"/>
	<Point X="174" Y="215"/>
	<Point X="175" Y="217"/>
	<Point X="176" Y="218"/>
	<Point X="176" Y="219"/>
	<Point X="177" Y="219"/>
	<Point X="178" Y="220"/>
	<Point X="179" Y="221"/>
	<Point X="179" Y="222"/>
	<Point X="180" Y="223"/>
	<Point X="181" Y="224"/>
	<Point X="181" Y="225"/>
	<Point X="182" Y="226"/>
	<Point X="183" Y="227"/>
	<Point X="183" Y="228"/>
	<Point X="184" Y="228"/>
	<Point X="185" Y="229"/>
	<Point X="185" Y="230"/>
	<Point X="186" Y="231"/>
	<Point X="187" Y="232"/>
	<Point X="187" Y="233"/>
	<Point X="188" Y="233"/>
	<Point X="189" Y="234"/>
	<Point X="189" Y="235"/>
	<Point X="190" Y="236"/>
	<Point X="191" Y="237"/>
	<Point X="191" Y="238"/>
	<Point X="192" Y="238"/>
	<Point X="193" Y="239"/>
	<Point X="193" Y="240"/>
	<Point X="194" Y="241"/>
	<Point X="195" Y="242"/>
	<Point X="196" Y="243"/>
	<Point X="197" Y="244"/>
	<Point X="197" Y="245"/>
	<Point X="198" Y="245"/>
	<Point X="198" Y="246"/>
	<Point X="199" Y="247"/>
	<Point X="200" Y="248"/>
	<Point X="201" Y="250"/>
	<Point X="202" Y="251"/>
	<Point X="203" Y="252"/>
	<Point X="204" Y="253"/>
	<Point X="205" Y="254"/>
	<Point X="206" Y="255"/>
	<Point X="206" Y="256"/>
	<Point X="207" Y="256"/>
	<Point X="207" Y="257"/>
	<Point X="208" Y="257"/>
	<Point X="208" Y="258"/>
	<Point X="209" Y="258"/>
	<Point X="209" Y="259"/>
	<Point X="210" Y="260"/>
	<Point X="211" Y="260"/>
	<Point X="211" Y="261"/>
	<Point X="212" Y="262"/>
	<Point X="213" Y="263"/>
	<Point X="213" Y="264"/>
	<Point X="214" Y="264"/>
	<Point X="214" Y="265"/>
	<Point X="215" Y="265"/>
	<Point X="215" Y="266"/>
	<Point X="216" Y="266"/>
	<Point X="216" Y="267"/>
	<Point X="217" Y="267"/>
	<Point X="217" Y="268"/>
	<Point X="218" Y="268"/>
	<Point X="218" Y="269"/>
	<Point X="219" Y="269"/>
	<Point X="219" Y="270"/>
	<Point X="220" Y="270"/>
	<Point X="220" Y="271"/>
	<Point X="220" Y="272"/>
	<Point X="220" Y="273"/>
	<Point X="220" Y="272"/>
	<Point X="220" Y="271"/>
	<Point X="220" Y="270"/>
	<Point X="221" Y="270"/>
	<Point X="221" Y="269"/>
	<Point X="221" Y="268"/>
	<Point X="221" Y="267"/>
	<Point X="221" Y="266"/>
	<Point X="221" Y="265"/>
	<Point X="221" Y="264"/>
	<Point X="222" Y="263"/>
	<Point X="222" Y="262"/>
	<Point X="222" Y="261"/>
	<Point X="222" Y="260"/>
	<Point X="223" Y="259"/>
	<Point X="223" Y="258"/>
	<Point X="223" Y="256"/>
	<Point X="224" Y="255"/>
	<Point X="224" Y="254"/>
	<Point X="224" Y="253"/>
	<Point X="225" Y="252"/>
	<Point X="225" Y="251"/>
	<Point X="225" Y="250"/>
	<Point X="226" Y="249"/>
	<Point X="226" Y="248"/>
	<Point X="226" Y="247"/>
	<Point X="227" Y="246"/>
	<Point X="227" Y="245"/>
	<Point X="227" Y="244"/>
	<Point X="228" Y="243"/>
	<Point X="228" Y="242"/>
	<Point X="228" Y="241"/>
	<Point X="229" Y="240"/>
	<Point X="229" Y="239"/>
	<Point X="230" Y="238"/>
	<Point X="230" Y="237"/>
	<Point X="230" Y="236"/>
	<Point X="231" Y="235"/>
	<Point X="231" Y="234"/>
	<Point X="231" Y="233"/>
	<Point X="232" Y="232"/>
	<Point X="232" Y="231"/>
	<Point X="233" Y="230"/>
	<Point X="233" Y="229"/>
	<Point X="233" Y="228"/>
	<Point X="234" Y="226"/>
	<Point X="234" Y="225"/>
	<Point X="235" Y="224"/>
	<Point X="235" Y="223"/>
	<Point X="236" Y="222"/>
	<Point X="236" Y="221"/>
	<Point X="236" Y="220"/>
	<Point X="237" Y="219"/>
	<Point X="238" Y="217"/>
	<Point X="238" Y="215"/>
	<Point X="239" Y="214"/>
	<Point X="239" Y="213"/>
	<Point X="240" Y="212"/>
	<Point X="240" Y="211"/>
	<Point X="240" Y="210"/>
	<Point X="241" Y="209"/>
	<Point X="241" Y="208"/>
	<Point X="242" Y="207"/>
	<Point X="242" Y="206"/>
	<Point X="242" Y="205"/>
	<Point X="243" Y="204"/>
	<Point X="243" Y="203"/>
	<Point X="243" Y="202"/>
	<Point X="244" Y="201"/>
	<Point X="244" Y="200"/>
	<Point X="245" Y="199"/>
	<Point X="245" Y="198"/>
	<Point X="245" Y="197"/>
	<Point X="246" Y="196"/>
	<Point X="246" Y="195"/>
	<Point X="246" Y="194"/>
	<Point X="247" Y="193"/>
	<Point X="247" Y="192"/>
	<Point X="247" Y="191"/>
	<Point X="248" Y="190"/>
	<Point X="248" Y="189"/>
	<Point X="248" Y="188"/>
	<Point X="249" Y="187"/>
	<Point X="249" Y="186"/>
	<Point X="249" Y="185"/>
	<Point X="249" Y="184"/>
	<Point X="249" Y="183"/>
	<Point X="250" Y="182"/>
	<Point X="250" Y="181"/>
	<Point X="250" Y="180"/>
	<Point X="250" Y="179"/>
	<Point X="251" Y="178"/>
	<Point X="251" Y="177"/>
	<Point X="251" Y="176"/>
	<Point X="251" Y="175"/>
	<Point X="251" Y="174"/>
	<Point X="251" Y="173"/>
	<Point X="251" Y="172"/>
	<Point X="252" Y="171"/>
	<Point X="252" Y="170"/>
	<Point X="252" Y="169"/>
	<Point X="252" Y="168"/>
	<Point X="252" Y="167"/>
	<Point X="252" Y="166"/>
	<Point X="252" Y="165"/>
	<Point X="252" Y="164"/>
	<Point X="252" Y="163"/>
	<Point X="252" Y="162"/>
	<Point X="252" Y="161"/>
	<Point X="252" Y="160"/>
	<Point X="252" Y="159"/>
	<Point X="252" Y="158"/>
	<Point X="252" Y="157"/>
	<Point X="252" Y="156"/>
	<Point X="252" Y="155"/>
	<Point X="252" Y="154"/>
	<Point X="252" Y="153"/>
	<Point X="252" Y="152"/>
	<Point X="252" Y="151"/>
	<Point X="252" Y="150"/>
	<Point X="252" Y="149"/>
	<Point X="252" Y="148"/>
	<Point X="252" Y="147"/>
	<Point X="252" Y="146"/>
	<Point X="252" Y="145"/>
	<Point X="252" Y="144"/>
	<Point X="252" Y="143"/>
	<Point X="252" Y="142"/>
	<Point X="252" Y="141"/>
	<Point X="252" Y="140"/>
	<Point X="252" Y="141"/>
	<Point X="252" Y="142"/>
	<Point X="252" Y="143"/>
	<Point X="251" Y="143"/>
	<Point X="251" Y="144"/>
	<Point X="251" Y="145"/>
	<Point X="251" Y="146"/>
	<Point X="251" Y="147"/>
	<Point X="251" Y="148"/>
	<Point X="251" Y="149"/>
	<Point X="250" Y="150"/>
	<Point X="250" Y="151"/>
	<Point X="250" Y="152"/>
	<Point X="250" Y="153"/>
	<Point X="249" Y="154"/>
	<Point X="249" Y="155"/>
	<Point X="248" Y="157"/>
	<Point X="248" Y="158"/>
	<Point X="247" Y="159"/>
	<Point X="247" Y="160"/>
	<Point X="246" Y="161"/>
	<Point X="246" Y="162"/>
	<Point X="245" Y="162"/>
	<Point X="245" Y="163"/>
	<Point X="244" Y="164"/>
	<Point X="244" Y="165"/>
	<Point X="243" Y="165"/>
	<Point X="243" Y="166"/>
	<Point X="242" Y="167"/>
	<Point X="241" Y="168"/>
	<Point X="240" Y="170"/>
	<Point X="238" Y="172"/>
	<Point X="237" Y="173"/>
	<Point X="236" Y="174"/>
	<Point X="235" Y="174"/>
	<Point X="235" Y="175"/>
	<Point X="234" Y="176"/>
	<Point X="233" Y="177"/>
	<Point X="232" Y="177"/>
	<Point X="232" Y="178"/>
	<Point X="231" Y="179"/>
	<Point X="230" Y="179"/>
	<Point X="229" Y="180"/>
	<Point X="229" Y="181"/>
	<Point X="228" Y="181"/>
	<Point X="227" Y="182"/>
	<Point X="226" Y="183"/>
	<Point X="225" Y="183"/>
	<Point X="225" Y="184"/>
	<Point X="224" Y="185"/>
	<Point X="223" Y="186"/>
	<Point X="222" Y="186"/>
	<Point X="221" Y="187"/>
	<Point X="220" Y="188"/>
	<Point X="219" Y="188"/>
	<Point X="218" Y="189"/>
	<Point X="217" Y="190"/>
	<Point X="217" Y="191"/>
	<Point X="216" Y="192"/>
	<Point X="215" Y="192"/>
	<Point X="214" Y="193"/>
	<Point X="213" Y="194"/>
	<Point X="211" Y="195"/>
	<Point X="210" Y="196"/>
	<Point X="209" Y="197"/>
	<Point X="208" Y="198"/>
	<Point X="207" Y="198"/>
	<Point X="206" Y="199"/>
	<Point X="205" Y="200"/>
	<Point X="204" Y="201"/>
	<Point X="203" Y="202"/>
	<Point X="202" Y="203"/>
	<Point X="201" Y="204"/>
	<Point X="200" Y="205"/>
	<Point X="199" Y="205"/>
	<Point X="199" Y="206"/>
	<Point X="198" Y="207"/>
	<Point X="197" Y="208"/>
	<Point X="196" Y="209"/>
	<Point X="195" Y="210"/>
	<Point X="194" Y="211"/>
	<Point X="193" Y="212"/>
	<Point X="192" Y="213"/>
	<Point X="191" Y="214"/>
	<Point X="190" Y="215"/>
	<Point X="190" Y="216"/>
	<Point X="189" Y="217"/>
	<Point X="188" Y="218"/>
	<Point X="187" Y="219"/>
	<Point X="186" Y="220"/>
	<Point X="185" Y="221"/>
	<Point X="184" Y="222"/>
	<Point X="184" Y="223"/>
	<Point X="183" Y="223"/>
	<Point X="182" Y="225"/>
	<Point X="181" Y="225"/>
	<Point X="180" Y="227"/>
	<Point X="179" Y="228"/>
	<Point X="177" Y="230"/>
	<Point X="174" Y="235"/>
	<Point X="173" Y="236"/>
	<Point X="172" Y="237"/>
	<Point X="172" Y="238"/>
	<Point X="171" Y="238"/>
	<Point X="171" Y="239"/>
	<Point X="170" Y="240"/>
	<Point X="170" Y="241"/>
	<Point X="169" Y="241"/>
	<Point X="168" Y="242"/>
	<Point X="168" Y="243"/>
	<Point X="167" Y="244"/>
	<Point X="166" Y="245"/>
	<Point X="166" Y="246"/>
	<Point X="165" Y="247"/>
	<Point X="164" Y="248"/>
	<Point X="164" Y="249"/>
	<Point X="163" Y="249"/>
	<Point X="163" Y="250"/>
	<Point X="163" Y="251"/>
	<Point X="162" Y="251"/>
	<Point X="162" Y="252"/>
	<Point X="161" Y="252"/>
	<Point X="161" Y="253"/>
	<Point X="160" Y="253"/>
	<Point X="160" Y="254"/>
	<Point X="159" Y="255"/>
	<Point X="159" Y="256"/>
	<Point X="158" Y="256"/>
	<Point X="158" Y="257"/>
	<Point X="157" Y="258"/>
	<Point X="156" Y="259"/>
	<Point X="156" Y="260"/>
	<Point X="155" Y="260"/>
</Gesture>
