<?xml version="1.0" ?>
<Gesture Name="x02" Subject="01" Number="02" NumPts="368">
	<Point X="87" Y="165"/>
	<Point X="87" Y="166"/>
	<Point X="88" Y="166"/>
	<Point X="89" Y="166"/>
	<Point X="89" Y="167"/>
	<Point X="90" Y="167"/>
	<Point X="91" Y="167"/>
	<Point X="91" Y="168"/>
	<Point X="92" Y="168"/>
	<Point X="93" Y="168"/>
	<Point X="93" Y="169"/>
	<Point X="94" Y="169"/>
	<Point X="95" Y="169"/>
	<Point X="95" Y="170"/>
	<Point X="96" Y="170"/>
	<Point X="97" Y="171"/>
	<Point X="98" Y="171"/>
	<Point X="98" Y="172"/>
	<Point X="99" Y="172"/>
	<Point X="100" Y="173"/>
	<Point X="101" Y="173"/>
	<Point X="101" Y="174"/>
	<Point X="102" Y="174"/>
	<Point X="103" Y="175"/>
	<Point X="104" Y="176"/>
	<Point X="105" Y="176"/>
	<Point X="105" Y="177"/>
	<Point X="106" Y="177"/>
	<Point X="107" Y="178"/>
	<Point X="107" Y="179"/>
	<Point X="108" Y="179"/>
	<Point X="109" Y="180"/>
	<Point X="110" Y="181"/>
	<Point X="111" Y="181"/>
	<Point X="111" Y="182"/>
	<Point X="112" Y="182"/>
	<Point X="113" Y="183"/>
	<Point X="114" Y="183"/>
	<Point X="114" Y="184"/>
	<Point X="115" Y="184"/>
	<Point X="116" Y="185"/>
	<Point X="116" Y="186"/>
	<Point X="117" Y="186"/>
	<Point X="118" Y="187"/>
	<Point X="119" Y="187"/>
	<Point X="119" Y="188"/>
	<Point X="120" Y="189"/>
	<Point X="121" Y="189"/>
	<Point X="121" Y="190"/>
	<Point X="122" Y="191"/>
	<Point X="123" Y="191"/>
	<Point X="124" Y="192"/>
	<Point X="125" Y="193"/>
	<Point X="126" Y="194"/>
	<Point X="127" Y="195"/>
	<Point X="128" Y="196"/>
	<Point X="129" Y="196"/>
	<Point X="130" Y="197"/>
	<Point X="130" Y="198"/>
	<Point X="131" Y="198"/>
	<Point X="132" Y="199"/>
	<Point X="133" Y="200"/>
	<Point X="134" Y="201"/>
	<Point X="136" Y="202"/>
	<Point X="137" Y="203"/>
	<Point X="137" Y="204"/>
	<Point X="138" Y="204"/>
	<Point X="139" Y="205"/>
	<Point X="140" Y="206"/>
	<Point X="141" Y="206"/>
	<Point X="141" Y="207"/>
	<Point X="142" Y="208"/>
	<Point X="143" Y="208"/>
	<Point X="144" Y="209"/>
	<Point X="144" Y="210"/>
	<Point X="145" Y="211"/>
	<Point X="146" Y="211"/>
	<Point X="147" Y="212"/>
	<Point X="148" Y="213"/>
	<Point X="149" Y="214"/>
	<Point X="150" Y="214"/>
	<Point X="151" Y="215"/>
	<Point X="151" Y="216"/>
	<Point X="152" Y="216"/>
	<Point X="153" Y="217"/>
	<Point X="154" Y="218"/>
	<Point X="155" Y="219"/>
	<Point X="156" Y="219"/>
	<Point X="157" Y="220"/>
	<Point X="158" Y="221"/>
	<Point X="159" Y="222"/>
	<Point X="160" Y="223"/>
	<Point X="161" Y="224"/>
	<Point X="162" Y="224"/>
	<Point X="163" Y="225"/>
	<Point X="164" Y="226"/>
	<Point X="165" Y="227"/>
	<Point X="166" Y="227"/>
	<Point X="167" Y="228"/>
	<Point X="167" Y="229"/>
	<Point X="168" Y="230"/>
	<Point X="169" Y="230"/>
	<Point X="170" Y="231"/>
	<Point X="171" Y="232"/>
	<Point X="173" Y="233"/>
	<Point X="173" Y="234"/>
	<Point X="175" Y="235"/>
	<Point X="176" Y="236"/>
	<Point X="177" Y="237"/>
	<Point X="178" Y="237"/>
	<Point X="179" Y="238"/>
	<Point X="179" Y="239"/>
	<Point X="180" Y="239"/>
	<Point X="181" Y="240"/>
	<Point X="182" Y="241"/>
	<Point X="183" Y="242"/>
	<Point X="184" Y="243"/>
	<Point X="185" Y="243"/>
	<Point X="185" Y="244"/>
	<Point X="186" Y="244"/>
	<Point X="187" Y="245"/>
	<Point X="188" Y="245"/>
	<Point X="188" Y="246"/>
	<Point X="189" Y="246"/>
	<Point X="190" Y="247"/>
	<Point X="190" Y="248"/>
	<Point X="191" Y="248"/>
	<Point X="192" Y="249"/>
	<Point X="193" Y="249"/>
	<Point X="193" Y="250"/>
	<Point X="194" Y="250"/>
	<Point X="194" Y="251"/>
	<Point X="195" Y="251"/>
	<Point X="195" Y="252"/>
	<Point X="196" Y="252"/>
	<Point X="197" Y="253"/>
	<Point X="198" Y="254"/>
	<Point X="199" Y="254"/>
	<Point X="199" Y="255"/>
	<Point X="200" Y="255"/>
	<Point X="201" Y="256"/>
	<Point X="202" Y="256"/>
	<Point X="202" Y="257"/>
	<Point X="203" Y="257"/>
	<Point X="203" Y="258"/>
	<Point X="204" Y="258"/>
	<Point X="205" Y="258"/>
	<Point X="205" Y="259"/>
	<Point X="205" Y="258"/>
	<Point X="205" Y="257"/>
	<Point X="205" Y="256"/>
	<Point X="205" Y="255"/>
	<Point X="205" Y="254"/>
	<Point X="205" Y="253"/>
	<Point X="206" Y="253"/>
	<Point X="206" Y="252"/>
	<Point X="206" Y="251"/>
	<Point X="206" Y="250"/>
	<Point X="206" Y="249"/>
	<Point X="206" Y="248"/>
	<Point X="206" Y="247"/>
	<Point X="206" Y="246"/>
	<Point X="206" Y="245"/>
	<Point X="206" Y="244"/>
	<Point X="206" Y="243"/>
	<Point X="206" Y="242"/>
	<Point X="206" Y="241"/>
	<Point X="206" Y="240"/>
	<Point X="206" Y="239"/>
	<Point X="206" Y="238"/>
	<Point X="206" Y="237"/>
	<Point X="206" Y="236"/>
	<Point X="206" Y="235"/>
	<Point X="206" Y="234"/>
	<Point X="206" Y="233"/>
	<Point X="206" Y="232"/>
	<Point X="206" Y="231"/>
	<Point X="206" Y="230"/>
	<Point X="206" Y="229"/>
	<Point X="206" Y="228"/>
	<Point X="207" Y="227"/>
	<Point X="207" Y="226"/>
	<Point X="207" Y="225"/>
	<Point X="207" Y="224"/>
	<Point X="207" Y="223"/>
	<Point X="207" Y="222"/>
	<Point X="207" Y="221"/>
	<Point X="207" Y="219"/>
	<Point X="207" Y="217"/>
	<Point X="207" Y="215"/>
	<Point X="207" Y="214"/>
	<Point X="207" Y="213"/>
	<Point X="207" Y="212"/>
	<Point X="207" Y="211"/>
	<Point X="207" Y="210"/>
	<Point X="207" Y="209"/>
	<Point X="207" Y="208"/>
	<Point X="207" Y="206"/>
	<Point X="207" Y="205"/>
	<Point X="207" Y="204"/>
	<Point X="207" Y="203"/>
	<Point X="207" Y="202"/>
	<Point X="207" Y="201"/>
	<Point X="207" Y="200"/>
	<Point X="207" Y="199"/>
	<Point X="207" Y="198"/>
	<Point X="207" Y="197"/>
	<Point X="207" Y="196"/>
	<Point X="207" Y="194"/>
	<Point X="207" Y="193"/>
	<Point X="207" Y="191"/>
	<Point X="207" Y="190"/>
	<Point X="207" Y="189"/>
	<Point X="207" Y="188"/>
	<Point X="207" Y="187"/>
	<Point X="207" Y="186"/>
	<Point X="207" Y="185"/>
	<Point X="207" Y="183"/>
	<Point X="207" Y="182"/>
	<Point X="207" Y="180"/>
	<Point X="207" Y="179"/>
	<Point X="207" Y="178"/>
	<Point X="207" Y="177"/>
	<Point X="207" Y="176"/>
	<Point X="207" Y="175"/>
	<Point X="207" Y="174"/>
	<Point X="208" Y="173"/>
	<Point X="208" Y="172"/>
	<Point X="208" Y="171"/>
	<Point X="208" Y="170"/>
	<Point X="208" Y="169"/>
	<Point X="208" Y="168"/>
	<Point X="208" Y="167"/>
	<Point X="208" Y="166"/>
	<Point X="208" Y="165"/>
	<Point X="208" Y="164"/>
	<Point X="208" Y="163"/>
	<Point X="208" Y="162"/>
	<Point X="208" Y="161"/>
	<Point X="208" Y="160"/>
	<Point X="209" Y="160"/>
	<Point X="209" Y="159"/>
	<Point X="209" Y="158"/>
	<Point X="209" Y="157"/>
	<Point X="209" Y="156"/>
	<Point X="209" Y="157"/>
	<Point X="209" Y="158"/>
	<Point X="208" Y="158"/>
	<Point X="208" Y="159"/>
	<Point X="207" Y="159"/>
	<Point X="206" Y="160"/>
	<Point X="206" Y="161"/>
	<Point X="205" Y="161"/>
	<Point X="204" Y="162"/>
	<Point X="203" Y="163"/>
	<Point X="202" Y="163"/>
	<Point X="201" Y="164"/>
	<Point X="200" Y="165"/>
	<Point X="199" Y="165"/>
	<Point X="199" Y="166"/>
	<Point X="198" Y="166"/>
	<Point X="197" Y="166"/>
	<Point X="197" Y="167"/>
	<Point X="196" Y="167"/>
	<Point X="195" Y="168"/>
	<Point X="194" Y="168"/>
	<Point X="194" Y="169"/>
	<Point X="193" Y="169"/>
	<Point X="192" Y="170"/>
	<Point X="191" Y="170"/>
	<Point X="190" Y="171"/>
	<Point X="189" Y="172"/>
	<Point X="188" Y="172"/>
	<Point X="187" Y="173"/>
	<Point X="186" Y="173"/>
	<Point X="186" Y="174"/>
	<Point X="185" Y="174"/>
	<Point X="184" Y="175"/>
	<Point X="181" Y="176"/>
	<Point X="180" Y="177"/>
	<Point X="178" Y="179"/>
	<Point X="177" Y="179"/>
	<Point X="176" Y="180"/>
	<Point X="175" Y="180"/>
	<Point X="174" Y="181"/>
	<Point X="173" Y="181"/>
	<Point X="172" Y="182"/>
	<Point X="171" Y="183"/>
	<Point X="170" Y="183"/>
	<Point X="169" Y="184"/>
	<Point X="168" Y="185"/>
	<Point X="167" Y="186"/>
	<Point X="166" Y="187"/>
	<Point X="165" Y="187"/>
	<Point X="164" Y="188"/>
	<Point X="163" Y="189"/>
	<Point X="162" Y="189"/>
	<Point X="161" Y="190"/>
	<Point X="160" Y="191"/>
	<Point X="159" Y="192"/>
	<Point X="158" Y="192"/>
	<Point X="157" Y="193"/>
	<Point X="156" Y="194"/>
	<Point X="155" Y="195"/>
	<Point X="154" Y="196"/>
	<Point X="153" Y="197"/>
	<Point X="152" Y="198"/>
	<Point X="151" Y="199"/>
	<Point X="150" Y="200"/>
	<Point X="149" Y="201"/>
	<Point X="148" Y="202"/>
	<Point X="146" Y="204"/>
	<Point X="145" Y="205"/>
	<Point X="142" Y="208"/>
	<Point X="141" Y="209"/>
	<Point X="140" Y="210"/>
	<Point X="139" Y="212"/>
	<Point X="138" Y="213"/>
	<Point X="137" Y="214"/>
	<Point X="136" Y="215"/>
	<Point X="135" Y="216"/>
	<Point X="135" Y="217"/>
	<Point X="134" Y="218"/>
	<Point X="133" Y="219"/>
	<Point X="132" Y="220"/>
	<Point X="131" Y="221"/>
	<Point X="130" Y="222"/>
	<Point X="130" Y="223"/>
	<Point X="129" Y="224"/>
	<Point X="128" Y="225"/>
	<Point X="127" Y="226"/>
	<Point X="126" Y="227"/>
	<Point X="126" Y="228"/>
	<Point X="125" Y="229"/>
	<Point X="124" Y="229"/>
	<Point X="124" Y="230"/>
	<Point X="123" Y="231"/>
	<Point X="122" Y="232"/>
	<Point X="122" Y="233"/>
	<Point X="121" Y="233"/>
	<Point X="121" Y="234"/>
	<Point X="120" Y="235"/>
	<Point X="119" Y="236"/>
	<Point X="118" Y="237"/>
	<Point X="118" Y="238"/>
	<Point X="117" Y="238"/>
	<Point X="117" Y="239"/>
	<Point X="116" Y="239"/>
	<Point X="115" Y="239"/>
	<Point X="115" Y="240"/>
	<Point X="114" Y="241"/>
	<Point X="114" Y="242"/>
	<Point X="113" Y="242"/>
	<Point X="113" Y="243"/>
	<Point X="112" Y="243"/>
	<Point X="112" Y="244"/>
	<Point X="111" Y="244"/>
	<Point X="111" Y="245"/>
	<Point X="110" Y="245"/>
	<Point X="110" Y="246"/>
	<Point X="109" Y="246"/>
	<Point X="109" Y="247"/>
	<Point X="108" Y="247"/>
	<Point X="108" Y="248"/>
	<Point X="107" Y="248"/>
	<Point X="106" Y="249"/>
	<Point X="106" Y="250"/>
	<Point X="105" Y="250"/>
</Gesture>
