<?xml version="1.0" ?>
<Gesture Name="x04" Subject="01" Number="04" NumPts="364">
	<Point X="121" Y="153"/>
	<Point X="122" Y="153"/>
	<Point X="123" Y="154"/>
	<Point X="124" Y="155"/>
	<Point X="125" Y="155"/>
	<Point X="125" Y="156"/>
	<Point X="126" Y="156"/>
	<Point X="126" Y="157"/>
	<Point X="127" Y="157"/>
	<Point X="127" Y="158"/>
	<Point X="128" Y="158"/>
	<Point X="128" Y="159"/>
	<Point X="129" Y="159"/>
	<Point X="129" Y="160"/>
	<Point X="130" Y="160"/>
	<Point X="130" Y="161"/>
	<Point X="131" Y="161"/>
	<Point X="131" Y="162"/>
	<Point X="132" Y="162"/>
	<Point X="132" Y="163"/>
	<Point X="133" Y="163"/>
	<Point X="133" Y="164"/>
	<Point X="134" Y="164"/>
	<Point X="134" Y="165"/>
	<Point X="135" Y="165"/>
	<Point X="136" Y="166"/>
	<Point X="137" Y="167"/>
	<Point X="138" Y="168"/>
	<Point X="139" Y="168"/>
	<Point X="139" Y="169"/>
	<Point X="140" Y="169"/>
	<Point X="140" Y="170"/>
	<Point X="141" Y="170"/>
	<Point X="141" Y="171"/>
	<Point X="142" Y="171"/>
	<Point X="142" Y="172"/>
	<Point X="143" Y="173"/>
	<Point X="144" Y="173"/>
	<Point X="144" Y="174"/>
	<Point X="145" Y="174"/>
	<Point X="146" Y="175"/>
	<Point X="147" Y="176"/>
	<Point X="148" Y="177"/>
	<Point X="149" Y="178"/>
	<Point X="150" Y="178"/>
	<Point X="151" Y="179"/>
	<Point X="151" Y="180"/>
	<Point X="152" Y="180"/>
	<Point X="153" Y="181"/>
	<Point X="154" Y="182"/>
	<Point X="155" Y="183"/>
	<Point X="156" Y="183"/>
	<Point X="157" Y="184"/>
	<Point X="157" Y="185"/>
	<Point X="158" Y="185"/>
	<Point X="159" Y="186"/>
	<Point X="160" Y="186"/>
	<Point X="161" Y="187"/>
	<Point X="161" Y="188"/>
	<Point X="162" Y="188"/>
	<Point X="163" Y="189"/>
	<Point X="164" Y="190"/>
	<Point X="165" Y="190"/>
	<Point X="166" Y="191"/>
	<Point X="167" Y="192"/>
	<Point X="168" Y="192"/>
	<Point X="168" Y="193"/>
	<Point X="169" Y="194"/>
	<Point X="170" Y="195"/>
	<Point X="171" Y="195"/>
	<Point X="172" Y="196"/>
	<Point X="173" Y="197"/>
	<Point X="174" Y="197"/>
	<Point X="176" Y="199"/>
	<Point X="177" Y="200"/>
	<Point X="178" Y="200"/>
	<Point X="179" Y="201"/>
	<Point X="180" Y="202"/>
	<Point X="181" Y="202"/>
	<Point X="182" Y="203"/>
	<Point X="183" Y="204"/>
	<Point X="184" Y="204"/>
	<Point X="184" Y="205"/>
	<Point X="185" Y="206"/>
	<Point X="186" Y="206"/>
	<Point X="187" Y="207"/>
	<Point X="188" Y="207"/>
	<Point X="189" Y="208"/>
	<Point X="189" Y="209"/>
	<Point X="190" Y="209"/>
	<Point X="191" Y="210"/>
	<Point X="192" Y="210"/>
	<Point X="193" Y="211"/>
	<Point X="194" Y="211"/>
	<Point X="194" Y="212"/>
	<Point X="195" Y="213"/>
	<Point X="196" Y="213"/>
	<Point X="197" Y="214"/>
	<Point X="198" Y="214"/>
	<Point X="198" Y="215"/>
	<Point X="199" Y="216"/>
	<Point X="200" Y="216"/>
	<Point X="202" Y="217"/>
	<Point X="203" Y="218"/>
	<Point X="204" Y="219"/>
	<Point X="205" Y="219"/>
	<Point X="206" Y="220"/>
	<Point X="206" Y="221"/>
	<Point X="207" Y="221"/>
	<Point X="208" Y="222"/>
	<Point X="209" Y="222"/>
	<Point X="210" Y="223"/>
	<Point X="211" Y="224"/>
	<Point X="212" Y="225"/>
	<Point X="213" Y="225"/>
	<Point X="214" Y="226"/>
	<Point X="215" Y="226"/>
	<Point X="215" Y="227"/>
	<Point X="216" Y="227"/>
	<Point X="217" Y="227"/>
	<Point X="217" Y="228"/>
	<Point X="218" Y="228"/>
	<Point X="219" Y="229"/>
	<Point X="220" Y="230"/>
	<Point X="221" Y="230"/>
	<Point X="221" Y="231"/>
	<Point X="222" Y="231"/>
	<Point X="223" Y="232"/>
	<Point X="224" Y="232"/>
	<Point X="224" Y="233"/>
	<Point X="225" Y="233"/>
	<Point X="226" Y="234"/>
	<Point X="227" Y="234"/>
	<Point X="227" Y="235"/>
	<Point X="229" Y="236"/>
	<Point X="230" Y="236"/>
	<Point X="230" Y="237"/>
	<Point X="231" Y="237"/>
	<Point X="232" Y="238"/>
	<Point X="233" Y="238"/>
	<Point X="233" Y="239"/>
	<Point X="234" Y="239"/>
	<Point X="234" Y="240"/>
	<Point X="235" Y="240"/>
	<Point X="236" Y="241"/>
	<Point X="237" Y="241"/>
	<Point X="237" Y="242"/>
	<Point X="238" Y="242"/>
	<Point X="238" Y="243"/>
	<Point X="239" Y="243"/>
	<Point X="239" Y="242"/>
	<Point X="239" Y="241"/>
	<Point X="239" Y="240"/>
	<Point X="239" Y="239"/>
	<Point X="238" Y="239"/>
	<Point X="238" Y="238"/>
	<Point X="238" Y="237"/>
	<Point X="238" Y="236"/>
	<Point X="238" Y="235"/>
	<Point X="238" Y="234"/>
	<Point X="238" Y="233"/>
	<Point X="237" Y="232"/>
	<Point X="237" Y="231"/>
	<Point X="237" Y="230"/>
	<Point X="237" Y="229"/>
	<Point X="237" Y="228"/>
	<Point X="237" Y="227"/>
	<Point X="237" Y="226"/>
	<Point X="236" Y="226"/>
	<Point X="236" Y="225"/>
	<Point X="236" Y="224"/>
	<Point X="236" Y="223"/>
	<Point X="236" Y="222"/>
	<Point X="236" Y="221"/>
	<Point X="236" Y="220"/>
	<Point X="235" Y="220"/>
	<Point X="235" Y="219"/>
	<Point X="235" Y="218"/>
	<Point X="235" Y="217"/>
	<Point X="235" Y="216"/>
	<Point X="235" Y="215"/>
	<Point X="235" Y="214"/>
	<Point X="234" Y="213"/>
	<Point X="234" Y="212"/>
	<Point X="234" Y="211"/>
	<Point X="234" Y="210"/>
	<Point X="234" Y="209"/>
	<Point X="234" Y="208"/>
	<Point X="233" Y="207"/>
	<Point X="233" Y="206"/>
	<Point X="233" Y="203"/>
	<Point X="233" Y="202"/>
	<Point X="233" Y="201"/>
	<Point X="232" Y="200"/>
	<Point X="232" Y="199"/>
	<Point X="232" Y="198"/>
	<Point X="232" Y="197"/>
	<Point X="232" Y="196"/>
	<Point X="232" Y="195"/>
	<Point X="232" Y="194"/>
	<Point X="231" Y="193"/>
	<Point X="231" Y="192"/>
	<Point X="231" Y="191"/>
	<Point X="231" Y="190"/>
	<Point X="231" Y="189"/>
	<Point X="231" Y="188"/>
	<Point X="231" Y="187"/>
	<Point X="231" Y="186"/>
	<Point X="231" Y="185"/>
	<Point X="230" Y="185"/>
	<Point X="230" Y="184"/>
	<Point X="230" Y="183"/>
	<Point X="230" Y="182"/>
	<Point X="230" Y="181"/>
	<Point X="230" Y="180"/>
	<Point X="230" Y="179"/>
	<Point X="230" Y="178"/>
	<Point X="230" Y="177"/>
	<Point X="230" Y="176"/>
	<Point X="230" Y="175"/>
	<Point X="229" Y="175"/>
	<Point X="229" Y="174"/>
	<Point X="229" Y="173"/>
	<Point X="229" Y="172"/>
	<Point X="229" Y="171"/>
	<Point X="229" Y="170"/>
	<Point X="229" Y="169"/>
	<Point X="229" Y="168"/>
	<Point X="229" Y="167"/>
	<Point X="229" Y="166"/>
	<Point X="229" Y="165"/>
	<Point X="228" Y="165"/>
	<Point X="228" Y="164"/>
	<Point X="228" Y="163"/>
	<Point X="228" Y="162"/>
	<Point X="228" Y="161"/>
	<Point X="228" Y="160"/>
	<Point X="228" Y="159"/>
	<Point X="228" Y="158"/>
	<Point X="228" Y="157"/>
	<Point X="228" Y="156"/>
	<Point X="228" Y="155"/>
	<Point X="228" Y="154"/>
	<Point X="228" Y="153"/>
	<Point X="228" Y="152"/>
	<Point X="228" Y="151"/>
	<Point X="228" Y="150"/>
	<Point X="227" Y="150"/>
	<Point X="226" Y="150"/>
	<Point X="226" Y="151"/>
	<Point X="225" Y="151"/>
	<Point X="225" Y="152"/>
	<Point X="224" Y="152"/>
	<Point X="224" Y="153"/>
	<Point X="223" Y="153"/>
	<Point X="223" Y="154"/>
	<Point X="222" Y="154"/>
	<Point X="221" Y="155"/>
	<Point X="220" Y="156"/>
	<Point X="219" Y="157"/>
	<Point X="218" Y="158"/>
	<Point X="217" Y="158"/>
	<Point X="217" Y="159"/>
	<Point X="216" Y="159"/>
	<Point X="215" Y="160"/>
	<Point X="214" Y="161"/>
	<Point X="213" Y="162"/>
	<Point X="211" Y="164"/>
	<Point X="210" Y="164"/>
	<Point X="208" Y="166"/>
	<Point X="207" Y="167"/>
	<Point X="206" Y="167"/>
	<Point X="205" Y="168"/>
	<Point X="204" Y="169"/>
	<Point X="203" Y="170"/>
	<Point X="202" Y="170"/>
	<Point X="201" Y="171"/>
	<Point X="200" Y="172"/>
	<Point X="199" Y="173"/>
	<Point X="198" Y="173"/>
	<Point X="197" Y="174"/>
	<Point X="196" Y="175"/>
	<Point X="195" Y="176"/>
	<Point X="194" Y="176"/>
	<Point X="193" Y="177"/>
	<Point X="192" Y="178"/>
	<Point X="191" Y="179"/>
	<Point X="190" Y="179"/>
	<Point X="188" Y="180"/>
	<Point X="187" Y="181"/>
	<Point X="186" Y="182"/>
	<Point X="185" Y="183"/>
	<Point X="184" Y="183"/>
	<Point X="183" Y="184"/>
	<Point X="182" Y="185"/>
	<Point X="181" Y="186"/>
	<Point X="180" Y="186"/>
	<Point X="179" Y="187"/>
	<Point X="178" Y="188"/>
	<Point X="177" Y="188"/>
	<Point X="176" Y="189"/>
	<Point X="175" Y="190"/>
	<Point X="174" Y="191"/>
	<Point X="173" Y="191"/>
	<Point X="169" Y="193"/>
	<Point X="168" Y="194"/>
	<Point X="168" Y="195"/>
	<Point X="167" Y="195"/>
	<Point X="165" Y="197"/>
	<Point X="164" Y="198"/>
	<Point X="163" Y="198"/>
	<Point X="162" Y="199"/>
	<Point X="161" Y="199"/>
	<Point X="160" Y="200"/>
	<Point X="159" Y="201"/>
	<Point X="158" Y="201"/>
	<Point X="157" Y="202"/>
	<Point X="157" Y="203"/>
	<Point X="156" Y="203"/>
	<Point X="155" Y="204"/>
	<Point X="154" Y="204"/>
	<Point X="153" Y="205"/>
	<Point X="152" Y="206"/>
	<Point X="151" Y="207"/>
	<Point X="150" Y="207"/>
	<Point X="149" Y="208"/>
	<Point X="148" Y="208"/>
	<Point X="148" Y="209"/>
	<Point X="147" Y="209"/>
	<Point X="146" Y="210"/>
	<Point X="146" Y="211"/>
	<Point X="145" Y="211"/>
	<Point X="144" Y="212"/>
	<Point X="143" Y="212"/>
	<Point X="143" Y="213"/>
	<Point X="142" Y="213"/>
	<Point X="141" Y="214"/>
	<Point X="140" Y="215"/>
	<Point X="139" Y="215"/>
	<Point X="138" Y="216"/>
	<Point X="138" Y="217"/>
	<Point X="137" Y="217"/>
	<Point X="137" Y="218"/>
	<Point X="136" Y="218"/>
	<Point X="136" Y="219"/>
	<Point X="135" Y="219"/>
	<Point X="134" Y="220"/>
	<Point X="133" Y="220"/>
	<Point X="133" Y="221"/>
	<Point X="132" Y="222"/>
	<Point X="131" Y="223"/>
	<Point X="130" Y="223"/>
	<Point X="130" Y="224"/>
	<Point X="129" Y="224"/>
	<Point X="129" Y="225"/>
	<Point X="128" Y="226"/>
	<Point X="127" Y="226"/>
	<Point X="127" Y="227"/>
	<Point X="126" Y="228"/>
	<Point X="125" Y="229"/>
	<Point X="125" Y="230"/>
	<Point X="124" Y="230"/>
	<Point X="124" Y="231"/>
	<Point X="123" Y="231"/>
</Gesture>
