<?xml version="1.0" ?>
<Gesture Name="x06" Subject="01" Number="06" NumPts="318">
	<Point X="128" Y="163"/>
	<Point X="128" Y="164"/>
	<Point X="129" Y="164"/>
	<Point X="130" Y="164"/>
	<Point X="130" Y="165"/>
	<Point X="131" Y="165"/>
	<Point X="132" Y="166"/>
	<Point X="133" Y="166"/>
	<Point X="133" Y="167"/>
	<Point X="134" Y="167"/>
	<Point X="134" Y="168"/>
	<Point X="135" Y="168"/>
	<Point X="136" Y="168"/>
	<Point X="136" Y="169"/>
	<Point X="137" Y="169"/>
	<Point X="137" Y="170"/>
	<Point X="138" Y="170"/>
	<Point X="139" Y="171"/>
	<Point X="140" Y="172"/>
	<Point X="141" Y="172"/>
	<Point X="141" Y="173"/>
	<Point X="142" Y="173"/>
	<Point X="143" Y="174"/>
	<Point X="144" Y="174"/>
	<Point X="144" Y="175"/>
	<Point X="145" Y="175"/>
	<Point X="145" Y="176"/>
	<Point X="146" Y="176"/>
	<Point X="147" Y="177"/>
	<Point X="148" Y="177"/>
	<Point X="149" Y="178"/>
	<Point X="150" Y="179"/>
	<Point X="151" Y="180"/>
	<Point X="152" Y="180"/>
	<Point X="153" Y="181"/>
	<Point X="154" Y="182"/>
	<Point X="155" Y="182"/>
	<Point X="156" Y="183"/>
	<Point X="157" Y="183"/>
	<Point X="157" Y="184"/>
	<Point X="158" Y="184"/>
	<Point X="159" Y="184"/>
	<Point X="159" Y="185"/>
	<Point X="160" Y="185"/>
	<Point X="161" Y="186"/>
	<Point X="162" Y="187"/>
	<Point X="163" Y="188"/>
	<Point X="164" Y="188"/>
	<Point X="165" Y="189"/>
	<Point X="166" Y="189"/>
	<Point X="166" Y="190"/>
	<Point X="167" Y="190"/>
	<Point X="168" Y="191"/>
	<Point X="169" Y="191"/>
	<Point X="170" Y="192"/>
	<Point X="171" Y="193"/>
	<Point X="172" Y="193"/>
	<Point X="173" Y="194"/>
	<Point X="174" Y="195"/>
	<Point X="175" Y="195"/>
	<Point X="176" Y="196"/>
	<Point X="177" Y="197"/>
	<Point X="178" Y="198"/>
	<Point X="179" Y="198"/>
	<Point X="180" Y="199"/>
	<Point X="181" Y="199"/>
	<Point X="181" Y="200"/>
	<Point X="182" Y="200"/>
	<Point X="183" Y="201"/>
	<Point X="184" Y="202"/>
	<Point X="185" Y="203"/>
	<Point X="186" Y="203"/>
	<Point X="187" Y="204"/>
	<Point X="188" Y="205"/>
	<Point X="189" Y="206"/>
	<Point X="190" Y="206"/>
	<Point X="190" Y="207"/>
	<Point X="191" Y="207"/>
	<Point X="192" Y="208"/>
	<Point X="193" Y="209"/>
	<Point X="194" Y="210"/>
	<Point X="195" Y="210"/>
	<Point X="196" Y="211"/>
	<Point X="196" Y="212"/>
	<Point X="197" Y="212"/>
	<Point X="198" Y="213"/>
	<Point X="199" Y="213"/>
	<Point X="199" Y="214"/>
	<Point X="200" Y="214"/>
	<Point X="201" Y="215"/>
	<Point X="203" Y="217"/>
	<Point X="205" Y="218"/>
	<Point X="206" Y="219"/>
	<Point X="208" Y="220"/>
	<Point X="209" Y="221"/>
	<Point X="209" Y="222"/>
	<Point X="211" Y="223"/>
	<Point X="212" Y="224"/>
	<Point X="214" Y="226"/>
	<Point X="217" Y="227"/>
	<Point X="218" Y="228"/>
	<Point X="220" Y="230"/>
	<Point X="222" Y="231"/>
	<Point X="224" Y="232"/>
	<Point X="225" Y="233"/>
	<Point X="226" Y="234"/>
	<Point X="227" Y="234"/>
	<Point X="228" Y="234"/>
	<Point X="228" Y="233"/>
	<Point X="228" Y="232"/>
	<Point X="228" Y="231"/>
	<Point X="228" Y="230"/>
	<Point X="228" Y="229"/>
	<Point X="228" Y="228"/>
	<Point X="228" Y="227"/>
	<Point X="228" Y="226"/>
	<Point X="228" Y="225"/>
	<Point X="228" Y="224"/>
	<Point X="228" Y="223"/>
	<Point X="228" Y="222"/>
	<Point X="228" Y="221"/>
	<Point X="228" Y="220"/>
	<Point X="228" Y="219"/>
	<Point X="228" Y="218"/>
	<Point X="228" Y="217"/>
	<Point X="228" Y="216"/>
	<Point X="228" Y="215"/>
	<Point X="227" Y="214"/>
	<Point X="227" Y="213"/>
	<Point X="227" Y="212"/>
	<Point X="227" Y="211"/>
	<Point X="227" Y="210"/>
	<Point X="227" Y="209"/>
	<Point X="227" Y="208"/>
	<Point X="227" Y="207"/>
	<Point X="227" Y="206"/>
	<Point X="227" Y="205"/>
	<Point X="227" Y="204"/>
	<Point X="227" Y="203"/>
	<Point X="227" Y="202"/>
	<Point X="227" Y="201"/>
	<Point X="227" Y="200"/>
	<Point X="227" Y="199"/>
	<Point X="227" Y="198"/>
	<Point X="227" Y="197"/>
	<Point X="227" Y="196"/>
	<Point X="227" Y="195"/>
	<Point X="227" Y="194"/>
	<Point X="227" Y="192"/>
	<Point X="227" Y="191"/>
	<Point X="227" Y="190"/>
	<Point X="227" Y="189"/>
	<Point X="227" Y="188"/>
	<Point X="227" Y="187"/>
	<Point X="227" Y="186"/>
	<Point X="227" Y="185"/>
	<Point X="227" Y="184"/>
	<Point X="227" Y="183"/>
	<Point X="227" Y="182"/>
	<Point X="227" Y="181"/>
	<Point X="227" Y="180"/>
	<Point X="227" Y="179"/>
	<Point X="227" Y="178"/>
	<Point X="227" Y="177"/>
	<Point X="227" Y="176"/>
	<Point X="227" Y="175"/>
	<Point X="227" Y="174"/>
	<Point X="227" Y="173"/>
	<Point X="227" Y="172"/>
	<Point X="227" Y="171"/>
	<Point X="227" Y="170"/>
	<Point X="227" Y="169"/>
	<Point X="227" Y="168"/>
	<Point X="227" Y="167"/>
	<Point X="227" Y="166"/>
	<Point X="227" Y="165"/>
	<Point X="227" Y="164"/>
	<Point X="227" Y="163"/>
	<Point X="227" Y="162"/>
	<Point X="227" Y="161"/>
	<Point X="227" Y="160"/>
	<Point X="227" Y="159"/>
	<Point X="227" Y="158"/>
	<Point X="227" Y="157"/>
	<Point X="227" Y="156"/>
	<Point X="227" Y="155"/>
	<Point X="227" Y="154"/>
	<Point X="227" Y="153"/>
	<Point X="226" Y="153"/>
	<Point X="226" Y="152"/>
	<Point X="226" Y="151"/>
	<Point X="226" Y="150"/>
	<Point X="226" Y="149"/>
	<Point X="225" Y="149"/>
	<Point X="225" Y="150"/>
	<Point X="225" Y="151"/>
	<Point X="224" Y="151"/>
	<Point X="224" Y="152"/>
	<Point X="224" Y="153"/>
	<Point X="223" Y="153"/>
	<Point X="223" Y="154"/>
	<Point X="222" Y="154"/>
	<Point X="222" Y="155"/>
	<Point X="221" Y="155"/>
	<Point X="221" Y="156"/>
	<Point X="220" Y="156"/>
	<Point X="220" Y="157"/>
	<Point X="219" Y="158"/>
	<Point X="218" Y="158"/>
	<Point X="218" Y="159"/>
	<Point X="217" Y="160"/>
	<Point X="216" Y="161"/>
	<Point X="215" Y="162"/>
	<Point X="214" Y="162"/>
	<Point X="213" Y="163"/>
	<Point X="212" Y="164"/>
	<Point X="211" Y="165"/>
	<Point X="210" Y="166"/>
	<Point X="209" Y="167"/>
	<Point X="208" Y="167"/>
	<Point X="207" Y="168"/>
	<Point X="205" Y="169"/>
	<Point X="204" Y="170"/>
	<Point X="203" Y="170"/>
	<Point X="202" Y="171"/>
	<Point X="201" Y="172"/>
	<Point X="200" Y="172"/>
	<Point X="199" Y="173"/>
	<Point X="198" Y="173"/>
	<Point X="197" Y="174"/>
	<Point X="196" Y="174"/>
	<Point X="195" Y="175"/>
	<Point X="194" Y="175"/>
	<Point X="193" Y="176"/>
	<Point X="192" Y="176"/>
	<Point X="191" Y="177"/>
	<Point X="190" Y="177"/>
	<Point X="189" Y="178"/>
	<Point X="188" Y="178"/>
	<Point X="187" Y="179"/>
	<Point X="186" Y="179"/>
	<Point X="185" Y="180"/>
	<Point X="184" Y="180"/>
	<Point X="183" Y="181"/>
	<Point X="182" Y="181"/>
	<Point X="181" Y="182"/>
	<Point X="180" Y="182"/>
	<Point X="179" Y="183"/>
	<Point X="178" Y="183"/>
	<Point X="178" Y="184"/>
	<Point X="177" Y="184"/>
	<Point X="175" Y="185"/>
	<Point X="173" Y="186"/>
	<Point X="172" Y="187"/>
	<Point X="171" Y="187"/>
	<Point X="170" Y="188"/>
	<Point X="169" Y="189"/>
	<Point X="168" Y="189"/>
	<Point X="167" Y="190"/>
	<Point X="165" Y="191"/>
	<Point X="164" Y="192"/>
	<Point X="163" Y="192"/>
	<Point X="163" Y="193"/>
	<Point X="162" Y="193"/>
	<Point X="161" Y="194"/>
	<Point X="160" Y="195"/>
	<Point X="159" Y="196"/>
	<Point X="158" Y="196"/>
	<Point X="157" Y="197"/>
	<Point X="157" Y="198"/>
	<Point X="156" Y="198"/>
	<Point X="155" Y="199"/>
	<Point X="154" Y="199"/>
	<Point X="153" Y="200"/>
	<Point X="153" Y="201"/>
	<Point X="152" Y="201"/>
	<Point X="151" Y="202"/>
	<Point X="151" Y="203"/>
	<Point X="150" Y="203"/>
	<Point X="149" Y="204"/>
	<Point X="148" Y="204"/>
	<Point X="148" Y="205"/>
	<Point X="147" Y="206"/>
	<Point X="146" Y="207"/>
	<Point X="145" Y="208"/>
	<Point X="143" Y="209"/>
	<Point X="142" Y="210"/>
	<Point X="141" Y="211"/>
	<Point X="140" Y="211"/>
	<Point X="140" Y="212"/>
	<Point X="139" Y="212"/>
	<Point X="139" Y="213"/>
	<Point X="138" Y="213"/>
	<Point X="138" Y="214"/>
	<Point X="137" Y="214"/>
	<Point X="137" Y="215"/>
	<Point X="136" Y="215"/>
	<Point X="136" Y="216"/>
	<Point X="135" Y="216"/>
	<Point X="135" Y="217"/>
	<Point X="134" Y="217"/>
	<Point X="133" Y="218"/>
	<Point X="132" Y="219"/>
	<Point X="131" Y="220"/>
	<Point X="130" Y="220"/>
	<Point X="130" Y="221"/>
	<Point X="129" Y="222"/>
	<Point X="128" Y="222"/>
	<Point X="128" Y="223"/>
	<Point X="127" Y="223"/>
	<Point X="127" Y="224"/>
	<Point X="126" Y="224"/>
	<Point X="125" Y="224"/>
	<Point X="125" Y="225"/>
	<Point X="124" Y="225"/>
	<Point X="124" Y="226"/>
	<Point X="123" Y="226"/>
	<Point X="123" Y="227"/>
</Gesture>
