<?xml version="1.0" ?>
<Gesture Name="x07" Subject="01" Number="07" NumPts="335">
	<Point X="104" Y="149"/>
	<Point X="104" Y="150"/>
	<Point X="105" Y="150"/>
	<Point X="105" Y="151"/>
	<Point X="106" Y="151"/>
	<Point X="107" Y="152"/>
	<Point X="108" Y="152"/>
	<Point X="108" Y="153"/>
	<Point X="109" Y="153"/>
	<Point X="109" Y="154"/>
	<Point X="110" Y="154"/>
	<Point X="110" Y="155"/>
	<Point X="111" Y="155"/>
	<Point X="112" Y="156"/>
	<Point X="113" Y="157"/>
	<Point X="114" Y="158"/>
	<Point X="115" Y="159"/>
	<Point X="116" Y="160"/>
	<Point X="117" Y="160"/>
	<Point X="117" Y="161"/>
	<Point X="119" Y="162"/>
	<Point X="120" Y="163"/>
	<Point X="121" Y="164"/>
	<Point X="122" Y="165"/>
	<Point X="122" Y="166"/>
	<Point X="123" Y="166"/>
	<Point X="124" Y="167"/>
	<Point X="125" Y="168"/>
	<Point X="126" Y="168"/>
	<Point X="126" Y="169"/>
	<Point X="127" Y="170"/>
	<Point X="128" Y="170"/>
	<Point X="128" Y="171"/>
	<Point X="129" Y="172"/>
	<Point X="130" Y="172"/>
	<Point X="130" Y="173"/>
	<Point X="131" Y="174"/>
	<Point X="132" Y="174"/>
	<Point X="132" Y="175"/>
	<Point X="133" Y="176"/>
	<Point X="134" Y="176"/>
	<Point X="135" Y="177"/>
	<Point X="135" Y="178"/>
	<Point X="136" Y="179"/>
	<Point X="137" Y="179"/>
	<Point X="138" Y="180"/>
	<Point X="139" Y="181"/>
	<Point X="139" Y="182"/>
	<Point X="140" Y="183"/>
	<Point X="141" Y="183"/>
	<Point X="142" Y="184"/>
	<Point X="142" Y="185"/>
	<Point X="143" Y="186"/>
	<Point X="144" Y="186"/>
	<Point X="145" Y="187"/>
	<Point X="145" Y="188"/>
	<Point X="147" Y="190"/>
	<Point X="149" Y="191"/>
	<Point X="149" Y="192"/>
	<Point X="150" Y="193"/>
	<Point X="151" Y="193"/>
	<Point X="152" Y="194"/>
	<Point X="152" Y="195"/>
	<Point X="153" Y="196"/>
	<Point X="154" Y="196"/>
	<Point X="155" Y="197"/>
	<Point X="156" Y="198"/>
	<Point X="157" Y="199"/>
	<Point X="158" Y="200"/>
	<Point X="159" Y="201"/>
	<Point X="160" Y="202"/>
	<Point X="161" Y="203"/>
	<Point X="162" Y="204"/>
	<Point X="163" Y="205"/>
	<Point X="164" Y="206"/>
	<Point X="165" Y="207"/>
	<Point X="166" Y="208"/>
	<Point X="167" Y="209"/>
	<Point X="168" Y="209"/>
	<Point X="168" Y="210"/>
	<Point X="169" Y="210"/>
	<Point X="170" Y="211"/>
	<Point X="170" Y="212"/>
	<Point X="171" Y="212"/>
	<Point X="172" Y="213"/>
	<Point X="174" Y="215"/>
	<Point X="175" Y="216"/>
	<Point X="176" Y="217"/>
	<Point X="177" Y="217"/>
	<Point X="177" Y="218"/>
	<Point X="178" Y="218"/>
	<Point X="179" Y="219"/>
	<Point X="180" Y="220"/>
	<Point X="181" Y="221"/>
	<Point X="182" Y="222"/>
	<Point X="183" Y="222"/>
	<Point X="183" Y="223"/>
	<Point X="184" Y="223"/>
	<Point X="185" Y="224"/>
	<Point X="186" Y="225"/>
	<Point X="187" Y="225"/>
	<Point X="187" Y="226"/>
	<Point X="188" Y="226"/>
	<Point X="188" Y="227"/>
	<Point X="189" Y="227"/>
	<Point X="190" Y="228"/>
	<Point X="191" Y="229"/>
	<Point X="192" Y="229"/>
	<Point X="192" Y="230"/>
	<Point X="193" Y="230"/>
	<Point X="193" Y="231"/>
	<Point X="194" Y="231"/>
	<Point X="194" Y="232"/>
	<Point X="195" Y="232"/>
	<Point X="196" Y="233"/>
	<Point X="197" Y="234"/>
	<Point X="198" Y="234"/>
	<Point X="198" Y="235"/>
	<Point X="199" Y="235"/>
	<Point X="200" Y="236"/>
	<Point X="201" Y="237"/>
	<Point X="202" Y="238"/>
	<Point X="203" Y="238"/>
	<Point X="203" Y="239"/>
	<Point X="204" Y="239"/>
	<Point X="204" Y="240"/>
	<Point X="205" Y="240"/>
	<Point X="205" Y="241"/>
	<Point X="206" Y="241"/>
	<Point X="207" Y="241"/>
	<Point X="207" Y="242"/>
	<Point X="207" Y="241"/>
	<Point X="207" Y="240"/>
	<Point X="207" Y="239"/>
	<Point X="207" Y="238"/>
	<Point X="207" Y="237"/>
	<Point X="207" Y="236"/>
	<Point X="207" Y="235"/>
	<Point X="207" Y="234"/>
	<Point X="207" Y="233"/>
	<Point X="207" Y="232"/>
	<Point X="207" Y="231"/>
	<Point X="207" Y="230"/>
	<Point X="207" Y="229"/>
	<Point X="207" Y="228"/>
	<Point X="207" Y="227"/>
	<Point X="207" Y="226"/>
	<Point X="207" Y="225"/>
	<Point X="207" Y="224"/>
	<Point X="207" Y="223"/>
	<Point X="207" Y="222"/>
	<Point X="207" Y="221"/>
	<Point X="207" Y="220"/>
	<Point X="207" Y="219"/>
	<Point X="207" Y="218"/>
	<Point X="207" Y="217"/>
	<Point X="207" Y="216"/>
	<Point X="207" Y="215"/>
	<Point X="207" Y="214"/>
	<Point X="208" Y="213"/>
	<Point X="208" Y="212"/>
	<Point X="208" Y="210"/>
	<Point X="208" Y="208"/>
	<Point X="208" Y="206"/>
	<Point X="208" Y="205"/>
	<Point X="208" Y="204"/>
	<Point X="208" Y="203"/>
	<Point X="208" Y="202"/>
	<Point X="208" Y="201"/>
	<Point X="208" Y="200"/>
	<Point X="208" Y="199"/>
	<Point X="208" Y="198"/>
	<Point X="209" Y="197"/>
	<Point X="209" Y="196"/>
	<Point X="209" Y="195"/>
	<Point X="209" Y="194"/>
	<Point X="209" Y="193"/>
	<Point X="209" Y="192"/>
	<Point X="209" Y="191"/>
	<Point X="209" Y="190"/>
	<Point X="209" Y="188"/>
	<Point X="209" Y="187"/>
	<Point X="209" Y="185"/>
	<Point X="210" Y="184"/>
	<Point X="210" Y="182"/>
	<Point X="210" Y="180"/>
	<Point X="210" Y="178"/>
	<Point X="210" Y="176"/>
	<Point X="210" Y="173"/>
	<Point X="210" Y="171"/>
	<Point X="210" Y="168"/>
	<Point X="210" Y="166"/>
	<Point X="210" Y="163"/>
	<Point X="210" Y="161"/>
	<Point X="210" Y="159"/>
	<Point X="210" Y="157"/>
	<Point X="210" Y="156"/>
	<Point X="210" Y="154"/>
	<Point X="210" Y="153"/>
	<Point X="210" Y="150"/>
	<Point X="210" Y="148"/>
	<Point X="210" Y="145"/>
	<Point X="210" Y="144"/>
	<Point X="210" Y="143"/>
	<Point X="210" Y="142"/>
	<Point X="211" Y="142"/>
	<Point X="211" Y="141"/>
	<Point X="211" Y="140"/>
	<Point X="211" Y="141"/>
	<Point X="210" Y="141"/>
	<Point X="210" Y="142"/>
	<Point X="209" Y="142"/>
	<Point X="209" Y="143"/>
	<Point X="208" Y="143"/>
	<Point X="208" Y="144"/>
	<Point X="207" Y="145"/>
	<Point X="206" Y="146"/>
	<Point X="206" Y="147"/>
	<Point X="205" Y="147"/>
	<Point X="205" Y="148"/>
	<Point X="204" Y="149"/>
	<Point X="203" Y="150"/>
	<Point X="202" Y="151"/>
	<Point X="202" Y="152"/>
	<Point X="201" Y="153"/>
	<Point X="200" Y="154"/>
	<Point X="200" Y="155"/>
	<Point X="199" Y="155"/>
	<Point X="199" Y="156"/>
	<Point X="198" Y="157"/>
	<Point X="198" Y="158"/>
	<Point X="197" Y="159"/>
	<Point X="196" Y="160"/>
	<Point X="196" Y="161"/>
	<Point X="195" Y="162"/>
	<Point X="194" Y="163"/>
	<Point X="194" Y="164"/>
	<Point X="193" Y="165"/>
	<Point X="192" Y="166"/>
	<Point X="191" Y="168"/>
	<Point X="190" Y="168"/>
	<Point X="190" Y="169"/>
	<Point X="189" Y="170"/>
	<Point X="188" Y="172"/>
	<Point X="187" Y="173"/>
	<Point X="187" Y="174"/>
	<Point X="186" Y="175"/>
	<Point X="184" Y="177"/>
	<Point X="182" Y="179"/>
	<Point X="182" Y="180"/>
	<Point X="181" Y="181"/>
	<Point X="180" Y="182"/>
	<Point X="179" Y="183"/>
	<Point X="178" Y="185"/>
	<Point X="177" Y="186"/>
	<Point X="176" Y="188"/>
	<Point X="175" Y="189"/>
	<Point X="174" Y="190"/>
	<Point X="173" Y="191"/>
	<Point X="172" Y="192"/>
	<Point X="171" Y="193"/>
	<Point X="170" Y="194"/>
	<Point X="170" Y="195"/>
	<Point X="169" Y="196"/>
	<Point X="168" Y="197"/>
	<Point X="167" Y="198"/>
	<Point X="166" Y="199"/>
	<Point X="165" Y="200"/>
	<Point X="164" Y="201"/>
	<Point X="163" Y="203"/>
	<Point X="162" Y="204"/>
	<Point X="161" Y="205"/>
	<Point X="160" Y="206"/>
	<Point X="158" Y="208"/>
	<Point X="157" Y="209"/>
	<Point X="157" Y="210"/>
	<Point X="156" Y="211"/>
	<Point X="155" Y="212"/>
	<Point X="154" Y="213"/>
	<Point X="153" Y="213"/>
	<Point X="152" Y="215"/>
	<Point X="150" Y="217"/>
	<Point X="150" Y="218"/>
	<Point X="149" Y="218"/>
	<Point X="148" Y="219"/>
	<Point X="147" Y="220"/>
	<Point X="147" Y="221"/>
	<Point X="146" Y="222"/>
	<Point X="145" Y="222"/>
	<Point X="144" Y="223"/>
	<Point X="144" Y="224"/>
	<Point X="143" Y="225"/>
	<Point X="142" Y="225"/>
	<Point X="141" Y="226"/>
	<Point X="141" Y="227"/>
	<Point X="140" Y="227"/>
	<Point X="139" Y="228"/>
	<Point X="139" Y="229"/>
	<Point X="138" Y="229"/>
	<Point X="137" Y="230"/>
	<Point X="136" Y="231"/>
	<Point X="135" Y="232"/>
	<Point X="134" Y="232"/>
	<Point X="134" Y="233"/>
	<Point X="133" Y="233"/>
	<Point X="133" Y="234"/>
	<Point X="132" Y="234"/>
	<Point X="132" Y="235"/>
	<Point X="131" Y="235"/>
	<Point X="131" Y="236"/>
	<Point X="130" Y="236"/>
	<Point X="130" Y="237"/>
	<Point X="129" Y="237"/>
	<Point X="128" Y="238"/>
	<Point X="127" Y="238"/>
	<Point X="127" Y="239"/>
	<Point X="126" Y="240"/>
	<Point X="125" Y="240"/>
	<Point X="125" Y="241"/>
	<Point X="124" Y="241"/>
	<Point X="124" Y="242"/>
	<Point X="123" Y="242"/>
	<Point X="123" Y="243"/>
	<Point X="122" Y="243"/>
	<Point X="121" Y="244"/>
	<Point X="120" Y="244"/>
	<Point X="120" Y="245"/>
	<Point X="119" Y="245"/>
	<Point X="119" Y="246"/>
	<Point X="118" Y="246"/>
	<Point X="117" Y="247"/>
	<Point X="116" Y="247"/>
	<Point X="116" Y="248"/>
	<Point X="115" Y="248"/>
	<Point X="114" Y="248"/>
</Gesture>
