<?xml version="1.0" ?>
<Gesture Name="x09" Subject="01" Number="09" NumPts="287">
	<Point X="125" Y="160"/>
	<Point X="126" Y="160"/>
	<Point X="126" Y="161"/>
	<Point X="127" Y="161"/>
	<Point X="127" Y="162"/>
	<Point X="128" Y="162"/>
	<Point X="128" Y="163"/>
	<Point X="129" Y="163"/>
	<Point X="129" Y="164"/>
	<Point X="130" Y="164"/>
	<Point X="130" Y="165"/>
	<Point X="131" Y="165"/>
	<Point X="132" Y="166"/>
	<Point X="133" Y="166"/>
	<Point X="133" Y="167"/>
	<Point X="134" Y="167"/>
	<Point X="134" Y="168"/>
	<Point X="135" Y="168"/>
	<Point X="136" Y="169"/>
	<Point X="137" Y="170"/>
	<Point X="138" Y="171"/>
	<Point X="139" Y="172"/>
	<Point X="140" Y="172"/>
	<Point X="140" Y="173"/>
	<Point X="141" Y="173"/>
	<Point X="141" Y="174"/>
	<Point X="142" Y="174"/>
	<Point X="143" Y="175"/>
	<Point X="144" Y="175"/>
	<Point X="146" Y="177"/>
	<Point X="147" Y="178"/>
	<Point X="149" Y="179"/>
	<Point X="149" Y="180"/>
	<Point X="150" Y="180"/>
	<Point X="151" Y="181"/>
	<Point X="152" Y="182"/>
	<Point X="153" Y="183"/>
	<Point X="154" Y="184"/>
	<Point X="155" Y="184"/>
	<Point X="156" Y="185"/>
	<Point X="157" Y="185"/>
	<Point X="157" Y="186"/>
	<Point X="158" Y="187"/>
	<Point X="159" Y="187"/>
	<Point X="160" Y="188"/>
	<Point X="161" Y="189"/>
	<Point X="162" Y="190"/>
	<Point X="163" Y="190"/>
	<Point X="164" Y="191"/>
	<Point X="165" Y="192"/>
	<Point X="166" Y="192"/>
	<Point X="167" Y="193"/>
	<Point X="168" Y="194"/>
	<Point X="169" Y="194"/>
	<Point X="169" Y="195"/>
	<Point X="170" Y="196"/>
	<Point X="171" Y="196"/>
	<Point X="172" Y="197"/>
	<Point X="173" Y="197"/>
	<Point X="174" Y="198"/>
	<Point X="177" Y="200"/>
	<Point X="179" Y="202"/>
	<Point X="182" Y="204"/>
	<Point X="183" Y="204"/>
	<Point X="185" Y="206"/>
	<Point X="187" Y="207"/>
	<Point X="188" Y="207"/>
	<Point X="189" Y="208"/>
	<Point X="190" Y="208"/>
	<Point X="190" Y="209"/>
	<Point X="191" Y="209"/>
	<Point X="192" Y="210"/>
	<Point X="193" Y="210"/>
	<Point X="194" Y="211"/>
	<Point X="195" Y="211"/>
	<Point X="195" Y="212"/>
	<Point X="196" Y="212"/>
	<Point X="197" Y="213"/>
	<Point X="198" Y="213"/>
	<Point X="199" Y="214"/>
	<Point X="200" Y="215"/>
	<Point X="201" Y="215"/>
	<Point X="202" Y="216"/>
	<Point X="203" Y="216"/>
	<Point X="204" Y="217"/>
	<Point X="205" Y="218"/>
	<Point X="206" Y="218"/>
	<Point X="207" Y="219"/>
	<Point X="208" Y="219"/>
	<Point X="208" Y="220"/>
	<Point X="209" Y="220"/>
	<Point X="210" Y="220"/>
	<Point X="211" Y="221"/>
	<Point X="213" Y="222"/>
	<Point X="214" Y="223"/>
	<Point X="215" Y="223"/>
	<Point X="216" Y="224"/>
	<Point X="217" Y="224"/>
	<Point X="218" Y="225"/>
	<Point X="219" Y="225"/>
	<Point X="220" Y="226"/>
	<Point X="221" Y="226"/>
	<Point X="221" Y="227"/>
	<Point X="222" Y="227"/>
	<Point X="223" Y="227"/>
	<Point X="223" Y="228"/>
	<Point X="224" Y="228"/>
	<Point X="225" Y="228"/>
	<Point X="225" Y="229"/>
	<Point X="226" Y="229"/>
	<Point X="227" Y="229"/>
	<Point X="227" Y="230"/>
	<Point X="228" Y="230"/>
	<Point X="229" Y="230"/>
	<Point X="230" Y="231"/>
	<Point X="231" Y="231"/>
	<Point X="232" Y="231"/>
	<Point X="232" Y="232"/>
	<Point X="233" Y="232"/>
	<Point X="234" Y="232"/>
	<Point X="234" Y="233"/>
	<Point X="235" Y="233"/>
	<Point X="235" Y="234"/>
	<Point X="236" Y="234"/>
	<Point X="236" Y="235"/>
	<Point X="236" Y="234"/>
	<Point X="236" Y="233"/>
	<Point X="236" Y="232"/>
	<Point X="236" Y="228"/>
	<Point X="236" Y="227"/>
	<Point X="237" Y="220"/>
	<Point X="237" Y="215"/>
	<Point X="237" Y="213"/>
	<Point X="237" Y="212"/>
	<Point X="237" Y="210"/>
	<Point X="237" Y="209"/>
	<Point X="237" Y="208"/>
	<Point X="237" Y="207"/>
	<Point X="237" Y="206"/>
	<Point X="237" Y="205"/>
	<Point X="237" Y="204"/>
	<Point X="237" Y="203"/>
	<Point X="237" Y="200"/>
	<Point X="238" Y="199"/>
	<Point X="238" Y="198"/>
	<Point X="238" Y="197"/>
	<Point X="238" Y="196"/>
	<Point X="238" Y="195"/>
	<Point X="238" Y="194"/>
	<Point X="238" Y="193"/>
	<Point X="238" Y="192"/>
	<Point X="238" Y="191"/>
	<Point X="238" Y="190"/>
	<Point X="238" Y="189"/>
	<Point X="238" Y="188"/>
	<Point X="238" Y="187"/>
	<Point X="238" Y="186"/>
	<Point X="238" Y="185"/>
	<Point X="238" Y="183"/>
	<Point X="238" Y="182"/>
	<Point X="238" Y="179"/>
	<Point X="238" Y="178"/>
	<Point X="238" Y="177"/>
	<Point X="238" Y="176"/>
	<Point X="238" Y="175"/>
	<Point X="238" Y="174"/>
	<Point X="238" Y="173"/>
	<Point X="238" Y="172"/>
	<Point X="238" Y="171"/>
	<Point X="238" Y="170"/>
	<Point X="238" Y="169"/>
	<Point X="238" Y="168"/>
	<Point X="238" Y="167"/>
	<Point X="238" Y="166"/>
	<Point X="238" Y="165"/>
	<Point X="238" Y="164"/>
	<Point X="237" Y="164"/>
	<Point X="236" Y="164"/>
	<Point X="236" Y="165"/>
	<Point X="235" Y="165"/>
	<Point X="234" Y="166"/>
	<Point X="233" Y="166"/>
	<Point X="233" Y="167"/>
	<Point X="232" Y="167"/>
	<Point X="231" Y="167"/>
	<Point X="231" Y="168"/>
	<Point X="230" Y="168"/>
	<Point X="229" Y="169"/>
	<Point X="228" Y="169"/>
	<Point X="227" Y="170"/>
	<Point X="226" Y="170"/>
	<Point X="225" Y="171"/>
	<Point X="224" Y="171"/>
	<Point X="223" Y="172"/>
	<Point X="222" Y="172"/>
	<Point X="221" Y="173"/>
	<Point X="220" Y="173"/>
	<Point X="219" Y="174"/>
	<Point X="218" Y="174"/>
	<Point X="217" Y="175"/>
	<Point X="216" Y="175"/>
	<Point X="214" Y="176"/>
	<Point X="213" Y="177"/>
	<Point X="212" Y="177"/>
	<Point X="211" Y="178"/>
	<Point X="210" Y="178"/>
	<Point X="209" Y="179"/>
	<Point X="208" Y="179"/>
	<Point X="207" Y="180"/>
	<Point X="206" Y="180"/>
	<Point X="206" Y="181"/>
	<Point X="205" Y="181"/>
	<Point X="204" Y="181"/>
	<Point X="203" Y="182"/>
	<Point X="202" Y="182"/>
	<Point X="201" Y="183"/>
	<Point X="200" Y="183"/>
	<Point X="199" Y="184"/>
	<Point X="198" Y="184"/>
	<Point X="197" Y="185"/>
	<Point X="196" Y="186"/>
	<Point X="195" Y="186"/>
	<Point X="194" Y="187"/>
	<Point X="193" Y="187"/>
	<Point X="192" Y="188"/>
	<Point X="191" Y="189"/>
	<Point X="190" Y="189"/>
	<Point X="189" Y="190"/>
	<Point X="188" Y="191"/>
	<Point X="187" Y="191"/>
	<Point X="186" Y="192"/>
	<Point X="185" Y="192"/>
	<Point X="184" Y="193"/>
	<Point X="183" Y="194"/>
	<Point X="182" Y="194"/>
	<Point X="181" Y="195"/>
	<Point X="180" Y="196"/>
	<Point X="179" Y="197"/>
	<Point X="178" Y="197"/>
	<Point X="177" Y="198"/>
	<Point X="176" Y="199"/>
	<Point X="173" Y="201"/>
	<Point X="171" Y="202"/>
	<Point X="170" Y="203"/>
	<Point X="169" Y="203"/>
	<Point X="167" Y="205"/>
	<Point X="166" Y="206"/>
	<Point X="165" Y="207"/>
	<Point X="164" Y="207"/>
	<Point X="163" Y="208"/>
	<Point X="162" Y="209"/>
	<Point X="161" Y="209"/>
	<Point X="160" Y="210"/>
	<Point X="159" Y="211"/>
	<Point X="158" Y="212"/>
	<Point X="157" Y="213"/>
	<Point X="156" Y="213"/>
	<Point X="156" Y="214"/>
	<Point X="155" Y="214"/>
	<Point X="154" Y="215"/>
	<Point X="153" Y="215"/>
	<Point X="152" Y="216"/>
	<Point X="151" Y="217"/>
	<Point X="150" Y="218"/>
	<Point X="149" Y="219"/>
	<Point X="148" Y="219"/>
	<Point X="148" Y="220"/>
	<Point X="147" Y="220"/>
	<Point X="146" Y="220"/>
	<Point X="146" Y="221"/>
	<Point X="145" Y="221"/>
	<Point X="144" Y="222"/>
	<Point X="144" Y="223"/>
	<Point X="143" Y="223"/>
	<Point X="142" Y="224"/>
	<Point X="141" Y="225"/>
	<Point X="140" Y="225"/>
	<Point X="140" Y="226"/>
	<Point X="139" Y="226"/>
	<Point X="139" Y="227"/>
	<Point X="138" Y="227"/>
	<Point X="137" Y="228"/>
	<Point X="136" Y="228"/>
	<Point X="136" Y="229"/>
	<Point X="135" Y="229"/>
	<Point X="135" Y="230"/>
	<Point X="134" Y="230"/>
</Gesture>
