<?xml version="1.0" ?>
<Gesture Name="zigzag06" Subject="01" Number="06" NumPts="320">
	<Point X="100" Y="271"/>
	<Point X="100" Y="270"/>
	<Point X="101" Y="270"/>
	<Point X="101" Y="269"/>
	<Point X="102" Y="269"/>
	<Point X="102" Y="268"/>
	<Point X="103" Y="267"/>
	<Point X="103" Y="266"/>
	<Point X="104" Y="266"/>
	<Point X="104" Y="265"/>
	<Point X="105" Y="265"/>
	<Point X="105" Y="264"/>
	<Point X="106" Y="264"/>
	<Point X="106" Y="263"/>
	<Point X="107" Y="263"/>
	<Point X="107" Y="262"/>
	<Point X="108" Y="262"/>
	<Point X="108" Y="261"/>
	<Point X="109" Y="261"/>
	<Point X="109" Y="260"/>
	<Point X="110" Y="260"/>
	<Point X="110" Y="259"/>
	<Point X="111" Y="258"/>
	<Point X="112" Y="257"/>
	<Point X="113" Y="256"/>
	<Point X="114" Y="255"/>
	<Point X="115" Y="254"/>
	<Point X="115" Y="253"/>
	<Point X="116" Y="253"/>
	<Point X="116" Y="252"/>
	<Point X="117" Y="252"/>
	<Point X="117" Y="251"/>
	<Point X="118" Y="251"/>
	<Point X="118" Y="250"/>
	<Point X="119" Y="250"/>
	<Point X="119" Y="249"/>
	<Point X="120" Y="248"/>
	<Point X="121" Y="247"/>
	<Point X="122" Y="246"/>
	<Point X="123" Y="245"/>
	<Point X="123" Y="244"/>
	<Point X="124" Y="244"/>
	<Point X="125" Y="243"/>
	<Point X="125" Y="242"/>
	<Point X="126" Y="242"/>
	<Point X="126" Y="241"/>
	<Point X="127" Y="241"/>
	<Point X="127" Y="240"/>
	<Point X="128" Y="240"/>
	<Point X="128" Y="239"/>
	<Point X="129" Y="239"/>
	<Point X="129" Y="238"/>
	<Point X="130" Y="238"/>
	<Point X="130" Y="237"/>
	<Point X="131" Y="237"/>
	<Point X="131" Y="236"/>
	<Point X="132" Y="236"/>
	<Point X="132" Y="235"/>
	<Point X="133" Y="235"/>
	<Point X="133" Y="234"/>
	<Point X="134" Y="234"/>
	<Point X="134" Y="233"/>
	<Point X="135" Y="233"/>
	<Point X="135" Y="232"/>
	<Point X="136" Y="232"/>
	<Point X="136" Y="231"/>
	<Point X="137" Y="231"/>
	<Point X="137" Y="230"/>
	<Point X="138" Y="230"/>
	<Point X="138" Y="229"/>
	<Point X="139" Y="229"/>
	<Point X="140" Y="228"/>
	<Point X="140" Y="227"/>
	<Point X="141" Y="227"/>
	<Point X="141" Y="228"/>
	<Point X="142" Y="228"/>
	<Point X="142" Y="229"/>
	<Point X="142" Y="230"/>
	<Point X="143" Y="230"/>
	<Point X="143" Y="231"/>
	<Point X="144" Y="231"/>
	<Point X="144" Y="232"/>
	<Point X="144" Y="233"/>
	<Point X="145" Y="233"/>
	<Point X="145" Y="234"/>
	<Point X="146" Y="234"/>
	<Point X="146" Y="235"/>
	<Point X="147" Y="236"/>
	<Point X="147" Y="237"/>
	<Point X="148" Y="237"/>
	<Point X="148" Y="238"/>
	<Point X="149" Y="238"/>
	<Point X="149" Y="239"/>
	<Point X="149" Y="240"/>
	<Point X="150" Y="240"/>
	<Point X="150" Y="241"/>
	<Point X="151" Y="242"/>
	<Point X="151" Y="243"/>
	<Point X="152" Y="243"/>
	<Point X="152" Y="244"/>
	<Point X="153" Y="245"/>
	<Point X="153" Y="246"/>
	<Point X="154" Y="246"/>
	<Point X="154" Y="247"/>
	<Point X="155" Y="248"/>
	<Point X="155" Y="249"/>
	<Point X="156" Y="249"/>
	<Point X="156" Y="250"/>
	<Point X="157" Y="251"/>
	<Point X="158" Y="252"/>
	<Point X="158" Y="253"/>
	<Point X="159" Y="254"/>
	<Point X="160" Y="255"/>
	<Point X="160" Y="256"/>
	<Point X="161" Y="256"/>
	<Point X="161" Y="257"/>
	<Point X="162" Y="258"/>
	<Point X="162" Y="259"/>
	<Point X="163" Y="259"/>
	<Point X="163" Y="260"/>
	<Point X="164" Y="260"/>
	<Point X="164" Y="261"/>
	<Point X="165" Y="262"/>
	<Point X="165" Y="263"/>
	<Point X="166" Y="263"/>
	<Point X="166" Y="264"/>
	<Point X="167" Y="264"/>
	<Point X="167" Y="265"/>
	<Point X="168" Y="265"/>
	<Point X="168" Y="266"/>
	<Point X="169" Y="267"/>
	<Point X="169" Y="268"/>
	<Point X="170" Y="268"/>
	<Point X="170" Y="269"/>
	<Point X="171" Y="269"/>
	<Point X="171" Y="268"/>
	<Point X="172" Y="268"/>
	<Point X="172" Y="267"/>
	<Point X="173" Y="266"/>
	<Point X="173" Y="265"/>
	<Point X="174" Y="265"/>
	<Point X="174" Y="264"/>
	<Point X="175" Y="263"/>
	<Point X="175" Y="262"/>
	<Point X="176" Y="262"/>
	<Point X="176" Y="261"/>
	<Point X="177" Y="260"/>
	<Point X="177" Y="259"/>
	<Point X="178" Y="259"/>
	<Point X="178" Y="258"/>
	<Point X="179" Y="257"/>
	<Point X="179" Y="256"/>
	<Point X="180" Y="256"/>
	<Point X="180" Y="255"/>
	<Point X="181" Y="255"/>
	<Point X="181" Y="254"/>
	<Point X="182" Y="253"/>
	<Point X="182" Y="252"/>
	<Point X="183" Y="252"/>
	<Point X="183" Y="251"/>
	<Point X="184" Y="250"/>
	<Point X="184" Y="249"/>
	<Point X="185" Y="249"/>
	<Point X="185" Y="248"/>
	<Point X="186" Y="248"/>
	<Point X="186" Y="247"/>
	<Point X="187" Y="246"/>
	<Point X="187" Y="245"/>
	<Point X="188" Y="245"/>
	<Point X="188" Y="244"/>
	<Point X="189" Y="244"/>
	<Point X="189" Y="243"/>
	<Point X="190" Y="242"/>
	<Point X="190" Y="241"/>
	<Point X="191" Y="241"/>
	<Point X="191" Y="240"/>
	<Point X="192" Y="239"/>
	<Point X="193" Y="238"/>
	<Point X="194" Y="237"/>
	<Point X="194" Y="236"/>
	<Point X="195" Y="236"/>
	<Point X="195" Y="235"/>
	<Point X="196" Y="235"/>
	<Point X="197" Y="234"/>
	<Point X="198" Y="233"/>
	<Point X="199" Y="233"/>
	<Point X="199" Y="232"/>
	<Point X="200" Y="232"/>
	<Point X="200" Y="231"/>
	<Point X="201" Y="231"/>
	<Point X="202" Y="231"/>
	<Point X="202" Y="230"/>
	<Point X="203" Y="230"/>
	<Point X="204" Y="229"/>
	<Point X="205" Y="229"/>
	<Point X="206" Y="228"/>
	<Point X="207" Y="228"/>
	<Point X="207" Y="227"/>
	<Point X="208" Y="227"/>
	<Point X="209" Y="227"/>
	<Point X="210" Y="227"/>
	<Point X="210" Y="228"/>
	<Point X="211" Y="229"/>
	<Point X="211" Y="230"/>
	<Point X="212" Y="231"/>
	<Point X="212" Y="232"/>
	<Point X="212" Y="233"/>
	<Point X="213" Y="234"/>
	<Point X="213" Y="235"/>
	<Point X="214" Y="236"/>
	<Point X="214" Y="237"/>
	<Point X="214" Y="238"/>
	<Point X="215" Y="238"/>
	<Point X="215" Y="239"/>
	<Point X="215" Y="240"/>
	<Point X="216" Y="240"/>
	<Point X="216" Y="241"/>
	<Point X="216" Y="242"/>
	<Point X="217" Y="243"/>
	<Point X="217" Y="244"/>
	<Point X="217" Y="245"/>
	<Point X="218" Y="245"/>
	<Point X="218" Y="246"/>
	<Point X="218" Y="247"/>
	<Point X="219" Y="247"/>
	<Point X="219" Y="248"/>
	<Point X="219" Y="249"/>
	<Point X="220" Y="249"/>
	<Point X="220" Y="250"/>
	<Point X="221" Y="251"/>
	<Point X="221" Y="252"/>
	<Point X="222" Y="252"/>
	<Point X="222" Y="253"/>
	<Point X="223" Y="254"/>
	<Point X="223" Y="255"/>
	<Point X="224" Y="255"/>
	<Point X="224" Y="256"/>
	<Point X="225" Y="256"/>
	<Point X="225" Y="257"/>
	<Point X="226" Y="257"/>
	<Point X="226" Y="258"/>
	<Point X="227" Y="259"/>
	<Point X="227" Y="260"/>
	<Point X="228" Y="260"/>
	<Point X="229" Y="261"/>
	<Point X="230" Y="262"/>
	<Point X="231" Y="262"/>
	<Point X="231" Y="263"/>
	<Point X="232" Y="263"/>
	<Point X="233" Y="263"/>
	<Point X="233" Y="262"/>
	<Point X="234" Y="262"/>
	<Point X="234" Y="261"/>
	<Point X="235" Y="261"/>
	<Point X="235" Y="260"/>
	<Point X="236" Y="259"/>
	<Point X="236" Y="258"/>
	<Point X="237" Y="258"/>
	<Point X="237" Y="257"/>
	<Point X="238" Y="256"/>
	<Point X="239" Y="255"/>
	<Point X="239" Y="254"/>
	<Point X="240" Y="254"/>
	<Point X="240" Y="253"/>
	<Point X="241" Y="253"/>
	<Point X="241" Y="252"/>
	<Point X="242" Y="251"/>
	<Point X="242" Y="250"/>
	<Point X="243" Y="250"/>
	<Point X="243" Y="249"/>
	<Point X="244" Y="249"/>
	<Point X="244" Y="248"/>
	<Point X="245" Y="247"/>
	<Point X="246" Y="246"/>
	<Point X="246" Y="245"/>
	<Point X="247" Y="245"/>
	<Point X="247" Y="244"/>
	<Point X="248" Y="244"/>
	<Point X="248" Y="243"/>
	<Point X="249" Y="243"/>
	<Point X="249" Y="242"/>
	<Point X="250" Y="241"/>
	<Point X="251" Y="240"/>
	<Point X="252" Y="239"/>
	<Point X="252" Y="238"/>
	<Point X="253" Y="238"/>
	<Point X="253" Y="237"/>
	<Point X="254" Y="237"/>
	<Point X="254" Y="236"/>
	<Point X="255" Y="236"/>
	<Point X="256" Y="235"/>
	<Point X="257" Y="234"/>
	<Point X="257" Y="233"/>
	<Point X="258" Y="233"/>
	<Point X="258" Y="232"/>
	<Point X="259" Y="232"/>
	<Point X="260" Y="231"/>
	<Point X="261" Y="230"/>
	<Point X="262" Y="229"/>
	<Point X="263" Y="229"/>
	<Point X="263" Y="228"/>
	<Point X="264" Y="228"/>
	<Point X="264" Y="227"/>
	<Point X="265" Y="227"/>
	<Point X="265" Y="226"/>
	<Point X="266" Y="226"/>
	<Point X="267" Y="226"/>
	<Point X="267" Y="225"/>
	<Point X="268" Y="225"/>
	<Point X="268" Y="224"/>
	<Point X="269" Y="224"/>
	<Point X="269" Y="223"/>
	<Point X="270" Y="223"/>
	<Point X="270" Y="222"/>
	<Point X="271" Y="222"/>
	<Point X="271" Y="221"/>
	<Point X="272" Y="221"/>
	<Point X="272" Y="220"/>
	<Point X="273" Y="220"/>
	<Point X="273" Y="219"/>
</Gesture>
