<?xml version="1.0" ?>
<Gesture Name="zigzag08" Subject="01" Number="08" NumPts="310">
	<Point X="92" Y="274"/>
	<Point X="92" Y="273"/>
	<Point X="92" Y="272"/>
	<Point X="93" Y="272"/>
	<Point X="93" Y="271"/>
	<Point X="93" Y="270"/>
	<Point X="94" Y="270"/>
	<Point X="94" Y="269"/>
	<Point X="95" Y="268"/>
	<Point X="95" Y="267"/>
	<Point X="96" Y="267"/>
	<Point X="96" Y="266"/>
	<Point X="97" Y="265"/>
	<Point X="97" Y="264"/>
	<Point X="98" Y="264"/>
	<Point X="98" Y="263"/>
	<Point X="99" Y="263"/>
	<Point X="99" Y="262"/>
	<Point X="100" Y="261"/>
	<Point X="100" Y="260"/>
	<Point X="101" Y="260"/>
	<Point X="101" Y="259"/>
	<Point X="102" Y="258"/>
	<Point X="102" Y="257"/>
	<Point X="103" Y="257"/>
	<Point X="103" Y="256"/>
	<Point X="104" Y="256"/>
	<Point X="104" Y="255"/>
	<Point X="105" Y="255"/>
	<Point X="105" Y="254"/>
	<Point X="106" Y="253"/>
	<Point X="106" Y="252"/>
	<Point X="107" Y="252"/>
	<Point X="107" Y="251"/>
	<Point X="108" Y="250"/>
	<Point X="109" Y="249"/>
	<Point X="110" Y="248"/>
	<Point X="110" Y="247"/>
	<Point X="111" Y="247"/>
	<Point X="111" Y="246"/>
	<Point X="112" Y="246"/>
	<Point X="112" Y="245"/>
	<Point X="112" Y="244"/>
	<Point X="113" Y="244"/>
	<Point X="113" Y="243"/>
	<Point X="114" Y="243"/>
	<Point X="114" Y="242"/>
	<Point X="115" Y="242"/>
	<Point X="115" Y="241"/>
	<Point X="116" Y="240"/>
	<Point X="116" Y="239"/>
	<Point X="117" Y="239"/>
	<Point X="117" Y="238"/>
	<Point X="118" Y="238"/>
	<Point X="118" Y="237"/>
	<Point X="119" Y="237"/>
	<Point X="119" Y="236"/>
	<Point X="119" Y="235"/>
	<Point X="120" Y="235"/>
	<Point X="120" Y="234"/>
	<Point X="121" Y="234"/>
	<Point X="121" Y="233"/>
	<Point X="121" Y="232"/>
	<Point X="122" Y="232"/>
	<Point X="122" Y="233"/>
	<Point X="123" Y="233"/>
	<Point X="123" Y="234"/>
	<Point X="124" Y="234"/>
	<Point X="124" Y="235"/>
	<Point X="125" Y="235"/>
	<Point X="125" Y="236"/>
	<Point X="126" Y="236"/>
	<Point X="127" Y="237"/>
	<Point X="128" Y="237"/>
	<Point X="128" Y="238"/>
	<Point X="129" Y="238"/>
	<Point X="129" Y="239"/>
	<Point X="130" Y="239"/>
	<Point X="130" Y="240"/>
	<Point X="131" Y="240"/>
	<Point X="131" Y="241"/>
	<Point X="132" Y="241"/>
	<Point X="133" Y="242"/>
	<Point X="134" Y="243"/>
	<Point X="135" Y="244"/>
	<Point X="136" Y="244"/>
	<Point X="136" Y="245"/>
	<Point X="137" Y="245"/>
	<Point X="137" Y="246"/>
	<Point X="138" Y="246"/>
	<Point X="138" Y="247"/>
	<Point X="139" Y="247"/>
	<Point X="139" Y="248"/>
	<Point X="140" Y="248"/>
	<Point X="140" Y="249"/>
	<Point X="141" Y="250"/>
	<Point X="142" Y="250"/>
	<Point X="142" Y="251"/>
	<Point X="143" Y="251"/>
	<Point X="143" Y="252"/>
	<Point X="144" Y="253"/>
	<Point X="144" Y="254"/>
	<Point X="145" Y="254"/>
	<Point X="146" Y="255"/>
	<Point X="146" Y="256"/>
	<Point X="147" Y="256"/>
	<Point X="147" Y="257"/>
	<Point X="148" Y="257"/>
	<Point X="148" Y="258"/>
	<Point X="149" Y="258"/>
	<Point X="149" Y="259"/>
	<Point X="150" Y="259"/>
	<Point X="150" Y="260"/>
	<Point X="151" Y="260"/>
	<Point X="151" Y="261"/>
	<Point X="152" Y="261"/>
	<Point X="152" Y="262"/>
	<Point X="153" Y="262"/>
	<Point X="154" Y="263"/>
	<Point X="155" Y="263"/>
	<Point X="155" Y="264"/>
	<Point X="156" Y="264"/>
	<Point X="156" Y="265"/>
	<Point X="157" Y="265"/>
	<Point X="158" Y="265"/>
	<Point X="158" Y="264"/>
	<Point X="159" Y="264"/>
	<Point X="159" Y="263"/>
	<Point X="160" Y="263"/>
	<Point X="160" Y="262"/>
	<Point X="161" Y="262"/>
	<Point X="161" Y="261"/>
	<Point X="162" Y="260"/>
	<Point X="163" Y="260"/>
	<Point X="163" Y="259"/>
	<Point X="163" Y="258"/>
	<Point X="164" Y="258"/>
	<Point X="165" Y="257"/>
	<Point X="166" Y="256"/>
	<Point X="167" Y="256"/>
	<Point X="167" Y="255"/>
	<Point X="168" Y="254"/>
	<Point X="169" Y="253"/>
	<Point X="170" Y="253"/>
	<Point X="170" Y="252"/>
	<Point X="171" Y="252"/>
	<Point X="171" Y="251"/>
	<Point X="172" Y="251"/>
	<Point X="172" Y="250"/>
	<Point X="173" Y="250"/>
	<Point X="174" Y="249"/>
	<Point X="175" Y="248"/>
	<Point X="176" Y="247"/>
	<Point X="177" Y="246"/>
	<Point X="178" Y="245"/>
	<Point X="179" Y="244"/>
	<Point X="180" Y="244"/>
	<Point X="180" Y="243"/>
	<Point X="181" Y="243"/>
	<Point X="182" Y="242"/>
	<Point X="182" Y="241"/>
	<Point X="184" Y="241"/>
	<Point X="185" Y="240"/>
	<Point X="185" Y="239"/>
	<Point X="187" Y="238"/>
	<Point X="188" Y="237"/>
	<Point X="189" Y="236"/>
	<Point X="190" Y="236"/>
	<Point X="190" Y="235"/>
	<Point X="191" Y="234"/>
	<Point X="193" Y="233"/>
	<Point X="195" Y="232"/>
	<Point X="198" Y="229"/>
	<Point X="200" Y="228"/>
	<Point X="203" Y="226"/>
	<Point X="204" Y="225"/>
	<Point X="205" Y="225"/>
	<Point X="206" Y="224"/>
	<Point X="207" Y="223"/>
	<Point X="208" Y="223"/>
	<Point X="208" Y="224"/>
	<Point X="208" Y="225"/>
	<Point X="209" Y="225"/>
	<Point X="209" Y="226"/>
	<Point X="209" Y="227"/>
	<Point X="209" Y="228"/>
	<Point X="210" Y="229"/>
	<Point X="210" Y="230"/>
	<Point X="210" Y="231"/>
	<Point X="210" Y="232"/>
	<Point X="211" Y="233"/>
	<Point X="211" Y="234"/>
	<Point X="211" Y="235"/>
	<Point X="211" Y="236"/>
	<Point X="212" Y="236"/>
	<Point X="212" Y="237"/>
	<Point X="212" Y="238"/>
	<Point X="212" Y="239"/>
	<Point X="213" Y="240"/>
	<Point X="213" Y="241"/>
	<Point X="213" Y="242"/>
	<Point X="213" Y="243"/>
	<Point X="214" Y="243"/>
	<Point X="214" Y="244"/>
	<Point X="214" Y="245"/>
	<Point X="215" Y="245"/>
	<Point X="215" Y="246"/>
	<Point X="215" Y="247"/>
	<Point X="216" Y="247"/>
	<Point X="216" Y="248"/>
	<Point X="216" Y="249"/>
	<Point X="217" Y="249"/>
	<Point X="217" Y="250"/>
	<Point X="218" Y="251"/>
	<Point X="218" Y="252"/>
	<Point X="219" Y="252"/>
	<Point X="219" Y="253"/>
	<Point X="220" Y="253"/>
	<Point X="220" Y="254"/>
	<Point X="221" Y="254"/>
	<Point X="221" Y="255"/>
	<Point X="222" Y="255"/>
	<Point X="222" Y="256"/>
	<Point X="223" Y="256"/>
	<Point X="223" Y="257"/>
	<Point X="224" Y="257"/>
	<Point X="224" Y="258"/>
	<Point X="225" Y="258"/>
	<Point X="225" Y="259"/>
	<Point X="226" Y="259"/>
	<Point X="226" Y="260"/>
	<Point X="227" Y="260"/>
	<Point X="227" Y="261"/>
	<Point X="228" Y="261"/>
	<Point X="228" Y="262"/>
	<Point X="229" Y="262"/>
	<Point X="230" Y="263"/>
	<Point X="231" Y="263"/>
	<Point X="232" Y="263"/>
	<Point X="232" Y="262"/>
	<Point X="233" Y="262"/>
	<Point X="233" Y="261"/>
	<Point X="234" Y="261"/>
	<Point X="234" Y="260"/>
	<Point X="235" Y="260"/>
	<Point X="235" Y="259"/>
	<Point X="236" Y="259"/>
	<Point X="236" Y="258"/>
	<Point X="237" Y="258"/>
	<Point X="237" Y="257"/>
	<Point X="238" Y="257"/>
	<Point X="238" Y="256"/>
	<Point X="239" Y="256"/>
	<Point X="239" Y="255"/>
	<Point X="240" Y="255"/>
	<Point X="240" Y="254"/>
	<Point X="241" Y="254"/>
	<Point X="241" Y="253"/>
	<Point X="242" Y="253"/>
	<Point X="242" Y="252"/>
	<Point X="244" Y="251"/>
	<Point X="244" Y="250"/>
	<Point X="245" Y="250"/>
	<Point X="245" Y="249"/>
	<Point X="246" Y="249"/>
	<Point X="246" Y="248"/>
	<Point X="247" Y="248"/>
	<Point X="247" Y="247"/>
	<Point X="248" Y="247"/>
	<Point X="248" Y="246"/>
	<Point X="249" Y="246"/>
	<Point X="250" Y="245"/>
	<Point X="251" Y="244"/>
	<Point X="252" Y="244"/>
	<Point X="252" Y="243"/>
	<Point X="253" Y="243"/>
	<Point X="253" Y="242"/>
	<Point X="254" Y="242"/>
	<Point X="255" Y="241"/>
	<Point X="257" Y="240"/>
	<Point X="258" Y="239"/>
	<Point X="259" Y="238"/>
	<Point X="260" Y="238"/>
	<Point X="261" Y="237"/>
	<Point X="262" Y="237"/>
	<Point X="262" Y="236"/>
	<Point X="263" Y="236"/>
	<Point X="264" Y="235"/>
	<Point X="265" Y="235"/>
	<Point X="266" Y="235"/>
	<Point X="266" Y="234"/>
	<Point X="267" Y="234"/>
	<Point X="268" Y="234"/>
	<Point X="269" Y="233"/>
	<Point X="270" Y="233"/>
	<Point X="271" Y="233"/>
	<Point X="272" Y="232"/>
	<Point X="273" Y="232"/>
	<Point X="274" Y="232"/>
	<Point X="275" Y="232"/>
	<Point X="275" Y="231"/>
	<Point X="276" Y="231"/>
	<Point X="277" Y="231"/>
	<Point X="278" Y="231"/>
	<Point X="279" Y="230"/>
	<Point X="280" Y="230"/>
	<Point X="281" Y="230"/>
	<Point X="281" Y="229"/>
	<Point X="282" Y="229"/>
	<Point X="282" Y="228"/>
</Gesture>
