<?xml version="1.0" ?>
<Gesture Name="zigzag07" Subject="01" Number="07" NumPts="286">
	<Point X="98" Y="276"/>
	<Point X="98" Y="275"/>
	<Point X="99" Y="275"/>
	<Point X="99" Y="274"/>
	<Point X="100" Y="274"/>
	<Point X="100" Y="273"/>
	<Point X="101" Y="273"/>
	<Point X="101" Y="272"/>
	<Point X="102" Y="272"/>
	<Point X="102" Y="271"/>
	<Point X="103" Y="271"/>
	<Point X="103" Y="270"/>
	<Point X="104" Y="270"/>
	<Point X="104" Y="269"/>
	<Point X="105" Y="269"/>
	<Point X="105" Y="268"/>
	<Point X="106" Y="268"/>
	<Point X="107" Y="268"/>
	<Point X="107" Y="267"/>
	<Point X="108" Y="267"/>
	<Point X="108" Y="266"/>
	<Point X="109" Y="266"/>
	<Point X="109" Y="265"/>
	<Point X="110" Y="265"/>
	<Point X="111" Y="264"/>
	<Point X="112" Y="264"/>
	<Point X="112" Y="263"/>
	<Point X="113" Y="263"/>
	<Point X="113" Y="262"/>
	<Point X="114" Y="262"/>
	<Point X="115" Y="261"/>
	<Point X="116" Y="260"/>
	<Point X="117" Y="260"/>
	<Point X="117" Y="259"/>
	<Point X="118" Y="259"/>
	<Point X="118" Y="258"/>
	<Point X="119" Y="258"/>
	<Point X="120" Y="257"/>
	<Point X="121" Y="257"/>
	<Point X="121" Y="256"/>
	<Point X="122" Y="256"/>
	<Point X="122" Y="255"/>
	<Point X="123" Y="255"/>
	<Point X="123" Y="254"/>
	<Point X="124" Y="254"/>
	<Point X="125" Y="253"/>
	<Point X="126" Y="252"/>
	<Point X="127" Y="252"/>
	<Point X="127" Y="251"/>
	<Point X="128" Y="251"/>
	<Point X="128" Y="250"/>
	<Point X="129" Y="250"/>
	<Point X="129" Y="249"/>
	<Point X="130" Y="249"/>
	<Point X="130" Y="248"/>
	<Point X="131" Y="248"/>
	<Point X="131" Y="247"/>
	<Point X="132" Y="247"/>
	<Point X="132" Y="246"/>
	<Point X="133" Y="246"/>
	<Point X="133" Y="245"/>
	<Point X="134" Y="245"/>
	<Point X="134" Y="244"/>
	<Point X="135" Y="244"/>
	<Point X="135" Y="243"/>
	<Point X="136" Y="243"/>
	<Point X="136" Y="242"/>
	<Point X="137" Y="242"/>
	<Point X="137" Y="241"/>
	<Point X="138" Y="241"/>
	<Point X="138" Y="240"/>
	<Point X="139" Y="240"/>
	<Point X="139" Y="241"/>
	<Point X="140" Y="241"/>
	<Point X="140" Y="242"/>
	<Point X="141" Y="242"/>
	<Point X="141" Y="243"/>
	<Point X="142" Y="244"/>
	<Point X="143" Y="245"/>
	<Point X="143" Y="246"/>
	<Point X="144" Y="246"/>
	<Point X="144" Y="247"/>
	<Point X="145" Y="247"/>
	<Point X="145" Y="248"/>
	<Point X="146" Y="248"/>
	<Point X="146" Y="249"/>
	<Point X="147" Y="250"/>
	<Point X="148" Y="251"/>
	<Point X="148" Y="252"/>
	<Point X="149" Y="252"/>
	<Point X="149" Y="253"/>
	<Point X="150" Y="253"/>
	<Point X="150" Y="254"/>
	<Point X="151" Y="254"/>
	<Point X="151" Y="255"/>
	<Point X="152" Y="255"/>
	<Point X="152" Y="256"/>
	<Point X="153" Y="257"/>
	<Point X="154" Y="257"/>
	<Point X="154" Y="258"/>
	<Point X="155" Y="259"/>
	<Point X="156" Y="260"/>
	<Point X="157" Y="261"/>
	<Point X="158" Y="262"/>
	<Point X="158" Y="263"/>
	<Point X="159" Y="263"/>
	<Point X="159" Y="264"/>
	<Point X="160" Y="264"/>
	<Point X="160" Y="265"/>
	<Point X="161" Y="265"/>
	<Point X="161" Y="266"/>
	<Point X="162" Y="266"/>
	<Point X="162" Y="267"/>
	<Point X="163" Y="267"/>
	<Point X="163" Y="268"/>
	<Point X="164" Y="268"/>
	<Point X="164" Y="269"/>
	<Point X="165" Y="269"/>
	<Point X="165" Y="270"/>
	<Point X="166" Y="270"/>
	<Point X="166" Y="271"/>
	<Point X="167" Y="271"/>
	<Point X="167" Y="272"/>
	<Point X="168" Y="272"/>
	<Point X="168" Y="273"/>
	<Point X="169" Y="273"/>
	<Point X="169" Y="274"/>
	<Point X="170" Y="275"/>
	<Point X="170" Y="276"/>
	<Point X="171" Y="276"/>
	<Point X="171" Y="275"/>
	<Point X="172" Y="275"/>
	<Point X="172" Y="274"/>
	<Point X="173" Y="274"/>
	<Point X="173" Y="273"/>
	<Point X="174" Y="273"/>
	<Point X="175" Y="273"/>
	<Point X="175" Y="272"/>
	<Point X="176" Y="272"/>
	<Point X="176" Y="271"/>
	<Point X="177" Y="271"/>
	<Point X="177" Y="270"/>
	<Point X="178" Y="270"/>
	<Point X="178" Y="269"/>
	<Point X="179" Y="269"/>
	<Point X="180" Y="269"/>
	<Point X="181" Y="268"/>
	<Point X="181" Y="267"/>
	<Point X="182" Y="267"/>
	<Point X="182" Y="266"/>
	<Point X="183" Y="266"/>
	<Point X="184" Y="265"/>
	<Point X="185" Y="265"/>
	<Point X="185" Y="264"/>
	<Point X="186" Y="264"/>
	<Point X="187" Y="263"/>
	<Point X="188" Y="263"/>
	<Point X="188" Y="262"/>
	<Point X="189" Y="262"/>
	<Point X="190" Y="262"/>
	<Point X="191" Y="261"/>
	<Point X="192" Y="260"/>
	<Point X="193" Y="259"/>
	<Point X="195" Y="258"/>
	<Point X="196" Y="258"/>
	<Point X="198" Y="256"/>
	<Point X="200" Y="255"/>
	<Point X="204" Y="252"/>
	<Point X="207" Y="250"/>
	<Point X="211" Y="247"/>
	<Point X="213" Y="246"/>
	<Point X="214" Y="246"/>
	<Point X="215" Y="245"/>
	<Point X="216" Y="245"/>
	<Point X="216" Y="244"/>
	<Point X="217" Y="244"/>
	<Point X="218" Y="243"/>
	<Point X="218" Y="244"/>
	<Point X="218" Y="245"/>
	<Point X="218" Y="246"/>
	<Point X="219" Y="246"/>
	<Point X="219" Y="247"/>
	<Point X="219" Y="248"/>
	<Point X="219" Y="249"/>
	<Point X="219" Y="250"/>
	<Point X="219" Y="251"/>
	<Point X="219" Y="252"/>
	<Point X="219" Y="253"/>
	<Point X="219" Y="254"/>
	<Point X="219" Y="255"/>
	<Point X="219" Y="256"/>
	<Point X="219" Y="257"/>
	<Point X="220" Y="257"/>
	<Point X="220" Y="258"/>
	<Point X="220" Y="259"/>
	<Point X="220" Y="260"/>
	<Point X="220" Y="261"/>
	<Point X="220" Y="262"/>
	<Point X="220" Y="263"/>
	<Point X="220" Y="264"/>
	<Point X="221" Y="264"/>
	<Point X="221" Y="265"/>
	<Point X="221" Y="266"/>
	<Point X="221" Y="267"/>
	<Point X="221" Y="268"/>
	<Point X="221" Y="269"/>
	<Point X="222" Y="269"/>
	<Point X="222" Y="270"/>
	<Point X="222" Y="271"/>
	<Point X="222" Y="272"/>
	<Point X="223" Y="272"/>
	<Point X="223" Y="273"/>
	<Point X="223" Y="274"/>
	<Point X="224" Y="274"/>
	<Point X="224" Y="275"/>
	<Point X="224" Y="276"/>
	<Point X="225" Y="276"/>
	<Point X="225" Y="277"/>
	<Point X="226" Y="277"/>
	<Point X="226" Y="278"/>
	<Point X="227" Y="278"/>
	<Point X="227" Y="277"/>
	<Point X="228" Y="277"/>
	<Point X="228" Y="276"/>
	<Point X="229" Y="276"/>
	<Point X="229" Y="275"/>
	<Point X="229" Y="274"/>
	<Point X="230" Y="274"/>
	<Point X="230" Y="273"/>
	<Point X="231" Y="273"/>
	<Point X="231" Y="272"/>
	<Point X="232" Y="272"/>
	<Point X="232" Y="271"/>
	<Point X="233" Y="271"/>
	<Point X="233" Y="270"/>
	<Point X="234" Y="269"/>
	<Point X="235" Y="268"/>
	<Point X="236" Y="267"/>
	<Point X="237" Y="266"/>
	<Point X="237" Y="265"/>
	<Point X="238" Y="265"/>
	<Point X="238" Y="264"/>
	<Point X="239" Y="264"/>
	<Point X="240" Y="263"/>
	<Point X="240" Y="262"/>
	<Point X="241" Y="262"/>
	<Point X="241" Y="261"/>
	<Point X="242" Y="261"/>
	<Point X="242" Y="260"/>
	<Point X="243" Y="260"/>
	<Point X="243" Y="259"/>
	<Point X="244" Y="259"/>
	<Point X="244" Y="258"/>
	<Point X="245" Y="258"/>
	<Point X="246" Y="257"/>
	<Point X="247" Y="256"/>
	<Point X="248" Y="255"/>
	<Point X="249" Y="254"/>
	<Point X="250" Y="253"/>
	<Point X="251" Y="253"/>
	<Point X="251" Y="252"/>
	<Point X="252" Y="252"/>
	<Point X="252" Y="251"/>
	<Point X="253" Y="251"/>
	<Point X="253" Y="250"/>
	<Point X="254" Y="250"/>
	<Point X="255" Y="249"/>
	<Point X="257" Y="248"/>
	<Point X="257" Y="247"/>
	<Point X="258" Y="247"/>
	<Point X="259" Y="246"/>
	<Point X="260" Y="245"/>
	<Point X="261" Y="245"/>
	<Point X="261" Y="244"/>
	<Point X="262" Y="244"/>
	<Point X="263" Y="244"/>
	<Point X="263" Y="243"/>
	<Point X="264" Y="243"/>
	<Point X="264" Y="242"/>
	<Point X="265" Y="242"/>
	<Point X="266" Y="242"/>
	<Point X="266" Y="241"/>
	<Point X="267" Y="241"/>
	<Point X="267" Y="240"/>
	<Point X="268" Y="240"/>
	<Point X="268" Y="239"/>
</Gesture>
