<?xml version="1.0" ?>
<Gesture Name="zigzag01" Subject="01" Number="01" NumPts="333">
	<Point X="79" Y="290"/>
	<Point X="79" Y="289"/>
	<Point X="80" Y="289"/>
	<Point X="80" Y="288"/>
	<Point X="80" Y="287"/>
	<Point X="81" Y="286"/>
	<Point X="81" Y="285"/>
	<Point X="81" Y="284"/>
	<Point X="82" Y="284"/>
	<Point X="82" Y="283"/>
	<Point X="82" Y="282"/>
	<Point X="83" Y="281"/>
	<Point X="83" Y="280"/>
	<Point X="84" Y="280"/>
	<Point X="84" Y="279"/>
	<Point X="84" Y="278"/>
	<Point X="85" Y="277"/>
	<Point X="85" Y="276"/>
	<Point X="86" Y="276"/>
	<Point X="86" Y="275"/>
	<Point X="86" Y="274"/>
	<Point X="87" Y="274"/>
	<Point X="87" Y="273"/>
	<Point X="88" Y="273"/>
	<Point X="88" Y="272"/>
	<Point X="88" Y="271"/>
	<Point X="89" Y="271"/>
	<Point X="89" Y="270"/>
	<Point X="90" Y="269"/>
	<Point X="90" Y="268"/>
	<Point X="91" Y="268"/>
	<Point X="91" Y="267"/>
	<Point X="92" Y="266"/>
	<Point X="92" Y="265"/>
	<Point X="93" Y="264"/>
	<Point X="93" Y="263"/>
	<Point X="94" Y="263"/>
	<Point X="94" Y="262"/>
	<Point X="94" Y="261"/>
	<Point X="95" Y="261"/>
	<Point X="95" Y="260"/>
	<Point X="96" Y="259"/>
	<Point X="96" Y="258"/>
	<Point X="97" Y="257"/>
	<Point X="97" Y="256"/>
	<Point X="98" Y="256"/>
	<Point X="98" Y="255"/>
	<Point X="98" Y="254"/>
	<Point X="99" Y="254"/>
	<Point X="99" Y="253"/>
	<Point X="100" Y="252"/>
	<Point X="100" Y="251"/>
	<Point X="101" Y="250"/>
	<Point X="101" Y="249"/>
	<Point X="102" Y="248"/>
	<Point X="102" Y="247"/>
	<Point X="103" Y="246"/>
	<Point X="103" Y="245"/>
	<Point X="104" Y="244"/>
	<Point X="104" Y="243"/>
	<Point X="104" Y="242"/>
	<Point X="105" Y="242"/>
	<Point X="105" Y="241"/>
	<Point X="105" Y="240"/>
	<Point X="106" Y="239"/>
	<Point X="106" Y="238"/>
	<Point X="106" Y="237"/>
	<Point X="107" Y="237"/>
	<Point X="107" Y="236"/>
	<Point X="107" Y="235"/>
	<Point X="108" Y="235"/>
	<Point X="108" Y="236"/>
	<Point X="108" Y="237"/>
	<Point X="109" Y="237"/>
	<Point X="109" Y="238"/>
	<Point X="110" Y="238"/>
	<Point X="110" Y="239"/>
	<Point X="110" Y="240"/>
	<Point X="111" Y="240"/>
	<Point X="111" Y="241"/>
	<Point X="112" Y="241"/>
	<Point X="112" Y="242"/>
	<Point X="112" Y="243"/>
	<Point X="113" Y="243"/>
	<Point X="113" Y="245"/>
	<Point X="114" Y="245"/>
	<Point X="114" Y="246"/>
	<Point X="115" Y="246"/>
	<Point X="115" Y="247"/>
	<Point X="115" Y="248"/>
	<Point X="116" Y="248"/>
	<Point X="116" Y="249"/>
	<Point X="117" Y="249"/>
	<Point X="117" Y="250"/>
	<Point X="117" Y="251"/>
	<Point X="118" Y="251"/>
	<Point X="118" Y="252"/>
	<Point X="118" Y="253"/>
	<Point X="119" Y="253"/>
	<Point X="119" Y="254"/>
	<Point X="120" Y="255"/>
	<Point X="120" Y="256"/>
	<Point X="120" Y="257"/>
	<Point X="121" Y="257"/>
	<Point X="121" Y="258"/>
	<Point X="122" Y="259"/>
	<Point X="122" Y="260"/>
	<Point X="122" Y="261"/>
	<Point X="123" Y="261"/>
	<Point X="123" Y="262"/>
	<Point X="123" Y="263"/>
	<Point X="124" Y="264"/>
	<Point X="124" Y="265"/>
	<Point X="124" Y="266"/>
	<Point X="125" Y="266"/>
	<Point X="125" Y="267"/>
	<Point X="125" Y="268"/>
	<Point X="125" Y="269"/>
	<Point X="126" Y="269"/>
	<Point X="126" Y="270"/>
	<Point X="126" Y="271"/>
	<Point X="126" Y="272"/>
	<Point X="127" Y="273"/>
	<Point X="127" Y="274"/>
	<Point X="127" Y="275"/>
	<Point X="128" Y="276"/>
	<Point X="128" Y="277"/>
	<Point X="128" Y="278"/>
	<Point X="129" Y="279"/>
	<Point X="129" Y="280"/>
	<Point X="129" Y="281"/>
	<Point X="130" Y="281"/>
	<Point X="130" Y="282"/>
	<Point X="130" Y="283"/>
	<Point X="131" Y="283"/>
	<Point X="131" Y="284"/>
	<Point X="131" Y="285"/>
	<Point X="131" Y="286"/>
	<Point X="132" Y="286"/>
	<Point X="132" Y="287"/>
	<Point X="133" Y="287"/>
	<Point X="133" Y="286"/>
	<Point X="134" Y="286"/>
	<Point X="134" Y="285"/>
	<Point X="135" Y="284"/>
	<Point X="135" Y="283"/>
	<Point X="136" Y="283"/>
	<Point X="136" Y="282"/>
	<Point X="137" Y="281"/>
	<Point X="137" Y="280"/>
	<Point X="138" Y="279"/>
	<Point X="138" Y="278"/>
	<Point X="139" Y="278"/>
	<Point X="139" Y="277"/>
	<Point X="140" Y="276"/>
	<Point X="140" Y="275"/>
	<Point X="141" Y="275"/>
	<Point X="141" Y="274"/>
	<Point X="141" Y="273"/>
	<Point X="142" Y="273"/>
	<Point X="142" Y="272"/>
	<Point X="143" Y="271"/>
	<Point X="143" Y="270"/>
	<Point X="144" Y="269"/>
	<Point X="144" Y="268"/>
	<Point X="145" Y="267"/>
	<Point X="145" Y="266"/>
	<Point X="146" Y="266"/>
	<Point X="146" Y="265"/>
	<Point X="147" Y="263"/>
	<Point X="148" Y="262"/>
	<Point X="148" Y="261"/>
	<Point X="149" Y="260"/>
	<Point X="149" Y="259"/>
	<Point X="150" Y="258"/>
	<Point X="150" Y="257"/>
	<Point X="151" Y="256"/>
	<Point X="151" Y="255"/>
	<Point X="152" Y="254"/>
	<Point X="152" Y="253"/>
	<Point X="153" Y="253"/>
	<Point X="153" Y="252"/>
	<Point X="154" Y="251"/>
	<Point X="154" Y="250"/>
	<Point X="155" Y="249"/>
	<Point X="155" Y="248"/>
	<Point X="156" Y="247"/>
	<Point X="156" Y="246"/>
	<Point X="157" Y="246"/>
	<Point X="157" Y="245"/>
	<Point X="157" Y="244"/>
	<Point X="158" Y="244"/>
	<Point X="158" Y="243"/>
	<Point X="159" Y="243"/>
	<Point X="159" Y="242"/>
	<Point X="159" Y="241"/>
	<Point X="160" Y="240"/>
	<Point X="161" Y="239"/>
	<Point X="161" Y="238"/>
	<Point X="162" Y="238"/>
	<Point X="162" Y="237"/>
	<Point X="162" Y="236"/>
	<Point X="163" Y="236"/>
	<Point X="164" Y="236"/>
	<Point X="164" Y="237"/>
	<Point X="165" Y="238"/>
	<Point X="165" Y="239"/>
	<Point X="166" Y="239"/>
	<Point X="166" Y="240"/>
	<Point X="166" Y="241"/>
	<Point X="167" Y="241"/>
	<Point X="167" Y="242"/>
	<Point X="167" Y="243"/>
	<Point X="168" Y="243"/>
	<Point X="168" Y="244"/>
	<Point X="168" Y="245"/>
	<Point X="169" Y="245"/>
	<Point X="169" Y="246"/>
	<Point X="169" Y="247"/>
	<Point X="170" Y="247"/>
	<Point X="170" Y="248"/>
	<Point X="171" Y="249"/>
	<Point X="171" Y="250"/>
	<Point X="172" Y="252"/>
	<Point X="173" Y="253"/>
	<Point X="173" Y="254"/>
	<Point X="174" Y="254"/>
	<Point X="174" Y="255"/>
	<Point X="174" Y="256"/>
	<Point X="175" Y="256"/>
	<Point X="175" Y="257"/>
	<Point X="175" Y="258"/>
	<Point X="176" Y="258"/>
	<Point X="176" Y="259"/>
	<Point X="176" Y="260"/>
	<Point X="177" Y="260"/>
	<Point X="177" Y="261"/>
	<Point X="177" Y="262"/>
	<Point X="178" Y="262"/>
	<Point X="178" Y="263"/>
	<Point X="178" Y="264"/>
	<Point X="179" Y="264"/>
	<Point X="179" Y="265"/>
	<Point X="179" Y="266"/>
	<Point X="180" Y="266"/>
	<Point X="180" Y="267"/>
	<Point X="181" Y="268"/>
	<Point X="181" Y="269"/>
	<Point X="182" Y="270"/>
	<Point X="182" Y="271"/>
	<Point X="183" Y="271"/>
	<Point X="183" Y="272"/>
	<Point X="183" Y="273"/>
	<Point X="184" Y="273"/>
	<Point X="184" Y="274"/>
	<Point X="185" Y="274"/>
	<Point X="185" Y="275"/>
	<Point X="185" Y="276"/>
	<Point X="186" Y="276"/>
	<Point X="186" Y="277"/>
	<Point X="187" Y="277"/>
	<Point X="187" Y="278"/>
	<Point X="188" Y="279"/>
	<Point X="188" Y="280"/>
	<Point X="189" Y="280"/>
	<Point X="189" Y="281"/>
	<Point X="190" Y="281"/>
	<Point X="190" Y="282"/>
	<Point X="191" Y="282"/>
	<Point X="191" Y="283"/>
	<Point X="192" Y="283"/>
	<Point X="193" Y="283"/>
	<Point X="194" Y="282"/>
	<Point X="194" Y="281"/>
	<Point X="195" Y="281"/>
	<Point X="195" Y="280"/>
	<Point X="196" Y="279"/>
	<Point X="196" Y="278"/>
	<Point X="197" Y="277"/>
	<Point X="197" Y="276"/>
	<Point X="198" Y="276"/>
	<Point X="198" Y="275"/>
	<Point X="199" Y="274"/>
	<Point X="199" Y="273"/>
	<Point X="200" Y="272"/>
	<Point X="200" Y="271"/>
	<Point X="201" Y="270"/>
	<Point X="201" Y="269"/>
	<Point X="202" Y="269"/>
	<Point X="202" Y="268"/>
	<Point X="202" Y="267"/>
	<Point X="203" Y="266"/>
	<Point X="203" Y="265"/>
	<Point X="204" Y="265"/>
	<Point X="204" Y="264"/>
	<Point X="204" Y="263"/>
	<Point X="205" Y="263"/>
	<Point X="205" Y="262"/>
	<Point X="205" Y="261"/>
	<Point X="206" Y="261"/>
	<Point X="206" Y="260"/>
	<Point X="207" Y="258"/>
	<Point X="207" Y="257"/>
	<Point X="208" Y="256"/>
	<Point X="208" Y="255"/>
	<Point X="209" Y="254"/>
	<Point X="209" Y="253"/>
	<Point X="210" Y="252"/>
	<Point X="210" Y="251"/>
	<Point X="210" Y="250"/>
	<Point X="211" Y="250"/>
	<Point X="211" Y="249"/>
	<Point X="211" Y="248"/>
	<Point X="212" Y="247"/>
	<Point X="212" Y="246"/>
	<Point X="213" Y="246"/>
	<Point X="213" Y="245"/>
	<Point X="213" Y="244"/>
	<Point X="214" Y="244"/>
	<Point X="214" Y="243"/>
	<Point X="214" Y="242"/>
	<Point X="215" Y="242"/>
	<Point X="215" Y="241"/>
	<Point X="215" Y="240"/>
	<Point X="216" Y="240"/>
	<Point X="216" Y="239"/>
	<Point X="216" Y="238"/>
	<Point X="217" Y="238"/>
	<Point X="217" Y="237"/>
	<Point X="217" Y="236"/>
	<Point X="218" Y="236"/>
	<Point X="218" Y="235"/>
	<Point X="218" Y="234"/>
</Gesture>
